Date - Time,hour,H16,H17,H18,H19,L17,L18,L20,M16,M18,M19,VH16,VH17,VH18,VH19,VL17,VL18,VL19,VL20
7/10/2017 23:59,0:00,53.2,54.3,64,67,53.7,53.7,54.3,64.2,58.7,61.8,64.6,54.2,52.9,52.9,53.3,58.7,58.7,54.1
7/11/2017 0:59,1:00,52.5,53.8,67.5,70.4,53.7,53.2,53.7,67,61.6,64,68.7,53.6,52.9,52.9,53.3,61.6,61.6,52.9
7/11/2017 1:59,2:00,51.3,52.6,72.1,72.7,52.5,53.8,53.7,70.4,61.6,65.2,75.5,52.4,51.6,51.6,52.7,62.2,61.6,52.3
7/11/2017 2:59,3:00,51.9,53.2,75.5,76,52.5,53.2,52.5,76.6,62.2,67,82.1,51.2,50.4,50.4,52.1,64.5,62.2,52.3
7/11/2017 3:59,4:00,50.7,51.3,73.8,75.5,51.9,52.5,52.5,73.9,61.1,64.6,81.6,50.5,51,51,51.5,62.7,61.1,51.7
7/11/2017 4:59,5:00,52.5,53.7,72.2,75,53.6,54.3,53.7,75.1,68.7,68.3,80.6,52.4,51.6,51.6,52.6,67.5,68.7,53.5
7/11/2017 5:59,6:00,52.5,52.7,71.7,73.5,47.8,49.7,50.9,71.9,70.4,68.9,72.9,52.4,53.1,53.1,51.7,69.3,70.4,52.5
7/11/2017 6:59,7:00,41.8,62.7,67.2,62.2,41.2,44.1,42.9,57.6,64.3,61.5,63.8,35.6,33.6,33.6,38.8,60.8,64.3,38.2
7/11/2017 7:59,8:00,27.8,63.8,63.8,65.2,27,30,28.9,59.3,56.7,56.8,56.6,21.6,21.4,21.4,30.3,56.2,56.7,27.9
7/11/2017 8:59,9:00,21.9,54.9,59,65.7,21.8,24.1,23.6,52.7,52,47.5,53.7,18.2,16.9,16.9,44.2,49.5,52,48.2
7/11/2017 9:59,10:00,18.7,47.7,55.5,53.9,21.1,42.2,19.2,44.7,46.6,47.5,51.2,16.8,17.4,17.4,40.6,42.2,46.6,43.8
7/11/2017 10:59,11:00,21.1,46.4,45.8,53.9,21.1,37.8,21.1,38.9,42.8,40,43,38.6,19.5,19.5,36.8,38.5,42.8,41.9
7/11/2017 11:59,12:00,18.6,40.1,38.9,45.8,19.1,33.8,18.4,39.4,39.7,40,41.1,33.3,18.7,18.7,33.8,35.3,39.7,40.1
7/11/2017 12:59,13:00,28.6,37.5,34.3,38.2,32.6,33.4,31.2,39.4,32.8,32.8,39.1,32.7,29,29,28.7,34.1,32.8,35.6
7/11/2017 13:59,14:00,34.4,40.7,40,45.2,40.2,36,40.2,40,38.4,32.8,39.7,36.7,36.4,36.4,29.2,35.2,38.4,38.7
7/11/2017 14:59,15:00,40.8,46.3,47.5,50.7,47.1,40.2,47.7,44.5,44,42.5,46.7,41.1,41.6,41.6,40.5,43.4,44,44.3
7/11/2017 15:59,16:00,46.3,51.9,51.9,55.7,50,35.4,51.2,48.4,46,36.5,48.7,42.5,46.6,46.6,41.2,44.7,46,45.1
7/11/2017 16:59,17:00,48.1,52.5,54.8,56.7,50.5,47.7,51.8,54.4,49.6,47.5,51.1,48,49.1,49.1,47.3,49.5,49.6,51.7
7/11/2017 17:59,18:00,49.3,56.7,58.4,60.9,50.5,49.4,50.6,54.9,51.9,51.2,56,51,49.1,49.1,49,51.3,51.9,51.7
7/11/2017 18:59,19:00,48.8,59,62,64.4,51.2,53.1,52.5,59.1,55.5,56.1,59.6,54.7,49.1,49.1,52.1,54.8,55.5,56.4
7/11/2017 19:59,20:00,51.2,62.5,66.6,67.8,52.9,57.2,53,64.4,58.5,58.4,62.5,59.5,52.2,52.2,56.2,58.4,58.5,57.6
7/11/2017 20:59,21:00,50.1,61.9,67.2,71.2,50.7,56,51.3,65.5,58.5,58.4,66,61.2,49.7,49.7,57.3,58.9,58.5,60
7/11/2017 21:59,22:00,49.4,63.1,68.3,71.7,50.7,58.4,51.3,66.7,59.5,61.9,66.6,61.2,49.7,49.7,57.9,60.1,59.5,60
7/11/2017 22:59,23:00,50.1,66.6,70,74,51.9,63.6,50.7,66.7,64.8,66,71.2,65.3,49.7,49.7,60.2,62.4,64.8,62.8
7/11/2017 23:59,0:00,50.1,67.7,68.9,75.7,51.9,61.2,52.6,67.8,63,64.2,73.4,64.7,48.5,48.5,57.2,61.8,63,59.2
7/12/2017 0:59,1:00,50.7,69.4,71.7,74,52.5,61.8,52,68.9,63.5,64.2,74.5,67,48.5,48.5,60.2,62.3,63.5,61
7/12/2017 1:59,2:00,50.7,68.2,72.2,74.5,52.5,65.8,52.6,71.2,63,63,77.8,71.6,51,51,67.2,61.8,63,68.6
7/12/2017 2:59,3:00,51.4,68.8,74.5,77.8,52.5,68,52.6,74.6,61.8,66.6,78.9,73.2,51,51,65.9,65.3,61.8,70.3
7/12/2017 3:59,4:00,52,71.1,76.8,81.1,52.5,68.7,52.6,74.6,64.1,65.4,78.4,73.2,51,51,64.2,65.3,64.1,65.7
7/12/2017 4:59,5:00,53.2,66,74,69.1,54.2,57.2,55.5,50.9,61.3,63.7,71.8,49.7,53.5,53.5,63.7,58.3,61.3,61.8
7/12/2017 5:59,6:00,52.5,62.5,64.8,64.4,53.1,56,52.6,62.6,59.5,60.2,62.5,57.1,52.2,52.2,56.7,61.3,59.5,58.7
7/12/2017 6:59,7:00,50.7,56.7,59.6,59.9,51.9,50.8,51.4,47.2,57.8,56.7,57.3,45.8,51,51,53.3,54.3,57.8,54.7
7/12/2017 7:59,8:00,51.9,53.8,56.1,55.8,53.6,49,54.3,50.3,54.4,52,56.8,47.7,52.9,52.9,49.2,50.8,54.4,50.5
7/12/2017 8:59,9:00,52.5,55.7,54.4,55.8,52.5,47.9,53.1,50.3,54.4,52.7,52.6,46.4,52.2,52.2,46.9,50.8,54.4,52.5
7/12/2017 9:59,10:00,51.4,56.2,61.5,61.1,52.5,52.7,52,55.2,55.6,56.8,59.2,54.3,51,51,51,52.6,55.6,53.5
7/12/2017 10:59,11:00,50.2,53.3,54.9,59.3,52,47.3,52,49.7,51.5,50.3,55,47.7,50.5,50.5,45.1,48.5,51.5,50
7/12/2017 11:59,12:00,51.9,55.7,54.4,61.8,53.1,46.8,54.3,49.7,51,51.4,54.5,48.3,51.6,51.6,45.8,47.3,51,50.6
7/12/2017 12:59,13:00,53.7,57.4,57.3,64,54.8,49.6,56.1,54.5,53.9,53.8,58,51.9,54.1,54.1,48,52.6,53.9,51.1
7/12/2017 13:59,14:00,51.9,58,61,64,52.5,50.9,52,57.6,54.5,55.7,59.2,52.6,51.6,51.6,49.9,52.6,54.5,52.4
7/12/2017 14:59,15:00,51.4,53.9,53.2,60.2,52,43.1,52,52.9,51,44.8,53.8,47.7,51,51,42.7,47.9,51,46.5
7/12/2017 15:59,16:00,54.3,52.6,50.6,60.6,54.8,41.2,56.1,52.9,48.5,37.4,52.5,46.4,54.7,54.7,43.8,46.6,48.5,44.5
7/12/2017 16:59,17:00,55.5,57.4,62.1,68.1,57.2,45.9,56.7,57.6,50.2,48.3,54.9,49.4,55.2,55.2,49.9,52.1,50.2,52.4
7/12/2017 17:59,18:00,55,60.3,69,69.7,55.4,52,55.5,67.4,53.3,53.8,67.8,59.5,54.7,54.7,52.2,54.4,53.3,51.8
7/12/2017 18:59,19:00,53.8,62.6,73,74.2,54.9,60.8,55,73.7,56.8,59.8,75.7,68.3,54.1,54.1,58.7,59.1,56.8,61.3
7/12/2017 19:59,20:00,53.8,67.3,75.8,76.4,54.9,65.4,55.6,78.1,59.3,65,81.3,72.2,54.1,54.1,66.3,62.7,59.3,71.2
7/12/2017 20:59,21:00,53.8,70.2,77.4,79.1,55.5,68.2,56.2,81.9,63.3,69.1,83.4,74.5,53.5,53.5,69.1,64.3,63.3,72.9
7/12/2017 21:59,22:00,53.8,71.3,79.1,79.1,55.5,71,55.6,80.9,65.5,72.5,83.4,78.4,53.5,53.5,71.9,65.5,65.5,72.3
7/12/2017 22:59,23:00,53.8,72.4,80.8,80.1,54.9,73.3,55,83,67.3,71.9,85.6,79,52.9,52.9,70.1,70.1,67.3,72.8
7/12/2017 23:59,0:00,55,76.3,84.6,82.8,56.6,73.8,57.3,86.7,68.3,75.3,89.8,82.7,56.5,56.5,68.4,72.2,68.3,71
7/13/2017 0:59,1:00,54.4,75.1,86.2,82.2,53.7,75.4,53.7,84,68.3,74.7,90.8,84.3,54.1,54.1,70,71.6,68.3,73.3
7/13/2017 1:59,2:00,53.2,76.2,86.7,86.5,54.3,71.5,55,81.3,69.9,75.8,91.3,85.9,53.5,53.5,71.7,70.5,69.9,75.5
7/13/2017 2:59,3:00,53.2,77.9,89.9,88,54.3,76.5,54.4,83.9,72.2,76.9,93.8,85.3,54.2,54.2,70.5,72.2,72.2,74.4
7/13/2017 3:59,4:00,52.6,76.8,85.1,83.3,54.3,71.1,53.8,66.4,70.5,73,84,81.7,52.9,52.9,70,71.6,70.5,71.6
7/13/2017 4:59,5:00,56.1,71.2,72.4,69.2,56,56.8,57.3,54.2,63.8,65.1,64.5,37.9,56.5,56.5,66.7,63.8,63.8,66.6
7/13/2017 5:59,6:00,47.4,61,60.9,63.5,47.4,46.6,46.2,49.1,55,53.8,59.8,46.4,48.3,48.3,60.5,51.3,55,58.5
7/13/2017 6:59,7:00,48.3,52.7,57.3,59.5,37.2,45.4,39,43.5,50.2,49.5,53.8,44.4,35.8,35.8,47.4,48.4,50.2,48.2
7/13/2017 7:59,8:00,46.7,47.9,51.4,54.1,48.5,46.2,25.2,46.1,49.8,48.5,49,44.4,25.4,25.4,43.9,46.7,49.8,44.6
7/13/2017 8:59,9:00,43.5,49.2,50.2,52.9,48.5,43.7,49.2,46.1,50.4,49.1,49.6,45.2,23.5,23.5,42.7,45.5,50.4,45.2
7/13/2017 9:59,10:00,44.2,50.9,54.5,57.7,50.8,44.8,50.3,47.9,49.8,49.1,52,47.1,53,53,42,46.2,49.8,45.2
7/13/2017 10:59,11:00,41.8,49.2,52.1,56,47.3,40.6,48,46.1,47.4,47.9,50.2,45.3,51.2,51.2,38.5,42.5,47.4,44.7
7/13/2017 11:59,12:00,41.2,48.5,42.8,52.2,43,37.5,40.6,47.5,45,40.9,40.7,36.9,41.9,41.9,36.7,43.8,45,42.2
7/13/2017 12:59,13:00,42.5,49.8,45.4,52.9,46.1,43.2,48.6,47.5,45.6,45.4,48.4,44.7,46.3,46.3,40.3,43.8,45.6,44.7
7/13/2017 13:59,14:00,40.2,51.1,48.5,51.7,48.6,42.6,47.5,46.9,47.5,40.5,49.1,45.9,50.7,50.7,32.5,41.3,47.5,43.5
7/13/2017 14:59,15:00,42.5,51.7,52.8,57.2,48.6,43.9,48.7,51.2,47.5,41.3,52.8,47.2,53.8,53.8,44,46.3,47.5,45.9
7/13/2017 15:59,16:00,45.6,56.4,57,60.1,54,47.5,54,54.2,53.5,48.6,56.9,51.5,57.4,57.4,47.1,51.1,53.5,49.6
7/13/2017 16:59,17:00,52.8,58.8,53.2,64.2,56.9,52.2,55.1,58.3,55.8,53.9,59.9,53.8,52.3,52.3,51.8,55.8,55.8,53.1
7/13/2017 17:59,18:00,46.5,55,52.4,61,51.3,46.4,51.3,55.7,50.2,48.8,54.2,49.2,52.3,52.3,44.9,50.8,50.2,46.8
7/13/2017 18:59,19:00,47.7,56.1,57.2,65,54.8,49.5,53.1,54.4,52,53.1,56.6,52.9,57,57,46.7,52.6,52,48
7/13/2017 19:59,20:00,48.2,56.1,59,71.3,55.9,53.6,53.7,58,53.1,54.8,60.2,55.3,58.8,58.8,49.7,53.1,53.1,51
7/13/2017 20:59,21:00,50,56.7,58.4,65.6,57.1,54.9,55.4,60.3,55.5,57.3,61.3,55.9,57.5,57.5,50.8,53.1,55.5,52.2
7/13/2017 21:59,22:00,51.2,59,58.4,66.7,56.5,53.6,56.6,60.9,54.2,55.4,64.3,57.1,60.5,60.5,50.8,54.8,54.2,52.2
7/13/2017 22:59,23:00,63.3,61.4,63.7,71.8,61.1,57.2,57.8,75.3,56.7,58.4,68.4,61.3,62.3,62.3,52,64.3,56.7,53.4
7/13/2017 23:59,0:00,71,60.2,67.8,74.7,62.8,67.1,62.4,79.8,61.4,62.6,69,71.7,65.2,65.2,67.3,57.2,61.4,72.8
7/14/2017 0:59,1:00,73.2,74.2,70.1,78,73.6,73.9,73.3,80.9,73.4,75.3,78,76.8,68.1,68.1,70.1,74,73.4,75.6
7/14/2017 1:59,2:00,70.3,70.1,75.8,80.7,66.3,73.9,71.6,80.9,66,75.9,86.2,80.1,77.2,77.2,70.6,69.4,66,73.3
7/14/2017 2:59,3:00,69.1,74.6,80.3,80.1,76.3,76.6,75.4,79.7,72.8,77,85.6,80.7,80.4,80.4,72.3,70.5,72.8,73.9
7/14/2017 3:59,4:00,72.7,75.8,81.4,80.1,79.4,73.9,66.1,68.7,70.6,75.9,84.6,79.6,83.2,83.2,70.7,70.1,70.6,71.7
7/14/2017 4:59,5:00,71.5,72.4,77,77.6,70.3,73.4,71.6,69.2,67.8,74.2,77,73,78.4,78.4,66.2,67.2,67.8,70.6
7/14/2017 5:59,6:00,69.3,68.6,76,70.3,68.8,69.1,71.1,61.9,68.5,73.2,76,69.2,76.2,76.2,64.6,62.8,68.5,64.9
7/14/2017 6:59,7:00,64.6,65.2,68.5,64.1,63.1,59.4,64.4,49.5,65,65.2,78.2,68.1,72.9,72.9,61.2,61.1,65,62.1
7/14/2017 7:59,8:00,60,61.1,66.4,58.9,62.7,59.4,66.3,59.5,63.5,64.8,68.2,58.9,66.7,66.7,59,51.7,63.5,59.8
7/14/2017 8:59,9:00,60,63.5,61.8,58.9,60.5,73.6,63.3,58.5,64.7,64.8,65.3,68.7,62.1,62.1,57.9,56,64.7,59.8
7/14/2017 9:59,10:00,54.8,64.1,63.1,64.3,65.1,64.7,66.8,60.2,60.2,63,64.2,61.9,64.5,64.5,51.4,57.7,60.2,55.7
7/14/2017 10:59,11:00,63.2,76.7,68.3,70.6,84.4,82.2,83.8,65.5,90.2,71.7,74.4,75.1,66.3,66.3,67.4,78.2,90.2,66.7
7/14/2017 11:59,12:00,54.3,69.3,60.7,67.3,79.3,70.2,65.2,62.1,66.4,58.4,63.6,61.2,58.7,58.7,52,60.1,66.4,59.2
7/14/2017 12:59,13:00,83.5,72.7,62.9,66,85.5,88.8,84.2,65.5,79.1,90.1,86.9,88.3,63.2,63.2,77,72.7,79.1,86.1
7/14/2017 13:59,14:00,84,77.5,77.6,76.5,84.8,91.8,83,72.7,77.3,94.6,88.8,96.4,75.1,75.1,73.5,71.3,77.3,83.8
7/14/2017 14:59,15:00,85.6,81.3,80.4,78.7,87.3,93.8,87.2,82.6,82.2,95.6,91.4,96.4,78.9,78.9,77.8,80.1,82.2,86.5
7/14/2017 15:59,16:00,85,82.4,86.3,84,89.8,95.3,89.8,89.4,83.7,97.1,96.5,97.3,93.2,93.2,84.7,79.5,83.7,89.2
7/14/2017 16:59,17:00,83.9,84.6,88,82.9,88.9,95.3,87.7,83.6,82.2,96.7,95,97.3,93.2,93.2,79.5,77.9,82.2,87.6
7/14/2017 17:59,18:00,87.8,86.1,90.6,85.1,90.3,95.8,89.8,87.8,82.7,98.1,97,98.3,94.7,94.7,81,80.6,82.7,88.1
7/14/2017 18:59,19:00,86,85.6,92.2,82.8,88.3,96.3,88.7,87.3,83.1,98.6,97,98.8,95.2,95.2,78.8,82.7,83.1,87
7/14/2017 19:59,20:00,86,84.4,90.5,86,87.8,95.8,89.7,89.2,84.7,98.1,97.5,98.8,93.6,93.6,79.8,82.7,84.7,88.6
7/14/2017 20:59,21:00,86.5,86.6,91.1,86,86.2,95.2,89.7,89.8,83.1,99.1,98,99.2,94.6,94.6,80.9,83.6,83.1,89.1
7/14/2017 21:59,22:00,84.3,85.5,89.9,87.5,87.2,95.7,88.6,89.8,83.6,96.5,97.5,99.7,93.6,93.6,80.9,83.6,83.6,84.8
7/14/2017 22:59,23:00,84.3,83.8,89.9,89.1,83.5,94.7,87.1,87.6,82.5,95.9,96.9,99.2,92.5,92.5,80.9,82.5,82.5,85.3
7/14/2017 23:59,0:00,86.5,84.4,88.8,88.1,85.1,95.7,87.1,90.3,83.5,97.5,98.4,99.7,92,92,81.9,82.5,83.5,87.4
7/15/2017 0:59,1:00,87,86,89.4,89.1,88.2,94.7,89.1,91.3,84.1,97,98.9,99.7,93.5,93.5,82.9,85.2,84.1,87.4
7/15/2017 1:59,2:00,87.6,86,92,88.6,87.2,95.2,89.7,91.3,84.7,97,98.9,99.2,93.5,93.5,83.5,83.6,84.7,87.4
7/15/2017 2:59,3:00,89.2,86,89.9,88.6,87.2,95.2,90.2,91.3,84.1,98,98.4,98.7,93,93,84.5,84.1,84.1,90.1
7/15/2017 3:59,4:00,86,85.5,88.3,87,86.2,93.3,88.1,87.8,84.1,95,97.5,98.7,91,91,82.4,83.6,84.1,87.5
7/15/2017 4:59,5:00,79.3,81.8,84.1,83.3,82.6,87.2,83.5,75.4,79.9,93,92.9,91.2,89.5,89.5,76.6,78.3,79.9,80.5
7/15/2017 5:59,6:00,75.4,76.9,82,72,80.5,78.3,79.7,68,78.3,91.4,87.8,80.2,88,88,72.2,72.8,78.3,75
7/15/2017 6:59,7:00,70.3,70.8,80.3,78.5,72,74.4,72.1,70.4,71.7,79.8,82.9,75.2,85.3,85.3,67.8,67.8,71.7,68.2
7/15/2017 7:59,8:00,62.7,64.4,71.9,74.7,70.3,63.7,68.8,65.2,67.7,67.9,75.8,70.2,75.5,75.5,57.4,59.1,67.7,57.7
7/15/2017 8:59,9:00,54.8,61.4,60.2,63.3,59.4,60.2,56.5,59.8,58.9,56.1,64.9,61.3,65.2,65.2,53.2,53,58.9,54
7/15/2017 9:59,10:00,45.7,49.9,52.3,51.8,46.9,49.9,46.9,46.2,50,49.3,55.2,49.1,53.3,53.3,44.6,43.3,50,44.8
7/15/2017 10:59,11:00,43.8,49.3,44.9,49.4,43.8,46.3,47.4,42.5,46.3,44.3,49.7,46.6,47,47,42.8,42.6,46.3,41.2
7/15/2017 11:59,12:00,36.8,42.3,39.2,44.4,39.4,40,40.7,37.3,37.6,39.8,45.9,41.5,39.4,39.4,33.3,36.2,37.6,36.6
7/15/2017 12:59,13:00,33.8,41.8,37.3,43.7,38.8,37.5,37.6,36.6,38.2,37.9,44.6,39.6,40.1,40.1,31.6,32.5,38.2,35.3
7/15/2017 13:59,14:00,30,39.8,37.9,40,38.2,38.1,38.2,37.2,38.2,28.6,47.2,42.7,40.7,40.7,27.8,30.7,38.2,35.3
7/15/2017 14:59,15:00,33.1,42.3,42.8,40,40.6,40,41.2,39.2,40.7,33.1,49.6,42.1,44.4,44.4,37.7,36.9,40.7,37.3
7/15/2017 15:59,16:00,37,48.6,48.5,46.8,45.6,40,46.8,42.3,43.8,32.5,50.8,44,47.6,47.6,42,40,43.8,39.8
7/15/2017 16:59,17:00,41.7,49.7,52,51,51.6,47.9,48,48.5,47.3,46,55.7,50.1,51.3,51.3,43.2,44.9,47.3,44.6
7/15/2017 17:59,18:00,45.4,53.9,59.3,57.6,55.7,51.5,51.5,54.6,50.4,50.2,58,57.4,57.2,57.2,47.5,48.5,50.4,48.8
7/15/2017 18:59,19:00,47.8,55.7,64.6,64.1,60.3,54.5,55.1,56.9,54,52.6,59.8,61.5,60.8,60.8,49.3,50.3,54,51.2
7/15/2017 19:59,20:00,52.1,58.7,67.4,70.4,63.1,58,57.4,61.7,55.7,58.7,64.5,62.1,64.9,64.9,52.8,53.3,55.7,54.8
7/15/2017 20:59,21:00,52.1,59.2,69.7,70.4,66.5,63.2,60.9,67.5,59.2,61.7,69.2,67.3,67.2,67.2,55.8,54.5,59.2,57.8
7/15/2017 21:59,22:00,53.8,60.4,74.3,74.8,69.2,65.5,62,69.8,60.3,64,78.8,67.3,70.6,70.6,56.3,58.5,60.3,59.5
7/15/2017 22:59,23:00,56.2,69.1,73.7,79.2,72.6,67.2,63.7,74.3,64.9,64,73.7,69.6,73.4,73.4,58,64.9,64.9,60.1
7/15/2017 23:59,0:00,59.2,69.1,75.9,79.2,74.1,69.4,66,74.3,66.1,68,79.3,71.8,75.1,75.1,61.5,67.8,66.1,63.6
7/16/2017 0:59,1:00,63.3,71.9,78.7,83,77.9,71.1,69.9,78.7,69.5,70.2,87.4,73,78.4,78.4,62.7,67.8,69.5,65.9
7/16/2017 1:59,2:00,63.9,71.9,79.3,84,79,72.8,70.5,79.8,70,70.8,87.9,77.4,81.1,81.1,62.1,70,70,66.4
7/16/2017 2:59,3:00,63.9,73.5,80.4,85.6,80,73.8,70.5,80.9,72.8,71.9,87.4,77.4,82.2,82.2,63.7,72.3,72.8,68.2
7/16/2017 3:59,4:00,65.1,74.2,77,84,79,68.3,55.1,55.9,68.3,70.8,77.1,77.4,80.6,80.6,62.6,71.7,68.3,63
7/16/2017 4:59,5:00,60.3,67.9,70.8,65.9,71.4,60.9,59.7,45.5,65.5,65.1,71.4,42.8,76.2,76.2,59.8,63.2,65.5,59.5
7/16/2017 5:59,6:00,58,58.7,65.1,54.6,63,52.7,57.4,46,62.1,58.7,66.9,50.8,73.5,73.5,56.9,53.8,62.1,54.3
7/16/2017 6:59,7:00,55.1,55.2,59.8,52.3,54.5,50.3,53.3,34.9,55.7,52.7,58.7,47.6,65.5,65.5,51.1,50.9,55.7,47.6
7/16/2017 7:59,8:00,49,46.6,53.9,47.9,52.6,47.9,49.7,45.3,52.7,46,57.5,44.5,56,56,44.9,44.1,52.7,44.1
7/16/2017 8:59,9:00,44.8,44.2,47.8,45.4,45.5,43.6,46.7,45.3,47.3,41.5,51.4,44.5,49.3,49.3,43.2,41.2,47.3,41.6
7/16/2017 9:59,10:00,39.9,44.2,46.5,46.8,46.8,41.2,43.6,41.1,46.2,42.9,48.4,44.5,47.6,47.6,39,40,46.2,40.3
7/16/2017 10:59,11:00,39.9,43,43.5,44.9,43.1,43.2,43.6,37.3,43.2,39.2,49,41.7,46.4,46.4,41,36.2,43.2,46.5
7/16/2017 11:59,12:00,37.1,37.3,44.8,43,47.5,47.5,49.9,46.8,43.8,47.3,52.1,43.5,42,42,31.2,36.9,43.8,43.6
7/16/2017 12:59,13:00,37.1,43.7,44.8,37.3,45.7,40.8,47.4,41.7,45.7,41.9,52.1,44.9,38.8,38.8,35,33.9,45.7,44.8
7/16/2017 13:59,14:00,34.8,44.9,40.5,38.8,46.4,42.7,48.7,44.9,44.6,32.4,53.4,44.3,39.5,39.5,28.9,33.4,44.6,41.2
7/16/2017 14:59,15:00,36.6,49.2,50.4,47.5,45.6,42.1,45,46.8,45.1,32.4,60.7,47.9,47.1,47.1,38.5,41.3,45.1,44.8
7/16/2017 15:59,16:00,38.4,50.4,50.4,47.5,49.2,43.3,51,48.1,48.1,43.7,57.6,49.1,47.1,47.1,42.8,45.7,48.1,44.1
7/16/2017 16:59,17:00,46.3,53.4,56.4,54.1,51,51.1,52.2,52.9,50.5,47.3,58.2,56.3,50.7,50.7,45.8,49.9,50.5,49.5
7/16/2017 17:59,18:00,49.3,55.8,59.9,57.1,55.7,54,57,57.7,54.7,51.5,70.5,59.2,59.1,59.1,50,53.4,54.7,53.2
7/16/2017 18:59,19:00,51.7,58.8,64,59.5,56.9,61.7,61.6,66.5,56.4,58.8,77.7,67.4,62.7,62.7,55.5,55.8,56.4,56.8
7/16/2017 19:59,20:00,55.3,61.2,68.1,66.5,58.7,66.9,63.4,69.9,56.4,63.5,79.4,72.6,66.2,66.2,57.2,57.6,56.4,62.2
7/16/2017 20:59,21:00,60.7,64.1,72.7,71.1,63.8,70.8,67.4,72.7,61.2,66.5,84.8,75.4,71.3,71.3,62.5,59.9,61.2,65.7
7/16/2017 21:59,22:00,60.7,68.2,76.1,73.3,63.3,73.6,66.2,77.8,61.8,69.3,86.4,79.3,75.8,75.8,63,62.9,61.8,67.4
7/16/2017 22:59,23:00,62.4,69.3,77.2,74.4,71.1,74.7,73,78.9,64.6,73.4,88.5,80.4,76.9,76.9,65.4,65.8,64.6,68
7/16/2017 23:59,0:00,66,72.1,80.6,76.1,77.6,77.4,74.6,82.7,67,76.2,90.1,83.6,80.2,80.2,67.1,68,67,71.4
7/17/2017 0:59,1:00,67.2,73.9,84.4,79.4,79.2,80.1,77.9,81.7,70.9,77.8,93.2,86.3,82.9,82.9,69.3,69.2,70.9,75.3
7/17/2017 1:59,2:00,73.6,76.7,84.9,78.3,77.2,82.7,79.6,83.8,74.3,78.9,94.2,87.4,84.6,84.6,73.8,73.8,74.3,79.3
7/17/2017 2:59,3:00,76.4,80,86.6,82.1,81.4,83.8,82.8,87.6,76.6,81.1,96.3,87.9,85.6,85.6,76.5,76.5,76.6,82.1
7/17/2017 3:59,4:00,78.2,81.1,84.5,81.1,81,80.2,81.7,84.5,78.2,79.5,89.2,84.8,85.1,85.1,74.4,78.2,78.2,76
7/17/2017 4:59,5:00,76.6,79.6,80.2,78.5,77.2,77.6,77.6,80.8,74.4,78,81.8,76.2,82.6,82.6,71.7,77.2,74.4,74.4
7/17/2017 5:59,6:00,72.7,72.4,77,75.8,73.1,68.4,74.4,64.7,73.4,72.5,80.3,64.6,78.8,78.8,71.2,68.4,73.4,73.4
7/17/2017 6:59,7:00,69.8,63.3,70.9,70.3,61.3,64.4,62,57.1,67.2,66.3,70.8,59.8,72.8,72.8,62.2,62.7,67.2,61.9
7/17/2017 7:59,8:00,65.3,61.7,59.8,63,62.5,60.4,59.2,66.5,63.3,59.3,70.8,61.1,61.8,61.8,60,61,63.3,60.8
7/17/2017 8:59,9:00,58.2,62.9,62.2,65.8,59.7,58.1,59.8,68.8,61.6,55.2,67.4,63.4,63.1,63.1,54.2,58.2,61.6,59.1
7/17/2017 9:59,10:00,55.4,67.5,63.3,80.8,63.7,57.5,59.2,62.5,63.9,55.7,60.4,56.8,63.7,63.7,48.9,55.9,63.9,58
7/17/2017 10:59,11:00,46.9,61,83.8,83,58.5,54.6,52.1,46.7,55.2,55.7,62.7,55.1,89.2,89.2,45.2,51,55.2,51.3
7/17/2017 11:59,12:00,44.4,57.4,65.2,61,52.6,50.9,48.5,45.3,52.7,44.7,49.3,47,78,78,40.3,51,52.7,51.3
7/17/2017 12:59,13:00,54,56.7,88.5,70.2,57.2,53.8,55.5,50.1,56.2,54.3,60.9,57.9,88.5,88.5,49.9,48.9,56.2,56
7/17/2017 13:59,14:00,50.7,69.4,88.5,82.2,76.2,54.9,75.9,67.3,65.4,74.7,82.9,63.2,89.9,89.9,47.3,63,65.4,53.5
7/17/2017 14:59,15:00,66.8,79.1,86.2,84.4,79.9,64.9,77.6,83.5,77.7,70.2,80.2,66.7,88.8,88.8,67.3,80.5,77.7,65.4
7/17/2017 15:59,16:00,59.1,67.7,74.7,71.3,61.2,57.3,61.8,71.4,60.7,45.2,63.6,58.9,74.9,74.9,57.4,63.1,60.7,63.5
7/17/2017 16:59,17:00,64.3,68.8,68.8,69.4,61.6,57.6,59.3,68.9,63.5,55.8,62.9,63.5,79.3,79.3,60.8,67.6,63.5,65.7
7/17/2017 17:59,18:00,63.2,72.2,80,78.9,71.1,64,66.2,79,64.1,64.7,76.7,71.5,75.3,75.3,61.9,65.2,64.1,65.1
7/17/2017 18:59,19:00,62.5,69.3,81.1,83.8,73.3,66.9,68.5,82.8,65.2,66.5,81.6,72.1,82.4,82.4,61.9,64.1,65.2,65.1
7/17/2017 19:59,20:00,66,69.3,83.9,84.2,73.3,69.1,70.2,82.3,66.9,68.8,81.1,73.2,82.9,82.9,63.6,64.7,66.9,68
7/17/2017 20:59,21:00,75.4,74.5,84.4,85.3,74.9,74.2,73.5,83.3,69.8,71.1,83.2,75.4,85.6,85.6,69.4,70.4,69.8,77.7
7/17/2017 21:59,22:00,76.5,80.6,87.1,86.9,76.7,76.9,78,87.6,77.2,76.2,88.6,80.9,87.7,87.7,76.6,76.6,77.2,80.5
7/17/2017 22:59,23:00,79.3,82.8,89.3,89,81.5,79.1,82.3,88.7,78.8,81.7,90.2,84.8,89.3,89.3,78.3,81.5,78.8,82.7
7/17/2017 23:59,0:00,81,86,91.9,90.6,84,82.3,85,91.8,81,81.7,94.8,87.9,91.4,91.4,79.8,84.2,81,84.3
7/18/2017 0:59,1:00,83.2,86.6,93,91.1,85,83.8,84.5,93.8,83.7,82.3,94.8,87.4,91.9,91.9,82,84.2,83.7,85.3
7/18/2017 1:59,2:00,81.5,85,92.5,91.1,84,83.3,85.5,93.8,80.3,85.5,95.3,87.9,93.5,93.5,80.2,84.2,80.3,83.1
7/18/2017 2:59,3:00,83.2,85,93.5,91.6,85.6,84.4,87.5,95.4,83.5,86.1,96.3,89,93.9,93.9,82.9,80.9,83.5,85.8
7/18/2017 3:59,4:00,83.8,85,92.5,91.1,86.6,82.9,86.6,79.9,83.5,86.1,93.9,86.9,92.4,92.4,82.4,81.5,83.5,83.2
7/18/2017 4:59,5:00,82.7,82.3,89.5,80.2,84.7,76.1,80.8,68.7,81,83.5,86.7,54,91.5,91.5,78.8,77.3,81,74.5
7/18/2017 5:59,6:00,76,73.6,82.5,68.7,74.7,68.5,74.9,66.4,76.7,75.4,79.3,67.4,84.8,84.8,75.6,71.8,76.7,69.5
7/18/2017 6:59,7:00,67.4,66.4,76.5,69.3,69.4,62.8,68.3,59,71.3,68.1,74.3,58.7,78.9,78.9,67.3,66.2,71.3,64.9
7/18/2017 7:59,8:00,63.4,60,71.5,62.4,64.8,65.1,66.1,63.5,65.1,63.6,68.7,61.2,72.3,72.3,62.3,59.8,65.1,59.7
7/18/2017 8:59,9:00,60,58.2,67.5,63.6,58,62.8,58.7,63.1,59.3,63,69.3,62.4,67.8,67.8,55.9,55.8,59.3,56.7
7/18/2017 9:59,10:00,54.2,58.2,62.8,61.8,56.9,59.3,57.5,59,54.6,62.4,65.2,57,60.9,60.9,50.6,51.7,54.6,53.7
7/18/2017 10:59,11:00,50.6,58.2,57.6,62.5,56.9,55.2,55.9,56,55.2,54.1,63.5,57,58.6,58.6,47.7,48.7,55.2,51.9
7/18/2017 11:59,12:00,52.9,62.2,62.8,64.1,59.7,57.5,58.6,57,58.7,60,67.5,57,62.6,62.6,45.9,55.7,58.7,56.8
7/18/2017 12:59,13:00,47.9,57.3,60.1,64.4,56,52.5,52.4,57.6,53.6,49.8,58.8,57,73.2,73.2,43.9,50.1,53.6,51.3
7/18/2017 13:59,14:00,82.7,60.9,80.9,87.2,56.7,47.1,56.1,86.7,53.6,40.5,68.4,52,87.4,87.4,62.9,49.7,53.6,60.7
7/18/2017 14:59,15:00,80.1,57.4,66.9,80.9,51.4,47.9,51.4,74.4,52.1,44.8,57.9,56.8,83.9,83.9,55.3,48.5,52.1,56.1
7/18/2017 15:59,16:00,54,55,57.3,65.1,48.9,38.6,49.5,63.4,49.7,30.9,54.2,49.4,64.3,64.3,50.5,49,49.7,48.2
7/18/2017 16:59,17:00,57.4,59.7,63.2,74.7,56,54.4,56.1,66.3,57.4,51.3,57.2,59,63.5,63.5,59.9,56.7,57.4,57.8
7/18/2017 17:59,18:00,62.1,61.4,66.6,76.9,58.3,57.8,61.3,71.3,59.1,57.9,63.2,64.3,71,71,59.9,59,59.1,60.6
7/18/2017 18:59,19:00,70.9,68.3,71.8,77.9,65.8,67.7,67.1,82.4,66.7,63.9,68.4,70,71.6,71.6,69,66,66.7,70.5
7/18/2017 19:59,20:00,76.1,76.3,78.6,81.8,73.1,73.9,74.4,84.6,72.3,72,78.1,77.4,79.9,79.9,72.3,73.9,72.3,77.3
7/18/2017 20:59,21:00,78.3,80.7,84.7,87,77.9,76.1,77.1,89.9,75.6,77.5,82.4,81.2,85.3,85.3,77.3,77.8,75.6,79.4
7/18/2017 21:59,22:00,81.7,80.2,86.8,88.1,79,78.2,78.7,90.9,77.8,78.1,83,84.4,88.4,88.4,77.8,76.7,77.8,81.7
7/18/2017 22:59,23:00,81.7,80.7,89.4,88.1,81.5,82,81.9,91.9,79.4,79.7,90.3,85.5,91,91,79.4,78.9,79.4,82.2
7/18/2017 23:59,0:00,81.7,81.8,89.9,89.1,84.6,81.4,82.9,93.4,79.4,81.9,94.9,88,91.5,91.5,78.3,78.9,79.4,83.8
7/19/2017 0:59,1:00,85,84.4,91.5,91.7,86.6,82.9,84,94.4,80.5,83.5,96.4,90.7,92.5,92.5,81,81,80.5,84.8
7/19/2017 1:59,2:00,85,84.9,92,91.1,87.7,85.6,85,94.4,79.4,84,96.9,91.7,93.5,93.5,82,81,79.4,86.4
7/19/2017 2:59,3:00,87.1,84.9,93.1,90.6,88.1,86.1,87.1,95.9,80.4,86.1,96.9,92.2,92.5,92.5,83.1,82.6,80.4,87.5
7/19/2017 3:59,4:00,87.7,83.9,91,90.6,87.7,82,70,72.1,78.3,85.1,89.8,89.7,93,93,83.6,80.5,78.3,84.3
7/19/2017 4:59,5:00,82.2,81.3,86.3,82.9,82.1,71.2,73.3,66.6,78.3,77.6,80.9,48.7,91.5,91.5,76.7,77.8,78.3,76.2
7/19/2017 5:59,6:00,77.2,73.6,79.3,70.5,75.3,66.8,71.7,62.4,74.5,73.7,77.6,62.3,84.8,84.8,74.1,69.6,74.5,69
7/19/2017 6:59,7:00,70.4,62.2,70.9,62.3,64.8,59.3,62.6,46.2,68.5,61,67.5,55.2,75.6,75.6,66.3,62.8,68.5,62.1
7/19/2017 7:59,8:00,62.4,56.4,64.6,59.4,56.2,55.8,58.7,53.5,61.6,57.6,63.5,55.2,69.5,69.5,57.7,55.1,61.6,56.8
7/19/2017 8:59,9:00,51,54.7,60.4,57.7,49.2,48.6,52.2,47.3,55.7,49.8,57.6,56.9,61.4,61.4,50.1,47.9,55.7,50.9
7/19/2017 9:59,10:00,52.4,49.1,50.8,51.6,49.8,51.1,44.8,41.1,54.5,46,54.5,58.3,46.9,46.9,45.8,44.1,54.5,52.1
7/19/2017 10:59,11:00,52,53.9,48.4,50.4,49.8,55.3,50.3,47,57.6,57,57.6,59.4,50,50,46.7,45.7,57.6,49.1
7/19/2017 11:59,12:00,56.4,60.5,59.9,44.8,55.2,55.3,55.6,59.7,58.1,56.2,59.2,60.3,58.6,58.6,44.7,49.4,58.1,50.8
7/19/2017 12:59,13:00,46.4,57.6,51,58.3,50.5,49.8,51.6,57.6,53.5,47.3,56.9,49.6,51.9,51.9,41.6,44.5,53.5,51.3
7/19/2017 13:59,14:00,36.3,51.5,47.2,49.2,47.3,43.1,46.7,49.1,46.7,28.6,54.5,48.4,47,47,27.2,40,46.7,43.9
7/19/2017 14:59,15:00,40.2,54.6,49.6,48.7,49.2,47.5,49.8,52.2,50.5,36.9,50,48.4,47.5,47.5,43.4,45.6,50.5,50.8
7/19/2017 15:59,16:00,43.2,55.1,56.9,57.7,50.3,43.8,52.1,54.1,51.7,32.4,57.5,56.3,51.8,51.8,49.4,49.8,51.7,52.6
7/19/2017 16:59,17:00,55.3,61.7,62.8,64.7,57.4,57,56.9,61.3,56.4,53.4,61,63.9,57.2,57.2,55.4,56.4,56.4,58
7/19/2017 17:59,18:00,60,66.3,68.6,70.4,62,62.2,63.9,68.2,62.3,60.6,72,69.1,67.2,67.2,61.8,62.2,62.3,64.9
7/19/2017 18:59,19:00,64.8,70.3,72.6,75.4,66,66.2,67.9,73.3,65.1,64.1,77.1,74.7,71.8,71.8,65.3,65.7,65.1,69.6
7/19/2017 19:59,20:00,67,72.6,77.1,79.7,69.3,71.2,72.2,79.3,65.1,66.9,83.5,78,75.7,75.7,64,67.4,65.1,68.9
7/19/2017 20:59,21:00,66.4,72.6,80.4,81.4,68.2,68.4,72.2,77.1,67.9,68.7,87.8,81.3,80.1,80.1,65.1,68.4,67.9,70
7/19/2017 21:59,22:00,68.1,75.3,82,85.6,72.6,67.8,73.4,79.3,71.8,70.3,88.3,80.7,84.3,84.3,65.6,71.3,71.8,68.8
7/19/2017 22:59,23:00,71,76.4,84.7,82.4,80.1,73.9,76.1,83.1,70.1,74.3,90.4,82.3,84.3,84.3,70.2,71.3,70.1,73.4
7/19/2017 23:59,0:00,70.4,75.2,81.4,82.8,79.5,72.3,73.8,83.1,71.2,73.7,83.5,77.4,85.8,85.8,70.2,71.7,71.2,72.2
7/20/2017 0:59,1:00,71,75.8,84.6,84.4,80.5,76.6,77.6,84.6,71.7,75.9,90.3,81.1,86.4,86.4,70.2,72.3,71.7,71.7
7/20/2017 1:59,2:00,77.2,77.4,88.9,86.5,82.6,78.2,78.2,87.8,73.4,76.4,93.4,85.4,86.4,86.4,73.4,73.9,73.4,77.3
7/20/2017 2:59,3:00,78.3,80.2,89.4,87,83.7,79.3,79.7,89.8,76.7,79.2,93.4,87.5,86.4,86.4,75.1,75.6,76.7,78.4
7/20/2017 3:59,4:00,80,81.3,86.8,87.5,83.1,78.2,69.5,68.3,76.2,79.2,89.3,86,86.9,86.9,75.6,77.8,76.2,78.4
7/20/2017 4:59,5:00,73.8,73,77.5,72.1,74.7,66.2,66.6,60.2,68.9,69.1,73.1,41.8,82.1,82.1,72.9,67.2,68.9,69.6
7/20/2017 5:59,6:00,62.2,64.5,70.3,64.3,64.8,56.3,59.2,51.7,62.7,62.2,64.6,50.8,77.9,77.9,61.1,59.8,62.7,59.1
7/20/2017 6:59,7:00,53.9,54,60.5,57.2,55.1,51,53.3,40.7,53.9,53.4,59.9,48.4,64.4,64.4,52.4,51.6,53.9,49.6
7/20/2017 7:59,8:00,47.2,46.7,48.9,47.2,46.7,44.8,48.5,42.9,49.8,47.2,52.6,46,54.8,54.8,43.9,44.2,49.8,43.5
7/20/2017 8:59,9:00,45.5,46.7,47.2,50.5,46.1,44.3,45.5,44.3,47.3,44.8,49,42.1,50,50,41.4,42.5,47.3,40.9
7/20/2017 9:59,10:00,41.7,43.6,44.7,50.5,43,42.9,42.4,41.1,44.2,43.5,47.7,42.1,46.9,46.9,38.3,38.7,44.2,39
7/20/2017 10:59,11:00,41.7,41.1,37.7,44.8,40.5,35.5,40.6,38.6,41.2,39,49,40.2,40,40,37.1,38.7,41.2,39.7
7/20/2017 11:59,12:00,35,38.5,38.3,43.6,40.5,35.5,38.7,38,39.4,37.2,43.9,37,41.3,41.3,33.4,33,39.4,36
7/20/2017 12:59,13:00,34.3,39.8,40.3,43.6,40,36.8,38.7,38,39.4,36,42.6,37,40.6,40.6,29.5,34.3,39.4,34.6
7/20/2017 13:59,14:00,31.9,41.1,37.8,43.6,39.3,33.5,36.8,40.4,38.2,30.2,43.9,34.4,41.3,41.3,27.1,34.3,38.2,36
7/20/2017 14:59,15:00,33,42.3,39.6,40.5,40.5,33.5,39.3,41.1,40.6,32.7,42.6,35.6,40,40,35.2,38.1,40.6,38.4
7/20/2017 15:59,16:00,37.3,43.5,46.5,50.3,41.7,37.3,42.3,42.8,40.6,39.6,45.7,39.9,44.3,44.3,36.9,39.2,40.6,40.8
7/20/2017 16:59,17:00,40.5,49,50.8,56.4,47.9,43.6,47.2,46.6,46.1,44,52.5,45.7,53,53,41.4,43.5,46.1,42
7/20/2017 17:59,18:00,43.5,53.8,58.6,62.3,54.4,46.7,52.1,56.4,49.2,49,62.1,56.7,58.4,58.4,44.4,47.3,49.2,45.1
7/20/2017 18:59,19:00,47.3,58.1,64.5,67.5,60.3,52.7,58,62.3,51.6,55.1,70.2,64.4,64.3,64.3,48.1,51.5,51.6,48.8
7/20/2017 19:59,20:00,53.4,59.3,64.5,68,61.4,55.1,58,62.3,54,56.9,70.2,63.9,66.6,66.6,51.1,53.3,54,54.9
7/20/2017 20:59,21:00,54.5,60.4,66.8,69.8,60.3,59.3,60.3,59.9,56.3,59.3,69.7,63.3,68.3,68.3,53.5,55.1,56.3,55.5
7/20/2017 21:59,22:00,53.9,61,69.7,72,60.3,52.6,60.9,64.6,57.5,57.4,73.7,59.7,64.8,64.8,52.3,56.8,57.5,51.8
7/20/2017 22:59,23:00,54.4,62.1,63.2,71.4,59.5,55.5,60.9,59.8,58,58.6,69.6,59.7,63,63,52.3,56.1,58,54.7
7/20/2017 23:59,0:00,54.4,62.6,62.5,70.7,58.9,57.3,59,59.1,59.1,59.7,64.3,61.3,63,63,53.3,56.7,59.1,55.2
7/21/2017 0:59,1:00,58.5,63.7,64.3,72.9,62.3,59.6,60.7,62.7,60.8,63.8,67.8,63,65.8,65.8,56.8,60.1,60.8,58.2
7/21/2017 1:59,2:00,60.2,65.4,68.3,74.6,64.6,63.6,64.2,65.5,63.1,65.5,70.1,68.8,69.2,69.2,57.9,62.5,63.1,60.5
7/21/2017 2:59,3:00,62,67.2,71.2,76.8,68,64.8,65.3,70.1,63.6,66.7,72.3,71.7,73.8,73.8,60.3,65.3,63.6,62.9
7/21/2017 3:59,4:00,62.6,67.8,71.8,75.8,68.5,64.2,56.2,51,64.9,66.7,70.7,68.8,73.8,73.8,60.9,64.2,64.9,62.3
7/21/2017 4:59,5:00,61.5,65.5,69,64.7,65.8,59.1,59.7,51.6,63.8,64.4,68.6,47.8,72.7,72.7,59.2,59.7,63.8,58.9
7/21/2017 5:59,6:00,56.2,56.8,62.1,57,59.5,52.7,56.2,47.9,59.7,55.5,62.1,51.3,68.2,68.2,53.9,50.7,59.7,48.1
7/21/2017 6:59,7:00,50.7,50.9,58.5,52.2,49.5,46.6,51.4,37.9,54.4,50.8,55.5,48.2,63,63,47.3,49,54.4,43.2
7/21/2017 7:59,8:00,48.9,46.6,53.1,50.3,50.8,44.7,49,45.9,50.2,47.1,55.5,45.7,59.6,59.6,44.9,44.2,50.2,40.8
7/21/2017 8:59,9:00,44.2,47.8,47.1,47.9,45.9,45.4,45.3,46.5,49.1,46.4,48.2,47.6,53.5,53.5,42.5,43,49.1,45.2
7/21/2017 9:59,10:00,48.6,47.8,47.1,49.8,45.9,47.9,45.3,43.5,48.5,43.4,48.8,48.9,50.5,50.5,45.8,40.5,48.5,47.6
7/21/2017 10:59,11:00,42.5,47.3,50.8,51,46.7,46.1,46,44.2,49.2,46.6,52.6,48.4,51.8,51.8,38.3,44.2,49.2,42.1
7/21/2017 11:59,12:00,39.4,49.7,48.4,51.7,46.7,44.8,45.5,44.9,48,42.9,50.2,45.9,48.7,48.7,38.3,45,48,44
7/21/2017 12:59,13:00,40.7,49.7,48.4,48.1,47.4,41.8,44.3,47.9,45.6,40.5,53.3,47.1,49.4,49.4,39.1,44.3,45.6,45.9
7/21/2017 13:59,14:00,45,49.7,52.1,43,49.2,45.5,47.9,46.8,46.9,46.6,55.1,47.1,50,50,41.5,43.2,46.9,46.4
7/21/2017 14:59,15:00,49.3,52.7,53.9,51.7,49.2,47.3,49.7,52.2,49.1,48.4,54.4,52,56.1,56.1,43.3,47.3,49.1,48.8
7/21/2017 15:59,16:00,47.3,53.3,55.7,53.3,49.6,49.7,48.4,50.3,50.3,49,57.4,55.6,54.8,54.8,45.1,47.8,50.3,49.4
7/21/2017 16:59,17:00,53.4,54.5,58.6,55.8,53.2,52.1,53.8,54.5,53.3,52,59.2,59.7,57.8,57.8,51.1,49.7,53.3,53.7
7/21/2017 17:59,18:00,54.6,58,62.1,62.9,56.8,56.9,58,60.5,55.1,56.8,66.2,62.1,61.3,61.3,52.3,53.8,55.1,56.6
7/21/2017 18:59,19:00,56.3,59.2,66.2,64.6,59.1,62.2,61.5,62.9,56.9,59.9,72.6,66.2,64.8,64.8,55.3,55.7,56.9,57.8
7/21/2017 19:59,20:00,58.7,62.2,69.1,66.8,60.8,62.2,60.9,67.5,58.7,62.8,74.2,66.8,65.4,65.4,58.2,58,58.7,61.4
7/21/2017 20:59,21:00,64.6,66.2,69.1,70.8,62,64.5,63.2,70.9,61,64.1,77.1,67.9,68.3,68.3,61.7,64.4,61,64.8
7/21/2017 21:59,22:00,63.4,67.4,70.2,73.7,67,65,63.8,72.6,62.7,64.1,69.1,67.3,73.4,73.4,60.5,63.3,62.7,64.8
7/21/2017 22:59,23:00,62.8,69.6,73.1,72.6,69.8,66,66,72.6,65.6,67.4,77.5,70.1,75,75,63.3,65.6,65.6,64.8
7/21/2017 23:59,0:00,65.7,70.8,76.5,75.9,73.1,68.3,69.4,72.6,67.8,70.3,79.2,71.8,79.4,79.4,65.6,66.2,67.8,66.5
7/22/2017 0:59,1:00,67.5,70.8,77.5,78,74.7,72.8,73.3,74.8,70.6,75.3,80.8,74.6,81.1,81.1,68.4,66.7,70.6,71.1
7/22/2017 1:59,2:00,69.8,72.4,80.3,80.2,76.8,73.3,76,76.5,72.3,74.8,84.6,75.7,82.6,82.6,70.6,67.8,72.3,71.7
7/22/2017 2:59,3:00,70.3,74.1,79.7,80.7,78.4,76.1,74.9,76.5,74.5,75.3,82.9,77.4,84.2,84.2,70.6,69.4,74.5,71.7
7/22/2017 3:59,4:00,70.3,73,79.2,78,77.3,73.3,75.4,75.3,73.9,75.3,81.8,75.7,84.2,84.2,71.7,69.4,73.9,70.4
7/22/2017 4:59,5:00,67.4,71.8,77,70.3,74.1,71.6,71,67.4,69.9,71.4,78.6,70.6,81.6,81.6,66.6,67.2,69.9,66.5
7/22/2017 5:59,6:00,63.3,66.2,70.2,63.4,65.3,58.6,64.3,59.9,66.1,64.5,73.7,58,73.3,73.3,61,60.3,66.1,59.6
7/22/2017 6:59,7:00,61,57.6,63.9,60.6,59.7,56.4,62,49.3,62.7,58.7,63.4,58.6,67.1,67.1,59.3,55.1,62.7,55
7/22/2017 7:59,8:00,54,53.3,55,56.4,50.2,50.4,52.7,51,56.9,52.1,55,53.3,60.1,60.1,54.2,50.3,56.9,50.7
7/22/2017 8:59,9:00,44.8,50.2,49.6,53.3,48.4,45.5,47.9,47.3,51.5,45.9,50.7,50.8,54.8,54.8,45.7,48.5,51.5,45.2
7/22/2017 9:59,10:00,41.8,41.6,41.5,51.6,44.8,43.7,45.4,42.2,44.2,45.9,44.5,47.1,53,53,39.5,35.4,44.2,37.1
7/22/2017 10:59,11:00,36.8,41.1,44.1,47.3,46.7,39.3,43.1,36.6,43,41.6,44.5,41.4,43.8,43.8,38.3,36.7,43,39
7/22/2017 11:59,12:00,46,51.5,53.8,56.4,50.3,44.8,50.3,51.5,48.5,48.3,50.1,47,54.8,54.8,45.1,49.1,48.5,45.8
7/22/2017 12:59,13:00,73.7,75.8,80.3,81.8,78.4,78.3,76,77,75.1,80.8,78.7,73.5,87.4,87.4,67.8,75,75.1,76.1
7/22/2017 13:59,14:00,71.4,74,82.5,81.2,78.9,73.3,77.6,75.3,75.5,79.7,79.7,75.8,86.3,86.3,67.2,73.3,75.5,73.3
7/22/2017 14:59,15:00,64.9,70.6,81.3,80.1,71.8,68.7,74.2,71.3,68.8,75.8,77.4,71.7,87.3,87.3,60.9,65.9,68.8,64.6
7/22/2017 15:59,16:00,87.6,83.9,89.9,90.1,85.6,88.6,89.1,90.3,88.8,89.8,87.7,84.3,91.5,91.5,82,87.3,88.8,86.4
7/22/2017 16:59,17:00,88.1,84.4,90.5,91.7,86.6,88.1,88.1,92.8,86.2,89.8,87.7,87,94,94,82.4,85.8,86.2,87.4
7/22/2017 17:59,18:00,87.6,84.9,89.9,90.1,84.6,86,87.1,92.8,83.5,87.7,87.1,85.4,92.5,92.5,78.2,84.1,83.5,88.5
7/22/2017 18:59,19:00,82,83.3,91.5,89.1,84.6,86,88.1,90.3,82.5,90.3,90.3,87.5,95,95,76.5,81.5,82.5,82.1
7/22/2017 19:59,20:00,78.1,82.2,90.9,90.6,83.5,83.4,86.5,88.2,78.7,88.2,90.3,84.3,95,95,74.9,79.8,78.7,78.7
7/22/2017 20:59,21:00,83.7,83.8,92.5,88.5,83,81.8,87.1,90.3,79.8,88.2,87.6,89.1,93.5,93.5,78.2,82.5,79.8,84.8
7/22/2017 21:59,22:00,87.6,86.5,93.1,88.5,86.1,86,87.6,92.3,83,88.7,89.2,89.1,96,96,82.4,84.7,83,88
7/22/2017 22:59,23:00,88.7,87.6,93.6,93.2,88.1,86,89.7,94.4,85.7,88.7,90.3,91.1,96,96,82.4,85.8,85.7,89.1
7/22/2017 23:59,0:00,88.7,86.5,94.6,90.6,88.1,87.1,90.2,93.8,86.7,89.8,89.8,88.6,97.1,97.1,83,86.3,86.7,88.5
7/23/2017 0:59,1:00,90.9,86.5,95.2,92.1,87.2,86.6,88.6,94.9,86.7,89.3,90.8,89.6,96,96,85.1,87.9,86.7,92.2
7/23/2017 1:59,2:00,89.8,87.6,94.1,92.1,88.1,86,89.6,94.9,87.8,90.3,90.8,87.5,95.5,95.5,85.1,87.9,87.8,89.6
7/23/2017 2:59,3:00,88.7,87.6,94.6,92.6,89.2,87.1,90.7,94.4,88.3,90.8,92.4,88.5,96.5,96.5,85.1,87.9,88.3,89.1
7/23/2017 3:59,4:00,88.1,88.1,93.1,92.2,89.2,86.1,89.1,89.8,87.8,89.3,91.3,87.5,94.5,94.5,84,86.8,87.8,87.5
7/23/2017 4:59,5:00,84.9,85,88.4,81.8,85.1,78.2,80.8,73.3,83.6,84.6,83.5,55.1,93.6,93.6,79.8,81,83.6,81.1
7/23/2017 5:59,6:00,74.9,75.2,82.5,75.4,77.3,70.6,74.3,65.8,75.6,76.5,78.7,62.7,86.9,86.9,70.1,72.3,75.6,67.7
7/23/2017 6:59,7:00,68,65.1,73.7,67,67,64.4,68.8,60.1,70.6,68.6,70.9,61,78.3,78.3,63.3,65.5,70.6,62.5
7/23/2017 7:59,8:00,60.4,58.7,65.1,64.2,60.8,55.1,60.9,59.4,62.6,56.8,61.6,57.4,72.3,72.3,58.2,59.2,62.6,57.2
7/23/2017 8:59,9:00,54.5,54,58.1,61.8,56.2,51,56.8,52.2,58,51.4,54.6,50.2,62.6,62.6,49.9,53.4,58,54.3
7/23/2017 9:59,10:00,51.5,52.1,57.4,55.8,49.7,47.3,52.7,49.8,50.3,50.2,55,50.8,59.6,59.6,47.5,48.5,50.3,55.6
7/23/2017 10:59,11:00,64.2,55.1,56.2,58.3,55.6,62.9,53.9,52.9,54.5,49.7,53.2,63.5,62,62,57.7,50.9,54.5,64.4
7/23/2017 11:59,12:00,57.6,59.8,65.2,63,61.4,76.2,64.5,58.2,57.5,74.5,75,80.4,66.1,66.1,56.5,56.2,57.5,60.8
7/23/2017 12:59,13:00,53.5,55.1,55.2,55.3,56.2,59.4,53.5,55.2,54,59.5,67.6,64,59.1,59.1,49,44.9,54,55.6
7/23/2017 13:59,14:00,61,62.8,60.4,64.6,60.1,53.3,56.2,65.8,59.2,53.8,58.6,56.7,62.5,62.5,55.9,61,59.2,63.7
7/23/2017 14:59,15:00,84.3,81.8,84.1,86,83.1,81.9,80.3,88.2,84.7,81.3,78,76.8,83.1,83.1,77.7,84.7,84.7,83.2
7/23/2017 15:59,16:00,84.9,83.4,87.4,85.5,82.6,88.3,84.1,93,83.7,85.2,87.8,89.2,91.5,91.5,83.1,83.2,83.7,86.5
7/23/2017 16:59,17:00,85.5,82.9,89,87.1,87.8,89.8,87.2,95,84.2,89.3,90.3,89.6,91,91,85.2,81.6,84.2,89.2
7/23/2017 17:59,18:00,81,81.7,88.3,86.6,87.2,88.1,85,94.5,81.5,86.1,89.2,91.1,92,92,78.2,81.6,81.5,84.2
7/23/2017 18:59,19:00,89.3,84.9,87.3,87.6,88.7,93.2,88.1,94.9,86.3,89.8,91.3,92.7,90.5,90.5,88.8,87.9,86.3,90.7
7/23/2017 19:59,20:00,87.7,84.9,91,88.1,88.3,94.3,89.7,97,85.3,90.4,91.9,93.7,92.5,92.5,88.8,86.9,85.3,91.3
7/23/2017 20:59,21:00,89.4,86.2,93.2,88.7,89.8,93.8,91.8,97.5,85.8,91.9,95,94.8,94.1,94.1,87.3,87.5,85.8,89.2
7/23/2017 21:59,22:00,96.2,89.2,97.2,93.2,93.7,97.2,96.2,98.4,96.5,98.5,95,95.2,96,96,95.3,95.1,96.5,97.4
7/23/2017 22:59,23:00,94.6,90.7,97.2,92.1,90.7,96.2,98.2,98.9,92.4,99.5,95.4,97.7,97.1,97.1,92.8,94.6,92.4,93.2
7/23/2017 23:59,0:00,95.1,90.7,97.2,92.6,94.1,97.2,98.7,99.4,93.9,98,95.9,98.7,98,98,92.8,93.5,93.9,94.8
7/24/2017 0:59,1:00,95.7,90.7,98.7,93.6,95.6,97.2,98.7,98.9,93.4,99.5,96.9,97.2,98.5,98.5,92.8,94.6,93.4,94.8
7/24/2017 1:59,2:00,94.1,90.2,98.7,94.6,95.1,96.7,98.2,100,94,99,98.9,97.7,98.5,98.5,93.3,92,94,94.3
7/24/2017 2:59,3:00,95.1,92.3,98.7,94.6,93.6,97.6,98.7,99.4,90.4,99.5,97.4,98.7,98,98,93.8,92.5,90.4,93.8
7/24/2017 3:59,4:00,91.4,89.2,96.7,94.2,92.7,97.6,99.2,99.9,90.4,100,94.9,98.2,96.5,96.5,92.8,92,90.4,93.8
7/24/2017 4:59,5:00,85.9,88.1,95.7,90.2,88.7,94.8,98.7,98,85.7,96.5,89.3,81.3,94.6,94.6,86.1,85.3,85.7,88
7/24/2017 5:59,6:00,76.4,77.9,89.4,80.7,80.9,85.5,98.2,74.2,77.6,93.9,82.9,76.2,88.3,88.3,75.4,74.4,77.6,80.4
7/24/2017 6:59,7:00,70.7,67.8,80.2,74.2,72.9,70.4,97.3,65.7,71.6,89.3,74.1,66.6,82,82,65.9,67.7,71.6,70.9
7/24/2017 7:59,8:00,63.2,59.1,71.3,63.9,62.3,62.5,61.9,61.6,63,65.5,65.4,60.2,72.6,72.6,60.3,59,63,55.3
7/24/2017 8:59,9:00,54.3,56.7,64.3,58.6,57.7,55.5,60.7,53.8,57.2,57.3,61.4,56,67.6,67.6,52.1,53.7,57.2,52.3
7/24/2017 9:59,10:00,50,51.9,55.5,57.4,53,51.4,53.7,49,54.3,54.3,57.8,49.3,61.7,61.7,50.9,47.2,54.3,49.3
7/24/2017 10:59,11:00,45.8,49.5,57.3,56.9,50.1,50.7,50.7,45.4,50.7,48.2,57.8,46.9,61.2,61.2,43,44.1,50.7,45.6
7/24/2017 11:59,12:00,42.8,50.7,47.7,55,49.5,41.7,47.2,45.9,48.4,47.7,52.5,49.9,49.8,49.8,43,45.3,48.4,48.7
7/24/2017 12:59,13:00,39.1,45.8,48.2,49.7,45.2,40.3,44.7,42.7,45.9,45.2,48,40.5,47.4,47.4,33.3,39.7,45.9,43.3
7/24/2017 13:59,14:00,32.9,45.2,43.2,45.3,42.7,39,44.1,43.9,42.3,32.2,44.3,39.9,43.5,43.5,27.6,36,42.3,40.1
7/24/2017 14:59,15:00,34.8,46.4,45,47.2,44,37.3,44.7,45.2,44.7,37.6,46.2,41.2,46.1,46.1,37.5,40.4,44.7,42.7
7/24/2017 15:59,16:00,48.3,53.8,50.6,56.9,47.7,41.6,48.3,58.7,47.8,42,48.7,46.2,51,51,49.9,53.2,47.8,54.2
7/24/2017 16:59,17:00,56.2,63.2,65.5,71.4,60.1,54.3,60.2,62.8,57.9,57.3,61.4,55.9,64.1,64.1,55.7,59,57.9,61.8
7/24/2017 17:59,18:00,62.8,63.8,71.3,75.2,61.8,59.7,62.5,67.4,63.2,62.7,67.8,62,73.8,73.8,61,62,63.2,66.5
7/24/2017 18:59,19:00,92.4,89.7,93.1,90.6,90.7,93.2,90.2,94.8,94.5,93.4,95.4,92.7,96,96,90.7,95.1,94.5,94.8
7/24/2017 19:59,20:00,86.5,89.2,92,91.1,90.2,92.7,85.4,97.4,94,90.8,92.8,91.1,96.5,96.5,88.7,95.1,94,94.8
7/24/2017 20:59,21:00,85.3,90.2,92.5,91.1,90.6,91.2,85.4,98.9,92.4,91.8,92.8,92.1,96,96,89.7,94.6,92.4,90.6
7/24/2017 21:59,22:00,80.9,88.6,91.4,90.6,89.6,85.4,81.2,99.3,89.8,85.4,89.1,87.4,93.4,93.4,84.9,92,89.8,88.4
7/24/2017 22:59,23:00,79.7,86.4,91.4,88.9,89.1,80,82.2,99.3,86.6,82.7,86.4,85.2,93.4,93.4,84.3,89.8,86.6,85.7
7/24/2017 23:59,0:00,72.8,83.7,89.7,87.8,87,78.4,76.2,99.3,82.8,84.3,86.4,83,92.9,92.9,71.8,87.2,82.8,79.6
7/25/2017 0:59,1:00,71.5,83.1,93.4,91.4,88,84.2,81,99.7,79.6,82.1,92.6,88.3,94.4,94.4,71.2,87.6,79.6,80.7
7/25/2017 1:59,2:00,65.6,75.8,88.6,88.3,79.6,86.8,77.7,98.2,68.2,83.1,97.7,90.9,88.6,88.6,64.9,82.2,68.2,72.2
7/25/2017 2:59,3:00,62,71.8,89.1,87.7,80,78.8,74.9,91,71.1,77,90.5,85.6,85.9,85.9,64.3,77.3,71.1,67.6
7/25/2017 3:59,4:00,63.2,71.8,84.8,87.2,75.2,70.5,60.2,60.1,67.1,75.8,79.2,75.7,84.9,84.9,66,71.7,67.1,65.8
7/25/2017 4:59,5:00,61.4,66.6,75.9,70.4,69.1,63.6,61.9,60.4,64.8,69.1,72.5,46.4,79.4,79.4,60.8,64.8,64.8,61.8
7/25/2017 5:59,6:00,59.7,60.8,70.2,60.5,63.5,59.6,60.7,56.8,63.1,64.5,66.8,54.2,73.9,73.9,57.9,59.7,63.1,58.3
7/25/2017 6:59,7:00,60.3,58,64.5,58.1,60.2,58.5,59,53.9,62.5,61,65.7,54.9,70.5,70.5,56.8,55,62.5,56
7/25/2017 7:59,8:00,56.2,56.3,61.6,58.7,59,56.2,58.5,55.8,59.7,58,63.4,53.2,67.7,67.7,52.1,55.6,59.7,53.1
7/25/2017 8:59,9:00,53.8,59.2,59.2,60.5,56.7,56.2,56.8,55.1,57.4,55.7,61,53.2,64.9,64.9,51.6,53.2,57.4,54.3
7/25/2017 9:59,10:00,52.1,53.9,53.2,57.6,52.7,52.1,56.2,54.5,58.6,48.5,59.2,54.3,58.5,58.5,49.2,47.9,58.6,54.3
7/25/2017 10:59,11:00,48.5,52.1,52.6,54.6,55.1,51.5,52.6,52.2,52.1,51.4,60.4,55,56.6,56.6,48,47.9,52.1,50.1
7/25/2017 11:59,12:00,49.7,55.1,53.9,54.6,54.4,49.7,53.3,55.2,53.3,48.5,57.5,54.3,54.8,54.8,47.5,50.9,53.3,52.5
7/25/2017 12:59,13:00,46,53.9,53.9,57,52.6,50.3,54.5,52.1,53.3,50.9,56.2,51.9,57.2,57.2,44.3,48.5,53.3,50.1
7/25/2017 13:59,14:00,46.6,54.5,52.6,55.8,53.8,50.3,52,52.8,52.1,50.3,56.8,51.3,56.6,56.6,46.3,49.1,52.1,48.8
7/25/2017 14:59,15:00,50.3,55.7,56.3,60.6,54.4,51.5,53.2,56.4,53.8,53.3,59.8,51.9,59.6,59.6,48.6,52.7,53.8,52.5
7/25/2017 15:59,16:00,50.8,56.8,59.8,56.9,57.9,54.4,55,57.5,56.2,55,64,59.7,62.5,62.5,50.4,51.4,56.2,53.6
7/25/2017 16:59,17:00,55.7,61.6,63.3,64.6,60.2,58.5,59.7,61.1,59.2,59.8,65.1,60.3,66,66,55.8,57.4,59.2,57.2
7/25/2017 17:59,18:00,55.7,60.9,62.1,63.4,60.2,59.1,59.7,62.2,60.3,59.8,67.4,62.6,66,66,55.1,57.4,60.3,57.7
7/25/2017 18:59,19:00,58,64.4,68,68.6,63.6,60.8,59.7,65.7,59.7,63.3,69.7,66.1,70.6,70.6,59.2,60.3,59.7,61.9
7/25/2017 19:59,20:00,59.2,68.5,77.1,75.9,71.4,65.4,64.8,73.8,62.6,66.8,73.1,71.3,75.1,75.1,61.5,64.4,62.6,63.6
7/25/2017 20:59,21:00,62.8,69.1,79.3,80.3,76.3,70,68.8,79.3,64.9,69.7,78.7,73,79.5,79.5,64.4,66.1,64.9,67.1
7/25/2017 21:59,22:00,65.7,70.8,82.1,82.4,79,71.7,72.2,83.6,68.9,73.1,82,75.2,83.8,83.8,67.8,67.8,68.9,71.1
7/25/2017 22:59,23:00,69.8,75.3,82.6,83.5,79.5,73.9,73.8,82.6,71.2,75.9,84.2,77.4,86,86,70.1,70.1,71.2,73.9
7/25/2017 23:59,0:00,73.8,76.9,81.5,85.1,81.7,76.7,77.7,84.7,73.9,77,85.3,79.7,87.6,87.6,73.4,74,73.9,77.3
7/26/2017 0:59,1:00,81.2,80.8,86.4,85.1,84.3,84.2,81.5,87.4,79.5,82.6,90.6,86.7,89.1,89.1,81,77.3,79.5,83.4
7/26/2017 1:59,2:00,85.1,84.6,90.7,87.7,87.9,85.8,86.8,90,83.8,86.3,94.2,89.3,91.7,91.7,84.3,82.2,83.8,86.7
7/26/2017 2:59,3:00,87.3,86.2,92.9,89.8,89.9,87.9,88.4,90.6,83.8,88,95.7,90.4,91.7,91.7,85.3,84.4,83.8,88.3
7/26/2017 3:59,4:00,87.9,86.8,90.8,89.8,88.9,87.9,88.9,90,84.9,86.9,94.2,88.3,92.8,92.8,87.9,82.8,84.9,91.5
7/26/2017 4:59,5:00,84.6,84.7,88.1,86.8,82.8,83.7,85.8,89.5,82.2,82.7,89.6,85.1,90.8,90.8,84.3,81.2,82.2,86.2
7/26/2017 5:59,6:00,85.7,83.1,82.7,85.2,80.2,83.7,82.6,89,82.2,81.6,86.9,83,86.1,86.1,84.3,80.7,82.2,87.3
7/26/2017 6:59,7:00,81.9,80.4,80,78.7,80.8,80.6,81.6,85.4,79,79.9,83.2,85.2,81.3,81.3,81.1,75.8,79,85.1
7/26/2017 7:59,8:00,85.2,73.8,77.2,73.3,76,83.3,78.4,76.2,75.7,78.9,79.4,76.5,79.7,79.7,77.4,66.3,75.7,80.3
7/26/2017 8:59,9:00,77.4,64.1,71.1,66.5,65.6,73,71.3,66.6,70.3,72.8,75,74.9,74.1,74.1,68.6,59.5,70.3,77
7/26/2017 9:59,10:00,63.8,62.3,65.9,66,65,64.1,65.7,62.6,61.7,60.1,68.8,66.4,65,65,57.7,55.9,61.7,63.3
7/26/2017 10:59,11:00,51.8,58.3,63.5,62.5,58.1,60.6,63.4,57.2,59.4,56.5,69.4,59.5,59.2,59.2,54.9,49.3,59.4,64.5
7/26/2017 11:59,12:00,47.6,54.1,54.1,62.5,61.5,55.3,64,55.5,57,59.4,68.8,53.3,56.3,56.3,47.8,45.7,57,63.3
7/26/2017 12:59,13:00,44.6,53.5,60,55.4,54,57,56.3,57.1,50.6,57,58.2,55.2,61,61,39.3,46.3,50.6,56.3
7/26/2017 13:59,14:00,42.7,55.9,60.6,55.4,51.7,55.8,54,59,50.6,52.8,58.8,56.3,57.4,57.4,32,44.6,50.6,53.3
7/26/2017 14:59,15:00,43.9,57.7,61.1,52.4,54.6,58.2,58.2,59.6,53.5,56.4,59.4,58.8,61.5,61.5,44.7,50.5,53.5,55
7/26/2017 15:59,16:00,45.8,61.2,62.9,60.7,55.2,60.5,59.3,61.3,55.3,60,62.3,61.7,63.9,63.9,48.9,54.7,55.3,55.7
7/26/2017 16:59,17:00,60.2,68.2,65.8,67.7,65,66.9,66.3,69.5,65.2,68.2,68.2,69.3,68.5,68.5,60.2,64.1,65.2,67.9
7/26/2017 17:59,18:00,65.4,71,72.7,73.3,69.4,70.2,71.3,74,68.6,71,75.6,72.1,73,73,63,68.6,68.6,71.9
7/26/2017 18:59,19:00,67.7,72.1,76.7,74.4,71.7,73.5,72.9,75.1,70.8,75,77.8,75.4,76.4,76.4,66.9,68.6,70.8,74.7
7/26/2017 19:59,20:00,68.8,73.8,76.7,76,72.7,74.6,74,76.7,71.9,75,78.8,77.1,76.4,76.4,67.5,71.9,71.9,74.1
7/26/2017 20:59,21:00,71.1,75.4,77.2,77.7,76,76.2,76.2,78.9,73,75,81.1,77.1,78,78,70.3,73.6,73,77.4
7/26/2017 21:59,22:00,73.4,77.1,80,79.9,77,77.9,78.4,81.1,74.7,77.7,81.1,79.3,80.8,80.8,72.5,75.8,74.7,79.1
7/26/2017 22:59,23:00,76.3,78.8,81.7,81.5,78.1,77.3,80,82.2,76.3,78.9,82.7,78.7,81.8,81.8,74.2,77.5,76.3,81.3
7/26/2017 23:59,0:00,76.3,79.3,83.3,82.1,79.2,79.5,80.6,83.8,77.4,80,84.3,80.4,82.9,82.9,75.8,76.9,77.4,81.9
7/27/2017 0:59,1:00,79.2,81,83.9,82.1,80.8,81.2,82.2,84.3,78,81.7,84.9,83.6,84,84,77.5,78.6,78,84.1
7/27/2017 1:59,2:00,80.2,82.1,85.5,83.7,81.3,81.7,82.7,85.4,78.6,82.8,85.4,82.6,85.6,85.6,78,80.2,78.6,83.6
7/27/2017 2:59,3:00,79.7,82.1,83.8,83.1,80.2,79.5,81.1,85.4,79.7,82.2,83.2,80.4,84.5,84.5,78.5,80.8,79.7,82.4
7/27/2017 3:59,4:00,79.7,82.1,84.4,84.2,80.2,79.5,80.6,85.4,79.1,81.6,84.3,80.4,84.5,84.5,78,79.7,79.1,83.5
7/27/2017 4:59,5:00,76.9,80.4,81.7,81.6,79.7,77.9,79.5,82.2,77.5,79.4,82.2,81.5,83.5,83.5,74.8,77.5,77.5,81.4
7/27/2017 5:59,6:00,77.4,79.9,80.6,81.1,78.7,76.9,77.9,81.1,76.4,77.3,80.6,77.7,80.8,80.8,73.7,76.4,76.4,79.2
7/27/2017 6:59,7:00,74.1,77.2,78.4,77.8,76.6,72.5,76.3,76.3,74.8,74.5,77.9,74.9,80.3,80.3,69.9,73.2,74.8,78.1
7/27/2017 7:59,8:00,67.8,72.3,74,74,73.4,65.3,73.1,67.3,70.4,70.1,70.1,68.3,75.4,75.4,63.7,66.5,70.4,72
7/27/2017 8:59,9:00,66.2,67.8,69,69.6,66.9,65.3,67,64,68.2,63.3,65,64.2,71.6,71.6,62.1,62.5,68.2,66.4
7/27/2017 9:59,10:00,59.8,67.3,67.3,65.6,64.1,62,63.1,68.5,62.1,60.4,67.3,62.6,68.8,68.8,55.2,60.8,62.1,60.7
7/27/2017 10:59,11:00,59.8,67.9,66.7,67.4,66.4,63.2,65.4,68.1,65.5,63.3,69.1,70.2,68.8,68.8,56.5,63.8,65.5,63
7/27/2017 11:59,12:00,64,66.7,67.4,67.4,67.5,69.5,70.5,64,67.2,72,74.7,72.5,67.7,67.7,59.9,60.8,67.2,70
7/27/2017 12:59,13:00,63.4,69,74.3,68.7,70.3,70.6,71.6,64,64.3,72.5,76.5,71.9,75.1,75.1,63.4,61.5,64.3,70.6
7/27/2017 13:59,14:00,55.7,62.1,69.8,64.6,61.9,65.6,70,60,59.2,69.2,76.5,73.1,72.9,72.9,52.5,54.5,59.2,64.9
7/27/2017 14:59,15:00,57.5,62.6,65.6,67.4,60.1,67.8,62,63.4,59.7,65.1,77.1,74.2,71.2,71.2,60.6,58.5,59.7,67.7
7/27/2017 15:59,16:00,65.2,66.7,71.4,69.8,62.4,66.7,63.7,65.7,59.7,67,78.2,70.3,74.6,74.6,62.3,60.3,59.7,70
7/27/2017 16:59,17:00,71.5,74.2,77.6,75.8,69.8,73.9,71.1,75.4,70.1,73.1,80.9,79.1,78.9,78.9,70.8,71.2,70.1,77.3
7/27/2017 17:59,18:00,75.5,78.6,80.8,79.7,76.8,77.2,78.8,79.8,75.1,78.7,83,82.8,81.6,81.6,73.4,75.6,75.1,78.9
7/27/2017 18:59,19:00,74.3,81.3,83.6,83.9,76.8,80.3,79.8,84.6,75.6,81.4,88.3,86.5,85.3,85.3,74,77.8,75.6,80.6
7/27/2017 19:59,20:00,78.9,82.9,88.9,86,82.6,83.5,82.4,86.7,75.1,85.6,91.9,88.6,88.4,88.4,77.3,78.3,75.1,84.3
7/27/2017 20:59,21:00,75.4,80.1,89.5,87.6,85.2,85.1,85.1,88.8,79.4,86.2,95,90.7,90,90,77.8,76.7,79.4,86
7/27/2017 21:59,22:00,78.8,77.9,90,87,85.2,87.2,87.7,84,83.2,87.8,92.9,89.7,90.5,90.5,79.4,75.5,83.2,86
7/27/2017 22:59,23:00,78.2,80.1,91.1,85,86.2,87.2,88.2,86.6,83.7,88.8,94.4,91.7,92.6,92.6,80.4,77.8,83.7,87
7/27/2017 23:59,0:00,85,85,91.6,90.7,88.3,89.7,89.2,88.7,85.8,89.9,94.9,91.7,93.6,93.6,85.2,80.5,85.8,89.1
7/28/2017 0:59,1:00,79.8,76.7,98.2,89.6,96,94.1,94.6,82.9,93.9,97.4,96.9,96.2,96.5,96.5,86.5,75.4,93.9,86.9
7/28/2017 1:59,2:00,83.7,82.2,98.7,89.6,96.5,96.7,96.6,85,97.4,98,98.4,95.2,98.5,98.5,95.2,77.1,97.4,96.9
7/28/2017 2:59,3:00,89.8,89.7,99.2,91.6,98.5,96.2,97.2,93.9,98,99,98.4,97.7,98.5,98.5,95.8,87.3,98,98.4
7/28/2017 3:59,4:00,89.8,88.7,99.2,90.6,97.1,97.2,96.2,92.4,97,99,97.9,95.7,98.1,98.1,95.3,85.8,97,97.4
7/28/2017 4:59,5:00,89.8,89.7,99.8,92.7,98.1,96.7,95.7,91.9,96.5,99.5,96.9,94.2,98.1,98.1,95.3,87.4,96.5,96.4
7/28/2017 5:59,6:00,87.1,87.6,98.8,92.7,98.1,96.2,93.8,90.9,94,98,94.9,93.2,97.6,97.6,93.3,84.2,94,96.4
7/28/2017 6:59,7:00,89.9,87.6,99.3,93.7,97.6,94.3,92.7,93.4,93,96,94.9,91.7,96.1,96.1,92.3,88,93,95.4
7/28/2017 7:59,8:00,80,87.2,98.3,91.7,97.6,90.3,89.2,90.4,91.6,94,90.4,84.5,95.6,95.6,85.7,77.8,91.6,89.7
7/28/2017 8:59,9:00,77.2,82.3,94.7,90.7,97.2,87.7,83.5,88.8,89.5,91.9,85.1,81.2,89.5,89.5,84.2,77.2,89.5,88.1
7/28/2017 9:59,10:00,81,82.3,93.6,89.1,96.1,87.1,84.5,88.2,88.4,94,87.2,84.4,94.1,94.1,88.3,81.6,88.4,89.1
7/28/2017 10:59,11:00,87.1,85.5,96.2,91.2,96.7,91.8,89.7,91.8,92.5,97,91.3,91.7,96.6,96.6,87.6,86.8,92.5,90.5
7/28/2017 11:59,12:00,95.1,88.6,100,91.6,97.5,93.6,95.7,96.9,94.4,97.9,96.4,93.7,98,98,94.2,92,94.4,95.8
7/28/2017 12:59,13:00,90.8,87.6,97.7,89.6,97.1,93.6,92.2,94.4,94.4,97,95.4,92.7,97.1,97.1,93.8,90.5,94.4,95.8
7/28/2017 13:59,14:00,89.8,90.3,96.2,91.2,98.1,93.6,90.7,93.4,93,97,93.9,92.3,96.6,96.6,94.4,90,93,93.8
7/28/2017 14:59,15:00,93,91.8,98.3,92.7,98.1,95.3,92.2,96.9,97,97.5,94.4,93.7,97.1,97.1,94.4,95.6,97,94.8
7/28/2017 15:59,16:00,97.8,97.4,99.2,97.1,98.1,97.1,96.6,98.3,99.4,99.9,96.9,95.6,98,98,97.2,97.6,99.4,99.3
7/28/2017 16:59,17:00,97.2,97.4,97.6,97.1,99.4,97.6,97.6,99.3,99.4,99.9,97.3,98.6,97.4,97.4,97.6,98,99.4,98.8
7/28/2017 17:59,18:00,97.2,97.4,99.2,97.1,98.9,98.6,98.6,99.3,99.9,99.9,98.3,99.1,99.4,99.4,97.6,98,99.9,98.8
7/28/2017 18:59,19:00,98.3,98.9,99.7,97.6,98.9,98.2,99.1,99.3,100,100,98.3,99.1,100,100,98.7,98,100,98.8
7/28/2017 19:59,20:00,96.7,98.4,100,97.6,98.5,98.6,99.1,99.3,100,100,97.9,100,100,100,97.7,98.6,100,99.4
7/28/2017 20:59,21:00,98.8,99.4,99.7,98.1,98.9,97.6,99.1,100,100,100,97.4,99.2,100,100,97.2,98.6,100,98.9
7/28/2017 21:59,22:00,98.8,98.8,97.6,96.5,99.4,98.1,99.1,100,100,100,96.3,99.6,97.4,97.4,98.6,99,100,98.9
7/28/2017 22:59,23:00,97.7,99.3,99.7,97,99.8,98.5,99.1,100,100,100,97.3,99.6,98.9,98.9,99.1,99.5,100,100
7/28/2017 23:59,0:00,98.2,99.8,100,97.6,99.8,98.5,99.1,100,100,100,95.3,100,98.4,98.4,99.1,99,100,98.8
7/29/2017 0:59,1:00,96.1,99.8,98.1,96,98.8,97.5,99.1,100,100,100,90.1,100,95.9,95.9,97.1,98.5,100,97.8
7/29/2017 1:59,2:00,91.8,98.8,99.7,97,99.8,95.5,97.1,100,100,100,92.7,100,96.9,96.9,96.6,98,100,96.2
7/29/2017 2:59,3:00,93.9,99.3,96.6,95,99.8,95.5,91.5,100,99.3,100,89.6,97.1,95.4,95.4,96.6,97.4,99.3,96.2
7/29/2017 3:59,4:00,89.5,96.7,96.6,93.9,98.8,95,89.4,100,98.3,100,90.1,93.4,95.4,95.4,89,95.9,98.3,93
7/29/2017 4:59,5:00,85.1,94.7,90.2,87.2,99.8,92,85.2,99.7,97.8,100,84.2,92.4,88.7,88.7,82.1,91.3,97.8,90.4
7/29/2017 5:59,6:00,77.2,90,86.5,85.1,97.9,84.7,77.2,92.1,96.3,97.8,79.8,84.6,84.9,84.9,75.1,86.6,96.3,83.9
7/29/2017 6:59,7:00,72.6,86.2,82.6,83.5,94.4,75.6,74.4,77.7,94.2,93.2,77,78.6,80,80,70.6,80.1,94.2,81.7
7/29/2017 7:59,8:00,68,83.5,77.6,79.7,95.4,73.3,71.1,73.7,81.1,92.2,73.6,76.9,76.7,76.7,67.8,74,81.1,79.5
7/29/2017 8:59,9:00,68.6,81.4,75.9,84.6,90.4,71.6,72.7,74.9,78.9,74.2,74.8,74.6,78.4,78.4,68.9,71.2,78.9,79
7/29/2017 9:59,10:00,68.6,81.4,79.9,82.4,80.6,68.8,74.4,76,79.4,72.5,75.3,71.8,81.7,81.7,68.9,69.5,79.4,74.5
7/29/2017 10:59,11:00,74.9,84.1,79.9,86.7,84.8,78.2,77.1,82.5,81.6,81.4,75.9,79.1,81.7,81.7,78.8,79.5,81.6,86.6
7/29/2017 11:59,12:00,80.1,88.9,84.9,89.4,88.4,84.7,81.5,88.5,83.2,85.3,83.7,84,89.2,89.2,82.1,82.8,83.2,88.3
7/29/2017 12:59,13:00,87.9,91.6,84.4,88.9,92.5,91.5,84.2,91.7,93.3,85.3,83.2,83.6,84.5,84.5,87.9,87.7,93.3,92.6
7/29/2017 13:59,14:00,70.5,77,70.3,71.5,74.8,70.6,66.1,78.9,72.9,66.9,70.3,69.1,71.2,71.2,67.9,71.9,72.9,76.9
7/29/2017 14:59,15:00,56.8,73.7,67.4,72.6,69.2,60.3,60.8,70.3,66.6,62.1,67.4,62.6,72.3,72.3,58,65.5,66.6,65.4
7/29/2017 15:59,16:00,57.4,73.7,73.7,81.4,74.8,63.7,65.4,73.8,70,63.9,67.9,64.9,73.4,73.4,58,64.3,70,64.2
7/29/2017 16:59,17:00,57.9,70.2,78.8,81.9,78,64.8,69.4,82.6,72.3,70.9,72,65.5,77.4,77.4,60.9,64.9,72.3,65.4
7/29/2017 17:59,18:00,59.7,70.2,84.8,84,84.8,75.6,74.9,89.5,75,74.8,83.1,79.6,76.7,76.7,66.1,68.3,75,68.8
7/29/2017 18:59,19:00,60.2,67.2,79.8,85.6,82.2,73.3,68.7,78.1,71.6,70.7,71.3,70,73.3,73.3,66.6,61.8,71.6,69.9
7/29/2017 19:59,20:00,57.1,65.9,73,85,77.3,64.7,62.3,76.4,68.1,65.4,66,66.5,71.5,71.5,60.7,61.8,68.1,64.6
7/29/2017 20:59,21:00,57.7,65.9,71.8,85.6,75.1,61.1,61.1,71.3,66.4,60.6,63.6,62.3,73.2,73.2,56.5,60.6,66.4,62.7
7/29/2017 21:59,22:00,59.5,69.4,74.6,83.4,74.5,65.7,65.2,73.5,69.8,67.1,71.2,67,74.9,74.9,61.8,62.3,69.8,63.9
7/29/2017 22:59,23:00,63,69.4,75.8,86.6,76.7,68.6,67.4,74.1,70.4,70,72.9,67,75.4,75.4,65.3,65.2,70.4,67.4
7/29/2017 23:59,0:00,64.8,72.3,76.3,86.1,78.3,70.9,69.7,73.5,71.5,72.3,75.2,71,77.7,77.7,67,68.1,71.5,71.4
7/30/2017 0:59,1:00,66,72.8,76.3,85,83.1,76.4,70.3,76.9,72,73.5,76.9,71.6,77.7,77.7,69.8,66.9,72,73.2
7/30/2017 1:59,2:00,68.9,74.5,79.2,87.1,82.6,73.7,73.1,80.8,73.7,74,76.9,74.5,78.8,78.8,69.8,68.7,73.7,74.8
7/30/2017 2:59,3:00,67.1,76.8,78.6,87.1,82.6,73.1,73.1,83,72.6,74.6,78.5,75,78.8,78.8,69.8,70.4,72.6,74.3
7/30/2017 3:59,4:00,67.1,75.1,76.9,87.1,83.1,70.3,65.2,56.9,72,73.5,74,73.3,81.5,81.5,68.7,66.9,72,69.7
7/30/2017 4:59,5:00,63.6,70,72.9,72.4,75.1,63.5,59.4,55.5,67.5,66,68.9,44.9,76.6,76.6,62.4,61.2,67.5,62.8
7/30/2017 5:59,6:00,56.5,63.6,63.6,60.9,65.1,55.9,55.8,51.8,61.1,58.9,63.7,48.5,70.3,70.3,54.8,56.5,61.1,57.5
7/30/2017 6:59,7:00,51.1,54.8,57.7,54.9,57,51.1,53.5,48.1,57.7,52.9,61.3,49.2,61,61,49.4,50.6,57.7,52.8
7/30/2017 7:59,8:00,46.8,49.3,50.4,48.7,49.3,49.4,48.8,43.6,53,49.3,56,48,53.8,53.8,46.5,42,53,49.2
7/30/2017 8:59,9:00,43.7,46.9,46.2,48.1,44.5,42.6,44.5,43.2,49.3,44.4,48.5,41.6,50.8,50.8,42.2,39.6,49.3,43.7
7/30/2017 9:59,10:00,38.8,44.4,39.3,43.7,43.4,40.1,40.1,40.7,44.5,38.6,45.4,39.8,43.4,43.4,37.2,35.8,44.5,41.2
7/30/2017 10:59,11:00,32.6,43.9,41.3,45.1,39.7,38.4,38.4,36.9,42.1,38.6,44.2,37.8,42.2,42.2,34.7,33.3,42.1,40.7
7/30/2017 11:59,12:00,30.7,40.7,37.5,42,38.5,33.9,38.4,36.9,35.4,34.8,39.6,37.8,38.4,38.4,31,32.2,35.4,38.8
7/30/2017 12:59,13:00,28.3,43.3,32.3,39.5,39.1,31.3,33.3,36.9,36.5,33,39.6,35.3,38.4,38.4,27.1,30.8,36.5,34.3
7/30/2017 13:59,14:00,26.4,38.2,32.3,36.2,37.9,33.3,33.3,34.9,37.1,21.5,39.1,33.3,37.1,37.1,24.8,27.1,37.1,35.6
7/30/2017 14:59,15:00,28.3,41.3,35.5,38.3,41.6,34.6,36.5,36.8,39,29.8,39.7,37.3,37.1,37.1,32.9,32,39,35.6
7/30/2017 15:59,16:00,31.5,44.4,42.5,44.5,44.7,32,39.5,40.7,40.2,23,41.6,37.9,39.6,39.6,34.8,35.2,40.2,35.6
7/30/2017 16:59,17:00,37,48.8,54.8,55.6,53.7,41.4,47.6,48.8,45.8,40.6,49.2,49.3,50.4,50.4,38.5,40.8,45.8,42.4
7/30/2017 17:59,18:00,40.8,53.6,66.1,66.2,64.7,56,59.6,62.1,52.5,51.8,75.9,62.5,60,60,41,47.6,52.5,48.6
7/30/2017 18:59,19:00,45.8,60.2,72.5,73.6,71.9,64.8,65.3,70.8,56.7,59.8,80.3,70.6,67.6,67.6,46.6,53,56.7,49.2
7/30/2017 19:59,20:00,56.8,64.9,76.4,79.2,75.2,69.3,69.3,77.6,59.1,65.7,86.3,75.7,72.2,72.2,58.1,57.8,59.1,64.8
7/30/2017 20:59,21:00,59.7,68.9,76.4,79.6,78.4,75,71,84.7,65.4,71.3,87.9,82.3,71.6,71.6,63.3,61.9,65.4,75.1
7/30/2017 21:59,22:00,69.8,70.7,80.9,83.4,81.6,77.1,73.8,84.1,66.5,73.1,88.4,83.4,75,75,62.6,65.4,66.5,72.2
7/30/2017 22:59,23:00,73.8,73.5,83.7,85.6,83.2,79.8,77.6,88.4,68.8,74.8,92.1,86.1,81.1,81.1,67.8,66.5,68.8,75
7/30/2017 23:59,0:00,74.9,77.4,86.9,87.7,85.8,81.4,81.9,89.4,75,80.9,95.7,89.3,83.2,83.2,70,71.1,75,78.9
7/31/2017 0:59,1:00,74.9,79.6,90.2,88.7,86.8,84.1,85.1,91.5,78.3,84.7,96.2,90.8,86.5,86.5,73.4,73.9,78.3,82.8
7/31/2017 1:59,2:00,74.3,80.7,90.2,88.7,89.3,84.6,87.8,93.6,79.4,83.1,97.2,90.3,88,88,75,72.2,79.4,81.7
7/31/2017 2:59,3:00,69.6,80.2,90.7,91.3,88.8,85.2,86.2,94.1,79.9,81.9,97.2,89.2,88,88,73.9,75.5,79.9,79.4
7/31/2017 3:59,4:00,70.8,78.5,84.2,90.3,86.8,77.1,74.9,65.3,77.2,77,87.9,88.7,84.3,84.3,68.2,72.2,77.2,72.7
7/31/2017 4:59,5:00,64.3,70.7,73.6,75.9,77.3,64.3,63.6,66.4,69.9,67.3,71.4,39.4,78.9,78.9,60.8,63.7,69.9,61.1
7/31/2017 5:59,6:00,56.7,60.9,64.4,65.4,66.4,52.6,54.3,53.3,60.8,55,60.3,43.8,71.1,71.1,51.4,54.9,60.8,52.9
7/31/2017 6:59,7:00,48.3,55.1,56.8,52.8,57.9,48.4,49.6,50.3,53.8,50.2,57.4,42.7,63.1,63.1,47.3,49,53.8,47.6
7/31/2017 7:59,8:00,46,50.3,54.5,52.2,50.9,46.7,45.5,46.6,52.1,47.8,54.5,45.8,59.6,59.6,44.3,44.2,52.1,45.9
7/31/2017 8:59,9:00,42.9,47.3,49.1,49.2,49.8,44.2,44.2,44.8,48.5,42.9,53.3,44.5,53.1,53.1,42.6,41.2,48.5,44.8
7/31/2017 9:59,10:00,45.5,49.2,44.8,52.9,46.8,43,44.2,44.8,48,42.3,49,44,49.5,49.5,43.2,38.8,48,46.1
7/31/2017 10:59,11:00,47.7,48.6,46.6,48,46.3,41.3,41.2,45.5,43.8,39.8,47.2,42.8,45.1,45.1,40.4,35.7,43.8,49.2
7/31/2017 11:59,12:00,44,48,43.7,48,45.6,40.6,41.2,43.7,40.8,38.6,48.4,42.1,43.3,43.3,36.9,38.2,40.8,48.5
7/31/2017 12:59,13:00,40.3,44.9,39.8,41.9,48.1,41.9,45,44.3,45.8,37.9,46.6,39.7,42,42,38.6,37.1,45.8,47.9
7/31/2017 13:59,14:00,37.2,48.6,40.5,39.8,51.7,44.4,42.5,46.3,48.1,35.2,49,37.1,40.7,40.7,31.4,39.7,48.1,48.7
7/31/2017 14:59,15:00,38.4,46.7,41.7,43.2,46.9,43.1,43.2,40.5,47.6,38.7,49,40.2,40.7,40.7,42.2,37,47.6,51.4
7/31/2017 15:59,16:00,41.5,47.3,45.3,46.7,43.1,43.1,41.1,42.3,43.8,26.6,48.4,40.8,42.6,42.6,45.3,37.4,43.8,51
7/31/2017 16:59,17:00,47.5,53.9,56.9,58.2,57.5,57.1,53.4,59,50.5,46.1,58.7,57.5,55.6,55.6,47.6,50.5,50.5,53.8
7/31/2017 17:59,18:00,51.7,61.2,66.4,69.3,66.6,62.2,62.8,69.4,56.5,54,71,67.5,57.3,57.3,54.9,55.2,56.5,65.1
7/31/2017 18:59,19:00,58.9,64.6,72.1,70.4,68.4,68,63.4,74,57.6,58.8,79.4,72,66.7,66.7,57.8,58.8,57.6,62.7
7/31/2017 19:59,20:00,58.9,67.5,75.5,74.3,75.4,69.1,65.1,77.3,59.4,63.5,85.4,76.5,73.6,73.6,58.9,61.7,59.4,64.4
7/31/2017 20:59,21:00,61.8,70.4,79.4,77.1,78.1,72.4,69,79.4,62.2,63.5,85.4,78.7,73.6,73.6,60.6,64,62.2,65.5
7/31/2017 21:59,22:00,64.1,71.5,80,79.8,83.4,73.5,74.6,77.7,64.5,71.1,90.1,79.2,75.8,75.8,62.3,64,64.5,67.9
7/31/2017 22:59,23:00,64.7,74.9,83.8,84.7,84.4,76.8,75.6,84.3,66.2,72.8,91.6,82.5,78,78,64.1,66.8,66.2,69.6
7/31/2017 23:59,0:00,66.4,77.1,84.9,85.2,86.4,79.5,77.8,85.8,69.7,74.4,94.2,85.2,77.4,77.4,64.1,67.9,69.7,70.1
8/1/2017 0:59,1:00,68.7,77.1,83.2,87.3,86.9,82.1,80,88,70.8,76.1,95.2,85.2,80.7,80.7,66.3,69.6,70.8,71.8
8/1/2017 1:59,2:00,69.9,80.3,86,90.4,88.5,82.6,83.2,91.1,74.6,78.8,96.7,87.2,83.9,83.9,69.7,75.2,74.6,72.9
8/1/2017 2:59,3:00,72.2,80.3,85.4,91.4,88.5,84.8,83.2,92.6,75.7,78.2,92.7,90.4,87.1,87.1,71.9,75.2,75.7,75.7
8/1/2017 3:59,4:00,69.8,77,82.1,89.9,85.9,81.6,71.8,65.6,71.8,75.5,79.9,88.3,86,86,66.2,75.2,71.8,67.7
8/1/2017 4:59,5:00,67,72,74.3,77.2,77.5,62.2,62.2,64.3,67.3,65.2,71,39.5,78.5,78.5,62.2,67.3,67.3,63.2
8/1/2017 5:59,6:00,58.2,63.5,67,60.2,66.6,54.1,59.3,53.6,61.7,57.6,63.5,46,72.4,72.4,56.5,56.4,61.7,56.8
8/1/2017 6:59,7:00,52.8,57.1,58.8,55.5,58.1,50.5,56.5,52.4,56.4,54.1,61.2,47.9,64.4,64.4,51.2,51.7,56.4,53.3
8/1/2017 7:59,8:00,49.8,51.1,54.6,50.5,54.7,48.1,50.5,48.7,52.3,47.4,55.8,47.3,58.5,58.5,44.5,46.2,52.3,48.5
8/1/2017 8:59,9:00,46.2,48.1,50.5,48.8,49.4,45.1,48.7,42.5,48.1,42.4,52.2,42.9,53.9,53.9,44.5,40.7,48.1,41.7
8/1/2017 9:59,10:00,41.3,48.1,45,47.5,44.5,41.4,46.4,40.8,46.3,41.2,48.6,41.7,47.1,47.1,44.1,41.3,46.3,44.4
8/1/2017 10:59,11:00,50.1,49.3,43.8,46.9,46.4,39.7,47.6,45.6,46.3,41.9,53.5,39.8,40.8,40.8,41.8,43.2,46.3,43.6
8/1/2017 11:59,12:00,43,49.8,48,43.7,44,42,43.2,49.4,44.5,39.4,49.8,41.8,40.8,40.8,37,42.5,44.5,46.2
8/1/2017 12:59,13:00,54.3,56.5,51.2,67.4,49.9,51.9,50,53.6,51.9,47.5,51.1,54.8,40.8,40.8,52.8,51.8,51.9,51
8/1/2017 13:59,14:00,91.3,71.6,91.4,80.6,96,94.5,98.1,76.2,96.3,96.9,84.4,80.9,86.2,86.2,83.4,75.9,96.3,83.6
8/1/2017 14:59,15:00,79.2,81.1,94.1,86.4,97.5,94.5,97.7,75.2,87.2,96.9,86,85.9,89.4,89.4,77.1,74.9,87.2,71.4
8/1/2017 15:59,16:00,71.2,76.7,95.2,84.9,96.6,94.5,98.2,70,84.6,96,89.3,87.6,90,90,72.7,68.1,84.6,68.6
8/1/2017 16:59,17:00,70.6,72.1,95.7,85.4,94,93.2,98.6,70,76.4,96.5,81.2,89.6,80.8,80.8,70.9,65.8,76.4,70.2
8/1/2017 17:59,18:00,67.7,76.6,95.7,88.5,98.9,93.6,98.6,79,84,94.4,91.2,88.5,84.6,84.6,68.6,70.3,84,67.3
8/1/2017 18:59,19:00,74.7,74.4,96.1,88.5,97,95.6,99.6,80.6,90.8,95.9,89.2,88.5,78.6,78.6,75.4,71.4,90.8,76.5
8/1/2017 19:59,20:00,76.9,77.2,96.7,89.5,97.9,97.1,99.6,85.4,78.1,95.4,91.7,90.5,82.4,82.4,78.6,72.6,78.1,80.4
8/1/2017 20:59,21:00,81.4,79.4,97.2,90,97.9,98.6,99.6,87.6,80.3,99,93.3,91,85.6,85.6,81.3,75.3,80.3,83.1
8/1/2017 21:59,22:00,80.3,78.3,97.2,91.1,97.9,97.6,99.6,90.2,84.5,99.4,94.8,93.1,87.8,87.8,81.9,75.9,84.5,85.3
8/1/2017 22:59,23:00,81.4,82.1,97.2,91.5,98.9,96.6,100,91.2,85.1,98.4,96.3,93.1,89.3,89.3,82.4,79.2,85.1,82.5
8/1/2017 23:59,0:00,82,81,96.1,91,98.4,97.6,100,91.2,86.7,99.4,96.8,93.1,89.8,89.8,83.4,77,86.7,84.7
8/2/2017 0:59,1:00,87.6,82.7,97.6,90.5,97,97.6,99.6,92.2,88.2,99.4,96.3,93.1,89.8,89.8,82.9,79.7,88.2,85.2
8/2/2017 1:59,2:00,85.3,83.2,98.2,91.5,98.4,98.1,100,92.7,88.7,99.9,95.8,94.1,90.9,90.9,82.4,77.5,88.7,85.8
8/2/2017 2:59,3:00,88.1,85.3,97.1,93,97.9,98.1,100,94.8,89.8,98.9,96.8,94.1,91.9,91.9,83.4,80.2,89.8,86.8
8/2/2017 3:59,4:00,84.8,83.2,97.1,91,98.9,97.1,99.6,80.3,87.7,96.4,93.8,93.1,89.3,89.3,82.4,79.2,87.7,84.2
8/2/2017 4:59,5:00,83.7,81.6,93,75,98,88.1,99.6,74.3,82,94.4,82.9,67.4,85.7,85.7,80.8,74.3,82,81
8/2/2017 5:59,6:00,72.4,72.2,82.4,67.9,93.7,75.5,99.2,66.8,69.2,88.2,75.8,58.6,78.2,78.2,71,67.6,69.2,66.4
8/2/2017 6:59,7:00,65.5,66.1,78.1,66.3,80.6,60.8,99.2,56.7,67,80.8,67.8,54.9,68.7,68.7,65.5,57.1,67,63.6
8/2/2017 7:59,8:00,57.8,55.4,63.7,57.3,60.6,58.5,98.8,50.7,65.4,73.5,62.1,50.6,61.7,61.7,57.9,51.8,65.4,58.9
8/2/2017 8:59,9:00,55,55.4,53.6,53.8,51.8,53.8,63.6,53.2,58.5,62.6,52.4,54.5,54.5,54.5,50.3,46.5,58.5,53
8/2/2017 9:59,10:00,54,55.4,47.5,50.8,52.5,46.5,56.8,50.1,55.6,48.9,59.6,42.5,47.3,47.3,48.7,49.5,55.6,53
8/2/2017 10:59,11:00,48.5,45.2,54.3,50.2,52.5,46.1,53.8,40.1,53.8,44,52.3,46.4,49.7,49.7,44.4,38.4,53.8,51.8
8/2/2017 11:59,12:00,44.6,49.4,42.5,50.2,43.9,41,48.9,44.5,45.2,39.4,68.2,59.3,40.9,40.9,43.6,41.5,45.2,48.5
8/2/2017 12:59,13:00,52.5,53.7,58.4,42,61.2,56.1,60,43.2,60.1,57.3,61.8,61.9,60.4,60.4,51.5,42.9,60.1,58.3
8/2/2017 13:59,14:00,61.8,62.9,60.5,60.5,64.4,62.2,62.7,61.2,64,59.4,72.6,65.1,66.1,66.1,68.1,55.2,64,66.8
8/2/2017 14:59,15:00,83,63.5,62.3,55.4,65.5,80.6,67.9,90.2,79.7,68.2,78.3,78.2,60.4,60.4,82.2,66.4,79.7,91.5
8/2/2017 15:59,16:00,80.8,71,69.3,68.2,70.6,76.3,73.5,89.1,76.4,67.6,78.3,76.6,69.1,69.1,78.6,69.8,76.4,87.9
8/2/2017 16:59,17:00,84.1,73.2,71.6,69.9,72.8,80.1,74.1,90.7,85.5,72.2,78.9,79.3,71.9,71.9,85.9,79.2,85.5,91
8/2/2017 17:59,18:00,92.3,77.7,78.4,78.3,77.6,83.3,78.4,93.3,85.5,77.2,83.8,85.7,76.9,76.9,91.1,80.3,85.5,94.2
8/2/2017 18:59,19:00,91.8,79.9,79.4,79.4,80.2,81.1,80,91.2,85.5,80.5,87.5,87.3,78.5,78.5,89.6,79.2,85.5,95.7
8/2/2017 19:59,20:00,92.3,80.4,83.8,82.6,82.3,84.3,84.3,94.3,82.9,81.6,92.2,90.5,82.9,82.9,87.5,79.2,82.9,95.7
8/2/2017 20:59,21:00,90.7,79.3,83.3,84.2,83.9,85.9,81.6,95.3,81.2,81.6,89.1,91,83.4,83.4,85.9,77.5,81.2,94.7
8/2/2017 21:59,22:00,90.2,81.5,85.5,85.2,85.4,89,84.8,96.3,82.3,82.1,88,87.9,81.3,81.3,88.6,78.6,82.3,95.2
8/2/2017 22:59,23:00,90.7,81.5,87.1,86.8,85.9,88.5,83.7,96.3,82.3,82.7,90.1,90.5,85,85,91.1,80.2,82.3,95.7
8/2/2017 23:59,0:00,86.9,82,88.2,86.8,87.5,85.9,86.4,96.3,83.9,85.4,92.2,91,89.8,89.8,84.9,79.1,83.9,94.7
8/3/2017 0:59,1:00,88,82.6,88.7,88.4,88.5,87.9,86.4,94.2,83.9,84.3,93.2,91.5,88.7,88.7,88,79.7,83.9,95.7
8/3/2017 1:59,2:00,89.1,83.1,90.8,89.9,88.5,90.5,87.4,96.7,86.5,88.5,95.7,92.5,89.8,89.8,89.5,81.8,86.5,95.7
8/3/2017 2:59,3:00,91.2,83.6,92.4,88.9,90,88.4,88.9,95.2,88.1,88,94.2,94,90.3,90.3,90,83.4,88.1,96.2
8/3/2017 3:59,4:00,91.8,85.3,90.8,88.9,89.5,90,86.4,94.2,88.1,88.6,93.7,93,92.3,92.3,90,83.4,88.1,94.7
8/3/2017 4:59,5:00,90.2,84.8,87.7,84.8,87.5,82.3,83.3,84.4,87.1,85.4,87.6,59.7,90.8,90.8,87,79.2,87.1,90
8/3/2017 5:59,6:00,87.5,78.3,80.6,71.2,79.3,74.8,79.6,69.6,81.3,78.4,84.9,70.5,83.5,83.5,81.8,72.1,81.3,85.8
8/3/2017 6:59,7:00,79.8,72.9,77.9,70.6,76.2,70.4,78,73,79.7,72.9,81.7,68.9,79.8,79.8,74.3,68.7,79.7,81.6
8/3/2017 7:59,8:00,73,70.7,73.4,68.4,72.9,69.3,74.8,70.2,75.4,70.2,75.7,69.4,77.1,77.1,71,65.4,75.4,78.3
8/3/2017 8:59,9:00,68,65.6,67.4,65,68.6,66,67.6,66.3,68.8,61.6,71.9,66,68.8,68.8,63.2,59,68.8,73.3
8/3/2017 9:59,10:00,64.6,64.5,65.6,64.6,65.8,62.6,65.4,62.3,65,60.5,67.3,60.4,67.1,67.1,62.8,58,65,70
8/3/2017 10:59,11:00,56.3,59.1,59.8,62.2,65.3,54.5,63.1,56.3,59.7,58.1,65,57.3,61.3,61.3,55.2,47.2,59.7,64.2
8/3/2017 11:59,12:00,53.5,58.5,60.3,57.3,54.8,53.3,57.9,56.3,52.7,51.4,60.9,58,59.6,59.6,45.2,46.6,52.7,61.4
8/3/2017 12:59,13:00,49.8,60.4,53.1,52.1,55.6,54.5,57.9,59.9,53.9,56.2,62.6,52.5,54,54,45.8,48.5,53.9,57.9
8/3/2017 13:59,14:00,60,65,63.8,60.9,62.4,57.9,62,63.1,61.5,45.4,63.3,60.9,64.2,64.2,53.5,56.1,61.5,64.8
8/3/2017 14:59,15:00,75.2,83.2,98.6,90.4,94,83.3,86.4,92.8,88.2,84.9,88.5,85.8,95.9,95.9,68.8,95,88.2,70.3
8/3/2017 15:59,16:00,75.8,85.3,99.7,90,94,83.3,82.7,92.8,82.3,81.6,89.6,83.7,94.4,94.4,71.5,91.4,82.3,75.4
8/3/2017 16:59,17:00,79.2,89.6,100,92.1,90.1,88,87.5,95.3,84.5,83.8,91.7,87.4,95.9,95.9,74.3,96,84.5,81.5
8/3/2017 17:59,18:00,87.6,95.3,100,93.6,96,94.2,98.1,97.3,97.9,98.9,97.8,94.7,98,98,81.9,97.5,97.9,86.9
8/3/2017 18:59,19:00,87,96.3,100,92,97,94.2,98.6,99.3,98.9,98.9,97.3,93.1,98.5,98.5,85.5,97.1,98.9,89.5
8/3/2017 19:59,20:00,87.6,96.3,100,91,97.9,95.2,99.1,98.8,98.9,99.5,98.8,95.2,99,99,84.5,97.6,98.9,90.6
8/3/2017 20:59,21:00,88.1,96.8,100,92.1,97.5,94.6,99.6,99.3,97.9,98.9,98.8,94.6,99,99,85,100,97.9,91.1
8/3/2017 21:59,22:00,89.2,97.4,100,92.1,97.9,95.1,99.1,99.3,97.9,99.4,99.3,95.6,99,99,86.1,99.1,97.9,91.1
8/3/2017 22:59,23:00,91.9,97.9,100,92.5,97.5,95.1,100,98.8,97.9,99.9,99.3,95.1,100,100,87.1,98.1,97.9,91.7
8/3/2017 23:59,0:00,85.9,97.4,100,94.6,97.9,96.1,99.1,100,98.9,100,99.8,96.6,100,100,82.4,96.5,98.9,85.8
8/4/2017 0:59,1:00,85.9,96.3,100,93.6,98.4,95.6,99.1,99.8,96.4,100,100,96.1,99,99,81.8,98.6,96.4,84.7
8/4/2017 1:59,2:00,87,95.3,100,93.1,96,96.6,100,99.8,94.4,99.9,100,94.1,99.5,99.5,82.9,96,94.4,85.8
8/4/2017 2:59,3:00,85.8,96.3,100,94.6,97.4,95.1,99.6,100,93.9,100,100,95.6,98.9,98.9,83.4,96.5,93.9,88.4
8/4/2017 3:59,4:00,86.9,96.3,100,93.1,95.5,93.1,100,100,90.3,100,99.8,95.6,98.9,98.9,82.4,97,90.3,84.2
8/4/2017 4:59,5:00,84.2,93.2,100,87.5,89.1,82.9,99.1,86.7,85.6,97.4,91.8,54.6,96.5,96.5,79.7,92.4,85.6,78.8
8/4/2017 5:59,6:00,80.3,87,100,76.4,84,73.8,100,68.7,82,93.9,86.6,64.3,92.5,92.5,74.3,88.3,82,78.3
8/4/2017 6:59,7:00,77.6,81.8,97.3,72.5,75.7,64.9,87.1,76.5,77.7,89.3,78,58.4,86.3,86.3,70,83.6,77.7,73.4
8/4/2017 7:59,8:00,70.9,74.2,89,70.3,72,64.3,72.1,69.2,70.5,83.5,69.6,61.5,80.4,80.4,65,72.2,70.5,66.5
8/4/2017 8:59,9:00,67.6,74.2,73.2,67.5,67.6,62,65.4,63,68.9,82,68,62.8,74.5,74.5,60.5,60.4,68.9,64.9
8/4/2017 9:59,10:00,58.8,72.6,65.2,62.8,63.1,57.4,58,53.4,61.5,72.4,62.1,55.6,65.4,65.4,51.6,53.4,61.5,57.2
8/4/2017 10:59,11:00,52.3,62.2,59.2,62.8,56.8,50.2,55.1,52.9,56.8,54.4,59.2,51.3,61.8,61.8,46.8,46.7,56.8,53.5
8/4/2017 11:59,12:00,48.6,61.6,59.8,60.4,57.9,47.8,56.2,54.7,55.1,52.7,57.9,53.1,57.8,57.8,37.8,51.5,55.1,54.2
8/4/2017 12:59,13:00,42.3,58.5,55,58.1,53.8,50.2,54.5,54.7,52.7,50.2,57.9,49.4,53,53,40.9,46,52.7,52.9
8/4/2017 13:59,14:00,43.1,60.3,53.8,56.9,52.5,50.2,55.5,56.3,52.1,37.3,58.5,49.9,54.1,54.1,35.9,43.6,52.1,53.5
8/4/2017 14:59,15:00,39.8,60.3,58.5,56.9,53,51.9,55.5,56.3,54.3,51.3,59,52.3,55.3,55.3,44.8,52.5,54.3,50.4
8/4/2017 15:59,16:00,50.7,60.3,61.9,56,54.7,54.9,59.5,54.2,56.7,43.3,60.7,54.7,57.5,57.5,52,51.8,56.7,58.2
8/4/2017 16:59,17:00,60.9,66.6,66.6,62.5,63.4,63,64.7,64.3,63.6,62.6,67.8,66.5,65.7,65.7,57.9,61.8,63.6,65.2
8/4/2017 17:59,18:00,65.5,72.3,72.3,70.6,68.5,67.6,70.3,71.8,68.8,68.9,71.2,68.8,70.3,70.3,63.7,68.2,68.8,70.9
8/4/2017 18:59,19:00,69.6,76.2,77.4,75.7,74,70.4,74.2,76.3,72.7,72.9,75.2,72.2,76.6,76.6,68.3,73.3,72.7,73.8
8/4/2017 19:59,20:00,74.3,80.7,80.8,79,77.3,77.1,78.7,80.2,75,78.6,80.8,77.8,80.4,80.4,73.3,76.1,75,79.4
8/4/2017 20:59,21:00,77.2,82.3,83.5,81.2,80.5,80.3,81.4,83,77.7,81.9,84.5,81.7,82.6,82.6,76.7,78.8,77.7,82.2
8/4/2017 21:59,22:00,78.2,82.8,86.8,82.3,82.1,81.4,82.9,83,80.5,84,86.7,87,85.8,85.8,77.2,78.3,80.5,83.3
8/4/2017 22:59,23:00,76,81.7,85.1,85.4,79.9,78.2,81.3,83,78.8,80.7,87.7,86.5,85.2,85.2,74.4,78.3,78.8,78.3
8/4/2017 23:59,0:00,74.2,74.9,79.5,79.4,76.5,73,75.2,77.3,72.5,75.6,84.3,76.6,80.2,80.2,72.7,69.7,72.5,78.3
8/5/2017 0:59,1:00,70,76.6,81.1,82.1,79.2,76.3,75.7,79.5,75.3,76.7,86.5,78.7,86.1,86.1,72,71.4,75.3,75.3
8/5/2017 1:59,2:00,71.2,79.9,84.9,83.1,81.8,76.8,80.1,81.7,79.1,78.9,87,79.3,86.6,86.6,73.7,75.9,79.1,76.4
8/5/2017 2:59,3:00,75.7,83.2,88.7,86.3,82.9,80.6,82.2,83.2,79.1,83.2,87.5,81.4,90.8,90.8,73.1,78.6,79.1,76.9
8/5/2017 3:59,4:00,73.9,82.1,88.2,85.8,81.8,82.2,82.2,81.6,78.6,84.3,88.6,81.4,89.2,89.2,73.6,79.1,78.6,76.9
8/5/2017 4:59,5:00,72.8,80.4,82.8,81.5,79.7,76.8,80.6,76.7,76.3,80.5,82.1,75.9,84.5,84.5,71.9,76.4,76.3,75.8
8/5/2017 5:59,6:00,64.6,67.4,70.3,62.8,68.1,63.2,66.7,58.9,67.2,67.5,72.6,55.5,74.5,74.5,60.4,63.2,67.2,64.2
8/5/2017 6:59,7:00,53.6,54.3,56,54.9,51.7,52.4,56,53.7,54.7,56.7,60.8,46.8,61.7,61.7,48.9,50.6,54.7,51.6
8/5/2017 7:59,8:00,47.4,49.3,51,53.1,49.3,46.2,49.9,49.3,51.7,49.2,52.9,45.4,55,55,44.5,46.2,51.7,48.4
8/5/2017 8:59,9:00,49.3,48.7,50.5,49.4,49.9,48.1,49.9,47.4,50.5,48.1,54.7,46.7,53.9,53.9,43.4,45.1,50.5,47.3
8/5/2017 9:59,10:00,45.6,48.7,46.9,51.9,49.9,46.3,50.6,47.4,48.2,47.5,54.7,47.4,52.1,52.1,42.9,43.9,48.2,46
8/5/2017 10:59,11:00,40.7,49.4,46.2,51.4,49.3,40.8,47.6,40.7,47.6,46.2,51.1,45.5,48.5,48.5,41,40.2,47.6,46.6
8/5/2017 11:59,12:00,38.9,46.4,44.4,46.4,43.9,41.4,45.1,43.7,44.5,43.1,50.4,42.9,45.9,45.9,34.9,38.3,44.5,44.3
8/5/2017 12:59,13:00,35.1,41.9,41.9,42.7,43.3,40.2,41.5,41.2,42.7,41.2,46.7,41,44.1,44.1,34.3,38.3,42.7,43.7
8/5/2017 13:59,14:00,35.8,45.7,44.9,47.1,42.7,39.5,41.5,40,41.5,38.8,44.8,37.9,46.5,46.5,28.1,37.7,41.5,40.5
8/5/2017 14:59,15:00,35.2,45.1,40.5,42.1,42,37.7,43.9,40.7,42,38.8,43.5,39.7,42.8,42.8,36,38.3,42,40.5
8/5/2017 15:59,16:00,36.3,43.8,45.5,47.6,44.5,36.4,46.3,43.1,41.4,34.3,46,41,45.2,45.2,36.6,40.1,41.4,40.5
8/5/2017 16:59,17:00,42.6,48.7,49.8,53.7,48.1,45.7,49.3,48.7,46.3,46.2,53.5,46.6,50.2,50.2,42.8,46.9,46.3,45.4
8/5/2017 17:59,18:00,46.3,53,60.1,62.1,51.7,48.7,54.1,55.4,50,50.5,55.3,52.8,57,57,46.5,48.1,50,49.1
8/5/2017 18:59,19:00,50.5,57.2,66.1,67.2,55.9,51.7,58.3,62,52.3,54.1,71.3,62.4,59.9,59.9,49.5,52.3,52.3,54.5
8/5/2017 19:59,20:00,52.3,60.1,71.8,71.2,59.9,58.9,62.9,63.2,55.3,57.2,75.8,67.7,62.8,62.8,51.9,55.3,55.3,56.3
8/5/2017 20:59,21:00,56,64.2,74.7,72.4,67.3,60.6,66.4,68.4,57.7,61.3,70.7,71.7,64.6,64.6,53.1,59.5,57.7,58.1
8/5/2017 21:59,22:00,57.8,65.4,68.3,72.9,62.8,61.8,66.4,67.3,60.7,61.9,74.7,73.4,65.8,65.8,54.8,62.4,60.7,58.7
8/5/2017 22:59,23:00,57.8,66,69.5,75.7,63.4,61.2,65.8,68.4,60.7,63.7,72.4,67.1,67.5,67.5,56.6,62.4,60.7,59.3
8/5/2017 23:59,0:00,61.9,68.3,73,78,66.2,64.7,68.7,71.3,63,66.1,75.8,67.7,68.7,68.7,59,65.3,63,62.2
8/6/2017 0:59,1:00,64.3,70.6,78.6,80.7,69.6,69.2,72.1,78.6,65.9,67.2,81.4,72.8,73.2,73.2,61.9,68.2,65.9,66.3
8/6/2017 1:59,2:00,66.1,72.3,81.4,83.9,75.6,73.2,74.8,82.4,67.6,73,86.2,75.1,76.6,76.6,63,70.5,67.6,67.5
8/6/2017 2:59,3:00,66.7,73.5,85.3,86.1,80.5,77,77.6,85.7,68.7,73,87.3,76.8,79.9,79.9,64.8,71,68.7,68.1
8/6/2017 3:59,4:00,66.7,73.5,79.8,83.4,80,74.3,75.9,80.9,71.6,74.7,81.4,76.2,82.1,82.1,65.4,71.6,71.6,66.4
8/6/2017 4:59,5:00,64.9,70.7,76.4,73.1,74.6,65.3,67.6,63.9,69.4,67.8,73.6,47.6,79.4,79.4,61.4,67.1,69.4,64.7
8/6/2017 5:59,6:00,57.3,66.1,68.5,66.2,65.7,59.5,63,61.5,60.1,62.1,67.3,54.7,73.9,73.9,56.1,59.6,60.1,61.2
8/6/2017 6:59,7:00,54.2,63.1,68.5,69.2,66.3,57.8,64.8,60.3,60.7,56.7,64.9,57.7,71.1,71.1,54.9,56,60.7,58.8
8/6/2017 7:59,8:00,50,59,56.6,58.5,60.6,50,57.7,53.7,55.4,50.5,58.4,54.8,61.8,61.8,46.5,50.6,55.4,54
8/6/2017 8:59,9:00,46.9,52.5,51.8,56.3,49.9,45.8,51.8,48.2,49.4,48.1,53.6,44.3,51.5,51.5,44.7,45.1,49.4,48.7
8/6/2017 9:59,10:00,39.1,50.1,48.1,46.9,45.1,42,48.2,39.4,44.6,39.3,46.7,44.3,50.9,50.9,40,39.6,44.6,48.2
8/6/2017 10:59,11:00,35.3,50.8,45.7,50.2,46.4,41,45.8,41.5,42.8,40,46.7,43.2,47.3,47.3,34.9,37.8,42.8,42.5
8/6/2017 11:59,12:00,45.4,52.6,48.2,52.1,49.5,49,47,45.2,46.5,43.9,48.1,51.3,47.8,47.8,41.9,46,46.5,51.1
8/6/2017 12:59,13:00,43.5,52,53.2,44.7,55.6,48.4,53.7,49.6,48.4,48.3,57.4,51.9,54.8,54.8,41.9,41.1,48.4,54.3
8/6/2017 13:59,14:00,32.3,55.6,50.2,49.1,52.6,45.4,52.6,50.2,48.4,37.2,53,48.8,51.8,51.8,33.3,40.4,48.4,47.5
8/6/2017 14:59,15:00,40.4,50.7,53.7,48.3,49.4,45.8,49.4,50.7,45.2,46.3,56.7,50.5,55.3,55.3,38,44,45.2,45.5
8/6/2017 15:59,16:00,45.3,56.1,54.8,55,52.4,48.2,50.6,53.8,49.5,49.3,56,53.5,54.6,54.6,43.6,49.5,49.5,50.4
8/6/2017 16:59,17:00,47.7,57.9,58.4,59.9,55.4,54.3,54.2,59.8,52.5,52.4,60.8,55.3,55.8,55.8,47.9,53.7,52.5,54.1
8/6/2017 17:59,18:00,55,59.7,61.4,62.2,58.9,55.5,54.8,63.4,56.7,56,63.2,58.9,60.6,60.6,54,55,56.7,60.7
8/6/2017 18:59,19:00,61.1,60.9,65,61.6,61.8,59.6,59.6,65.2,59.1,60.3,68.4,64.9,64.1,64.1,58.1,58.5,59.1,62.4
8/6/2017 19:59,20:00,62.8,65.6,67.9,67.4,65.9,63.1,64.8,68.7,63.2,63.9,70.8,66.7,68.3,68.3,62.2,62.7,63.2,67.7
8/6/2017 20:59,21:00,68.2,68.6,70.2,68,67,65.4,66.6,73.3,65.5,67.4,71.9,69.5,72.8,72.8,64.4,66.2,65.5,70.6
8/6/2017 21:59,22:00,68.2,69.7,73.1,72.6,72.6,68.9,71.7,77.7,67.8,68.6,74.8,72.4,74,74,66.8,66.2,67.8,72.9
8/6/2017 22:59,23:00,69.3,71.9,76.6,77.6,74.8,72.3,75.1,78.3,69.5,71.4,80.4,73.6,78.4,78.4,67.3,67.3,69.5,73.4
8/6/2017 23:59,0:00,68.7,75.9,84.9,80.3,77.5,83.2,79.4,79.9,74.1,79.4,85.3,81.9,86,86,68.5,71.8,74.1,72.9
8/7/2017 0:59,1:00,86.8,88.4,94.5,87.8,90.4,91,92.5,92.6,87.5,92.7,92.2,88.8,95.4,95.4,82.7,87.1,87.5,88.8
8/7/2017 1:59,2:00,83.5,86.8,95.5,87.8,89.4,93,91.5,93.1,83.8,93.7,98.3,93,97.4,97.4,82.2,84.4,83.8,89.4
8/7/2017 2:59,3:00,90.1,91.5,97.6,88.8,94.9,95.5,97.1,96.7,94.8,97.3,97.8,95,97.9,97.9,91.6,94.3,94.8,93.6
8/7/2017 3:59,4:00,96.6,95.7,98.6,93.4,96.4,97.5,98,98.2,97.3,99.3,97.8,96.6,96.9,96.9,92.1,97.9,97.3,95.7
8/7/2017 4:59,5:00,94.4,96.8,99.7,95.5,96.9,97,99.5,98.7,97.8,98.3,98.3,95.6,98.9,98.9,93.1,97.4,97.8,95.2
8/7/2017 5:59,6:00,92.3,97.8,99.1,92.5,95.4,96,99,99.2,96.3,98.3,95.7,93,97.4,97.4,91.6,96.9,96.3,94.7
8/7/2017 6:59,7:00,94.4,97.2,97.6,92.5,96.4,96.5,99,98.7,96.3,98.3,95.2,94,97.4,97.4,93.1,96.9,96.3,94.7
8/7/2017 7:59,8:00,95,97.2,98.6,93.5,96.9,97.5,99.5,99.7,98.3,99.3,97.2,96.6,97.9,97.9,93.6,98.4,98.3,95.7
8/7/2017 8:59,9:00,95.5,98.3,98.6,94.5,96.9,98,99.5,100,98.8,99.8,98.3,97.6,99.4,99.4,94.6,98.4,98.8,96.2
8/7/2017 9:59,10:00,96.1,98.8,98.6,95.5,96.9,98.5,99,99.7,99.3,99.3,97.8,99.6,98.4,98.4,95.6,98,99.3,96.7
8/7/2017 10:59,11:00,95,97.8,96.6,94.5,94.5,97.1,99.6,99.7,98.9,97.9,94.3,96.1,97.4,97.4,94.2,97,98.9,94.7
8/7/2017 11:59,12:00,96.1,97.8,97.6,93.1,95.5,97.6,98.6,98.3,98.4,99.4,95.8,97.1,97,97,95.7,98.5,98.4,95.2
8/7/2017 12:59,13:00,95.1,97.3,97.2,93.1,96,96.1,100,98.8,97.9,99.4,95.3,96.1,95.9,95.9,93.7,98.5,97.9,93.2
8/7/2017 13:59,14:00,94,98.3,97.7,94.1,96,95.6,99.6,98.3,97.4,99.4,93.8,97.2,97.5,97.5,91.6,97.5,97.4,91.6
8/7/2017 14:59,15:00,93.4,97.8,97.2,93.1,95.6,96.6,100,98.3,97.9,98.9,95.8,96.6,97.5,97.5,91.6,98.5,97.9,91.6
8/7/2017 15:59,16:00,95.6,99.8,98.6,92.5,97.4,97.6,99.5,98.8,99.9,100,96.8,97.1,97.5,97.5,96.2,98.5,99.9,95.2
8/7/2017 16:59,17:00,95,98.3,97.6,93.5,96.4,97.1,100,99.3,97.4,98.9,95.3,97.1,97.9,97.9,94.2,98.5,97.4,94.2
8/7/2017 17:59,18:00,95,99.3,98.6,96,96.9,98.5,99.5,99.8,97.9,99.9,98.8,98.6,98.9,98.9,94.2,99.5,97.9,94.7
8/7/2017 18:59,19:00,93.9,99.3,100,96,98.4,99,99.5,100,97.9,100,98.3,99.1,99.4,99.4,94.6,99,97.9,96.2
8/7/2017 19:59,20:00,92.9,99.3,100,97,97.9,99.5,100,100,97.9,99.9,97.8,99.1,98.9,98.9,94.6,99,97.9,94.7
8/7/2017 20:59,21:00,93.4,99.3,100,96,97.9,98.5,100,99.7,97.9,100,97.8,99.1,98.9,98.9,93.6,99.5,97.9,95.2
8/7/2017 21:59,22:00,92.3,98.8,100,96.5,98.4,99,99.5,100,97.9,100,99.3,100,99.4,99.4,95.6,100,97.9,95.2
8/7/2017 22:59,23:00,91.8,99.3,100,96.5,97.9,98.5,100,100,96.8,100,98.3,99.6,98.4,98.4,93.6,99.4,96.8,95.7
8/7/2017 23:59,0:00,91.2,98.3,99.1,95,96.9,98,100,100,96.8,100,97.3,98.1,100,100,92.6,98.4,96.8,93.1
8/8/2017 0:59,1:00,91.2,99.3,98.6,96,98.3,98.5,100,100,95.8,99.8,97.3,98.6,100,100,90.5,97.9,95.8,92.6
8/8/2017 1:59,2:00,91.2,100,98.1,95.5,96.9,98.5,100,100,95.3,100,95.7,98.6,97.9,97.9,92.1,98.4,95.3,93.6
8/8/2017 2:59,3:00,89,98.2,98.1,96.5,95.4,97.5,100,100,94.3,100,96.8,99.1,97.9,97.9,91.5,97.9,94.3,92.5
8/8/2017 3:59,4:00,87.9,96.2,98.1,94.5,95.4,97,100,100,92.7,98.8,95.2,95.5,97.4,97.4,90,96.4,92.7,92
8/8/2017 4:59,5:00,84,92.6,94.4,91.4,92.4,92,100,97.2,89.6,95.8,92.1,92.4,94.3,94.3,85.8,91.8,89.6,87.8
8/8/2017 5:59,6:00,81.2,92.1,93.4,86.7,88.9,88.9,100,90,85.9,93.2,88.5,89.8,91.8,91.8,81.1,87.6,85.9,83.4
8/8/2017 6:59,7:00,75,88.4,86.5,81.4,85.4,83.7,100,82.6,82.2,89,84.7,85.1,85.5,85.5,75.6,84.9,82.2,77.4
8/8/2017 7:59,8:00,70.4,85.2,80.5,77.1,81.2,75.6,77.2,76.1,77.9,84.2,80.4,77,81.2,81.2,70.1,77.3,77.9,73.4
8/8/2017 8:59,9:00,62.8,81.4,73.8,71.5,78.1,70.1,71.7,71,73.5,78.8,74.3,72,75.1,75.1,63.9,72.4,73.5,70.2
8/8/2017 9:59,10:00,58.1,75.9,69.8,66.9,73.1,65,68.3,67.5,70.7,74.9,70.3,66.2,70.7,70.7,59.8,61.6,70.7,66.1
8/8/2017 10:59,11:00,53.9,73.7,64.6,62.2,67.7,59.8,64.3,57,62.1,60.5,67.5,60.9,64.3,64.3,53.9,55.1,62.1,57.9
8/8/2017 11:59,12:00,52.7,71.4,58.1,58.1,63.7,55,62.6,57,60.3,58.1,62.8,60.3,60.2,60.2,53.3,52.7,60.3,57.9
8/8/2017 12:59,13:00,46.6,65.1,53.2,53.9,55.5,52.6,56.8,55.6,54.4,54.4,60.4,56.7,55.4,55.4,51.6,46.6,54.4,53.6
8/8/2017 13:59,14:00,41.8,61.6,48.3,53.3,52,46,51.4,53.3,52.7,36.1,57.9,50.7,51.8,51.8,43.7,38.1,52.7,49.4
8/8/2017 14:59,15:00,38,67.4,48.8,50.4,51.4,45.4,53.2,50.8,49.6,45.8,57.3,49.4,51,51,46.7,45.3,49.6,51.2
8/8/2017 15:59,16:00,39.1,63.9,57.9,62.9,53.8,45.4,57.9,55.7,51.4,31.7,56.7,54.9,54.7,54.7,46.7,47.7,51.4,49.4
8/8/2017 16:59,17:00,44.6,61.4,73.1,74.3,69.8,63.8,70.6,69.8,54.3,61.7,70.2,71.3,64.3,64.3,48.4,54.3,54.3,54.7
8/8/2017 17:59,18:00,58.7,69.6,80.4,80.3,79,71.1,73.3,79.9,63.8,74.3,86.9,80.8,72.3,72.3,59.8,60.3,63.8,68.3
8/8/2017 18:59,19:00,65.2,73.6,83.7,83.5,83.8,77.8,78.3,85.3,66.7,79.9,92.1,85.6,77.9,77.9,66.2,66.7,66.7,72.9
8/8/2017 19:59,20:00,66.9,79.7,89.7,86.7,86.3,79.4,82,89.5,68.9,82.6,96.2,89.3,82.8,82.8,69.6,71.8,68.9,73.4
8/8/2017 20:59,21:00,69.2,80.8,92.3,87.7,88.9,82.6,83.6,93.1,74,86.9,96.2,91.4,85.5,85.5,70.1,74.6,74,72.8
8/8/2017 21:59,22:00,71.5,84.6,91.2,90.8,91.9,86.8,85.2,92.6,76.2,85.3,98.2,90.9,87,87,71.2,75.6,76.2,75.1
8/8/2017 22:59,23:00,72.6,86.2,92.3,95.4,92.4,86.3,87.3,94.6,78.9,86.3,99.2,92.4,89.7,89.7,70.6,78.9,78.9,72.8
8/8/2017 23:59,0:00,72,85.7,93.4,93.9,91.9,85.2,88.8,96.7,81.1,86.8,98.2,89.8,89.7,89.7,71.7,78.9,81.1,77.3
8/9/2017 0:59,1:00,73.7,86.7,93.4,94.9,90.4,84.6,87.8,95.6,81.1,83.1,93.1,90.8,90.2,90.2,73.3,80,81.1,81.1
8/9/2017 1:59,2:00,75.4,84,90.7,95.9,89.9,86.7,84.6,97.2,80.5,84.1,84.7,90.8,87.5,87.5,71.6,78.9,80.5,74.4
8/9/2017 2:59,3:00,76.5,87.2,88.6,95.4,91.4,87.2,85.7,97.2,79.9,79.7,85.7,92.9,87.5,87.5,71.6,77.2,79.9,78.9
8/9/2017 3:59,4:00,76.5,85.1,85.3,93.4,90.4,84.6,76.5,96.2,74.9,83.6,81.4,91.9,86.4,86.4,71.6,78.3,74.9,72.1
8/9/2017 4:59,5:00,71.4,81.3,82,86.7,80.5,65.3,71,63.4,69.3,73,75.9,36.5,84.8,84.8,65.4,71.6,69.3,62.9
8/9/2017 5:59,6:00,63.2,73,71.4,67.5,69.7,57.9,65.3,59.3,68.2,66.2,70.3,48.2,81.6,81.6,61.4,60.7,68.2,58.9
8/9/2017 6:59,7:00,59.7,60.3,64.4,58,60.7,54.4,61.4,55,62.5,56.2,64.5,48.8,73.4,73.4,55,52.5,62.5,56
8/9/2017 7:59,8:00,55.6,51.9,54.9,55.1,52.6,50.2,53.1,51.4,54.9,49.5,57.4,48.2,60.6,60.6,53.3,52,54.9,51.2
8/9/2017 8:59,9:00,49,55.7,41.9,46.4,44.6,44.1,47.7,43.2,48.3,41.3,48.8,41.9,52.2,52.2,51.1,43.5,48.3,53.2
8/9/2017 9:59,10:00,38.5,40.1,36.2,47.1,40.3,32.6,38.4,32.9,44.6,36.2,39.8,38.1,41.6,41.6,43.6,30.8,44.6,48.7
8/9/2017 10:59,11:00,32.9,40.8,36.2,38.1,37.2,29.6,41.5,31.6,39.7,33,37.9,37.5,42.3,42.3,37.5,29,39.7,40
8/9/2017 11:59,12:00,25.1,38.3,35.6,36.2,35.3,28.8,42.3,32.4,33.4,33,39.1,32.8,36,36,23,29,33.4,33.6
8/9/2017 12:59,13:00,25.8,40.1,31.8,33.7,32.7,25.5,36.6,32.4,31.5,28.4,34.5,29.5,32.6,32.6,23.6,25.7,31.5,37.5
8/9/2017 13:59,14:00,27.9,40.7,29.8,32.4,34.6,28.1,37.2,34.9,33.5,18.5,33.8,32.2,30.6,30.6,23.6,25.7,33.5,38.1
8/9/2017 14:59,15:00,28.5,42.5,36.8,35.1,37.2,33.4,38.4,38.8,35.3,30.5,33.8,35.4,34.5,34.5,30.4,32,35.3,38.1
8/9/2017 15:59,16:00,32.2,46.3,43.7,39.6,37.7,35.2,40.8,40.7,37.1,24.2,39.7,43.7,37.7,37.7,33.6,35.8,37.1,36.1
8/9/2017 16:59,17:00,38.4,51.3,51.8,51.3,42.7,44.6,48.2,52.5,41.5,40.6,52.9,51.7,47.2,47.2,37.3,42.7,41.5,42.4
8/9/2017 17:59,18:00,41.5,51.3,62.5,66.3,60.1,56.7,51.8,65.1,45.8,50.5,74.7,64.9,54,54,41,47.6,45.8,45.5
8/9/2017 18:59,19:00,49,56.7,67.8,72.5,66.3,64.3,61.3,70.8,50.7,57.9,81.4,72.9,64.7,64.7,42.9,48.8,50.7,52.9
8/9/2017 19:59,20:00,58.7,63.8,74.2,76.9,73,70,67.1,77.6,59.1,63.9,84.1,77.9,73.3,73.3,47.8,59,59.1,61.8
8/9/2017 20:59,21:00,55.6,67.8,80.3,79.7,76.8,73.8,73.3,80.9,64.3,72,87.9,80.2,77.3,77.3,55.1,60.8,64.3,64.2
8/9/2017 21:59,22:00,69.9,73,84.8,82.9,81.1,77.2,76,84.1,67.1,75.3,90.5,82.8,78.9,78.9,68.5,62.5,67.1,74.6
8/9/2017 22:59,23:00,65.1,75.8,87.5,85.6,83.7,78.8,79.3,87.9,71.1,77.6,93.6,86.1,82.7,82.7,64.4,67.7,71.1,72.8
8/9/2017 23:59,0:00,66.8,78,89.6,86.6,87.3,80.4,82,91.5,72.8,77,95.2,87.1,87.5,87.5,67.3,70.6,72.8,73.4
8/10/2017 0:59,1:00,72.1,79.1,90.2,86.6,88.3,83,83.6,92.6,76.1,81.9,95.7,90.3,88,88,71.2,73.4,76.1,76.2
8/10/2017 1:59,2:00,74.4,82.4,92.3,90.8,88.3,84.6,84.6,94.1,77.7,83.1,97.2,91.3,88,88,74.5,76.2,77.7,80.6
8/10/2017 2:59,3:00,73.2,82.9,91.2,92.4,89.3,86.2,87.8,94.1,79.9,84.1,97.2,91.3,89.6,89.6,75.5,75.6,79.9,81.7
8/10/2017 3:59,4:00,71.4,83.5,91.2,91.8,88.3,84.7,79.3,92.6,77.7,83.6,93.1,91.3,89.6,89.6,73.9,73.9,77.7,80.6
8/10/2017 4:59,5:00,69.7,80.2,85.9,83.6,83.2,70,74.9,60.5,74.4,73.6,81.5,38.5,86.4,86.4,67.2,69.5,74.4,67.7
8/10/2017 5:59,6:00,64.5,71.9,71.4,68.7,72.5,58.6,65.4,61.7,67.8,62.8,68.1,52.1,81.1,81.1,61.5,62,67.8,60.8
8/10/2017 6:59,7:00,59.9,58.7,64,53.5,55,49.1,59.7,54.6,59.7,50.1,55,42.7,71.8,71.8,51,51.4,59.7,54.9
8/10/2017 7:59,8:00,48.3,46.4,46.9,42.1,41.5,39,50.1,45.3,45.2,42,45,35.5,51.5,51.5,45.5,40.9,45.2,42
8/10/2017 8:59,9:00,35.1,40.9,43.8,46,36.5,38.4,42.8,36.2,37.1,43.2,45,39.8,46,46,33.6,34.7,37.1,40.1
8/10/2017 9:59,10:00,32.8,44,34.3,40.2,37.9,35.9,35.8,35.7,36,33.5,37.9,36.8,36.5,36.5,28.5,32.2,36,35.7
8/10/2017 10:59,11:00,32.3,44.6,36.3,44,40.4,32.8,38.5,42.1,37.9,33,41.8,38.2,35.8,35.8,32.5,36.7,37.9,36.8
8/10/2017 11:59,12:00,27.8,40.8,36.3,42.8,39.1,31.4,39.8,39,34.1,31.8,37.9,34.8,34.7,34.7,21.7,33.5,34.1,35.7
8/10/2017 12:59,13:00,31.2,42.1,37.6,42.8,37.2,34.2,41,39.5,36.1,31.2,39.8,37,38.5,38.5,26.2,30.3,36.1,36.9
8/10/2017 13:59,14:00,37.4,46.4,41.4,46.5,42.8,42.2,44.7,44,41,36.3,42.4,44.5,42.3,42.3,33.8,40.4,41,43.8
8/10/2017 14:59,15:00,40.3,49.5,48.8,50.2,44.6,46.5,47.7,47.7,43.5,45.2,48.1,49.4,48.6,48.6,40,40.4,43.5,46.9
8/10/2017 15:59,16:00,40.3,50.7,51.8,56.3,43.9,49.6,50.2,49.5,44,45.7,51.2,53.7,48.6,48.6,43.7,45.3,44,53.6
8/10/2017 16:59,17:00,45.9,54.3,54.9,61.7,46.4,53.2,49.5,55,47.1,46.3,65.1,54.8,54.7,54.7,44.3,48.3,47.1,51.1
8/10/2017 17:59,18:00,50.8,58.5,60.3,66.3,51.3,54.4,59,68.6,52,52.5,70.2,65,58.3,58.3,51,54.3,52,57.8
8/10/2017 18:59,19:00,56.3,63.9,69.1,74.3,58.4,62.6,61.5,72.6,58.6,59.2,77.6,70.7,62.4,62.4,54.6,57.3,58.6,61.3
8/10/2017 19:59,20:00,58.6,67.9,72.6,75.3,62.4,68.4,64.9,78.2,55.6,63.3,79.2,74.7,68.3,68.3,56.9,61.5,55.6,66
8/10/2017 20:59,21:00,59.8,67.9,77.6,78.1,63.6,70,68.3,82,57.9,66.2,84.7,79.1,72.3,72.3,58.1,63.2,57.9,65.4
8/10/2017 21:59,22:00,62.8,70.2,76.5,73.6,64.1,72.3,68.8,84.7,59.1,69.1,82,79.7,74.5,74.5,56.2,64.3,59.1,64.8
8/10/2017 22:59,23:00,63.3,71.3,72,73.1,67,63.7,68.3,84.7,63.8,63.9,73.1,74.7,69.4,69.4,60.4,66.7,63.8,69.4
8/10/2017 23:59,0:00,68,73,74.8,75.9,69.8,66.6,70.5,83.1,66.7,66.2,72,74.1,72.3,72.3,65,70.1,66.7,70.6
8/11/2017 0:59,1:00,70.4,75.9,77.7,77,72.6,67.8,71.7,81.5,68.9,69.1,74.8,71.3,74.5,74.5,66.1,71.8,68.9,73.4
8/11/2017 1:59,2:00,73.2,75.9,77.7,78.1,73.1,72.3,73.9,79.9,72.3,72,75.4,72.5,75.7,75.7,69.6,72.3,72.3,75.7
8/11/2017 2:59,3:00,73.2,75.3,76,77,72.6,71.7,75,79.9,72.3,72,77.7,72.5,75.1,75.1,70.2,72.3,72.3,77.4
8/11/2017 3:59,4:00,72.1,74.8,77.7,74.2,68.7,71.7,70.5,79.3,67.2,70.3,80.4,78,71.7,71.7,70.2,72.9,67.2,75.7
8/11/2017 4:59,5:00,66.9,71.9,72.1,77,67.5,56.3,65.5,72.7,63.8,61.6,65.7,42.3,71.2,71.2,62.8,66.7,63.8,64.8
8/11/2017 5:59,6:00,63.3,70.2,68,74.3,62.9,57.3,68.3,70.9,61.5,61.6,64.5,66.8,67.7,67.7,57.5,64.9,61.5,64.2
8/11/2017 6:59,7:00,54.4,64,64,65.3,58.4,47.2,61.5,57,55,52.6,58,42.6,65.4,65.4,53.5,53.9,55,55.4
8/11/2017 7:59,8:00,56.4,65.3,62.9,63.6,60.3,55.1,62.8,61.3,58.1,54.6,60.5,55.7,65.4,65.4,52.4,57.6,58.1,60.9
8/11/2017 8:59,9:00,56.4,68.2,66,68.3,66.2,58.3,65.8,63.2,64.2,56,64.8,58.9,67.4,67.4,53.2,60.1,64.2,62.8
8/11/2017 9:59,10:00,57.8,68.8,66,68.3,66.8,60.1,66.4,63.8,61.9,60.3,64.2,60,68,68,55,61.3,61.9,65.1
8/11/2017 10:59,11:00,54.7,71.1,68.9,67.8,66.8,54.6,66.9,67.2,62.3,60.3,67.2,55.7,68,68,48.1,64.7,62.3,55.5
8/11/2017 11:59,12:00,50.5,66.4,63.5,67.2,60.3,54.6,61.1,60.7,55.3,52.8,56.3,57.6,64.4,64.4,46.5,55.9,55.3,56.8
8/11/2017 12:59,13:00,70.2,75.6,65.3,68.3,71.2,57.6,72.6,79.6,73.2,59.5,60,59.9,65.1,65.1,64.9,76.6,73.2,72.5
8/11/2017 13:59,14:00,57.8,66.4,57.1,61.4,62.2,60,62.3,64.9,61.2,60.8,65.4,64.8,60.5,60.5,52.5,58.3,61.2,63.4
8/11/2017 14:59,15:00,57.8,68.8,66.6,70.1,66.2,62.3,67.5,68.4,65.3,66.6,65.4,63.5,67.4,67.4,57.3,64.1,65.3,65.1
8/11/2017 15:59,16:00,57.8,66.4,67.6,67.1,64.4,61.1,66.3,63.6,62.9,65.3,68.8,65.2,66.2,66.2,58.4,61.7,62.9,62.1
8/11/2017 16:59,17:00,58.2,67.5,65.2,65.8,62.6,61.1,63.3,64.7,62.2,62.3,64.6,65.8,65.5,65.5,57.1,62.2,62.2,62.6
8/11/2017 17:59,18:00,84.2,86.9,87.7,82.1,82.9,87.5,86.4,92.2,85,86.4,77.2,82,87.7,87.7,80.7,90.4,85,86.8
8/11/2017 18:59,19:00,96.7,92.7,95.1,88.4,95,95.6,94.6,97.3,93.3,97.4,96.3,95.1,96,96,91.7,96,93.3,93.7
8/11/2017 19:59,20:00,97.2,94.3,97.7,91.5,95.5,97.6,97.6,98.3,97.9,98.4,97.8,97.1,97.5,97.5,93.2,97.5,97.9,96.3
8/11/2017 20:59,21:00,97.2,96.8,98.2,93.6,96,98.1,99.1,98.8,97.9,98.4,98.8,98.7,98,98,93.7,98.5,97.9,96.3
8/11/2017 21:59,22:00,97.8,97.3,98.7,95.1,95.5,97.6,99.1,98.8,96.9,98.4,98.3,98.2,98.5,98.5,95.2,99,96.9,96.3
8/11/2017 22:59,23:00,97.2,98.3,98.7,96.1,97.5,98.1,99.6,100,97.4,99.4,98.8,98.7,99,99,94.7,99,97.4,97.3
8/11/2017 23:59,0:00,97.2,97.8,98.7,94.1,97.5,98.6,99.6,100,97.4,98.4,98.3,99.1,99,99,94.7,98.5,97.4,96.3
8/12/2017 0:59,1:00,96.1,97.8,99.7,94.6,97,98.6,98.6,100,97.4,99.4,99.3,99.6,99.5,99.5,94.7,99.5,97.4,97.3
8/12/2017 1:59,2:00,98.3,98.9,99.7,95.6,97.9,98.1,99.1,99.8,96.4,98.9,99.3,99.1,97.5,97.5,95.2,99,96.4,96.8
8/12/2017 2:59,3:00,96.7,98.3,99.7,95.6,97.5,98.6,99.6,100,94.4,99.4,99.8,98.6,99.5,99.5,94.2,99.5,94.4,95.8
8/12/2017 3:59,4:00,96.7,99.9,99.7,96.6,97.9,98.6,99.6,100,95.9,99.4,99.8,99.1,98,98,94.2,99.5,95.9,96.8
8/12/2017 4:59,5:00,94.6,98.9,97.2,93.6,96.5,95.6,100,99.8,92.4,96.4,94.3,89.5,98.5,98.5,90.7,98.6,92.4,90.1
8/12/2017 5:59,6:00,92.5,98.4,97.7,91.1,97,96.2,99.1,100,91.3,95.9,93.3,93.1,98,98,87.7,97.6,91.3,90.1
8/12/2017 6:59,7:00,90.9,98.4,95.7,90.1,93.6,95.7,99.6,99.9,88.8,95.9,92.8,91.6,98,98,87.7,98.6,88.8,90.1
8/12/2017 7:59,8:00,82.6,97.9,92,87.5,89.2,92.7,98.7,95.5,86.7,91.4,89.8,83.9,92.5,92.5,79.3,93,86.7,83.2
8/12/2017 8:59,9:00,78.8,94.9,87.8,84.3,88.7,88.2,98.7,85.7,84.7,86.8,80.2,77.4,88.4,88.4,74.5,91.5,84.7,79.4
8/12/2017 9:59,10:00,70.4,91.3,79.1,78.5,82.6,83,98.2,79.8,79.9,81.4,79.7,74.6,84.2,84.2,69,88,79.9,77.3
8/12/2017 10:59,11:00,64.6,90.8,73.7,74.1,83.1,69.6,81.9,71,69.5,78.7,75.9,73.5,78.9,78.9,63.4,82.7,69.5,70
8/12/2017 11:59,12:00,56.3,86.7,72.6,69.7,74.1,66.7,73.8,70.4,66.7,68.1,71.9,68.4,71.1,71.1,52.4,65.6,66.7,67.1
8/12/2017 12:59,13:00,64,86.1,73.1,73.1,73.6,74.4,73.8,75.4,71.2,76.4,74.7,75.8,74.5,74.5,64,70,71.2,73.9
8/12/2017 13:59,14:00,66.4,88.2,78.2,76.4,77.9,75.5,77.1,78.2,75.6,77,78.6,75.8,77.8,77.8,65.7,73.4,75.6,75
8/12/2017 14:59,15:00,63.5,87.7,81.4,78.6,76.3,70.6,77.1,78.7,72.3,77.5,79.1,76.3,80.6,80.6,65.1,74.6,72.3,77.8
8/12/2017 15:59,16:00,75,90.9,84.7,82.4,81.6,80.9,79.8,84.1,77.8,84,83.5,85,82.1,82.1,73.4,80.5,77.8,80.6
8/12/2017 16:59,17:00,91.8,96.8,98.7,90,95,95.6,97.6,97.3,96.3,97.9,96.5,96.3,98.5,98.5,94.1,95.5,96.3,92.1
8/12/2017 17:59,18:00,96.7,98.3,99.7,95.1,97.5,97.6,99.1,98.8,99.4,98.9,97.3,98.2,97.5,97.5,96.2,95.5,99.4,96.8
8/12/2017 18:59,19:00,94,98.9,99.7,95.6,97.9,98.6,99.1,98.8,98.9,99.4,99.3,98.7,98.5,98.5,96.7,96.5,98.9,97.8
8/12/2017 19:59,20:00,95.1,99.4,100,95.6,98.4,98.6,99.6,99.8,99.9,98.9,97.8,98.2,98,98,97.7,96.5,99.9,98.3
8/12/2017 20:59,21:00,95.1,99.4,100,95.1,98.4,98.6,99.6,100,99.9,99.9,98.8,98.7,99.9,99.9,96.7,96.5,99.9,97.3
8/12/2017 21:59,22:00,94.5,99.4,100,96.5,98.4,98.6,99.6,100,99.9,99.4,97.8,100,98.5,98.5,97.2,95.5,99.9,96.3
8/12/2017 22:59,23:00,94.5,99.4,100,95.6,98.9,98.6,99.6,100,99.4,99.9,98.8,97.6,99,99,97.6,96,99.4,96.3
8/12/2017 23:59,0:00,89.1,100,100,96,98.9,97.1,99.6,100,99.4,98.4,94.3,95.1,98.4,98.4,94.2,95,99.4,92.6
8/13/2017 0:59,1:00,83,98.3,100,95,97.4,95.5,100,100,98.8,97.8,93.2,92,96.4,96.4,91,89.8,98.8,86.8
8/13/2017 1:59,2:00,79.6,97.2,100,95,96.4,95,100,100,97.3,97.3,92.2,93,95.9,95.9,89,89.8,97.3,84
8/13/2017 2:59,3:00,81.2,98.2,100,96,97.8,96.5,100,100,97.8,96.3,91.1,95,95.9,95.9,88.4,89.8,97.8,84.5
8/13/2017 3:59,4:00,78.4,94.7,100,95,96.4,95,100,100,95.8,95.3,90,90.9,94.3,94.3,89.4,86.6,95.8,81.8
8/13/2017 4:59,5:00,74.9,93.6,98.6,92.4,93.4,90.9,100,95.7,93.7,93.7,89,85.6,92.8,92.8,83.2,82.3,93.7,76.8
8/13/2017 5:59,6:00,70.9,86.2,94.5,86.8,88.9,87.9,98.5,93.1,84.3,90.6,82.6,75.8,90.2,90.2,81,74.6,84.3,74.6
8/13/2017 6:59,7:00,70.9,84.2,81.6,74.4,81.7,79.9,82.1,92.2,80.6,80.9,72.6,69.1,80.7,80.7,79.4,69,80.6,73.5
8/13/2017 7:59,8:00,64,75.4,73.3,66.5,70.5,70.6,68.4,82.7,72.9,76.6,69.2,63.4,75.7,75.7,67.9,59.3,72.9,62.6
8/13/2017 8:59,9:00,57.5,71,62.3,61.8,63.8,64,61,63.6,67.3,66.4,63.5,59.9,68.4,68.4,57.7,56.4,67.3,60.3
8/13/2017 9:59,10:00,50.3,69.4,57,56.5,59.2,53.4,59.3,54.8,59.3,53.4,60.6,56.3,60.4,60.4,50.6,48,59.3,58.6
8/13/2017 10:59,11:00,46.2,61.2,55.2,57.6,58.1,47.4,56.9,50.6,60.5,51.5,59.3,53.9,57.9,57.9,47,46.7,60.5,53.3
8/13/2017 11:59,12:00,46.7,60,51,54.7,53.3,48,55.8,48.1,54,51,58.1,49,51.9,51.9,43.9,45,54,50.2
8/13/2017 12:59,13:00,46.7,63.5,49.7,53.5,52.2,46.1,51.6,51,51.1,51.5,57.5,49,52.5,52.5,48.1,40.1,51.1,53.2
8/13/2017 13:59,14:00,40,58.7,45.4,49.8,50.4,46.7,49.7,49.7,51.1,40.5,57.5,47.7,48.7,48.7,42,41.2,51.1,53.7
8/13/2017 14:59,15:00,36.2,59.3,50.2,52.9,50.4,44.2,52.1,49.7,48.5,41.1,55,48.3,49.4,49.4,42.5,44.2,48.5,47
8/13/2017 15:59,16:00,41.7,62.2,58.7,54.1,54.5,46.7,53.3,53.4,50.3,35,58,51.9,56.1,56.1,46.8,46.6,50.3,49.5
8/13/2017 16:59,17:00,49.1,66.3,71.6,68.7,67.1,53.9,59.2,67,58.1,57.6,64.5,65.7,64.4,64.4,49.2,53.8,58.1,55.5
8/13/2017 17:59,18:00,54.5,67.4,78.3,77.1,75.9,68.4,68.3,76.1,65.1,67.5,84.2,74.2,71.8,71.8,54.6,58.6,65.1,61.4
8/13/2017 18:59,19:00,58.7,72,82.7,81.4,81.8,75.1,76.2,78.3,66.8,72.1,90.1,81.4,78.5,78.5,58.8,63.3,66.8,66.1
8/13/2017 19:59,20:00,60.5,75.3,88.1,84.7,84.4,78.9,79.4,84.2,73,77.7,93.2,85.7,82.3,82.3,61.6,67.9,73,69.5
8/13/2017 20:59,21:00,63.5,80.3,91.3,86.8,84.9,81.6,83.7,88.5,75.8,82.7,95.2,89.3,87.6,87.6,65.1,70.7,75.8,72.9
8/13/2017 21:59,22:00,79.7,84.2,92.9,88.8,89.4,84.2,86.3,91.1,79.6,82.7,96.2,90.4,88.2,88.2,68.5,74.7,79.6,78
8/13/2017 22:59,23:00,77.4,86.3,92.3,89.3,89.9,84.8,88.4,93.1,81.7,86.4,95.7,92.4,89.7,89.7,72.4,75.8,81.7,78.5
8/13/2017 23:59,0:00,76.2,86.8,95,91.4,90.9,87.4,89.4,95.2,83.8,88.5,98.2,92.4,91.8,91.8,76.3,81.8,83.8,80.7
8/14/2017 0:59,1:00,78.4,86.8,93.9,91.9,91.4,87.9,87.3,95.7,83.8,87.4,96.7,92.9,93.3,93.3,77.3,80.7,83.8,84.5
8/14/2017 1:59,2:00,76.7,86.2,94.9,90.3,91.4,88.4,88.9,96.2,84.3,87.4,97.2,94,91.2,91.2,77.3,78.4,84.3,85
8/14/2017 2:59,3:00,76.7,85.7,92.8,91.4,89.9,86.8,87.8,95.2,84.3,88,96.7,94.5,92.8,92.8,78.4,80.1,84.3,84.5
8/14/2017 3:59,4:00,73.2,85.2,91.3,89.9,88.4,87.3,87.3,92.6,81.1,83.7,92.6,89.8,91.7,91.7,72.8,75.1,81.1,80.7
8/14/2017 4:59,5:00,67.5,83.6,87,87.8,84.8,76.7,78.8,86.4,76.2,79.3,89.6,79.7,87.6,87.6,66.1,71.8,76.2,72.3
8/14/2017 5:59,6:00,67.5,79.2,76,79.3,74.2,66.7,71.7,73.3,70.7,70.4,73.2,65.1,87.1,87.1,65.1,67.3,70.7,71.8
8/14/2017 6:59,7:00,68.2,78.2,75,72.7,74.2,67.9,74,73.9,71.3,70.4,71.5,71.4,79.7,79.7,64.5,65.6,71.3,71.8
8/14/2017 7:59,8:00,69.4,79.3,78.4,78.8,76.5,71.9,72.9,77.8,70.8,71.6,75.5,74.3,78,78,67.5,69.1,70.8,73.6
8/14/2017 8:59,9:00,66,73.8,69.9,72.8,72.2,64.5,69.6,71.2,69.1,65.9,70.5,66.4,73.6,73.6,60.1,62.2,69.1,68.5
8/14/2017 9:59,10:00,58.3,70.4,67.6,68.9,67.8,61.7,68,64.3,61.1,60.7,67.6,61.7,67.9,67.9,56.1,57.6,61.1,63.4
8/14/2017 10:59,11:00,60.1,73.2,65.9,67.7,66.6,58.1,65,63.6,62.2,57.6,65.9,65.8,65.6,65.6,54.2,59.3,62.2,64.4
8/14/2017 11:59,12:00,59.6,75,61.8,68.9,59.1,57.6,64.5,58.3,61.1,56.4,59.3,61.8,56.1,56.1,53.7,55.8,61.1,62.1
8/14/2017 12:59,13:00,60.1,70.9,63.5,67.7,59.7,57.6,61.6,64.2,63.5,54.5,59.3,66.4,61.5,61.5,55.4,60.5,63.5,64.4
8/14/2017 13:59,14:00,60.7,74.4,71.1,73.4,66.6,65.8,71.3,66,63.5,66.6,72.2,71.6,69.6,69.6,57.8,61.7,63.5,64.4
8/14/2017 14:59,15:00,62.4,76.6,76.8,77.9,67.2,68,70.8,70,65.1,70,73.3,73.8,72.5,72.5,64.2,67.5,65.1,70.8
8/14/2017 15:59,16:00,64.2,76,78.4,79.5,70,68,71.9,74.5,65.7,73.4,76.2,74.4,77.6,77.6,61.2,69.8,65.7,69
8/14/2017 16:59,17:00,64.8,77.7,80,79.5,72.7,72.5,72.4,75.6,68.6,74.4,78.3,77.7,79.1,79.1,65.2,67.4,68.6,73
8/14/2017 17:59,18:00,70.6,80.5,80,78.3,77.1,76.3,75.7,78.4,73.1,76.7,80.5,79.9,80.8,80.8,70.4,72,73.1,75.9
8/14/2017 18:59,19:00,80.3,89.6,90.9,90.5,88.6,86.4,85.4,93.8,85.1,88.1,91.2,86.9,90.3,90.3,78.1,86.2,85.1,83.6
8/14/2017 19:59,20:00,83.1,89.6,93.5,91.5,92.1,88.1,87.5,95.3,85.1,90.2,94.3,92.6,93.4,93.4,83.4,85.1,85.1,86.9
8/14/2017 20:59,21:00,84.2,90.1,94.6,91.5,91.6,89.1,88,95.3,86.1,90.7,94.3,92.1,95,95,82.9,86.7,86.1,87.9
8/14/2017 21:59,22:00,75.8,91.2,95.1,92.1,93.1,89.1,89,98.3,86.1,90.2,94.3,92.6,94.4,94.4,76.4,86.2,86.1,87.4
8/14/2017 22:59,23:00,78.1,92.2,93.5,91.5,91.6,88.1,89,96.3,87.2,88.6,93.7,92.6,92.9,92.9,82.9,86.7,87.2,89
8/14/2017 23:59,0:00,84.8,91.7,95.1,92.5,91,87.5,89.6,96.8,86.6,90.7,94.8,92.6,94.4,94.4,83.4,86.7,86.6,89
8/15/2017 0:59,1:00,86.9,91.7,93.4,92,91.5,88.5,89,96.8,87.2,90.7,95.3,92.6,93.4,93.4,86,85.6,87.2,91.1
8/15/2017 1:59,2:00,87.5,92.2,95.1,93.5,92.5,90.1,90,96.3,87.2,92.3,95.3,94.1,95.9,95.9,85.5,87.2,87.2,91.1
8/15/2017 2:59,3:00,88.6,92.7,96.1,93.5,92.5,90.1,91.6,95.3,89.8,92.8,97.8,95.1,96.9,96.9,88.1,87.7,89.8,91.1
8/15/2017 3:59,4:00,90.2,94.3,97.6,94.6,95,91.6,93.6,96.3,90.3,93.8,97.8,95.1,97.4,97.4,89.1,90.9,90.3,92.1
8/15/2017 4:59,5:00,91.3,94.3,97.2,93.6,94.5,91.1,93.1,95.3,90.8,93.3,97.8,94.1,97.9,97.9,89.7,90.9,90.8,93.2
8/15/2017 5:59,6:00,92.4,95.3,97.7,94.1,94.1,94.2,94.7,95.8,91.9,95.4,95.8,94.7,97.5,97.5,91.2,91.5,91.9,94.3
8/15/2017 6:59,7:00,93,95.9,97.7,92.1,95.6,97.2,96.7,97.4,95.4,95.9,96.4,95.7,97.5,97.5,91.8,94.6,95.4,95.3
8/15/2017 7:59,8:00,95.7,95.9,98.3,93.7,96.1,95.2,96.7,97.9,95,97,96.9,97.2,99,99,92.8,95.1,95,96.4
8/15/2017 8:59,9:00,97.3,97.9,99.8,96.7,97.6,98.2,97.7,97.9,97.5,98.5,97.4,98.2,98.6,98.6,94.8,97.1,97.5,97.4
8/15/2017 9:59,10:00,98.3,98.9,99.2,97.7,98.5,98.2,99.1,99.4,98.9,99.4,99.4,98.2,98.6,98.6,96.2,98.6,98.9,98.4
8/15/2017 10:59,11:00,95.7,97.9,97.7,93.7,97.1,98.2,98.2,99.4,98.5,97.5,94.9,98.7,97.1,97.1,93.3,99.1,98.5,97.9
8/15/2017 11:59,12:00,94.6,98.4,95.7,91.7,97.1,96.2,99.2,99.9,99,92.9,92.9,98.7,95.1,95.1,92.8,99.6,99,96.9
8/15/2017 12:59,13:00,90.4,97.5,91.1,89.7,94.7,93.8,99.2,100,95.1,88.9,89.3,95.3,92.1,92.1,86.2,99.6,95.1,91.3
8/15/2017 13:59,14:00,92,96.9,93.7,90.7,95.7,95.8,98.7,99.5,96,93.5,88.8,96.8,93.6,93.6,85.2,99.2,96,91.3
8/15/2017 14:59,15:00,88.8,96.9,92.6,87.6,95.2,93.3,98.7,99,95.6,91.5,86.7,94.8,92.1,92.1,86.7,98.7,95.6,91.3
8/15/2017 15:59,16:00,85.5,95.4,91.6,83.4,93.3,92.3,98.7,97,90.5,82.5,86.7,94.8,91.5,91.5,85.7,99.2,90.5,89.7
8/15/2017 16:59,17:00,89.3,96.4,95.7,91.7,95.2,94.3,99.2,97.9,94,95,91.8,96.2,94,94,87.7,100,94,91.7
8/15/2017 17:59,18:00,89.8,97.9,98.7,95.2,97.1,96.7,98.7,98.9,95.5,96,97.4,98.2,98.1,98.1,90.8,99.6,95.5,93.8
8/15/2017 18:59,19:00,90.3,97.9,98.7,96.1,98,97.2,99.6,99.8,97,96.9,98.8,98.7,98.1,98.1,90.2,100,97,95.3
8/15/2017 19:59,20:00,92,97.9,100,96.6,97.5,97.6,99.6,100,97.5,97.9,99.3,98.7,97.5,97.5,91.7,99.6,97.5,96.9
8/15/2017 20:59,21:00,92.5,97.4,98.7,95.6,97.5,98.1,100,100,97,98.4,99.8,100,98,98,93.2,100,97,95.8
8/15/2017 21:59,22:00,93.5,97.8,99.2,97.6,97.5,97.1,100,100,96.4,98.4,99.8,99.6,99.5,99.5,92.7,100,96.4,96.8
8/15/2017 22:59,23:00,94.6,97.8,99.7,97.1,97.9,97.6,98.1,99.8,97.4,98.9,100,99.6,97.9,97.9,93.7,100,97.4,96.8
8/15/2017 23:59,0:00,94.6,98.9,99.1,97.1,97.9,97.6,99.6,100,97.9,98.4,100,99.6,97.9,97.9,93.7,100,97.9,97.3
8/16/2017 0:59,1:00,96.7,98.9,100,98,97.9,96.5,99.1,100,98.4,98.9,100,99.6,98.9,98.9,94.2,100,98.4,97.3
8/16/2017 1:59,2:00,95,99.3,100,97.5,98.9,97.5,99.5,100,98.4,98.9,100,100,99.4,99.4,95.7,100,98.4,97.8
8/16/2017 2:59,3:00,96.1,99.3,100,97.5,98.4,98.5,99.5,100,99.4,99.9,100,100,99.4,99.4,95.7,100,99.4,97.8
8/16/2017 3:59,4:00,95,98.8,100,97.5,98.4,98.5,99.1,100,97.4,99.4,100,100,99.4,99.4,94.6,100,97.4,96.8
8/16/2017 4:59,5:00,92.9,97.3,97.6,91.5,97,88.6,93.7,99.6,91.9,93.9,94.3,84.3,97.9,97.9,90.2,100,91.9,88
8/16/2017 5:59,6:00,92.5,93.8,95.7,87.6,90.2,83.5,93.2,89.3,92.4,87.2,87.2,80.2,97.5,97.5,86.6,100,92.4,86.4
8/16/2017 6:59,7:00,84.9,86.6,89.5,78.1,82.1,77.2,86.1,80.9,85.2,80.8,84.6,76.3,91.5,91.5,82,100,85.2,77.3
8/16/2017 7:59,8:00,73.2,81.4,78.2,70.3,77.4,70.1,77.1,72.7,82.1,69.7,75.4,66.2,84.3,84.3,69.5,96.8,82.1,68.9
8/16/2017 8:59,9:00,68.1,78,66.2,65.2,69.8,61.4,71.6,63.4,73.9,64.5,64.4,66.2,73.3,73.3,62.1,89.1,73.9,65.4
8/16/2017 9:59,10:00,57.4,70.2,59.8,60.4,63.1,53.8,58.4,56.4,64.3,53.8,58.4,53.1,66,66,51.5,55.6,64.3,56.5
8/16/2017 10:59,11:00,62.3,61,51.9,55.6,57.8,44.2,56,49.1,63.7,53.1,57.3,54.8,56.4,56.4,52.3,46.6,63.7,58.4
8/16/2017 11:59,12:00,45.4,58.5,54.8,55.1,55.5,45.2,60.2,44,56.2,45.7,51.1,47.5,57,57,40.8,48.3,56.2,54.3
8/16/2017 12:59,13:00,45.9,53.1,53.1,55.8,57.3,50.2,56,48.3,56.7,50.8,57.8,54.2,52.9,52.9,44.9,39.8,56.7,52.9
8/16/2017 13:59,14:00,49.5,67.2,85.4,59.2,66.5,67.7,74.4,52.6,65.5,79.7,62.6,61.3,87,87,52.1,51.9,65.5,66
8/16/2017 14:59,15:00,43.4,68.4,80.3,56.2,61.3,53.3,59,53.8,58.5,56.2,57.2,53.6,69.9,69.9,47.2,49.5,58.5,54.8
8/16/2017 15:59,16:00,57,66.6,81.9,57.4,61.3,52.5,58.4,56.1,59.1,42.8,61.3,57.8,72.2,72.2,50.8,51.3,59.1,55.9
8/16/2017 16:59,17:00,66.9,71.1,87.8,75.8,72.4,69.9,67,70.8,61.3,66.7,68.8,72.8,78.8,78.8,61.5,64.3,61.3,67
8/16/2017 17:59,18:00,72.1,80.1,88.8,79.5,81.5,78.2,77.6,80.8,72.2,79.1,83.9,83.2,80.3,80.3,66.6,70,72.2,74.4
8/16/2017 18:59,19:00,72.1,81.2,92,83.3,86.1,83,81.3,84.5,77.2,84.5,89.2,88.5,88.4,88.4,74.5,71.1,77.2,81.1
8/16/2017 19:59,20:00,73.1,79,94.1,86.4,87.1,86,85,88.2,79.3,86.6,93.3,92.2,90.9,90.9,76.1,71.6,79.3,84.8
8/16/2017 20:59,21:00,74.8,82.2,95.1,87.4,91.2,87.1,87.6,90.7,80.9,89.3,96.3,93.1,93.5,93.5,74.4,72.7,80.9,83.2
8/16/2017 21:59,22:00,78.2,84.9,94.6,89,92.1,87.1,89.1,93.3,83,89.8,97.3,94.7,93.5,93.5,76,76.6,83,83.7
8/16/2017 22:59,23:00,82.7,86.5,95.6,92.1,94.1,88.1,90.1,94.3,83.5,90.2,98.3,94.1,94.5,94.5,78.2,78.8,83.5,85.8
8/16/2017 23:59,0:00,86,89.1,96.6,91.5,92.1,89.6,91.1,93.8,85.1,90.2,98.8,95.6,92.9,92.9,79.3,79.3,85.1,87.4
8/17/2017 0:59,1:00,82.6,89.6,97.1,91.5,92.6,89.6,91.6,95.8,86.1,91.8,98.8,95.6,95.4,95.4,80.3,82,86.1,87.9
8/17/2017 1:59,2:00,82,91.2,96.6,91.5,93.1,91.1,92.1,96.3,86.6,91.8,99.3,96.1,93.9,93.9,81.3,82,86.6,90.1
8/17/2017 2:59,3:00,85.3,90.6,96.6,92,93.1,91.1,92.6,96.3,86.1,92.3,98.8,96.1,95.9,95.9,82.9,83,86.1,90.1
8/17/2017 3:59,4:00,86.5,90.6,96.1,92.5,93.5,89.1,92.6,96.3,86.1,90.7,97.3,94.6,94.9,94.9,85,82.5,86.1,89
8/17/2017 4:59,5:00,84.8,91.8,94.6,90.1,92.2,84.9,89.6,90.8,86.1,88.2,92.3,86.9,93.4,93.4,80.8,82.5,86.1,85.8
8/17/2017 5:59,6:00,79.8,87.1,87.8,84.9,82,72.7,81.8,78.1,79.8,77.4,81.8,71.2,92.5,92.5,74.9,74.5,79.8,75.5
8/17/2017 6:59,7:00,78.3,85.5,83,82.4,78.9,73.8,80.3,83.6,79.4,74.8,75.8,69.6,84.2,84.2,73.4,77.3,79.4,78.9
8/17/2017 7:59,8:00,74.4,82.4,79.3,74.9,78.9,70.6,79.3,75.4,76.7,73.7,78.2,67.5,82.2,82.2,69.6,71.3,76.7,73.5
8/17/2017 8:59,9:00,70.5,74.8,70.9,70.4,70.4,70.2,74.5,73.4,70.7,68.8,74.9,66.4,76.8,76.8,66.3,64.5,70.7,70.2
8/17/2017 9:59,10:00,60.6,74.8,67.5,72.1,66.6,67.4,70.1,68.8,65.8,68.8,72.7,64.7,72.9,72.9,58.9,59.4,65.8,67.8
8/17/2017 10:59,11:00,58.8,78.1,74.3,79.2,70.9,60.4,68.3,60.7,66.7,64.6,69.2,63.5,71.2,71.2,55.8,56.4,66.7,67.2
8/17/2017 11:59,12:00,53.5,69.7,72.2,69.2,63.7,60.4,65,68.1,62.8,61.1,66.9,60.5,69.7,69.7,51.2,58.6,62.8,64.3
8/17/2017 12:59,13:00,64.1,78.7,69.3,74.8,67.2,61.7,68.4,76.5,65.2,61.8,68.7,62.9,65.1,65.1,59.5,69,65.2,70.6
8/17/2017 13:59,14:00,57.8,82.5,66.4,77.6,71,66.3,71.2,72.2,66.8,61.8,73.2,66.4,71.3,71.3,53.1,64.1,66.8,71.8
8/17/2017 14:59,15:00,68.6,83,75.9,80.3,75.3,70.6,75,76,72.3,69.8,77,71.9,77.3,77.3,66.8,69.6,72.3,76.7
8/17/2017 15:59,16:00,67.4,82.4,79.8,78,74.7,72.7,79.3,77.7,73.4,74.2,80.8,75.2,77.8,77.8,67.3,71.7,73.4,77.2
8/17/2017 16:59,17:00,70.9,82.4,79.2,81.8,74.1,72.7,73.8,79.2,72.8,73,77.5,75.7,78.3,78.3,68.9,73.9,72.8,77.2
8/17/2017 17:59,18:00,75.5,85.6,84.1,82.8,79.5,77.1,80.3,85.1,77.8,78.6,80.8,80.1,84.3,84.3,73.4,78.9,77.8,79.4
8/17/2017 18:59,19:00,75.5,85,86.3,86,79,76.6,80.3,85.1,77.8,79.7,81.8,81.2,84.3,84.3,73.4,79.4,77.8,80
8/17/2017 19:59,20:00,76.5,86.1,84.1,87.1,77.8,76.6,78.7,85.7,77.2,79.1,81.3,80.1,82.6,82.6,75,79.4,77.2,80
8/17/2017 20:59,21:00,76.5,86.6,84.6,85.4,78.9,77.6,80.2,87.2,77.2,78.6,81.3,84.9,83.7,83.7,75,79.4,77.2,82.1
8/17/2017 21:59,22:00,77.1,85.5,86.8,85.9,79.4,79.8,81.3,87.7,78.8,80.7,83.4,88.1,84.2,84.2,77.7,79.9,78.8,82.7
8/17/2017 22:59,23:00,80.5,87.6,88.3,87,82.1,80.9,83.5,90.3,80.4,84,86.2,84.9,85.8,85.8,78.8,81,80.4,82.7
8/17/2017 23:59,0:00,79.9,89.2,88.9,88.6,84.1,81.9,85,92.3,82,83.5,86.2,83.8,87.9,87.9,79.8,83.2,82,84.8
8/18/2017 0:59,1:00,83.8,90.8,88.3,89.1,86.2,84.1,86.1,91.3,84.2,85.6,88.2,85.5,89,89,82,84.7,84.2,85.9
8/18/2017 1:59,2:00,85.5,92.3,91,90.1,86.7,85.1,88.2,93.4,85.8,87.2,89.3,86.5,91.5,91.5,83.6,86.9,85.8,88.6
8/18/2017 2:59,3:00,86.6,92.3,92.6,91.7,88.7,86.7,89.2,93.9,86.3,88.8,90.3,88.1,92.1,92.1,84.6,87.9,86.3,89.7
8/18/2017 3:59,4:00,86.6,92.9,93.7,91.7,89.3,86.7,89.2,94.4,86.8,89.3,90.9,88.1,92.1,92.1,85.2,87.4,86.8,89.7
8/18/2017 4:59,5:00,86.6,91.9,92.6,91.2,88.8,87.2,90.2,91.9,85.8,88.9,92.4,89.2,92.6,92.6,84.2,88,85.8,89.7
8/18/2017 5:59,6:00,85.5,92.9,91.1,90.2,88.8,85.2,89.8,90.4,85.8,88.4,90.4,86.6,91.1,91.1,83.1,86.4,85.8,89.7
8/18/2017 6:59,7:00,85.5,91.4,89.6,88.7,87.8,85.2,89.8,88.9,85.8,87.8,91,87.1,88.5,88.5,81,84.4,85.8,89.2
8/18/2017 7:59,8:00,77.9,87.8,83.3,83.7,82.8,79.5,84.7,77.8,81.7,81,85.3,81.4,85.5,85.5,74.1,77.5,81.7,82.9
8/18/2017 8:59,9:00,71.1,78.9,72.3,78.3,76,68.7,78.4,69,74.7,72.3,75.6,71.6,79.1,79.1,68.2,72,74.7,75.3
8/18/2017 9:59,10:00,66.1,75,67.7,72.3,69,64.7,73.6,65.1,70.4,64.4,72.8,67.7,73.1,73.1,62.5,61.4,70.4,69.1
8/18/2017 10:59,11:00,59.8,70.5,68.4,71.8,66.8,67,68.6,55.2,67.6,61.4,71.2,62.5,68.1,68.1,57.4,57.9,67.6,68.1
8/18/2017 11:59,12:00,62.8,76.2,62.6,67.2,66.3,63.8,67.1,57,66,63.2,71.8,66.7,63,63,55.2,59.1,66,69.8
8/18/2017 12:59,13:00,60.5,75.1,71.8,62.1,71.3,64.3,69.3,65.1,71,65,74.6,70,70.4,70.4,55.8,60.2,71,69.3
8/18/2017 13:59,14:00,69.6,81.1,89.3,87.8,75.6,74.8,76.9,76.8,73.8,75.1,81.2,78.2,89.8,89.8,68.2,74.3,73.8,77.6
8/18/2017 14:59,15:00,95.2,97.5,96.3,95.8,95.7,95.8,97.8,95.9,97.6,96.6,94.9,97.8,97.1,97.1,94.9,96.7,97.6,97.4
8/18/2017 15:59,16:00,96.3,97,96.9,95.3,95.7,96.3,98.8,98.5,98.1,97.1,97.5,97.8,97.1,97.1,95.9,97.7,98.1,98.5
8/18/2017 16:59,17:00,97.4,98.5,98.3,95.3,95.2,97.3,98.2,98,97.1,98.1,97,97.3,97.7,97.7,95.4,96.7,97.1,98.5
8/18/2017 17:59,18:00,96.9,99,98.3,96.3,97.2,96.8,98.8,99,97.6,98.6,98.5,98.3,98.6,98.6,95.9,98.2,97.6,99
8/18/2017 18:59,19:00,96.3,98,98.8,96.3,95.7,97.3,98.3,99.5,96.1,98.6,98.5,98.3,98.6,98.6,93.8,96.7,96.1,99
8/18/2017 19:59,20:00,96.3,98,98.3,95.7,94.7,97.3,99.2,99.5,96.6,98.1,98,97.3,97.6,97.6,95.4,96.1,96.6,99.5
8/18/2017 20:59,21:00,97.3,98.5,99.3,96.7,95.2,97.8,98.7,99.5,96.6,99.1,98,98.2,98.6,98.6,96.4,97.2,96.6,99
8/18/2017 21:59,22:00,96.8,98.5,99.3,97.7,96.6,97.8,99.2,100,97.6,99.1,99,98.8,99.1,99.1,94.9,97.7,97.6,98.5
8/18/2017 22:59,23:00,96.8,98.5,99.3,97.2,94.7,97.8,99.2,99.9,97.1,99.1,99.5,98.8,98.6,98.6,96.4,97.2,97.1,99
8/18/2017 23:59,0:00,96.8,98,99.8,97.2,96.7,98.3,99.2,99.4,96.1,99.1,99.5,97.3,99.1,99.1,95.9,97.2,96.1,99
8/19/2017 0:59,1:00,93.6,99,98.8,97.2,95.2,97.8,99.2,99.9,95.6,97,98.5,98.3,97.6,97.6,94.4,95.6,95.6,96.4
8/19/2017 1:59,2:00,86.6,96.4,95.7,95.2,91.7,94.7,99.7,100,90.4,93.4,92.4,97.8,94,94,88.2,94.1,90.4,90.7
8/19/2017 2:59,3:00,78.1,96.9,95.1,96.7,87.6,88.6,99.7,92.8,86.2,90.2,90.2,94.1,89.3,89.3,79.7,90.4,86.2,84.1
8/19/2017 3:59,4:00,74,91.7,97.2,94.6,91.6,84.4,100,91.2,81.8,90.7,88.6,96.7,89.3,89.3,76.4,88.3,81.8,77
8/19/2017 4:59,5:00,72.3,90.1,92.4,90.1,89.6,80.7,100,87.1,81.8,87.6,85.4,83.7,87.2,87.2,74.8,86.7,81.8,74.2
8/19/2017 5:59,6:00,68.9,82.7,85.1,73,79.8,71.5,100,70.2,78.1,79.5,75.7,57.9,84.6,84.6,69.2,81.9,78.1,72.6
8/19/2017 6:59,7:00,64.8,75.8,73.4,69.7,65.7,60.1,74.8,63.8,73.7,64.3,66,58.3,73.7,73.7,60.7,68.7,73.7,61
8/19/2017 7:59,8:00,57.8,64.3,62.5,58.5,59.4,54.8,58.9,57.9,63.5,56.6,62,56.5,66.3,66.3,52.5,53,63.5,56.4
8/19/2017 8:59,9:00,51.7,57.2,58.4,62.1,54.1,50.6,60.6,53.7,57,51.8,59,55.3,59.8,59.8,50.7,48.2,57,58.1
8/19/2017 9:59,10:00,48.7,62.6,50.6,57.3,57.2,47.6,57.8,50.1,52.4,48.7,56.6,48,57.5,57.5,45.3,43.3,52.4,50.3
8/19/2017 10:59,11:00,44.5,59.6,51.9,58.5,51.2,48.2,56,43.4,51.3,48.7,56,47.4,56.4,56.4,44.2,40.9,51.3,50.3
8/19/2017 11:59,12:00,42.2,55.5,48.9,56.2,50,42.8,53.7,43.4,47.6,47,53.5,46.8,52.8,52.8,41.8,43.4,47.6,51.1
8/19/2017 12:59,13:00,40.3,60.2,45.7,52,48.2,36,54.3,49.5,45.8,43.7,52.3,44.3,47.8,47.8,38.8,42.2,45.8,53.6
8/19/2017 13:59,14:00,38.5,54.2,45,55.1,47,43.5,51.2,47,46.5,44.5,51.7,40.5,49.1,49.1,36.3,41.5,46.5,48
8/19/2017 14:59,15:00,37.2,51.8,51.1,56.8,47.6,41.5,51.8,45,47.1,45.6,54.1,46.8,49.1,49.1,42.3,41.5,47.1,48.6
8/19/2017 15:59,16:00,42.1,59,58.4,64.4,50.6,45.2,57.1,50.6,48.3,46.8,56.5,49.2,55.8,55.8,44.1,45.7,48.3,49.7
8/19/2017 16:59,17:00,46.9,65.4,67.7,70.6,64.1,51.2,61.2,63.8,53,56,67.2,62.4,64.6,64.6,48.9,51.8,53,53.4
8/19/2017 17:59,18:00,57.9,69.9,75.7,79,73.4,64.7,70.3,74.6,56.6,66.6,83.3,72.7,70.3,70.3,59.2,56.5,56.6,65.8
8/19/2017 18:59,19:00,71,84.1,85.4,82,86.4,76.1,82.1,84.8,80.6,82.6,80.4,78,89.7,89.7,75.2,79.1,80.6,73.5
8/19/2017 19:59,20:00,73.3,88.4,91.3,89.9,91,82.7,87.4,94.2,82.3,85.3,89,89.4,96.4,96.4,75.2,78.5,82.3,77.4
8/19/2017 20:59,21:00,76.2,88.4,90.2,90.9,92,83.2,89.5,94.7,77.4,85.3,95.2,92,94.4,94.4,75.2,80.2,77.4,78
8/19/2017 21:59,22:00,76.8,87.4,93.9,92.9,89.4,81.1,88.4,94.7,76.8,85.3,95.2,92,92.3,92.3,71.8,81.8,76.8,79.6
8/19/2017 22:59,23:00,71,84.2,89.7,91.9,90.5,82.6,86.8,94.2,77.3,83.7,88.5,89.4,92.3,92.3,71.3,77.4,77.3,74.6
8/19/2017 23:59,0:00,69.2,83.1,87.5,89.8,90.9,79.9,85.8,95.7,74.5,82.6,87.4,90.4,88.6,88.6,66.1,72.3,74.5,75.7
8/20/2017 0:59,1:00,67.4,84.1,91.3,89.8,88.9,84.2,87.8,93.1,73.4,82.1,93.2,88.3,87.1,87.1,66.1,71.8,73.4,70.5
8/20/2017 1:59,2:00,69.2,84.1,90.2,91.4,88.4,84.2,84.7,93.6,80,83.1,93.7,87.7,90.7,90.7,71.7,77.3,80,76.8
8/20/2017 2:59,3:00,71.5,81.3,88.6,90.9,88.4,82,84.1,93.6,80.5,80.4,92.1,87.2,90.2,90.2,73.9,76.7,80.5,76.2
8/20/2017 3:59,4:00,72.1,83.5,87.5,91.4,87.9,80.4,80.4,92.1,79.4,79.8,87.9,87.2,89.7,89.7,73.9,77.3,79.4,75.1
8/20/2017 4:59,5:00,68,78.1,83.2,79.8,87.9,68.9,77.2,58.9,75.6,73.7,81,75.8,88.1,88.1,68.9,72.3,75.6,67.2
8/20/2017 5:59,6:00,61.5,72.5,73.7,65.8,70.9,59.7,67.7,62.3,66,64.5,69.7,51.3,81.2,81.2,60.3,64.4,66,60.7
8/20/2017 6:59,7:00,54.9,62.2,63.9,56.4,62.5,53.8,63.7,56.9,62,55,60.9,54.3,68.8,68.8,52.6,53.8,62,54.2
8/20/2017 7:59,8:00,53.7,59.3,58,55.7,59.1,52,59.7,52.7,59.1,51.4,61.5,52.5,64.8,64.8,49.7,50.8,59.1,54.2
8/20/2017 8:59,9:00,49.5,59.3,52,52.1,54.5,48.4,59.7,50.9,55.7,47.8,57.4,50.1,60.2,60.2,49.2,47.3,55.7,53.8
8/20/2017 9:59,10:00,46,50.8,49,49.7,52.1,44.8,49.7,43.5,47.9,44.6,56.2,48.3,54.8,54.8,43.1,40.6,47.9,48.9
8/20/2017 10:59,11:00,39.2,50.8,42.1,49.1,46.1,39.2,46,36.7,45.5,41.5,49.5,42.1,48,48,38.8,36.8,45.5,45.3
8/20/2017 11:59,12:00,36.2,47.9,41.6,46.7,45.5,35.4,46.7,39.9,40.6,38.4,47,40.8,45.7,45.7,32.6,40,40.6,44.1
8/20/2017 12:59,13:00,33.8,44.8,42.3,44.9,45,36.8,44.2,41,40.6,39.1,47,36.2,45,45,32.6,32,40.6,44.1
8/20/2017 13:59,14:00,32.5,49.1,40.4,48.1,46.2,37.5,43.6,41.7,41.3,37.2,49.6,40.8,46.4,46.4,30.9,36.3,41.3,41.6
8/20/2017 14:59,15:00,31.9,44.1,45.3,50.5,42.4,41.2,48.5,43.6,41.3,41.6,49.6,42,46.4,46.4,35.7,38,41.3,40.9
8/20/2017 15:59,16:00,43.8,53.3,56.3,57.6,47.3,44.9,53.9,47.9,41.8,44.2,55.1,51.5,53.8,53.8,45.2,40.5,41.8,50.2
8/20/2017 16:59,17:00,52.9,59.2,68.7,67,66.6,60.5,63.3,63.5,50.3,57,70.4,65.8,60.9,60.9,51.2,46.6,50.3,58
8/20/2017 17:59,18:00,52.2,66.3,76.1,77.2,73.8,66.2,70.7,75,58.2,65.3,80.4,74.8,69.6,69.6,57.8,59.9,58.2,62.1
8/20/2017 18:59,19:00,60.6,70.4,80.5,80.4,79.7,72.4,72.4,80.5,61.7,68.8,86.9,79.2,76.3,76.3,59.5,62.2,61.7,67.3
8/20/2017 19:59,20:00,64.8,75.4,85.4,82.6,82.8,75.2,74.6,84.3,64,75,89.6,83,80.7,80.7,63.5,69.1,64,70.2
8/20/2017 20:59,21:00,65.3,75.4,86.5,82,85.4,78.4,77.8,87.4,66.2,75.5,92.7,85.7,82.9,82.9,62.3,66.8,66.2,73
8/20/2017 21:59,22:00,70,77.6,88.7,85.2,85.9,80.6,81.1,88.5,72.5,77.8,93.2,88.3,86.1,86.1,64.1,67.9,72.5,79.2
8/20/2017 22:59,23:00,75.2,79.3,90.8,85.7,85.9,82.2,83.2,89.5,73.1,81.1,96.2,89.4,87.1,87.1,68.1,70.2,73.1,79.2
8/20/2017 23:59,0:00,71.7,77.6,90.3,84.7,88.5,83.2,83.7,91.1,74.7,83.2,93.7,89.4,89.2,89.2,69.2,69.1,74.7,75.8
8/21/2017 0:59,1:00,71.1,79.8,90.8,87.8,87.5,83.2,83.7,92.2,74.7,81.1,95.2,89.9,90.2,90.2,69.2,72.5,74.7,78.1
8/21/2017 1:59,2:00,78.6,81.5,91.8,88.9,87.9,85.3,85.3,92.7,75.8,81.6,96.8,91,91.3,91.3,73.7,74.1,75.8,84.7
8/21/2017 2:59,3:00,75.7,83.7,91.8,87.3,87.9,86.4,86.9,92.7,76.9,82.1,96.3,90.4,90.2,90.2,70.3,76.4,76.9,79.2
8/21/2017 3:59,4:00,77.4,85.3,91.4,88.4,87.5,85.4,86.9,92.7,76.9,82.1,95.2,89.4,92.3,92.3,73.1,77.5,76.9,80.3
8/21/2017 4:59,5:00,75.8,82.7,86.1,83.8,85,73.6,80.1,78.5,75.4,75.6,86.5,77.7,88.3,88.3,71.5,75.9,75.4,76
8/21/2017 5:59,6:00,76.5,82.7,80.2,76.8,78.8,71,79.7,74.2,74.3,74,79.1,66,84.6,84.6,72.2,73.8,74.3,75
8/21/2017 6:59,7:00,70.3,73,73,71.9,71.3,63.1,70.4,69.1,72.2,63.8,71.9,66,78.8,78.8,67.8,66.6,72.2,68.8
8/21/2017 7:59,8:00,68.6,69.1,70.2,67.5,68.7,63.8,71.1,66.9,69.5,64.6,70.8,64.4,75.5,75.5,63.3,63.3,69.5,66.6
8/21/2017 8:59,9:00,61.7,66.9,64.6,67.5,64.8,65.1,66.7,64.1,65,59.3,66.3,65.1,72.3,72.3,59.3,59.9,65,66.1
8/21/2017 9:59,10:00,63,71.4,68.1,64.8,66.6,61.6,65,59.5,63.4,61.2,65.2,66.9,70.1,70.1,59,59.9,63.4,66.1
8/21/2017 10:59,11:00,70,78.2,64.1,67.6,69.4,66.8,70.7,67.7,66.3,68.7,71.6,73.7,72.3,72.3,61.3,62.3,66.3,71.8
8/21/2017 11:59,12:00,78,81.4,80.5,75.5,79.7,90.9,78.4,75.6,75.8,77.7,90,88.3,81.8,81.8,84.4,73.6,75.8,90.4
8/21/2017 12:59,13:00,65.1,79.7,69.1,75.5,73.6,75.9,68.7,69.1,69.5,63.2,68.3,69.9,71.2,71.2,76.1,53,69.5,82.7
8/21/2017 13:59,14:00,66.7,75.1,59.1,63.8,63,80.7,60.6,76.4,60.7,57.2,68.9,79.5,64.1,64.1,64.2,64.3,60.7,70.9
8/21/2017 14:59,15:00,79.4,88.2,84.1,82.4,91.7,88.7,91.7,83.5,91.9,86.6,74.6,88.1,77.7,77.7,86.2,82.2,91.9,87
8/21/2017 15:59,16:00,74.2,86,79.1,77.3,83.6,90.7,92.7,79.1,83,81.3,80.8,85,73.8,73.8,83.5,72.8,83,78.8
8/21/2017 16:59,17:00,75.9,86,85.1,83.3,86.6,94.2,94.2,83.9,79.2,88.2,81.8,91.1,79.3,79.3,84,76,79.2,82.6
8/21/2017 17:59,18:00,79.9,86.5,87.8,87,92.7,96.7,94.2,86.6,79.8,89.8,88.7,91.1,82,82,84.5,79.3,79.8,85.3
8/21/2017 18:59,19:00,81.6,87.6,88.3,87,93.6,97.2,94.7,91.3,80.4,89.8,90.8,93.7,84.2,84.2,85.6,79.3,80.4,86.4
8/21/2017 19:59,20:00,84.9,88.6,90.4,89.1,93.2,97.2,91.2,92.8,79.8,90.8,92.8,95.7,86.8,86.8,86.1,82,79.8,87.5
8/21/2017 20:59,21:00,84.9,89.7,92.5,92.1,94.6,97.2,95.2,94.3,82.6,92.4,94.9,95.2,88.4,88.4,88.7,83.1,82.6,88.5
8/21/2017 21:59,22:00,85.9,90.7,92.5,92.1,96.1,97.6,94.7,95.3,84.1,93.4,96.4,96.2,90.4,90.4,88.2,86.3,84.1,90.6
8/21/2017 22:59,23:00,86.5,91.8,94.1,91.6,95.1,98.6,94.2,96.8,84.6,92.9,95.8,96.2,91.5,91.5,89.2,85.7,84.6,89.5
8/21/2017 23:59,0:00,87,92.2,94.6,93.6,96.5,98.6,95.2,97.3,84.6,92.9,97.8,95.6,90.9,90.9,89.2,86.2,84.6,91.1
8/22/2017 0:59,1:00,89.2,92.8,94.6,93.1,96.5,98.6,95.2,96.8,85.6,93.3,98.8,97.2,93,93,90.7,87.8,85.6,91.6
8/22/2017 1:59,2:00,90.3,92.8,95.1,92.1,96,98.6,95.6,98.3,87.2,93.3,98.8,96.1,94,94,91.2,88.3,87.2,94.8
8/22/2017 2:59,3:00,90.3,94.3,94.5,95.1,96.5,99.1,95.6,97.3,88.3,93.3,98.8,97.1,94.5,94.5,91.7,89.9,88.3,93.2
8/22/2017 3:59,4:00,91.3,93.8,94.5,93.1,97.5,98.6,95.6,98.3,87.8,93.3,98.3,94.6,95,95,91.7,88.8,87.8,94.3
8/22/2017 4:59,5:00,90.3,91.8,94.5,86.5,93.6,94.2,91.7,79.8,86.2,89.8,92.9,91.7,93,93,88.7,85.2,86.2,86.4
8/22/2017 5:59,6:00,86.5,86.6,86.8,77,85.7,86.7,88.2,78.2,81.5,81.4,84.1,57.7,90,90,85.2,79.9,81.5,85.9
8/22/2017 6:59,7:00,82.2,78.1,80.9,72.2,78,75.1,82.5,77.1,79.4,75.9,77.6,71.4,84.9,84.9,79.4,74,79.4,78.5
8/22/2017 7:59,8:00,73.9,75.5,73.2,68.2,74.3,69.7,78.3,71.1,74.6,69.9,72.7,70.4,77.9,77.9,71.3,66.3,74.6,70.8
8/22/2017 8:59,9:00,67.1,68.2,64.1,63,64.3,65.2,72.4,61.3,67.5,62.4,67,64.7,72.4,72.4,66.4,59.4,67.5,67.4
8/22/2017 9:59,10:00,60.7,62.3,57,66.1,58,60.1,64.5,56,58.8,58.3,64.2,60,65,65,60.2,54.2,58.8,64.6
8/22/2017 10:59,11:00,46.8,57.7,51.6,64.9,56.4,51.1,60.5,48.8,51.7,51.6,58.2,52.7,55.5,55.5,50.7,43.9,51.7,57
8/22/2017 11:59,12:00,43.1,56.5,46.6,57.2,49.8,40.2,57.7,44.3,47.5,47.9,51.4,45.9,52.5,52.5,39.6,44.4,47.5,52.7
8/22/2017 12:59,13:00,40,49,43.4,52.3,45.4,45.1,48.5,47.3,45.6,50.5,52.7,48.5,47.5,47.5,41,35.1,45.6,52.7
8/22/2017 13:59,14:00,43.7,52.7,47.8,55.3,48.5,44.4,52.8,47.9,47.5,46.6,50.8,47.7,50.6,50.6,42.2,42.5,47.5,51.5
8/22/2017 14:59,15:00,41.8,53.8,52,55.9,47.8,42.4,53.8,48.4,48,47.7,53.2,48.2,50.6,50.6,44.4,45.5,48,48.9
8/22/2017 15:59,16:00,49.7,56.8,54.9,59.3,49.6,52.7,53.2,52,50.3,48.9,53.7,54.4,53.5,53.5,51.7,49,50.3,56.1
8/22/2017 16:59,17:00,58.2,64.5,62.1,63.9,60.3,62.8,63.8,61.1,59.2,59.9,62.2,65.7,60.1,60.1,61.8,58.6,59.2,65.5
8/22/2017 17:59,18:00,64,69.6,69.1,69.7,65.4,66.7,66.6,66.9,63.3,65.7,67.4,67.9,66.6,66.6,65.7,63.8,63.3,69.5
8/22/2017 18:59,19:00,66.4,70.2,67.9,70.2,65.4,68.4,69.4,68,65.6,67.4,69.1,70.2,67.7,67.7,67.4,65.5,65.6,70.6
8/22/2017 19:59,20:00,61.6,71.3,70.8,73.7,65.9,64.3,68.3,68,64.4,65.7,70.8,68.4,71.2,71.2,64.5,63.8,64.4,65.4
8/22/2017 20:59,21:00,65.7,81.9,93.7,91.7,90.8,85.2,90.3,77.6,72.9,91.5,89.9,93.8,92.1,92.1,65.6,67.2,72.9,70.6
8/22/2017 21:59,22:00,68.6,76.3,88.9,90.1,82,79.3,87.1,75.3,71.6,86.7,86.1,89.1,85.8,85.8,67.2,72.2,71.6,71
8/22/2017 22:59,23:00,79.9,90.2,96.2,92.6,95.1,90.7,95.7,90.8,85.7,94.4,91.3,94.7,94,94,86.7,92.6,85.7,81.5
8/22/2017 23:59,0:00,79.9,91.2,96.2,93.1,93.2,90.2,95.7,92.8,83,95.5,92.8,96.2,94,94,85.1,85.7,83,81
8/23/2017 0:59,1:00,79.2,90.2,95.7,93.1,92.2,90.7,96.2,91.8,83.5,93.4,92.8,94.7,93,93,82.9,84.1,83.5,81
8/23/2017 1:59,2:00,78.7,89.6,95.7,93.1,92.7,87.1,96.2,90.7,81.9,93.9,93.4,95.7,94,94,80.8,84.1,81.9,81
8/23/2017 2:59,3:00,81.5,87.6,94.1,93.6,93.2,86,96.7,88.6,81.9,91.8,92.3,94.2,93.5,93.5,82.4,83.6,81.9,81
8/23/2017 3:59,4:00,80.9,89.1,94.1,94.1,92.6,86.5,94.7,87.6,82.5,92.3,91.8,94.2,90.9,90.9,81.9,85.2,82.5,81
8/23/2017 4:59,5:00,79.2,86.5,90.4,89.1,86.6,80.2,85.5,73.1,79.8,86.6,85.5,88,90.9,90.9,77.6,79.8,79.8,74.9
8/23/2017 5:59,6:00,70.2,79,80.8,76.3,78.8,72.7,78.1,71.9,73.8,76.9,80.7,70,82,82,72.1,68.1,73.8,71
8/23/2017 6:59,7:00,69.6,77.8,75.2,75.2,77.2,64,77.5,73.5,72.6,68.8,67.1,63.5,82,82,67,71,72.6,68
8/23/2017 7:59,8:00,50.3,64.7,56.3,62.5,60.3,55.8,55.6,66.7,52.7,60.7,61.1,52.6,59.6,59.6,54.8,54.7,52.7,60.4
8/23/2017 8:59,9:00,48.5,63,55.7,57.8,58.1,54.1,58.1,52.9,54,53.5,59.9,53.2,59.6,59.6,49.3,48.7,54,56.3
8/23/2017 9:59,10:00,45.4,56.9,53.3,58.9,56.3,46.1,53.3,51.6,52.2,50.9,58.8,50.8,57.3,57.3,45.1,47.9,52.2,50.7
8/23/2017 10:59,11:00,41.8,58.3,49.7,52.8,56.9,47.9,54,41.6,50.4,49.7,53.8,47.7,53.1,53.1,45.1,43.8,50.4,50.2
8/23/2017 11:59,12:00,38.1,54.6,46.6,49.2,52.8,41.2,50.3,39.2,48.5,46,50.2,46.4,48.7,48.7,41.3,40,48.5,50.8
8/23/2017 12:59,13:00,37.5,49,45.9,48,47.3,40.6,47.3,45.5,43.6,42.9,49.5,44.5,50,50,37.1,30.7,43.6,45.3
8/23/2017 13:59,14:00,33.8,53.9,44.1,45.4,50.4,39.9,45.4,43.5,43.6,39,50.1,42.6,48,48,38.9,37.4,43.6,42.8
8/23/2017 14:59,15:00,35.5,52.6,44.5,46,45.3,40.4,45.9,43.5,41.6,41.5,47.5,41.8,45.5,45.5,38.9,39.2,41.6,44
8/23/2017 15:59,16:00,37.8,55.6,52.5,55.8,48.3,42.2,47.7,45.8,42.3,44.6,50,47.5,48,48,38.9,39.2,42.3,40.7
8/23/2017 16:59,17:00,42.8,59.8,66.2,65.2,61.9,54.5,55,56.8,49,56.3,63.3,62.6,59,59,44.2,44.6,49,48.7
8/23/2017 17:59,18:00,45.3,60.3,72,68.1,69.8,62.6,61.4,68,52.6,61.6,78.2,73,66,66,46.1,48.9,52.6,53.6
8/23/2017 18:59,19:00,47.7,61.5,72.6,65.7,70.4,62.6,60.8,65.7,55.6,58,72.6,70.2,66,66,50.9,50.7,55.6,56
8/23/2017 19:59,20:00,52,65,81,71.4,76.4,70,68.3,70.3,61.5,66.8,84.7,77.4,71.7,71.7,55.7,54.9,61.5,61.3
8/23/2017 20:59,21:00,53.8,66.7,79.8,75.9,74.7,66.6,64.8,69.7,61.5,69.8,86.8,74.1,74.5,74.5,55,51.8,61.5,60.7
8/23/2017 21:59,22:00,52.5,64.3,80.9,81.3,79,70.5,74.4,75.3,64.8,70.8,87.9,81.8,76.1,76.1,57.4,60.2,64.8,64.8
8/23/2017 22:59,23:00,50.5,67.2,82,84,79,70.5,65.3,81.4,65.4,66.7,75.8,76.3,77.8,77.8,53.7,61.9,65.4,57.5
8/23/2017 23:59,0:00,49.9,70.1,84.2,86.1,79,69.9,61.8,80.8,66.5,62,78.6,71.7,83.2,83.2,54.2,67.1,66.5,61.7
8/24/2017 0:59,1:00,51.7,67.2,76.4,84,77.8,66.4,62.3,74.7,65.3,62,72.4,67.1,75,75,54.2,63.6,65.3,57.5
8/24/2017 1:59,2:00,53.5,66,70.7,82.4,74.1,64.1,63.5,71.3,63.6,63.1,75.3,61.8,77.2,77.2,55.4,63.6,63.6,58.7
8/24/2017 2:59,3:00,56.6,67.2,71.2,81.8,73.5,63.5,65.8,70.8,62.4,62.5,69.5,64.8,75.5,75.5,57.8,58.3,62.4,60.5
8/24/2017 3:59,4:00,57.1,70.1,71.8,71.8,71.8,62.9,65.2,63.8,62.4,63.7,72.4,68.3,75.5,75.5,59,59.5,62.4,62.2
8/24/2017 4:59,5:00,56,69.5,68.9,68.4,69.1,61.2,64.1,64.4,61.2,64.9,71.8,64.2,72.7,72.7,59,60.1,61.2,61.1
8/24/2017 5:59,6:00,52.9,68.9,66.1,62.6,65.7,56.5,61.2,60.8,58.3,61.3,68.4,58.3,71.6,71.6,56.1,57.8,58.3,56.4
8/24/2017 6:59,7:00,51.8,63.1,60.8,60.3,63.5,56.5,61.2,57.3,59,59,66.1,58.9,64.7,64.7,51.9,53,59,55.8
8/24/2017 7:59,8:00,49.3,64.4,60.2,57.3,57.1,53.7,56.6,55.6,54.2,53,60.2,52.9,62.3,62.3,49.5,49.4,54.2,51.7
8/24/2017 8:59,9:00,45.6,52.6,50,52,50.7,48.3,51.8,49.4,51.3,46.9,51.7,46.8,57,57,46.5,45.3,51.3,48
8/24/2017 9:59,10:00,38.8,51.9,45.1,47.6,45.2,42.2,42,40.7,40.8,40.6,49.9,44.3,48.4,48.4,41,40.3,40.8,48.7
8/24/2017 10:59,11:00,31.9,48.3,40,43.8,44,37.7,44.6,34.5,41.4,35.4,44.2,43.5,43.5,43.5,39.2,34.5,41.4,41.3
8/24/2017 11:59,12:00,36.4,44.5,38.1,41.4,42.2,33.8,39,33,40.8,37.4,45.4,36.6,38.9,38.9,36.6,32.7,40.8,41.7
8/24/2017 12:59,13:00,34.5,50.7,40.6,48.3,45.2,34.6,40.8,39.4,37.7,33,43.5,34.6,42.2,42.2,34.7,33.9,37.7,40.5
8/24/2017 13:59,14:00,33.4,40.7,37.5,43.3,43.5,32.7,38.2,38.7,38.4,36.2,45.4,41.2,37.8,37.8,34.7,33.9,38.4,40.5
8/24/2017 14:59,15:00,30.2,45,40.6,51.6,40.8,35.8,37,37.4,37.7,35.5,46.7,42.3,40.9,40.9,34.7,34.4,37.7,37.5
8/24/2017 15:59,16:00,37.1,54.3,48.7,62.8,46.4,39.6,43.9,46.3,40.9,40.5,48.5,42.3,47.2,47.2,37.3,38.9,40.9,38
8/24/2017 16:59,17:00,36.3,53.6,62,67.4,58.3,53,53,53,44.5,48,66.1,57.1,56.4,56.4,38.4,42.6,44.5,41
8/24/2017 17:59,18:00,41.3,56.6,67.9,69.7,64.7,57.2,52.4,64.5,48.2,53.6,70.7,66,61.8,61.8,41.5,45.7,48.2,46
8/24/2017 18:59,19:00,46.3,62,73,71.9,71.4,63,55.3,66.2,50.6,58.5,79.8,72.3,65.9,65.9,47.7,50.6,50.6,52.1
8/24/2017 19:59,20:00,48.7,61.4,71.3,78.1,71.4,64.8,61.9,67.9,52.4,60.8,78.1,72.9,71.1,71.1,50.7,51.8,52.4,56.9
8/24/2017 20:59,21:00,47.5,63.1,74.2,77,71.9,64.8,63.6,70.8,52.4,59.6,80.3,67.1,73.3,73.3,49.5,53,52.4,56.9
8/24/2017 21:59,22:00,51.2,67.8,75.4,79.7,76.8,68.8,65.9,78.2,62.5,59,71.9,66.6,75.6,75.6,56.1,57.8,62.5,61.2
8/24/2017 22:59,23:00,68.5,78.5,92.8,89.8,87.8,84.1,90.4,77,75.6,91.1,94.2,89.8,93.8,93.8,73.8,70,75.6,76.1
8/24/2017 23:59,0:00,67.9,80.2,90.7,92.9,84.8,80.9,85.7,80.3,74.4,87.9,87.9,91.9,90.2,90.2,70.6,73.4,74.4,75.6
8/25/2017 0:59,1:00,73.7,81.9,95.5,92.9,89.4,86.8,91.4,88.9,75.6,91.1,96.2,94.5,96.8,96.8,76.1,75.1,75.6,80.1
8/25/2017 1:59,2:00,74.3,84,94.9,90.8,90.9,87.8,91.9,92.1,77.2,90.5,98.2,92.9,96.8,96.8,75.5,76.2,77.2,80.6
8/25/2017 2:59,3:00,73.7,82.9,98.1,95.4,90.9,87.3,92.4,93.1,77.7,90.5,98.2,94.5,97.8,97.8,76,75.6,77.7,81.7
8/25/2017 3:59,4:00,74.8,83.5,94.4,92.9,90.9,88.3,86.7,92.1,78.3,88.9,95.7,94.5,95.3,95.3,79.3,80,78.3,80.6
8/25/2017 4:59,5:00,76,81.8,93.4,84.6,89.4,78.8,84.1,73.7,78.8,83.6,92.1,87.7,93.8,93.8,77.2,75.6,78.8,74.4
8/25/2017 5:59,6:00,71.4,80.2,87.5,78.2,84.2,71.1,80.9,69.8,75,78.1,90,76.3,93.8,93.8,71.7,68.3,75,68.9
8/25/2017 6:59,7:00,64.4,70.8,79.9,69.2,72,58.5,73.3,64.5,68.8,65.7,75.9,62,86,86,63.2,62,68.8,57.7
8/25/2017 7:59,8:00,59,65.1,67.4,63.9,63.6,57.2,64.8,61.6,61.9,57.3,66.2,57.2,76.2,76.2,55,54.3,61.9,55.3
8/25/2017 8:59,9:00,51.9,57.4,56.7,62.8,60.2,51.4,61.9,59.8,55.5,55,62.1,53,65.3,65.3,52.7,50.2,55.5,60.7
8/25/2017 9:59,10:00,50.1,59.1,56.2,61,57.8,50.7,56.7,52.6,53.7,49.4,55.4,53.5,60,60,47.8,50.2,53.7,54.8
8/25/2017 10:59,11:00,43.3,52.6,47.6,58.8,51.9,47.6,57.9,46.6,47.8,44.6,56,50.5,54,54,44.2,39.2,47.8,52.4
8/25/2017 11:59,12:00,41.5,54.3,51.9,57.4,55.5,48.4,52.6,48.4,45.9,49.5,53.6,48,51.6,51.6,44.9,41,45.9,53.6
8/25/2017 12:59,13:00,36.6,59.7,47.6,49.6,55.5,48.4,52.6,43.2,48.9,48.9,53,49.4,53.4,53.4,39.4,44.6,48.9,48
8/25/2017 13:59,14:00,46,56.1,54.9,52.6,54.3,49.5,52,53.2,46.5,47,60.3,53.5,55.8,55.8,45.5,44.6,46.5,54.7
8/25/2017 14:59,15:00,50.1,60.3,57.4,56.8,59.6,54.3,57.3,54.4,54.4,53.1,62.7,56.6,57.7,57.7,49,48.3,54.4,52.9
8/25/2017 15:59,16:00,46.4,60.8,60.3,60.4,61.9,52.5,55.4,57.4,53.7,53.7,63.8,58.4,61.2,61.2,46.5,50.7,53.7,49.8
8/25/2017 16:59,17:00,51.8,65,67.3,68,62.9,58.5,60.2,62.7,57.2,59.1,66.7,67.2,66.5,66.5,52.6,53.6,57.2,57.6
8/25/2017 17:59,18:00,54.3,66.7,71.9,76.5,68,67.1,65.3,68.5,57.2,62,82,73.5,72.2,72.2,55.6,53.6,57.2,61.8
8/25/2017 18:59,19:00,56.8,67.3,77.1,76.5,71.9,70.5,66.5,73.1,59.6,68,82.5,75.7,75.1,75.1,58,56,59.6,64.1
8/25/2017 19:59,20:00,56.8,71.3,81.5,82.4,77.9,72.8,71.1,78.7,66,68.5,80.4,79.1,79.5,79.5,59.7,62.5,66,66.4
8/25/2017 20:59,21:00,59.1,74.7,82.1,80.8,79.5,75.5,71.6,79.2,67.8,68.5,79.8,78.5,81.7,81.7,62,63.7,67.8,68.2
8/25/2017 21:59,22:00,61.5,75.8,81.5,80.8,81.6,70.5,70.4,82,66.6,72.5,81.4,77.4,83.8,83.8,63.7,66.5,66.6,69.3
8/25/2017 22:59,23:00,63.2,75.8,78.1,81.8,81.6,74.4,72.1,79.2,68.8,73,81.4,76.3,82.7,82.7,68.3,66,68.8,71.6
8/25/2017 23:59,0:00,63.8,76.3,78.7,80.7,80.5,76.6,69.8,84.7,65.9,71.3,80.3,78.5,82.2,82.2,67.7,67.7,65.9,71
8/26/2017 0:59,1:00,63.2,76.3,84.2,84.5,83.2,77.1,76,86.8,70.5,73,88.4,80.6,83.8,83.8,68.8,68.8,70.5,70.4
8/26/2017 1:59,2:00,67.3,79.1,85.3,87.7,85.8,80.9,77.6,87.8,72.2,75.3,90.5,83.9,86.5,86.5,71,70.5,72.2,73.8
8/26/2017 2:59,3:00,70.2,79.6,88.6,83.9,87.3,83,77,90.5,69.8,77.5,95.2,83.9,88.6,88.6,69.3,72.2,69.8,73.8
8/26/2017 3:59,4:00,67.2,75.1,81.4,85,83.1,72,74.2,91,68.7,70.1,80.3,75.6,86.4,86.4,68.2,68.2,68.7,70.3
8/26/2017 4:59,5:00,63.6,74,77.5,76.4,80.5,63.5,65.2,73.1,64.7,66,75.2,68.2,86.4,86.4,64.7,64.7,64.7,65.7
8/26/2017 5:59,6:00,59.5,62.4,62.4,57.9,66.8,56.5,60,56,60,57.8,64.8,44.4,69.2,69.2,57.2,52.9,60,57.5
8/26/2017 6:59,7:00,60.8,60.8,59,53.7,56.5,53.7,58.9,58.5,60,53.6,61.3,56.5,62.2,62.2,56.7,52.9,60,55.9
8/26/2017 7:59,8:00,56.7,57.4,55.4,53.7,55.4,52.5,58.4,54.3,57.8,50.6,59.6,53.5,61.8,61.8,54.4,48.9,57.8,52.3
8/26/2017 8:59,9:00,50,52.6,44.9,47.6,51.9,48.8,50,46.2,49.4,45.7,48.5,46.8,52,52,43.5,40.2,49.4,50.5
8/26/2017 9:59,10:00,38.2,49.4,41.9,46.9,49.4,42.6,46.3,41.4,46.3,39.3,44.8,42.2,47.8,47.8,37.9,38.3,46.3,42.9
8/26/2017 10:59,11:00,34.5,50.1,41.9,43.8,45.2,40.2,46.3,36.3,43.9,41.8,47.3,44.3,49.1,49.1,32.9,32.1,43.9,41.7
8/26/2017 11:59,12:00,32.6,48.8,43.7,49.5,45.7,39.5,43.2,39.3,41.5,41.8,49.8,45.5,47.8,47.8,29.1,35.1,41.5,43.7
8/26/2017 12:59,13:00,37,50,39.4,47.6,45.2,33.3,43.9,40,41.5,37.5,45.4,39.9,43.4,43.4,29.8,30.9,41.5,40.4
8/26/2017 13:59,14:00,30.9,50.5,45.6,44.4,46.9,38.9,44.4,39.3,42,39.9,44.2,38.6,48.4,48.4,31.6,37,42,39.8
8/26/2017 14:59,15:00,35.8,51.1,46.8,45,44.4,36.4,42.6,43,42.6,39.3,49.8,42.9,49.7,49.7,37.2,38.8,42.6,41
8/26/2017 15:59,16:00,35.8,51.8,54.8,50,46.9,41.3,43.2,45.6,41.9,45.6,51.6,47.9,51.5,51.5,37.8,39.5,41.9,40.3
8/26/2017 16:59,17:00,41.9,52.3,65.5,65.6,55.9,56.6,53.5,61.4,46.9,55.4,67.8,62.4,59.9,59.9,40.9,43.1,46.9,47.2
8/26/2017 17:59,18:00,43.1,56,71.8,73.6,65.7,61.8,61.2,63.8,51.1,57.1,77.5,70.5,66.4,66.4,44.5,45.5,51.1,48.4
8/26/2017 18:59,19:00,50.5,63.1,78.1,74.7,74.1,66.4,63.5,70.2,53.5,60.8,84.7,76.2,72.1,72.1,51.3,51.7,53.5,58.1
8/26/2017 19:59,20:00,51.7,64.8,79.8,76.9,77.3,71,65.8,75.8,61.3,64.9,87.3,77.9,77.7,77.7,53.1,57.7,61.3,59.3
8/26/2017 20:59,21:00,56,71.2,85.3,84,81.6,72.1,70.3,78.6,67.1,66.6,90.5,79.5,83.8,83.8,58.4,60.7,67.1,64
8/26/2017 21:59,22:00,61.3,73.5,86.9,83.4,84.7,75.4,71.5,81.3,67.6,68.4,92.6,78.4,87.5,87.5,61.3,65.3,67.6,67.5
8/26/2017 22:59,23:00,64.9,73.5,85.8,86.6,83.1,75.4,73.2,84.6,66.4,71.2,90,81.2,88.6,88.6,65.3,68.2,66.4,70.9
8/26/2017 23:59,0:00,67.8,77.9,89.1,86.6,86.3,77.1,77.6,87.3,72.2,74.7,86.3,80.1,89.1,89.1,68.2,69.9,72.2,73.8
8/27/2017 0:59,1:00,69.6,80.2,92.3,87.2,88.8,78.1,80.3,89.9,72.2,76.9,94.2,82.8,93.3,93.3,70.4,72.7,72.2,76.1
8/27/2017 1:59,2:00,74.2,82.3,91.8,88.2,89.3,81.9,83.5,91.5,74.4,79.7,94.7,85,91.7,91.7,77.1,76.1,74.4,80.5
8/27/2017 2:59,3:00,78.8,84,93.4,89.2,89.3,85.7,86.7,93.6,77.7,83.5,97.2,88.2,90.1,90.1,79.9,78.3,77.7,83.8
8/27/2017 3:59,4:00,77.7,85.1,93.4,89.2,90.3,86.2,85.1,93.1,77.7,81.9,96.7,87.7,91.7,91.7,79.3,80.5,77.7,83.3
8/27/2017 4:59,5:00,76,82.9,88.6,85.1,87.3,74.3,81.4,82.6,76.1,76.9,88.9,78.5,91.2,91.2,75.5,74.5,76.1,76.1
8/27/2017 5:59,6:00,70.8,75.2,76.5,69.1,76.2,63.1,73.2,67.4,70.5,67.3,75.3,47,87,87,68.9,64.9,70.5,65.4
8/27/2017 6:59,7:00,63.8,62.7,60.2,56.1,61.3,60.2,61.8,61.5,61.9,56.7,60.3,59,70.5,70.5,59.1,53.7,61.9,60
8/27/2017 7:59,8:00,51.2,56.1,49.8,49.3,52.4,50,51.7,55.6,54.2,48.8,49.7,48.6,56.9,56.9,49,47.6,54.2,51
8/27/2017 8:59,9:00,39.3,47.5,51.1,46.2,45.6,43.8,46.9,41.8,43.2,43.7,51,43.6,53.9,53.9,38.5,36.9,43.2,44.8
8/27/2017 9:59,10:00,39.3,50.5,48,49.3,48.7,42.5,47.4,41.2,46.9,43.7,49.1,47.3,50.2,50.2,39.7,38.9,46.9,46
8/27/2017 10:59,11:00,41.3,49.3,44.9,46.9,48.1,42.5,46.9,43.8,45.7,45,51.7,46.1,47.7,47.7,39.7,37,45.7,46.7
8/27/2017 11:59,12:00,40.2,53.6,41.8,46.3,49.4,41.4,49.4,43.8,45.2,40.5,47.9,42.4,44.6,44.6,37.3,40.1,45.2,43.5
8/27/2017 12:59,13:00,34.6,53,46.1,45,47,38.9,45.1,43.8,42.7,39.9,46.6,41,50.8,50.8,34.8,38.2,42.7,42.9
8/27/2017 13:59,14:00,35.1,52.4,44.3,43.7,48.8,39.5,46.9,45.7,43.9,43.1,47.9,46.7,45.9,45.9,37.2,42.6,43.9,43.6
8/27/2017 14:59,15:00,38.2,51.7,52.3,48.7,48,41.9,46.2,47.4,43.9,45.4,48.4,46.7,51.4,51.4,37.8,42.6,43.9,42.2
8/27/2017 15:59,16:00,40,49.2,53.5,45.5,48.6,43.7,46.8,46.1,43.1,44.8,49,49.8,53.2,53.2,39.6,40,43.1,43.4
8/27/2017 16:59,17:00,42.4,52.3,57.6,51,52.2,47.4,49.2,50.4,46.2,50.4,59.5,54.5,57.4,57.4,42.7,42.4,46.2,47.7
8/27/2017 17:59,18:00,45.5,57.7,71.2,62.5,61,58.8,60,60.2,50.5,57.1,76.9,68.8,62.2,62.2,46.4,44.2,50.5,50.8
8/27/2017 18:59,19:00,53.6,63.7,74.6,69,66.8,65.3,64.1,65.5,58.3,61.3,83.6,72.8,68.6,68.6,55.5,55.9,58.3,59.9
8/27/2017 19:59,20:00,55.4,63.7,78.6,63.2,63.4,64.2,63.5,60.8,59.5,66.6,83,75.7,75.5,75.5,56,54.1,59.5,61
8/27/2017 20:59,21:00,62,67.2,81.4,69.5,67.3,67.6,68.1,66.7,63,70.7,74.7,75.7,79.4,79.4,62,63,63,66.3
8/27/2017 21:59,22:00,62,71.2,82.5,72.9,74.5,68.1,70.9,67.8,65.9,72.9,81.9,82.3,80.5,80.5,62,60.6,65.9,67.5
8/27/2017 22:59,23:00,66.7,72.9,86.4,78.5,81,77.1,77.6,75.8,69.3,76.3,92.6,83.9,84.3,84.3,68.2,65.3,69.3,72.7
8/27/2017 23:59,0:00,71.9,78.5,87.5,83.4,85.2,79.2,80.8,83.5,71.5,78,89.4,83.3,88,88,74.3,69.3,71.5,78.8
8/28/2017 0:59,1:00,75.9,80.1,90.2,86.6,87.3,81.4,82.4,86.2,73.8,81.3,92.8,85.5,89.6,89.6,76,74.4,73.8,81.6
8/28/2017 1:59,2:00,75.4,81.8,89.6,87.7,89.3,81.4,81.3,89.9,73.8,80.2,93.2,84.4,91.2,91.2,77.1,74.9,73.8,80.5
8/28/2017 2:59,3:00,74.8,82.3,90.7,89.2,88.3,79.7,81.3,90.5,74.3,80.8,91.3,83.9,90.7,90.7,75.4,76,74.3,79.9
8/28/2017 3:59,4:00,74.8,84,86.9,88.7,88.8,76.4,79.2,90.5,73.7,80.8,90,81.2,91.7,91.7,73.8,77.2,73.7,78.2
8/28/2017 4:59,5:00,72.4,76.8,80.8,77.4,82.1,70.3,73.7,74.2,72.1,72.3,80.8,76.2,90.7,90.7,69.8,68.7,72.1,70.9
8/28/2017 5:59,6:00,66.1,68.3,68.9,63.2,70.2,59.5,66.9,60.2,65.8,63.1,70.1,46.9,73.8,73.8,63.6,60.1,65.8,62.2
8/28/2017 6:59,7:00,62,61.4,61.3,57.9,60.6,56.6,60,59.1,61.2,56,63.7,56.5,66.4,66.4,58.4,53.6,61.2,60
8/28/2017 7:59,8:00,53.6,60.2,59,58.5,57,51.7,57.1,55.5,55.9,54.2,60.8,52.9,62.3,62.3,51.3,51.8,55.9,53.3
8/28/2017 8:59,9:00,50.6,57.3,54.8,53.7,56.5,50.6,57.1,52.4,53.6,51.2,58.3,52.3,58.1,58.1,47.2,47.6,53.6,51.6
8/28/2017 9:59,10:00,44.4,53.6,49.2,51.2,51.2,46.3,48.7,43.8,49.4,46.8,56.5,46.1,51.5,51.5,41.5,44.4,49.4,44.7
8/28/2017 10:59,11:00,40.8,50.5,48.7,50.6,49.4,44.5,50,43.2,47.5,48,49.1,46.8,49.6,49.6,39.2,37.1,47.5,44.7
8/28/2017 11:59,12:00,39.6,49.9,45.6,48.7,48.1,43.9,46.9,43.2,47.5,46.2,49.1,44.9,47.8,47.8,41.6,39,47.5,47.8
8/28/2017 12:59,13:00,36.5,53,47.4,48.1,47.5,42.6,46.9,43.2,45.7,44.9,52.2,47.3,49.6,49.6,37.2,37.6,45.7,42.9
8/28/2017 13:59,14:00,41.3,51.1,50.5,49.3,49.3,45.1,49.3,46.2,46.9,46.2,49.7,46,49,49,37.2,42,46.9,42.9
8/28/2017 14:59,15:00,43.3,54.2,52.3,51.2,52.9,48.7,51.1,49.9,51.2,48.6,53.4,50.4,52,52,42.9,46.3,51.2,49.7
8/28/2017 15:59,16:00,46.3,57.2,55.9,54.8,54.7,52.3,54.7,55.4,51.7,54.1,57.1,56.5,60,60,47,50.5,51.7,52.7
8/28/2017 16:59,17:00,49.2,58.3,60.1,57.8,55.2,55.9,56.4,56.6,54.7,57.7,59.5,58.8,61.1,61.1,50,51,54.7,54.4
8/28/2017 17:59,18:00,54.8,61.9,62.4,60.2,59.9,59.4,60.6,60.2,57.7,60.7,63.7,62.4,65.2,65.2,55.4,55.3,57.7,59.8
8/28/2017 18:59,19:00,59,64.2,64.8,63.1,62.8,62.9,62.9,63.2,60,64.3,68.4,65.9,66.3,66.3,58.4,58.3,60,62.8
8/28/2017 19:59,20:00,62,67.7,68.3,67.2,65.1,64.7,65.8,66.7,63,66.6,70.1,67.7,69.2,69.2,60.7,61.8,63,65.2
8/28/2017 20:59,21:00,64.9,69.5,70.7,69.5,66.8,66.4,67.5,67.8,64.7,68.3,72.9,69.4,72.1,72.1,63,63,64.7,66.9
8/28/2017 21:59,22:00,66.7,71.2,71.2,71.2,70.2,68.1,69.8,70.2,67.6,69.5,75.8,71.7,72.7,72.7,67.1,65.3,67.6,69.8
8/28/2017 22:59,23:00,70.2,72.3,74.1,74.6,71.8,71.5,72.6,73.6,69.8,71.8,77.5,73.9,75.5,75.5,68.8,67,69.8,72.1
8/28/2017 23:59,0:00,71.3,74,76.4,75.7,72.9,71.5,74.2,75.2,71,73.5,78,75.6,77.2,77.2,69.9,69.9,71,72.7
8/29/2017 0:59,1:00,71.9,75.1,76.4,76.8,72.4,72.6,73.7,74.7,71.5,74.1,79.1,74.5,78.3,78.3,71,68.7,71.5,72.7
8/29/2017 1:59,2:00,73.1,75.7,78.6,78.5,72.9,73.7,75.9,75.8,73.2,74.1,80.8,76.2,79.4,79.4,74.4,71,73.2,75.5
8/29/2017 2:59,3:00,86.1,85.6,92.8,88.7,89.9,89.9,89.3,94.1,87.4,90.5,91,90.8,93.8,93.8,87.8,87.5,87.4,89.8
8/29/2017 3:59,4:00,91.6,90.4,96.5,91.3,93.4,93.9,91.9,98.2,92.1,93.2,93.6,92.4,97.8,97.8,92,93.8,92.1,93.5
8/29/2017 4:59,5:00,93.8,92.5,97,93.4,94.4,95,93.4,97.2,94.2,95.2,95.2,95.5,98.3,98.3,93,95.3,94.2,94.6
8/29/2017 5:59,6:00,94.4,93.1,97,93.9,94.9,94,93.4,98.7,93.7,95.7,95.2,95,97.8,97.8,93,95.9,93.7,94.6
8/29/2017 6:59,7:00,93.3,92.6,99.1,93.4,93.4,94,93,98.7,92.7,94.2,94.2,94,97.3,97.3,92,94.8,92.7,94.6
8/29/2017 7:59,8:00,94.9,92,100,93.9,94.4,94,93.5,98.2,93.2,95.2,95.2,94.5,96.8,96.8,92,94.8,93.2,95.1
8/29/2017 8:59,9:00,96,94.1,100,94.9,96.4,96.5,97.5,98.7,96.3,97.8,96.2,96,98.8,98.8,95,96.4,96.3,96.2
8/29/2017 9:59,10:00,96,94.7,100,94.9,95.4,95.5,96.5,99.2,96.8,97.8,96.2,97,97.9,97.9,94,96.4,96.8,96.2
8/29/2017 10:59,11:00,96.5,95.2,100,94.9,97.3,97.5,96,98.7,97.3,98.8,96.7,98,98.8,98.8,95,97.4,97.3,97.7
8/29/2017 11:59,12:00,97.6,95.7,100,94.9,95.9,97.5,95.5,99.7,96.3,99.8,96.7,98.5,98.4,98.4,95.5,98.4,96.3,97.2
8/29/2017 12:59,13:00,97.6,98.2,100,96,96.9,98,96.5,99.2,98.3,98.8,97.2,98.5,98.8,98.8,96.6,97.4,98.3,97.7
8/29/2017 13:59,14:00,97.6,98.2,100,96,97.8,98.5,96,99.2,98.3,99.8,97.2,99,99.4,99.4,95.1,99.9,98.3,97.7
8/29/2017 14:59,15:00,96.5,99.2,100,96,98.3,98,96,100,98.3,99.8,96.2,97.5,98.4,98.4,93.5,99.9,98.3,97.2
8/29/2017 15:59,16:00,96,99.2,100,94.9,97.8,98,96.5,100,98.8,100,96.7,99,98.8,98.8,94.5,99.4,98.8,97.2
8/29/2017 16:59,17:00,93.8,98.7,99.6,94.4,97.8,96.5,95.5,100,97.8,99.3,96.2,97.5,98.8,98.8,91.5,99.4,97.8,95.1
8/29/2017 17:59,18:00,93.8,97.7,100,93.9,96.8,96.5,94,100,96.7,98.8,94.7,96.5,96.3,96.3,90.9,99.4,96.7,94.1
8/29/2017 18:59,19:00,91.6,97.7,100,93.9,96.3,95,94,100,95.7,98.3,94.2,96.5,97.8,97.8,89.9,98.9,95.7,93
8/29/2017 19:59,20:00,88.3,95.7,100,92.4,93.9,91.9,92.4,99.7,91.6,95.7,91.6,93.9,96.3,96.3,86.8,97.9,91.6,90.3
8/29/2017 20:59,21:00,86.1,95.7,100,92.9,94.4,90.4,90.9,97.2,92.1,95.7,92.1,91.9,95.8,95.8,86.2,96.9,92.1,89.3
8/29/2017 21:59,22:00,86.1,95.1,100,92.9,92.9,90.4,91.9,96.7,93.2,96.2,93.1,92.4,96.8,96.8,87.3,96.4,93.2,88.7
8/29/2017 22:59,23:00,89.4,96.7,100,93.4,94.4,91.9,92.9,96.2,92.6,97.3,95.2,93.4,96.8,96.8,88.8,97.9,92.6,90.9
8/29/2017 23:59,0:00,89.4,96.2,100,94.9,94.9,92.4,94,97.2,93.7,97.8,96.2,92.9,97.3,97.3,88.8,97.9,93.7,91.9
8/30/2017 0:59,1:00,90,94.6,99.6,93.9,95.4,93.4,92.9,98.7,93.2,96.3,97.2,95,97.9,97.9,90.4,97.9,93.2,91.4
8/30/2017 1:59,2:00,88.9,95.1,99,96.4,94.9,93.9,93.4,100,92.1,97.3,93.3,94.4,97.9,97.9,90.4,98.4,92.1,91.9
8/30/2017 2:59,3:00,88.9,95.1,98.5,95,95.8,94.4,95,97.7,93.7,96.3,95.2,95,96.4,96.4,89.9,98.4,93.7,90.8
8/30/2017 3:59,4:00,88.3,96.2,99,94.5,95.4,94.4,94,97.7,93.2,95.8,95.7,95,95.9,95.9,90.9,98.9,93.2,90.3
8/30/2017 4:59,5:00,86.7,92,98.6,91.3,91.9,86.2,86.2,85.7,90,93.7,90.5,90.3,96.3,96.3,85.7,88,90,83.8
8/30/2017 5:59,6:00,81.6,86.2,89.6,76.9,88.8,79.3,81.9,77.6,86.3,88.9,83.6,62.1,91.7,91.7,78.8,77.2,86.3,78.3
8/30/2017 6:59,7:00,76,80.8,83.7,70.8,78.4,69.9,79.8,72.5,82.1,80.8,79.2,71.8,85.4,85.4,73.3,71.1,82.1,74.5
8/30/2017 7:59,8:00,70.8,72.4,74.8,69.7,72.5,67.1,72.1,67.4,75.5,68.5,73.1,62.5,78.3,78.3,66,63.1,75.5,67.6
8/30/2017 8:59,9:00,61.4,71.3,63.9,65.1,65.2,62.5,68.8,58.6,70.5,62.8,66.2,63.1,70.5,70.5,58.5,59.1,70.5,65.4
8/30/2017 9:59,10:00,56.7,64.4,56.7,61.6,61.8,56.7,61.3,55.6,64.8,57.9,63.8,56.6,62.9,62.9,55.6,53.7,64.8,60
8/30/2017 10:59,11:00,48.9,62.7,58,58.6,61.3,51.3,59,50.8,60.2,52.4,56.1,55.5,57.7,57.7,50.8,50.1,60.2,57
8/30/2017 11:59,12:00,45.3,62.7,51.9,57.4,51.3,50.6,58.4,52,51.9,53.7,53.6,48.2,57.1,57.1,46.7,49.5,51.9,57
8/30/2017 12:59,13:00,41.5,56.1,55.5,53.8,52.4,50.6,57.2,47.7,50.7,53.7,56.7,48.7,61.3,61.3,40,44,50.7,49.2
8/30/2017 13:59,14:00,43.4,55.5,53.8,61.8,57.3,46.5,56.1,52,53.8,50.7,55.5,50,56.5,56.5,41.8,48.3,53.8,57.2
8/30/2017 14:59,15:00,47.2,63.9,58.5,62.8,55.4,49.6,60.8,54.5,53.8,53.7,58.5,62.1,59.5,59.5,49.2,50.7,53.8,58.4
8/30/2017 15:59,16:00,50.2,63.9,67.4,71.5,60.2,64.4,66.6,59.3,56.7,61,62.7,70.2,66.6,66.6,49.7,53.1,56.7,60.2
8/30/2017 16:59,17:00,57.4,70.2,77.1,77.5,71.4,75.6,68.2,69.7,60.8,76,78.2,80.3,72.8,72.8,55.1,60.2,60.8,65.4
8/30/2017 17:59,18:00,71,76.9,83.7,80.8,81.2,79.9,74.4,78.2,64.3,83.1,90.6,86.2,76.2,76.2,70.7,66.6,64.3,76.2
8/30/2017 18:59,19:00,75,78.6,88.6,84,83.2,79.4,79.3,86.3,70.7,84.8,94.2,87.7,80.6,80.6,74,73.4,70.7,80.1
8/30/2017 19:59,20:00,79,83,90.7,87.2,85.3,83.7,84.2,88.4,72.9,85.8,96.7,88.3,86,86,74.6,76.2,72.9,79.6
8/30/2017 20:59,21:00,77.8,85.2,92.8,89.3,88.4,85.2,84.7,92.1,75.6,83.1,97.7,90.3,90.7,90.7,76.2,76.7,75.6,79.6
8/30/2017 21:59,22:00,78.9,87.3,93.9,91.3,89.4,86.3,86.2,92.6,77.8,87.9,97.7,89.3,85.4,85.4,76.2,78.4,77.8,81.8
8/30/2017 22:59,23:00,80.6,86.2,93.4,92.9,92.4,87.3,88.3,94.6,78.3,89.5,97.2,91.4,84.9,84.9,77.8,79.5,78.3,83.4
8/30/2017 23:59,0:00,79.5,89.4,93.9,92.9,91.4,88.9,89.4,95.7,80.5,90.6,98.2,92.9,87.6,87.6,77.8,80,80.5,81.7
8/31/2017 0:59,1:00,82.3,87.3,95.5,93.9,93.4,87.8,89.9,95.7,81.6,91.6,99.2,93.9,88.6,88.6,79.4,82.7,81.6,87.2
8/31/2017 1:59,2:00,82.8,89.4,96,95.4,93.4,91.4,90.9,97.7,82.1,92.1,99.2,94.5,91.2,91.2,80,84.4,82.1,87.2
8/31/2017 2:59,3:00,86.2,90.4,96.5,94.9,94.4,90.4,91.4,98.7,82.7,93.2,99.7,94.5,89.7,89.7,81.6,85.9,82.7,86.6
8/31/2017 3:59,4:00,86.7,91,93.9,95.4,94.4,94,92.4,98.7,83.2,92.7,98.2,96,92.8,92.8,83.7,86.5,83.2,87.2
8/31/2017 4:59,5:00,84.5,88.4,90.2,88.3,91.9,80,86.3,89,83.2,84.8,88.5,88.3,89.7,89.7,80,81.7,83.2,82.9
8/31/2017 5:59,6:00,79,83.1,81.6,77.1,79.6,71.2,83.2,71.6,78.4,77.7,77.7,63.5,87.6,87.6,72.9,74.1,78.4,78.5
8/31/2017 6:59,7:00,69.3,71.5,72.7,69.4,68.8,64.5,70.1,65.9,69.6,66.4,71,61.1,78.5,78.5,63.4,65.1,69.6,66.1
8/31/2017 7:59,8:00,61.7,65.9,64.7,66.6,65.5,61.1,65.6,63.7,67.3,61.2,67.1,58.2,72.5,72.5,57.7,60.5,67.3,62.1
8/31/2017 8:59,9:00,55.2,63,56.4,58.9,60.5,54.6,61,54.8,61.7,56.5,58.2,55.2,64.4,64.4,51.2,51.6,61.7,61
8/31/2017 9:59,10:00,50.4,55.9,53.4,58.3,54,50.5,57,48,53.4,53.3,58.2,47.8,60.3,60.3,47.5,50.5,53.4,53.3
8/31/2017 10:59,11:00,41.2,49.8,47.9,57.1,52.8,46.8,53.9,42.3,48.6,48.5,52.1,48.4,53.8,53.8,42,41.2,48.6,48.3
8/31/2017 11:59,12:00,41.8,49.8,49.1,51.7,48.6,46.2,51.1,42.3,46.8,48.5,54,43.4,54.9,54.9,37.8,41.9,46.8,47.2
8/31/2017 12:59,13:00,42.4,50.3,47.9,55.4,51,44.4,52.8,46.1,47.3,47.3,52,46.5,54.4,54.4,39.6,42.4,47.3,46.5
8/31/2017 13:59,14:00,38.8,50.9,47.3,52.3,49.8,43.7,51,44.2,47.3,45.4,53.3,44.7,50,50,37.2,43.1,47.3,44.1
8/31/2017 14:59,15:00,41.2,52.1,53.9,60.1,51.5,46.1,55.2,47.9,50.4,49.1,53.3,49,55.5,55.5,43.9,46.1,50.4,48.9
8/31/2017 15:59,16:00,50.4,59.4,62.9,67.1,55.7,55.7,59.2,57.7,53.4,60,76.6,64,63.9,63.9,48.8,54,53.4,52.5
8/31/2017 16:59,17:00,52.2,66.3,67.6,71.6,59.2,62.8,63.3,67.1,57,61.8,84.9,74.2,68.5,68.5,51.2,58.1,57,53.7
8/31/2017 17:59,18:00,59.3,66.8,68,70.4,64.8,65.6,62,65.8,62.7,69.2,76,69.6,70,70,61.1,59.8,62.7,64.3
8/31/2017 18:59,19:00,65.2,70.2,72,73.1,69.8,70.6,70,69.2,67.8,72,77.1,75.8,74,74,65.6,63.2,67.8,70.6
8/31/2017 19:59,20:00,67.5,75.9,77.1,75.3,74.8,71.7,72.8,74.9,70.6,72.6,80.4,76.9,79,79,67.3,67.2,70.6,72.3
8/31/2017 20:59,21:00,68,74.7,77.6,75.9,73.1,72.2,72.8,72.6,69.4,72.6,77,78,79,79,69,67.2,69.4,73.4
8/31/2017 21:59,22:00,65.6,70.7,72.5,70.1,69.7,69.9,68.2,70.8,67.1,70.2,74.2,73.5,74.4,74.4,66,63.7,67.1,71.6
8/31/2017 22:59,23:00,59.5,68.9,70.1,67.2,67.9,65.2,65.2,66.1,62.3,64.2,71.2,69.4,68.6,68.6,61.9,60.1,62.3,65.8
8/31/2017 23:59,0:00,60.1,65.9,68.9,67.2,63.9,63.4,64.6,64.3,62.9,63.6,69.4,67,68.6,68.6,61.2,58.8,62.9,63.3
9/1/2017 0:59,1:00,58.8,64.1,66.5,69.4,63.9,61.6,61.6,64.3,60.4,64.7,70,65.8,69.7,69.7,58.2,58.1,60.4,61.4
9/1/2017 1:59,2:00,57.5,64.6,66.5,68.2,63.2,60.9,62.1,62.4,59.2,61.7,68.2,63.9,69.7,69.7,56.3,56.8,59.2,60.8
9/1/2017 2:59,3:00,59.3,68.7,69.4,69.4,67.2,63.3,68.5,68.2,63.9,65.8,74,66.3,72.5,72.5,59.9,61.6,63.9,62.6
9/1/2017 3:59,4:00,63.5,69.3,69.4,69.4,67.7,67.9,69.1,69.4,66.2,69.3,73.6,70.4,73.7,73.7,64,62.8,66.2,67.3
9/1/2017 4:59,5:00,62.3,68.7,69.4,69.4,68.3,65.6,68.4,65.9,64.5,66.4,73,69.8,71.9,71.9,62.8,60.4,64.5,66.1
9/1/2017 5:59,6:00,61,68.1,68.2,69.9,67.2,62.7,66.7,66.4,63.3,64.6,70.8,65.7,71.4,71.4,58,60.4,63.3,62.6
9/1/2017 6:59,7:00,55.6,64,61,62.9,60.8,56.8,62.1,60.5,59.8,58.6,67,58.5,66.1,66.1,54.4,55.6,59.8,56
9/1/2017 7:59,8:00,50.7,55.7,51.9,50.1,51.4,51.4,48.2,48.9,51.4,48.2,57.4,53.1,53.4,53.4,49,45.3,51.4,50.6
9/1/2017 8:59,9:00,43.2,53.1,51.9,54.4,52.5,45.7,51.9,51.4,48.3,46.9,56.1,49.2,55.3,55.3,42.8,43.3,48.3,50.6
9/1/2017 9:59,10:00,45.1,53.7,49.4,52.6,54.9,47.6,51.9,50.1,50.1,48.8,58,51.8,54.1,54.1,46.6,45.2,50.1,51.2
9/1/2017 10:59,11:00,47.1,55.6,51.9,51.4,54.3,50.7,50.7,49.4,50.1,47.6,57.3,53.1,55.3,55.3,46,45.2,50.1,53
9/1/2017 11:59,12:00,45.2,56.8,53.8,53.9,57.9,49.5,52.5,53.2,50.1,50.1,56.8,53.1,57.2,57.2,45.3,49,50.1,49.9
9/1/2017 12:59,13:00,45.2,55.6,54.4,52.6,58.5,48.9,53.2,50.2,50.8,48.9,55.5,51.8,57.2,57.2,44.2,46.5,50.8,53
9/1/2017 13:59,14:00,46.4,56.8,56.3,55.7,56.7,49.5,50.7,52.7,50.8,50.7,59.9,54.3,60.8,60.8,44.8,47.1,50.8,51.8
9/1/2017 14:59,15:00,44.5,59.3,59.3,68.9,61.4,48.9,52.5,55.1,49.5,52.6,67.6,59.8,65,65,44.8,50.8,49.5,53.6
9/1/2017 15:59,16:00,47.7,56.8,66.4,64.1,59,52,53.2,53.8,52,56.9,65.8,58.6,66.8,66.8,46,47.7,52,50.5
9/1/2017 16:59,17:00,48.3,56.2,70.5,80.1,57.8,63.3,62.7,61.7,51.3,59.9,71.7,68.1,76,76,46.6,50.1,51.3,57.8
9/1/2017 17:59,18:00,47,63.4,76.9,75.1,67.7,62.8,66.2,68.2,57.4,65.3,81.3,71,77.1,77.1,48.4,55.6,57.4,53.5
9/1/2017 18:59,19:00,51.4,65.2,78.6,79.5,71.1,67.4,66.2,75.2,59.8,66.5,85.2,72.7,80.4,80.4,51.5,57.4,59.8,58.4
9/1/2017 19:59,20:00,58.7,76.2,82.5,85.5,81.5,82.4,75.8,84.1,66.3,76.8,85.2,80.6,84.3,84.3,62.8,68.6,66.3,70.8
9/1/2017 20:59,21:00,58.7,73.9,83.6,85.5,81,79.7,74.2,85.1,68.6,78.5,89.2,86.6,85.9,85.9,64.6,60.4,68.6,68.5
9/1/2017 21:59,22:00,63.5,74.5,81.9,76.8,77.7,75.9,71.3,80.8,65.1,74,84.6,79.5,86.4,86.4,66.3,60.4,65.1,70.8
9/1/2017 22:59,23:00,63.5,71,76.9,75.6,75,69.1,71.3,73.4,66.8,71.1,77.4,73.8,84.2,84.2,65.7,62.2,66.8,71.4
9/1/2017 23:59,0:00,63.5,68.1,73.4,76.8,72.2,75.3,68.5,73.4,63.9,68.8,75.7,71,86.4,86.4,64,61,63.9,69.1
9/2/2017 0:59,1:00,63.5,67.5,72.8,76.8,67.7,69.1,67.3,67.7,63.9,67,75.7,69.8,85.9,85.9,64.6,61,63.9,70.2
9/2/2017 1:59,2:00,66.5,68.1,72.8,71.7,68.9,70.2,66.8,66.5,64.5,67,76.3,73.3,78.2,78.2,65.7,62.2,64.5,70.8
9/2/2017 2:59,3:00,71.2,72.8,71.7,72.2,69.4,71.4,70.2,72.9,70.3,70.5,74,74.4,78.8,78.8,70.3,70.3,70.3,75.4
9/2/2017 3:59,4:00,88.8,85,91.8,85.5,91.9,92.1,85.5,92.7,85.8,89.7,86.5,91.6,92.3,92.3,87.3,85.9,85.8,91.6
9/2/2017 4:59,5:00,87.2,86.7,91.4,86.6,90.3,92.6,87,92,84.7,89.2,89,90,92.3,92.3,89.4,87.5,84.7,90.8
9/2/2017 5:59,6:00,86.1,85.6,88.3,85.5,88.3,92.4,85.6,88.3,82.5,87.8,86,88.2,88.3,88.3,86.2,83.2,82.5,88.7
9/2/2017 6:59,7:00,82.7,82.3,85.7,82.3,86.8,89.3,82.9,86.2,80.9,86.8,86,88.2,89.6,89.6,83,79.9,80.9,86
9/2/2017 7:59,8:00,93.2,89.3,93.5,89.5,93.9,93.6,91.6,97.2,92.1,92.6,90.2,92.4,94.8,94.8,93.5,94.3,92.1,94.2
9/2/2017 8:59,9:00,96.5,93.6,96.5,93.5,96.3,95.5,94.1,98.7,97.2,96.8,94.7,93.6,96.4,96.4,97.5,96.9,97.2,95.2
9/2/2017 9:59,10:00,97.6,96.3,97,91.5,97.3,97,95,100,98.8,96.8,96.1,97,96.9,96.9,97.5,98.4,98.8,96.2
9/2/2017 10:59,11:00,97,98.7,98.1,94.9,97.3,98.4,95,100,98.8,96.8,95.3,97.5,97.4,97.4,97,97.9,98.8,97.2
9/2/2017 11:59,12:00,96,99.2,98.1,94.4,98.3,98.4,95,100,99.3,99.3,97.7,98.5,97.4,97.4,96.5,98.9,99.3,97.2
9/2/2017 12:59,13:00,98.1,99.2,99.1,95.4,98.3,98.4,96.5,100,98.2,99.8,98.8,98.5,98.9,98.9,98,98.9,98.2,97.7
9/2/2017 13:59,14:00,98.7,99.7,98.6,96.4,97.3,99.4,97,100,99.3,100,97.7,99,98.9,98.9,99.5,98.9,99.3,98.2
9/2/2017 14:59,15:00,98.7,99.7,100,95.9,97.3,99.4,96.5,100,99.3,99.8,99.2,99.5,99.8,99.8,98.5,99.4,99.3,98.2
9/2/2017 15:59,16:00,98.1,100,99.6,95.9,97.8,99.9,96,100,99.8,100,97.7,99.5,99.3,99.3,99,98.9,99.8,98.7
9/2/2017 16:59,17:00,98.1,100,100,96.4,97.8,99.4,96.5,100,100,99.8,98.8,100,99.3,99.3,98,99.4,100,98.7
9/2/2017 17:59,18:00,98.1,100,100,97.4,99.3,99.9,96.5,100,100,100,98.8,100,100,100,98,99.4,100,98.7
9/2/2017 18:59,19:00,97,99.7,100,96.9,97.3,99.4,96.5,100,99.8,99.3,98.8,100,99.3,99.3,98.5,99.9,99.8,98.7
9/2/2017 19:59,20:00,97,100,100,97.9,98.3,98.9,97.5,100,99.8,100,99.7,100,100,100,98.5,99.4,99.8,99.2
9/2/2017 20:59,21:00,98.1,100,100,98.4,98.8,99.9,98,100,99.8,100,100,100,100,100,98.5,99.9,99.8,99.8
9/2/2017 21:59,22:00,99.2,100,100,98.9,98.8,99.9,99.5,100,100,100,100,100,100,100,100,100,100,100
9/2/2017 22:59,23:00,99.7,100,100,98.4,99.2,99.9,100,100,100,100,100,100,100,100,100,100,100,99.8
9/2/2017 23:59,0:00,99.2,100,100,97.9,99.7,99.9,99,100,100,100,100,100,100,100,100,100,100,99.2
9/3/2017 0:59,1:00,98.7,100,100,98.4,98.3,99.4,99,100,100,100,100,100,100,100,98.5,100,100,98.2
9/3/2017 1:59,2:00,97.6,100,100,96.9,98.8,100,99.5,100,99.8,100,99.7,100,100,100,99,100,99.8,98.7
9/3/2017 2:59,3:00,96,100,100,97.9,98.3,100,100,100,99.8,100,99.7,99.5,100,100,99,99.9,99.8,96.7
9/3/2017 3:59,4:00,94.9,99.7,100,97.4,98.3,98.9,99,100,98.2,100,98.7,99.5,99.3,99.3,98,99.4,98.2,93
9/3/2017 4:59,5:00,91.6,100,99.1,95.9,96.3,97.5,97,100,97.2,99.3,97.7,98,98.3,98.3,96.5,97.4,97.2,92.5
9/3/2017 5:59,6:00,90,96.7,97,92.9,94.9,96.5,97.5,99.2,94.2,97.3,93.6,93.4,97.8,97.8,94,94.3,94.2,89.3
9/3/2017 6:59,7:00,80,91.5,90.7,90.3,88.3,90.4,90.4,92.1,89,90,86.8,85.6,92.2,92.2,91.5,89.6,89,81.1
9/3/2017 7:59,8:00,74.9,86.2,81.5,84.6,81.6,84.7,86.2,84.1,81,84.7,82,80.8,86.5,86.5,86.8,84.3,81,77.2
9/3/2017 8:59,9:00,66.8,74.7,72.5,74.7,75.2,73.9,80.4,78.2,75.6,72.5,78.2,73,77.8,77.8,82.6,77.8,75.6,69.3
9/3/2017 9:59,10:00,62.7,72.4,69.7,70.3,70.8,66,76.6,65.2,72.2,69.7,73.7,71.3,73.9,73.9,75,71.2,72.2,66.4
9/3/2017 10:59,11:00,53.7,67.9,63.3,68,63.5,57.9,68.3,61.1,64.3,60.3,66.8,61.5,65.3,65.3,56.3,55.6,64.3,60.1
9/3/2017 11:59,12:00,55,65.6,65.6,69.1,64.1,56.7,67.7,58.6,63.7,62.1,63.9,57.8,65.9,65.9,52.1,54.9,63.7,57
9/3/2017 12:59,13:00,47.1,63.8,54.3,58.1,55.4,48.4,59.7,55.6,57.3,55.5,60.3,59.1,59,59,48.6,49,57.3,55.3
9/3/2017 13:59,14:00,42.8,56.1,53.1,59.3,56,48.9,62,52.6,52.5,53.7,59.7,53.1,59,59,45.4,50,52.5,48.7
9/3/2017 14:59,15:00,39,53.6,53.6,59.8,50,47.5,56.6,46.9,50,51.1,55.4,51.6,54,54,46,44.5,50,46.7
9/3/2017 15:59,16:00,47.6,54.8,59,67.9,53.5,50,60.1,56.1,53,54.2,59,54.1,58.2,58.2,51.4,48.8,53,50.4
9/3/2017 16:59,17:00,53.6,70.1,73,78.6,73.5,58.4,74.3,65,59.5,61.3,69,63.6,62.9,62.9,56.7,58.3,59.5,58.2
9/3/2017 17:59,18:00,59.7,78.6,82.6,84,81.6,62.4,72.7,79.2,62.4,64.3,73.6,78.5,74.4,74.4,61.4,63,62.4,62.3
9/3/2017 18:59,19:00,62.6,80.7,86.4,84,85.2,73.8,78.7,80.8,67.6,72.4,86.3,84.4,71.6,71.6,63.1,66.5,67.6,64
9/3/2017 19:59,20:00,64.3,81.3,89.1,89.2,87.3,75.4,77,85.2,67.6,76.4,90,86.6,76.6,76.6,60.2,69.9,67.6,62.2
9/3/2017 20:59,21:00,73.7,83.5,88.5,89.2,84.7,83,78.7,88.3,69.3,74.1,88.9,85,73.8,73.8,69.4,72.7,69.3,74.9
9/3/2017 21:59,22:00,75.4,85.6,91.8,89.8,84.2,85.7,82.4,88.9,72.7,79.1,93.1,90.8,77.7,77.7,71,74.9,72.7,76.6
9/3/2017 22:59,23:00,74.2,86.2,92.8,91.3,89.8,86.2,87.2,92.6,77.7,86.8,94.3,92.4,77.1,77.1,72.7,78.8,77.7,77.7
9/3/2017 23:59,0:00,76.5,88.3,91.5,93.4,91.9,89.8,87.8,94.1,77.1,85.7,95.8,93.9,83.7,83.7,76.6,79.9,77.1,78.3
9/4/2017 0:59,1:00,77.1,89.3,94,93.9,92.9,89.3,89.8,94.6,78.8,86.2,95.7,92.9,84.3,84.3,74.3,81,78.8,77.2
9/4/2017 1:59,2:00,74.2,89.3,94.5,93.4,91.4,86.2,88.3,95.7,77.7,84.6,94.2,88.2,83.7,83.7,75.4,79.4,77.7,77.2
9/4/2017 2:59,3:00,82.2,88.3,93.5,92.5,86.2,90.4,89.8,90.5,77.1,88.9,94.7,91.9,84.3,84.3,82,81.6,77.1,87.1
9/4/2017 3:59,4:00,81,88.8,93.5,91.5,90.9,93.4,89.8,94.6,77.1,82.4,90,92.1,82.7,82.7,80.9,81,77.1,86
9/4/2017 4:59,5:00,79.9,82.3,90.7,84.5,87.8,76,83,83.1,74.3,75.8,78.6,88.7,82.1,82.1,74.9,74.9,74.3,77.8
9/4/2017 5:59,6:00,74.2,74.6,78.1,71.3,70.7,62.5,77.6,66.2,72.7,67.8,70.2,62,76.6,76.6,71.6,66.5,72.7,72.7
9/4/2017 6:59,7:00,70.8,65,67.3,63.9,60.1,56.7,69.3,64,67.7,60.3,63.3,57.9,70.5,70.5,65.5,59.7,67.7,64.8
9/4/2017 7:59,8:00,61,58.6,61.6,61.7,56,53.9,64.3,58.8,60.9,56.8,58.6,53.1,64.8,64.8,58.1,53.8,60.9,59.1
9/4/2017 8:59,9:00,53.2,55.7,53.9,58.8,52.5,47.2,57.9,50.3,54.4,49.5,54.4,48.2,61.3,61.3,49.1,48.3,54.4,54.3
9/4/2017 9:59,10:00,45.9,47.1,48.3,55.8,43.4,41,47.1,45.3,47.8,42.5,49.4,43.8,54.7,54.7,43.7,41,47.8,47.6
9/4/2017 10:59,11:00,37.2,47.1,42.2,52.1,44.7,40.4,50.3,39.7,43.5,44.5,47.6,41.3,47.4,47.4,36.9,36.8,43.5,45.1
9/4/2017 11:59,12:00,35.3,42.8,42.2,49.7,40.3,33.5,43.5,37.6,39.1,39.5,42.5,37.5,41.8,41.8,31.8,36.1,39.1,43.3
9/4/2017 12:59,13:00,36.7,45.3,39.6,47.9,41,36.1,42.2,40.9,39.1,41.5,43.8,39.5,43,43,35.2,30.6,39.1,47.1
9/4/2017 13:59,14:00,38,51.4,42.8,50.3,45.3,39.2,48.5,46,44.2,43.3,48.2,40.7,46.8,46.8,37,41.1,44.2,44.6
9/4/2017 14:59,15:00,41.8,55.7,52,56.4,49.6,44.8,53.3,49.7,48.5,46.5,50.7,47.6,51.2,51.2,46.3,46.7,48.5,48.2
9/4/2017 15:59,16:00,51,59.9,61,62.3,53.8,55.1,58.6,56.4,54,53.2,58,55.6,56,56,54.1,50.9,54,56.8
9/4/2017 16:59,17:00,57.5,65.1,69.8,68.6,59.7,60.4,63.8,64.6,61,62.8,64.6,69.7,62.5,62.5,58.8,59.2,61,69.6
9/4/2017 17:59,18:00,65.9,72,72.6,72,64.3,72.9,67.2,73.8,65.6,69.8,72.1,79.8,67.2,67.2,66.9,64.5,65.6,76.4
9/4/2017 18:59,19:00,68.7,76.5,77.7,75.4,68.8,73.5,72.8,77.2,69,74.3,76.6,85.2,71.8,71.8,70.2,70.2,69,75.8
9/4/2017 19:59,20:00,73.4,79.8,81.6,82.5,73.7,74,77.3,86.4,73.5,76.1,77.7,84.6,76.3,76.3,71.9,73.5,73.5,78.5
9/4/2017 20:59,21:00,75.6,83.6,85.4,84.7,81.7,75.7,81.1,89,74.7,78.8,81,87.3,80.1,80.1,74.7,76.9,74.7,79.7
9/4/2017 21:59,22:00,76.8,86.3,88.6,86.2,87.9,81.1,83.7,92.1,75.7,80.4,88.5,89.4,82.3,82.3,76.3,78.5,75.7,81.8
9/4/2017 22:59,23:00,77.3,88.4,90.8,88.8,90.5,83.7,83.7,92.7,77.9,81.6,91.6,92.5,86.6,86.6,76.3,80.1,77.9,82.9
9/4/2017 23:59,0:00,79.6,88.9,90.8,87.3,92.4,83.7,86.8,93.1,79.6,85.3,93.2,92.5,86,86,78.5,81.2,79.6,84
9/5/2017 0:59,1:00,80.7,90,93.9,88.8,92.4,86.3,87.9,94.7,79.6,86.4,94.7,92.9,88.2,88.2,79,82.3,79.6,82.9
9/5/2017 1:59,2:00,80.1,89.5,92.9,89.9,93,82.1,87.4,95.2,80.6,84.8,92.2,93.5,88.2,88.2,77.9,82.8,80.6,82.3
9/5/2017 2:59,3:00,80.1,88.4,95,90.9,86.4,82.6,86.8,89,81.2,85.9,90.6,88.3,87.6,87.6,78.4,83.4,81.2,83.4
9/5/2017 3:59,4:00,80.7,89.5,94.4,90.4,89.4,83.2,87.9,90,81.7,85.9,93.7,92.4,90.2,90.2,79,85,81.7,82.9
9/5/2017 4:59,5:00,81.2,86.3,91.3,83.6,83.3,75.7,84.8,74.6,78.5,80.4,84.3,85.7,85.5,85.5,77.9,80.2,78.5,78.6
9/5/2017 5:59,6:00,77.3,79.8,77.8,72.2,77,68.5,78.9,73.4,76.3,75,76.7,69.8,80.2,80.2,72.4,75.3,76.3,75.8
9/5/2017 6:59,7:00,70.5,69.3,69.9,67.7,68.3,60.6,74.1,66.6,70.2,65.9,67.7,64.7,74.7,74.7,65.8,64.6,70.2,65.7
9/5/2017 7:59,8:00,64.2,65.4,66,64.9,61,57.7,67.4,62,65.8,57.1,60.1,55.3,74.7,74.7,61.9,58.3,65.8,65.2
9/5/2017 8:59,9:00,57.8,67.7,59,63.2,62.2,57.2,65.2,59.8,63,56,58.4,55.3,65.7,65.7,54.9,54.3,63,57.7
9/5/2017 9:59,10:00,54.9,60.2,54.9,62.1,57.7,56.7,60.2,53.2,58.5,55.5,59,55.9,59.9,59.9,53.8,53.2,58.5,58.2
9/5/2017 10:59,11:00,51.5,56.7,50.7,59.7,54.8,57.3,56.1,47.7,56.1,52.5,56,55.9,55.2,55.2,48.6,45.3,56.1,55.9
9/5/2017 11:59,12:00,52.2,55,53.2,56.7,56.6,54.4,58,49.6,57.4,53.2,60.3,55.6,53.4,53.4,46.9,45.3,57.4,57.7
9/5/2017 12:59,13:00,44.8,53.1,46.9,52.5,49.4,52.1,59.7,48.3,57.4,53.8,60.9,55.6,49.1,49.1,49.3,38.6,57.4,55.9
9/5/2017 13:59,14:00,47,51.8,50.5,56.6,48.1,45.9,50,46.3,47.1,48.1,52.2,50.5,50.8,50.8,46.1,44.5,47.1,53.5
9/5/2017 14:59,15:00,60.4,69.1,73.8,75.4,68.7,63.2,66.1,69.2,66.7,66.9,72.6,66.8,76.8,76.8,58.2,65.6,66.7,63.1
9/5/2017 15:59,16:00,86.3,87.4,92.4,91.4,87.9,90.5,88.4,93.7,95.3,91.7,90.6,89.9,95.4,95.4,85.4,93.4,95.3,89.9
9/5/2017 16:59,17:00,97.1,95.2,97.6,95.5,96.4,96.5,97.1,98.2,97.3,98.3,97.3,97.6,98.4,98.4,94.6,98.5,97.3,96.7
9/5/2017 17:59,18:00,97.1,95.7,98.6,94.5,96.9,98,98.5,99.2,98.3,97.8,98.8,99.1,98.4,98.4,93.1,99,98.3,97.8
9/5/2017 18:59,19:00,96.1,97.3,99.1,94.5,97.4,98.5,99,98.7,97.3,99.3,98.3,99.1,98.9,98.9,92.6,99,97.3,95.7
9/5/2017 19:59,20:00,96.6,97.3,99.1,94.5,96.4,98.5,99,100,95.8,97.8,98.8,99.6,98.9,98.9,92.6,99,95.8,97.2
9/5/2017 20:59,21:00,96.6,97.8,99.7,95,96.9,98,98.5,100,94.8,99.8,99.3,100,99.9,99.9,93.1,99,94.8,96.2
9/5/2017 21:59,22:00,95.5,98.3,99.7,96,96.9,98.5,99,100,94.3,98.9,99.3,99.6,99.4,99.4,93.1,99,94.3,96.2
9/5/2017 22:59,23:00,97.7,97.8,100,96.5,96.9,98.5,99.5,100,98.8,99.8,99.8,99.1,99.4,99.4,95.6,99.5,98.8,97.2
9/5/2017 23:59,0:00,98.2,97.8,100,96.5,96.4,99,100,100,99.8,99.8,100,99.6,100,100,96.1,99,99.8,97.2
9/6/2017 0:59,1:00,98.7,98.3,100,96.5,98.8,99,100,100,100,100,100,100,99.9,99.9,95.1,99.4,100,97.8
9/6/2017 1:59,2:00,96.6,98.8,100,96.5,97.4,100,100,100,100,100,99.8,100,99.9,99.9,95.6,99.9,100,96.2
9/6/2017 2:59,3:00,96,99.3,100,97,97.4,100,99.5,100,100,99.8,98.3,100,99.9,99.9,94.6,99.4,100,95.7
9/6/2017 3:59,4:00,96,99.8,100,95.5,98.3,98.5,100,100,99.8,99.8,98.3,100,99.9,99.9,93.6,99.9,99.8,95.7
9/6/2017 4:59,5:00,93.3,97.7,99.1,95,97.8,96.5,100,99.7,98.3,98.3,96.2,99,98.9,98.9,92.1,98.9,98.3,92
9/6/2017 5:59,6:00,86.7,97.2,98.1,93.4,96.4,95.5,99.5,100,97.3,97.3,94.7,97.5,97.3,97.3,86.3,97.9,97.3,87.7
9/6/2017 6:59,7:00,83.9,97.2,95.5,91.4,93.9,92.4,97.5,99.2,96.3,95.2,92.6,93.4,95.3,95.3,83.1,96.4,96.3,86.6
9/6/2017 7:59,8:00,80,93.6,90.7,89.8,91.9,87.3,86.8,92.1,93.2,92.1,88.4,90.3,90.7,90.7,78.3,92.8,93.2,83.3
9/6/2017 8:59,9:00,83.9,95.7,96.5,92.9,92.4,87.8,90.9,93.6,95.2,91.6,90.5,89.3,96.8,96.8,81.5,95.8,95.2,84.4
9/6/2017 9:59,10:00,92.7,97.7,100,94.4,96.8,97,98,99.2,99.2,99.3,97.2,96,99.8,99.8,91.4,99.9,99.2,93.5
9/6/2017 10:59,11:00,92.7,96.7,98.1,92.4,96.3,96.5,94.5,99.2,99.8,98.3,95.7,98,98.8,98.8,90.9,98.4,99.8,95.6
9/6/2017 11:59,12:00,94.9,98.7,99.6,94.9,96.8,97.5,97,100,99.2,99.3,97.2,98.5,98.8,98.8,94,99.9,99.2,96.7
9/6/2017 12:59,13:00,98.1,99.2,100,95.9,98.3,98.4,99,100,99.2,99.8,98.7,99.5,100,100,96.5,100,99.2,97.2
9/6/2017 13:59,14:00,97.6,99.7,100,95.9,98.3,99.4,100,100,100,100,97.2,99.5,99.8,99.8,98,99.9,100,99.2
9/6/2017 14:59,15:00,96.5,99.7,100,96.4,97.3,98.4,100,100,99.8,98.3,97.7,99.5,98.8,98.8,97,100,99.8,98.2
9/6/2017 15:59,16:00,97.6,99.7,100,96.9,97.8,98.4,100,100,100,100,99.7,100,100,100,98.5,99.4,100,96.7
9/6/2017 16:59,17:00,96,100,100,96.9,98.3,99.4,100,100,100,100,98.2,100,100,100,97,100,100,97.7
9/6/2017 17:59,18:00,96,100,100,96.9,98.3,99.9,99,100,100,100,100,100,100,100,97,100,100,97.2
9/6/2017 18:59,19:00,97,99.7,100,97.9,98.8,99.9,99.5,100,100,100,99.8,100,100,100,97,100,100,97.7
9/6/2017 19:59,20:00,97,99.7,100,98.9,98.8,100,99.5,100,100,100,99.8,100,100,100,99.5,100,100,98.2
9/6/2017 20:59,21:00,97,100,99.1,99.4,97.3,100,100,100,100,100,100,100,100,100,97.5,100,100,97.7
9/6/2017 21:59,22:00,98.1,100,100,98.9,98.3,99.9,100,100,98.8,100,100,100,100,100,98,100,98.8,97.7
9/6/2017 22:59,23:00,97.6,100,100,99.4,98.3,98.4,100,100,100,100,99.8,100,100,100,98,99.9,100,97.2
9/6/2017 23:59,0:00,98.1,100,100,99.4,98.8,100,100,100,100,100,98.6,99.5,100,100,98,99.9,100,96.7
9/7/2017 0:59,1:00,98.7,100,98.5,99.4,98.8,100,100,100,100,100,98.2,99.9,100,100,99,100,100,97.2
9/7/2017 1:59,2:00,97.6,99.8,99.9,99.4,97.3,98.8,99.3,100,100,99.3,99.5,99.9,98.3,98.3,100,100,100,97.2
9/7/2017 2:59,3:00,97.6,99.2,99.9,98.4,97.8,99.4,99.3,100,99.8,99.3,99.1,100,99.7,99.7,100,97.4,99.8,97.7
9/7/2017 3:59,4:00,94.9,99.2,100,97.5,96.3,98.9,98.9,100,96.7,99.3,99.1,99.4,98.3,98.3,97.5,94.9,96.7,94.6
9/7/2017 4:59,5:00,91.6,98.7,99.5,98.4,94.9,96.5,98.5,100,96.2,95.8,97.2,100,98.8,98.8,97,93.3,96.2,84.9
9/7/2017 5:59,6:00,83.3,92.5,97,92.4,87.3,89.3,96.5,85.2,90.5,90.5,88.4,79.1,96.8,96.8,89.9,81.6,90.5,78.8
9/7/2017 6:59,7:00,70.7,78.5,83.1,81.8,73.4,84.6,89.3,78.1,78.2,75.8,78.6,76.8,84.3,84.3,80.9,66.4,78.2,68
9/7/2017 7:59,8:00,60.6,65.9,70.6,75.2,63.3,72.6,77.6,64.3,73.2,63.6,65.4,60.6,71.5,71.5,69.8,57,73.2,59.2
9/7/2017 8:59,9:00,54,58.3,60.7,67.8,57.5,55.8,68,55.3,61.1,57,59.4,54.5,65.1,65.1,60.6,51,61.1,54.4
9/7/2017 9:59,10:00,47.2,53.4,50.4,60.7,52.2,49.8,58.8,50.4,57,52.7,55.8,49.6,59.8,59.8,52.9,46,57,54.4
9/7/2017 10:59,11:00,45.4,51.6,48,62.6,52.7,48,54.6,47.4,54.6,50.9,54.6,49.6,53.7,53.7,46.4,46.7,54.6,50.8
9/7/2017 11:59,12:00,45.4,51.6,45.4,60.8,47.9,40.6,55.2,46.8,49.1,47.2,53.3,45.3,46.4,46.4,41.5,44.2,49.1,47.7
9/7/2017 12:59,13:00,36,46,43.4,52.9,45.4,38,51.7,41.5,44.8,45.2,48.3,40.7,46.4,46.4,34.5,35.5,44.8,41.4
9/7/2017 13:59,14:00,34.2,50.3,43.4,59.6,46,40.4,49.8,44.2,46.1,45.2,51.4,42.7,48.2,48.2,37,41.7,46.1,40.8
9/7/2017 14:59,15:00,35.5,51.5,50.8,56.5,46.6,42.9,52.1,44.7,46.6,45.9,49.5,46.4,50,50,40.7,41.7,46.6,42
9/7/2017 15:59,16:00,40.3,50.8,55.7,64.2,49.6,46.6,53.9,49,46.6,49.6,56.3,49.5,52.4,52.4,43.1,42.9,46.6,43.8
9/7/2017 16:59,17:00,49,59.9,68.2,70,58,50.2,58,63.6,53.3,54.5,60.5,57.4,59.1,59.1,50.4,52,53.3,53.1
9/7/2017 17:59,18:00,54.5,74.5,78,80.1,71.7,64.5,67.4,72.9,59.9,65.3,69.9,74.4,69.1,69.1,55.3,59.3,59.9,58.5
9/7/2017 18:59,19:00,60,73.9,80.8,81.7,66.1,65.1,70.2,80.2,61,66.5,82.8,78.9,70.8,70.8,59.4,62.2,61,60.3
9/7/2017 19:59,20:00,61.1,75,79.7,83.8,68.9,64.5,71.9,72.9,63.9,67.6,81.3,77.8,68.5,68.5,59.4,63.4,63.9,63.2
9/7/2017 20:59,21:00,59.9,76.7,76.3,85.3,69.4,64.5,71.3,72.9,65.1,66.4,78.6,81.1,68.5,68.5,58.1,63.4,65.1,60.8
9/7/2017 21:59,22:00,62.3,82.3,77,88.8,70,72.5,75.8,79.6,65.1,70.5,81.1,81,72.5,72.5,59.9,65.7,65.1,67.9
9/7/2017 22:59,23:00,67.1,83.4,78,87.2,68.2,81.3,78.6,75.7,67.4,75.1,90.4,86.2,71.9,71.9,63.4,66.2,67.4,68.5
9/7/2017 23:59,0:00,68.8,77.8,76.3,85.1,73.9,79.2,79.7,80.6,69.1,74.5,90.4,88.7,70.2,70.2,65.7,70.8,69.1,70.2
9/8/2017 0:59,1:00,72.3,80.1,83.8,88.2,79.3,80.2,82.7,88.9,71.9,73.9,91.9,89.3,73.7,73.7,69.2,74.3,71.9,72.5
9/8/2017 1:59,2:00,75.8,78.9,83.2,86.6,83.9,84.8,85.7,90.9,74.2,78.6,93.3,88.7,73.7,73.7,70.9,76,74.2,75.9
9/8/2017 2:59,3:00,74.6,81.1,83.2,88.7,85.8,83.2,86.3,93.8,73.1,80.1,88.3,89.6,75.4,75.4,70.3,75,73.1,72.2
9/8/2017 3:59,4:00,75.8,81.6,81.1,89.6,78.7,83.8,86.7,92.9,73.6,73.5,83.1,89.1,72.6,72.6,68.6,75,73.6,71.3
9/8/2017 4:59,5:00,70,76.7,72.5,79.5,71.1,64.5,75.2,79.7,69.7,67.6,72.3,76.1,73.1,73.1,61.6,69.1,69.7,56
9/8/2017 5:59,6:00,62.9,70.5,68.2,67.7,63.7,57.5,69.7,60.6,65.1,61.1,65.9,45.3,69.7,69.7,57,58.7,65.1,59.1
9/8/2017 6:59,7:00,55.7,64.2,59.3,60.1,57.5,50.9,64.5,58.3,62.8,54.5,58.2,52.1,65.6,65.6,53.5,55.1,62.8,55.5
9/8/2017 7:59,8:00,51.5,56.5,54.6,58.4,54.5,49.8,61.1,51,57.5,52.2,52,47.1,60.9,60.9,48.6,48.5,57.5,51.3
9/8/2017 8:59,9:00,45.3,47.3,47.2,52.9,49.1,45.4,52.8,45.4,51.5,46.6,49.6,45.2,56.1,56.1,45.7,43.6,51.5,47.7
9/8/2017 9:59,10:00,42.3,45.5,47.2,51,50.3,42.9,50.4,42.9,48.5,47.2,47.7,47.1,51.2,51.2,40.8,41.1,48.5,45.2
9/8/2017 10:59,11:00,43,50.4,46.6,55.3,48.6,40,51.6,40.5,46.1,44.1,54,46.5,51.2,51.2,40.1,39.4,46.1,46.4
9/8/2017 11:59,12:00,40.6,47.4,45.5,52.4,46.1,36.8,49.8,44.8,45.6,42.9,44.7,39,46.4,46.4,40.1,37.5,45.6,43.4
9/8/2017 12:59,13:00,36.3,51,54,58.4,53.9,48.5,51.6,43.5,50.4,47.8,54,48.3,56.2,56.2,40.8,39.9,50.4,47.7
9/8/2017 13:59,14:00,38.7,50.4,46,56,46.7,43.1,48.6,49.8,45.5,46.1,49,45.3,48.8,48.8,39.5,43.1,45.5,45.3
9/8/2017 14:59,15:00,42.3,52.8,55.9,69.6,49.8,45.5,54,52.9,48.5,47.8,55.2,50.2,55.6,55.6,43.2,46.8,48.5,48.3
9/8/2017 15:59,16:00,44.2,55.8,57.6,71.3,56.3,46.7,52.7,57.1,49.2,49.7,54.5,56.4,56.8,56.8,43.8,44.3,49.2,46.4
9/8/2017 16:59,17:00,43.5,60,70.6,74,60.4,57.6,60.4,65.4,49.2,58.2,71.2,68.7,65.7,65.7,43.8,49.7,49.2,45.1
9/8/2017 17:59,18:00,48.5,60.5,74.6,75.7,69.5,60.5,60.4,73.5,55.7,60,70.6,73.9,68,68,49.8,56.3,55.7,54.9
9/8/2017 18:59,19:00,50.9,62.3,74,77.9,71.2,56.8,59.8,73.5,58.7,55.7,64.7,59.8,73.1,73.1,50.4,54.5,58.7,53.7
9/8/2017 19:59,20:00,52,63.4,71.7,79.5,71.7,58.6,62.1,72.9,63.4,59.3,65.8,62.8,71.9,71.9,54.6,55.6,63.4,56
9/8/2017 20:59,21:00,52.6,63.4,72.2,79,73.9,60.3,60.9,77.9,63.4,62.3,67,63.3,73.7,73.7,55.1,59.8,63.4,62
9/8/2017 21:59,22:00,56.8,68.7,76.3,78.5,77.2,62.7,67.3,77.9,65.1,64,71.1,66.9,76.6,76.6,58.1,61,65.1,61.4
9/8/2017 22:59,23:00,61.1,70.4,78.5,80.5,78.2,67.9,69,81.2,69.1,68.8,73,70.3,77.6,77.6,61.6,63.3,69.1,65.5
9/8/2017 23:59,0:00,64.6,71.6,77.3,84.6,79.2,70.8,71.5,84.7,72.5,71.6,77.3,71.8,79.7,79.7,66.2,65.1,72.5,69
9/9/2017 0:59,1:00,70,75,81.1,88.2,81.8,72.6,74.2,85.8,73.6,73,80,75,81.2,81.2,70.3,68.5,73.6,71.3
9/9/2017 1:59,2:00,70.6,76.3,81.6,86.6,82.7,74.8,75.3,83.2,74.8,75.7,81,77.2,84.4,84.4,71.9,70.8,74.8,73.8
9/9/2017 2:59,3:00,72.9,76.7,82.2,86.1,83.2,77.4,77.4,84.7,74.3,78.4,83.6,79.2,84.4,84.4,72.7,70.5,74.3,77
9/9/2017 3:59,4:00,74.1,77.8,85.3,88.1,85.2,84.1,80.5,87.8,75.4,78.4,83.6,81.9,85.9,85.9,73.8,74.9,75.4,77.7
9/9/2017 4:59,5:00,74.6,78.4,82.2,80.1,82.3,73,75.4,79.1,77.6,74.1,82.1,81.9,85.4,85.4,74.8,73.1,77.6,61.4
9/9/2017 5:59,6:00,70.6,75,74,69.4,76.6,63.9,73.6,68.8,73.1,69.9,77.4,52.7,78.2,78.2,66.9,64.6,73.1,67.3
9/9/2017 6:59,7:00,64.7,65.8,68.2,67.7,63.8,62.2,68.5,64.8,70.3,63,71.1,62.2,75.4,75.4,59.9,59.3,70.3,60.3
9/9/2017 7:59,8:00,59.3,67,64.7,61.2,57.5,60.5,61.6,64.8,64.5,57.6,66.5,59.9,67.4,67.4,55.2,59.3,64.5,58
9/9/2017 8:59,9:00,52.7,55.2,56.4,59.5,57.5,52.1,58.7,56.5,58.1,50.3,60.6,53.8,62,62,52.8,46.1,58.1,54.3
9/9/2017 9:59,10:00,49,56.5,50.8,57.1,52.8,49.1,52.1,52.8,50.9,49.6,56.9,49.5,57.9,57.9,45.5,46.1,50.9,49.5
9/9/2017 10:59,11:00,45.3,54.5,51.5,56.4,53.8,49.7,50.3,45.4,48.5,47.1,56.3,48.8,56.7,56.7,41.9,42.3,48.5,47.7
9/9/2017 11:59,12:00,39.2,50.2,42.2,49.1,48.5,41.1,49.1,44.1,44.8,42.7,53.8,50.1,49.4,49.4,38.8,37.3,44.8,46.4
9/9/2017 12:59,13:00,37.2,47.8,40.9,46.5,44.2,43.5,46,42.1,45.5,46.4,50.7,44.5,48,48,39.9,34.2,45.5,46.4
9/9/2017 13:59,14:00,32.2,44.6,41.4,45.3,44.8,39,41.6,42.1,40.4,40,44.9,41.2,47.4,47.4,36.1,35.9,40.4,40.7
9/9/2017 14:59,15:00,37.2,48.9,47.6,49.6,47.8,44,45.9,44,44.7,43.3,50,45,50.5,50.5,39.8,39.7,44.7,43.8
9/9/2017 15:59,16:00,42.1,53.8,56.8,54.5,54.9,48.9,48.9,49.5,47.1,48.2,55.6,51.2,53.5,53.5,44.8,40.9,47.1,48.1
9/9/2017 16:59,17:00,47.7,58.6,68.2,68.8,64.3,56.2,57.4,62.3,53.2,55,63.4,68.1,63.2,63.2,49.7,50.7,53.2,53
9/9/2017 17:59,18:00,51.4,63.4,75.8,75.1,73.3,59.7,60.9,76.8,56.8,61.1,69.3,63.9,71.4,71.4,53.9,57.4,56.8,57.2
9/9/2017 18:59,19:00,56.2,66.3,74.7,74.1,72.8,63.2,63.2,68.8,60.9,63.4,71.3,66.8,76.5,76.5,58.7,60.4,60.9,60.8
9/9/2017 19:59,20:00,55.6,67.5,76.7,77.2,76.1,68.4,66.7,68.2,60.9,64.6,70.6,67.2,77,77,59.2,59.7,60.9,63.1
9/9/2017 20:59,21:00,59.2,68.6,76.7,77.7,76.1,66.5,67.1,74.6,63.2,66.4,72.8,68.3,78.6,78.6,61,61.5,63.2,64.9
9/9/2017 21:59,22:00,60.4,70,75,81.4,76.1,68.2,66.5,75.1,66.2,68.4,75,70.5,79.6,79.6,65.1,65.6,66.2,66.5
9/9/2017 22:59,23:00,64.6,71.2,78.8,82.4,77.5,70.3,71.9,72.4,68.5,69.5,77.7,72.7,79.6,79.6,65.6,65.6,68.5,68.1
9/9/2017 23:59,0:00,68.2,73.9,79.8,80.8,79,73,74,74.5,70.4,73.3,79.8,75.4,81.1,81.1,68.2,67.7,70.4,72
9/10/2017 0:59,1:00,69.1,76.7,81.5,83,78.5,76.2,74.6,77.8,71,75.6,81.9,77.1,80.6,80.6,71,69.9,71,74.7
9/10/2017 1:59,2:00,70.7,76.1,82,83,80.1,77.8,76.7,78.3,73.2,77.2,84,80.3,83.2,83.2,73.1,71.6,73.2,75.3
9/10/2017 2:59,3:00,73.6,78.8,84.2,84.5,83.1,78.4,79.4,79.9,75.3,79.3,85,80.7,85.8,85.8,75.3,74.3,75.3,77.4
9/10/2017 3:59,4:00,75.3,80.4,85.2,82.9,83.6,79.5,79.9,82.1,76.9,81,85.6,81.3,86.3,86.3,76.4,75.3,76.9,79.6
9/10/2017 4:59,5:00,74.3,79.4,83.2,80.5,81.2,75.8,76.3,77.4,75.9,77.3,83.1,79.9,85.9,85.9,74.3,73.8,75.9,68.4
9/10/2017 5:59,6:00,71.2,75.6,76.9,70.5,76.6,68.5,75.8,68.8,73.6,71.1,77.5,61.1,80.3,80.3,70.3,67.4,73.6,69.1
9/10/2017 6:59,7:00,65.9,67.6,69.4,65.9,64.4,61.6,67.9,65.4,70.8,64.2,71.7,64,75.9,75.9,62.3,60.5,70.8,60.9
9/10/2017 7:59,8:00,62.4,62.4,62.4,63,59.8,59.9,61,60.7,64.5,60.6,65.3,60.5,68.6,68.6,58.2,55.8,64.5,58
9/10/2017 8:59,9:00,54.6,58.2,55.2,58.9,56.9,54.6,56.9,54.1,58.7,53.9,62.4,54.5,62.7,62.7,50.4,48,58.7,55.6
9/10/2017 9:59,10:00,48.5,53.4,49.1,54.7,53.4,50.4,52.7,49.8,52.2,49.1,58.8,48.9,57.3,57.3,46.8,44.3,52.2,50.8
9/10/2017 10:59,11:00,44.9,54,48.5,52.2,51.6,44.8,49.1,44.8,47.4,47.8,53.3,47.7,54.9,54.9,40.7,39.9,47.4,47.1
9/10/2017 11:59,12:00,42.4,50.3,42.2,49.1,51.6,41.7,46,42.2,43.7,44.1,49.5,45.3,50,50,40.7,36.2,43.7,50.2
9/10/2017 12:59,13:00,40.5,49.1,44.1,44.8,48,38.1,44.2,42.8,42.4,40.9,49.5,47,47.5,47.5,37.5,33.1,42.4,45.3
9/10/2017 13:59,14:00,36.8,49.1,44.1,46,46.1,40.5,43,40.9,42.4,42.1,48.3,43.9,45.7,45.7,40.7,38,42.4,44
9/10/2017 14:59,15:00,40.5,49.7,50.2,49.1,47.9,43.6,46,44.7,46.1,44.7,50.1,45.8,53.1,53.1,40.7,38,46.1,43.4
9/10/2017 15:59,16:00,41.6,50.9,56.3,58.3,57.5,45.3,49.7,50.3,48.5,47.1,56.3,50.7,53.7,53.7,44.3,39.8,48.5,47
9/10/2017 16:59,17:00,46.6,56.9,72.3,73.4,68.9,61.1,62.8,67.1,51.5,58.2,78,68.7,66.8,66.8,46.2,50.8,51.5,51.9
9/10/2017 17:59,18:00,48.5,62.9,80.8,80.1,76.7,70.9,67.4,75.7,62.8,69.4,85.6,78.4,75.4,75.4,51.6,58.7,62.8,57.9
9/10/2017 18:59,19:00,55.8,67.6,81.9,84.4,81,74.2,68.5,82.9,67.5,70,89,79.5,81.5,81.5,58.2,64.6,67.5,63.9
9/10/2017 19:59,20:00,55.1,70.5,83.6,83.3,84.1,71.9,68.5,84.6,69.7,67,79.7,74.4,86.9,86.9,60.5,62.8,69.7,65.6
9/10/2017 20:59,21:00,58.7,72.2,79.7,84.8,84.7,68.5,70.2,84.4,71.4,70.5,80.7,73.8,87.8,87.8,62.8,65.1,71.4,66.2
9/10/2017 21:59,22:00,61.1,73.3,79.1,84.2,82.4,66.8,70.2,83.8,72,71.1,80.1,69.8,85.1,85.1,64.6,66.8,72,66.2
9/10/2017 22:59,23:00,60.5,73.9,79.1,84.2,82.9,65.6,69.6,86.4,70.8,72.2,81.1,66.9,85.1,85.1,65.1,66.8,70.8,67.3
9/10/2017 23:59,0:00,63.5,74.4,79.1,82.6,82.9,70.8,68.4,85.3,68.5,72.8,80,74.5,86.5,86.5,65.7,69.1,68.5,68.4
9/11/2017 0:59,1:00,64,74,85.3,84.6,85.3,70.8,71,87.9,69.7,71.9,90.8,79.8,88,88,64.5,69.1,69.7,69.3
9/11/2017 1:59,2:00,65.2,75.6,86.4,86,85.7,72.6,76.4,87.9,74.8,75.2,92.8,79.2,86.4,86.4,66.8,70.8,74.8,69.9
9/11/2017 2:59,3:00,67,76.2,88.3,88,84.7,77.4,79.4,90.8,74.3,76.2,95.2,80.8,87.9,87.9,71.4,72.2,74.3,71.5
9/11/2017 3:59,4:00,69.4,75.6,88.3,89.5,85.1,78.5,78.4,91.8,76.5,76.8,94.1,79.2,87.4,87.4,71,70,76.5,74.3
9/11/2017 4:59,5:00,67.6,74,81.1,84.2,82.7,69.1,72.6,83.8,70.8,72.2,83.2,72.9,84.4,84.4,68.5,68,70.8,60.8
9/11/2017 5:59,6:00,60.5,68.7,68.2,63,73.3,56.2,63.8,65.3,65.1,61.7,70.6,49.5,83.5,83.5,58.1,57.5,65.1,58.4
9/11/2017 6:59,7:00,57.5,57,60.5,57.1,56.8,50.9,60.4,57.6,60.4,53.3,65.3,53.8,69.7,69.7,55.8,51.5,60.4,51.3
9/11/2017 7:59,8:00,53.3,52.3,51.5,49.7,53.3,48.5,53.3,49.7,57.5,48.5,52.7,47.1,57.9,57.9,48,44.8,57.5,50.8
9/11/2017 8:59,9:00,43.4,45.4,44,44.7,46,42.3,48.5,45.4,47.8,39.6,48.4,42.7,52.4,52.4,41.9,36.8,47.8,40.8
9/11/2017 9:59,10:00,41.7,43,40.3,46.6,45.5,41.1,43,42.3,44.2,42.8,45.2,44.7,49.3,49.3,39.4,37.4,44.2,44.1
9/11/2017 10:59,11:00,38,46.1,42.3,44.1,46.8,41.1,44.8,40.4,44.2,39.6,49,42.1,47.6,47.6,37.1,35.6,44.2,41.5
9/11/2017 11:59,12:00,38,47.3,42.3,46.1,47.4,42.5,45.5,42.3,44.2,43,47.8,47.9,45,45,37.8,38.1,44.2,44.6
9/11/2017 12:59,13:00,39.3,49.8,47.3,49.9,47.4,44.3,49.2,42.9,43.1,44.2,52.2,51,50.1,50.1,34.5,38.8,43.1,44
9/11/2017 13:59,14:00,41.2,54.1,52.9,54.2,51,48,49.8,44.8,48,46.1,53.4,49.7,55.7,55.7,37.6,41.1,48,44.5
9/11/2017 14:59,15:00,44.3,55.9,58.9,69.1,54.6,49.8,50.4,49.8,51,52.2,60.7,54.6,61.6,61.6,44.5,46.8,51,49.6
9/11/2017 15:59,16:00,46.7,58.8,69.5,73,60.4,60.6,60,64.3,54.7,58.3,70.1,63,66.3,66.3,46.3,51.6,54.7,48.2
9/11/2017 16:59,17:00,47.3,60,75.8,79.6,70.7,64.6,62.8,68.9,55.8,61.2,80.2,73.4,76.1,76.1,46.9,53.4,55.8,50.1
9/11/2017 17:59,18:00,46.6,66.5,79.8,78.5,77.8,69.8,68,77.5,57.6,70.7,86.8,78.4,78.8,78.8,43.1,55.8,57.6,53.7
9/11/2017 18:59,19:00,52.2,71.1,83.1,80.1,82.1,74.8,73.7,82.4,69.3,72.9,87.3,82.3,82.1,82.1,48.7,62.3,69.3,58.6
9/11/2017 19:59,20:00,61.3,74.5,84.7,84.5,84.2,79.8,76.5,80.8,73.2,77.5,87.9,85,87,87,65.9,68.2,73.2,71.5
9/11/2017 20:59,21:00,63.1,77.3,84.2,83.9,85.2,81.9,78.7,83,74.9,77.5,85.7,83.9,88.6,88.6,69.3,69.8,74.9,73.8
9/11/2017 21:59,22:00,64.8,75.1,84.7,86.6,86.2,80.3,78.7,86.8,77.1,76.9,87.8,82.8,88.6,88.6,67.6,69.8,77.1,72.1
9/11/2017 22:59,23:00,67.8,73.4,85.3,88.2,84.7,82.5,79.7,86.8,77.1,77.4,87.8,83.3,86.4,86.4,68.2,71.6,77.1,72.1
9/11/2017 23:59,0:00,74.2,76.8,86.9,88.7,86.2,83,81.3,89.4,77.1,79.7,93.1,85.5,88.6,88.6,68.7,73.8,77.1,73.8
9/12/2017 0:59,1:00,71.8,77.9,84.2,86.6,86.8,86.2,83.5,92,76,78.5,90,88.2,90.7,90.7,72.1,72.1,76,76.6
9/12/2017 1:59,2:00,69.5,76.8,86.4,86.6,86.2,86.7,82.4,91.5,75.4,77.4,91.7,88.2,91.2,91.2,72.1,75.4,75.4,77.1
9/12/2017 2:59,3:00,71.3,79,87.4,86.1,87.8,86.2,84,91.5,73.7,78,90.8,88.7,89.6,89.6,70.4,75.4,73.7,76
9/12/2017 3:59,4:00,70.7,78.4,86.4,87.7,85.7,84.1,83,88.3,74.8,79.1,91.6,88.2,90.1,90.1,70.9,75.4,74.8,77.1
9/12/2017 4:59,5:00,69.5,76.2,83.6,86.6,84.2,81.9,81.9,86.2,74.8,78.6,87.8,84.4,89.1,89.1,69.2,70.4,74.8,73.8
9/12/2017 5:59,6:00,62.4,74,79.8,85.6,79.9,72.1,76.5,73.5,68.1,71.2,81.9,73.4,87,87,61.8,64.7,68.1,66.2
9/12/2017 6:59,7:00,60.1,67.2,67.8,63.7,64.6,60,64,62.1,65.8,62.5,71.3,60,82.1,82.1,57.2,57.2,65.8,58.2
9/12/2017 7:59,8:00,54.8,55.4,53.5,56.1,52.9,54.8,56.5,57.9,54.1,50.5,60.8,53,61.1,61.1,48.8,49.9,54.1,49.1
9/12/2017 8:59,9:00,50.6,53,51.1,52.4,49.3,48.7,50.5,42.4,48.7,49.9,46.5,49.2,55.7,55.7,48.8,38.2,48.7,47.3
9/12/2017 9:59,10:00,37.4,48.6,34.5,45,39.9,48.7,41.1,43,35.5,41.1,46.5,44.2,42.6,42.6,41,38.2,35.5,42.2
9/12/2017 10:59,11:00,33.6,45.4,35.2,45,38.6,37.5,38.6,46.2,36.1,41.8,44.8,41,36.1,36.1,31.4,39.4,36.1,39.7
9/12/2017 11:59,12:00,29.2,41.7,35.2,42.4,36.8,28.1,38.6,38.5,30.4,34,40.8,37.1,41.4,41.4,27.6,31.7,30.4,35.2
9/12/2017 12:59,13:00,34.9,35.2,41,41.1,37.4,34.8,36.7,35.1,34.9,35.8,40.1,40.8,40,40,26.1,26.4,34.9,36.4
9/12/2017 13:59,14:00,40.8,43.6,41.6,37.1,41.8,38.7,39.9,35.8,42,36.5,40.7,39.5,45.8,45.8,37.9,37.5,42,48.5
9/12/2017 14:59,15:00,45.7,52.9,45.4,49.3,47.4,43.1,43,51.2,48.1,41.6,49.7,47.2,47,47,42.2,45.6,48.1,50.3
9/12/2017 15:59,16:00,48.7,58.3,52.2,58.4,52.8,53.6,50.4,57.8,49.3,49.2,55.8,56.5,53.2,53.2,48.2,52.9,49.3,52.7
9/12/2017 16:59,17:00,52.4,60.1,63.1,70.2,59.3,64.2,58.3,70.8,54.7,59.6,70.7,66,61,61,49.5,56.5,54.7,55.1
9/12/2017 17:59,18:00,51.7,63.7,70.1,73.5,65.1,67.6,64.1,74.2,55.9,63.2,76.4,71.7,68.7,68.7,52.5,56.5,55.9,58.7
9/12/2017 18:59,19:00,55.4,62.4,73.6,79.7,70.7,70.5,65.2,77.5,56.5,69.6,78,75.1,73.3,73.3,55.5,58.3,56.5,61.1
9/12/2017 19:59,20:00,60.8,65.4,76.4,81.8,76.2,74.9,66.9,81.4,57.7,70.7,84.1,77.3,78.3,78.3,59.1,62.4,57.7,65.2
9/12/2017 20:59,21:00,71.5,73.5,80.3,83.4,79.4,77.1,72.1,84.6,63.6,72.4,88.4,82.3,80.5,80.5,69.5,67.1,63.6,75.1
9/12/2017 21:59,22:00,73.2,74,82,85.1,82.1,77.6,74.9,86.3,69.9,74.1,91,84.5,83.2,83.2,69.5,67.6,69.9,74.4
9/12/2017 22:59,23:00,76.1,76.3,86.4,85.6,84.2,81.4,79.2,87.3,72.8,77.5,92.6,87.7,85.4,85.4,71.2,73.9,72.8,76.7
9/12/2017 23:59,0:00,77.2,78.6,85.3,87.2,84.2,81.4,81.4,88.9,74.4,79.8,91,86.6,87.5,87.5,71.7,75.6,74.4,78.4
9/13/2017 0:59,1:00,76.1,80.2,86.4,87.7,85.3,81.4,83.6,88.9,76.7,79.2,91.6,85.6,89.1,89.1,73.9,75.6,76.7,80.6
9/13/2017 1:59,2:00,77.8,82.4,87,85.6,85.8,82,83.1,90,78.3,83.6,93.1,86.1,89.6,89.6,77.2,76.8,78.3,81.7
9/13/2017 2:59,3:00,80.6,80.8,87,85.1,84.8,85.8,84.2,85.8,81.1,85.3,90.6,87.7,89.6,89.6,82.1,73.4,81.1,84.5
9/13/2017 3:59,4:00,80.1,84.1,90.8,85.6,85.3,83.1,83.1,85.2,81.1,86.3,93.2,88.3,92.8,92.8,79.9,76.2,81.1,80.1
9/13/2017 4:59,5:00,85.6,85.1,88.6,88.8,85.3,83.6,83.1,91,81.1,85.8,88.4,88.3,93.3,93.3,84.7,82.8,81.1,86.1
9/13/2017 5:59,6:00,93.3,92,93.9,93.9,94.4,94,94.5,97.7,90.6,93.7,96.2,94.5,96.3,96.3,93.5,91.2,90.6,94.6
9/13/2017 6:59,7:00,93.8,92,95,94.4,94.4,95,96,98.2,91.2,93.7,97.7,95,98.9,98.9,92.5,89.2,91.2,95.1
9/13/2017 7:59,8:00,92.3,92,92.9,92.4,93.5,92,94.5,95.2,89.1,92.7,94.7,92.5,95.9,95.9,88.5,86,89.1,93.6
9/13/2017 8:59,9:00,91.8,92,94.5,91.9,92.5,91,95,93.2,89.7,91.2,95.2,91.5,95.9,95.9,88.5,87.7,89.7,93.6
9/13/2017 9:59,10:00,88.5,91.6,92.9,89.9,92,91.6,94.6,93.7,87.6,90.7,93.2,91,95.9,95.9,85.4,85.6,87.6,93.1
9/13/2017 10:59,11:00,86.9,88.5,82.8,88.9,86.5,85.4,90.6,90.2,83.9,86.5,90.7,87.9,92.9,92.9,82.2,82.9,83.9,89.4
9/13/2017 11:59,12:00,77.6,88.5,86.6,87.4,86.5,78.6,89.5,83.9,83.9,86,88.6,84.8,92.4,92.4,74.3,80.3,83.9,83.6
9/13/2017 12:59,13:00,67.9,84.3,81.2,84.2,81.4,77.5,86.4,80.2,78.6,79.5,82.8,78.9,90.4,90.4,69.9,76,78.6,77.1
9/13/2017 13:59,14:00,69,85.4,78,84.2,78.7,67,82.3,78,75.9,76.3,81.2,79.4,89.9,89.9,68.2,74.3,75.9,75.4
9/13/2017 14:59,15:00,72.5,82.2,76.8,82.1,79.3,77.5,81.8,79.1,75.9,77.9,82.3,83.2,84.1,84.1,73.2,74.9,75.9,77.1
9/13/2017 15:59,16:00,81.5,89.6,88.3,86.9,85,86,87.5,87.6,81.9,87.6,90.2,88.4,91.4,91.4,79.7,85.7,81.9,84.7
9/13/2017 16:59,17:00,83.1,89.6,93,91.5,89.1,88.5,89,93.8,84.5,91.3,95.3,93.6,96,96,81.3,88.8,84.5,86.8
9/13/2017 17:59,18:00,87.5,93.2,95,95.1,93,90,91,96.2,87.2,92.2,98.3,95.6,96.9,96.9,83.4,90.4,87.2,87.9
9/13/2017 18:59,19:00,87.5,93.7,96.6,95.1,94.5,91,93.1,96.7,88.7,93.8,98.8,96.6,96.4,96.4,86,91.4,88.7,88.9
9/13/2017 19:59,20:00,90.2,94.8,96,96,95.4,92.5,93.6,98.2,90.8,94.8,99.3,96.6,98.4,98.4,89.1,93.4,90.8,92.6
9/13/2017 20:59,21:00,92.4,95.2,95.5,97.5,94.9,91,94.6,98.2,91.8,93.8,100,97,98.4,98.4,90.6,93.4,91.8,94.7
9/13/2017 21:59,22:00,92.9,96.2,96.5,97.5,96.9,91.5,94.6,98.2,91.8,94.3,100,97,98.4,98.4,91.1,92.9,91.8,95.2
9/13/2017 22:59,23:00,91.8,96.2,97.6,97.5,96.4,92.5,96,98.7,92.3,94.3,100,97.5,96.9,96.9,90.6,94.4,92.3,95.2
9/13/2017 23:59,0:00,88.5,96.2,97.6,97,96.9,93.5,96.5,99.2,91.2,94.8,100,97,97.9,97.9,85.9,92.8,91.2,94.6
9/14/2017 0:59,1:00,86.8,95.2,97.6,97.5,95.9,93.5,93.5,99.7,89.6,95.8,100,97,97.9,97.9,85.9,92.3,89.6,92.5
9/14/2017 1:59,2:00,87.9,94.7,98.1,96.5,96.9,94,97,99.7,88.6,95.8,100,98,97.9,97.9,85.9,91.3,88.6,90.9
9/14/2017 2:59,3:00,88.4,95.2,99.1,96,96.4,94.5,95.5,100,89.6,96.3,100,97.5,98.4,98.4,86.4,92.3,89.6,90.4
9/14/2017 3:59,4:00,89,95.7,99.6,98,95.4,94,95.5,99.7,88.6,95.8,100,98.5,98.9,98.9,86.9,91.8,88.6,91
9/14/2017 4:59,5:00,87.9,95.2,97.6,96.5,93,93.6,95,98.7,88.1,94.3,98.8,97.6,98.9,98.9,85.4,90.2,88.1,89.9
9/14/2017 5:59,6:00,87.4,92.1,95.5,94.5,89.5,86.4,93,93.2,87.6,90.1,92.7,89.4,96.4,96.4,83.3,87.7,87.6,88.9
9/14/2017 6:59,7:00,83,86.4,90.3,87.9,85.4,78.5,90.5,82.2,82.8,85.4,87.5,84.2,91.3,91.3,78.5,80.8,82.8,84.1
9/14/2017 7:59,8:00,74,76.6,73.3,78.8,78.2,69.1,81.7,72.9,76.9,74.4,71.1,72.7,82.9,82.9,68.7,70.9,76.9,72
9/14/2017 8:59,9:00,66.5,69.3,68.2,73.3,68.8,61.1,73.5,65.9,68.6,69.3,65.3,63.5,77.5,77.5,61.2,61.7,68.6,66.8
9/14/2017 9:59,10:00,62.4,64.1,63,67,66,58.7,71.3,60.8,63.4,65.3,65.3,61.7,69.6,69.6,57.1,54.7,63.4,65.7
9/14/2017 10:59,11:00,53.5,62.3,52.8,64.7,62,51.6,63.3,54.7,54.6,54.5,57.6,56.3,59.7,59.7,48.9,49.3,54.6,58.1
9/14/2017 11:59,12:00,49.9,54.7,54.6,60,56.3,50.6,59.2,52.4,52.8,57,53.3,52.6,59.2,59.2,45.9,46.2,52.8,54.5
9/14/2017 12:59,13:00,45.6,57.6,49.1,61.8,55.7,49.8,56.9,49.9,51,52.8,52.6,48.4,54.3,54.3,44,44.3,51,56.3
9/14/2017 13:59,14:00,45.6,56.3,55.3,60.8,56.2,46.1,55.7,51.1,52.8,50.3,58,48.4,56.7,56.7,46.4,48.6,52.8,50.8
9/14/2017 14:59,15:00,50.3,57.5,61.1,68.8,56.8,51.5,61,58.8,53.9,53.9,60.5,54.4,65,65,49.9,52.7,53.9,57.3
9/14/2017 15:59,16:00,53.3,64,66.9,73.8,60.8,56.3,64.4,61.7,59.3,59.3,68.1,59.2,69.6,69.6,52.2,55,59.3,56.7
9/14/2017 16:59,17:00,55.7,70.3,75,78.2,71.6,60.4,70.6,69.3,60.4,63.5,77.7,70.2,74.1,74.1,54.6,59.2,60.4,59
9/14/2017 17:59,18:00,71.1,73.7,80,83.6,73.2,71.8,72.3,75.5,68.5,72.7,79.9,78.7,77.4,77.4,68.6,69.7,68.5,74.7
9/14/2017 18:59,19:00,71.7,77.6,80.5,83.6,75.4,74.1,78.4,81.6,71.9,75,83.7,83,80.2,80.2,69.1,71.9,71.9,75.2
9/14/2017 19:59,20:00,73.4,79.3,84.9,86.2,83.9,77.3,80,84.3,66.9,79.4,88,85.2,82.9,82.9,71.9,74.1,66.9,77.4
9/14/2017 20:59,21:00,74.5,80.4,87.1,88.9,84.4,81.6,82.7,83.8,70.8,81,91.6,88.9,84.5,84.5,70.8,76.3,70.8,78.6
9/14/2017 21:59,22:00,76.2,82.5,87.6,89.9,86.9,79.5,82.1,86.4,74.7,80.5,92.2,89.4,86,86,73.6,79.1,74.7,75.8
9/14/2017 22:59,23:00,75.1,84.2,92.3,94,89.4,82.6,82.6,91.1,78.5,81.5,94.7,90.4,90.2,90.2,74.6,79.6,78.5,78.5
9/14/2017 23:59,0:00,73.9,84.7,92.9,95.5,90.4,84.8,85.2,91.6,80.1,85.3,97.2,92.4,91.8,91.8,75.7,79,80.1,79
9/15/2017 0:59,1:00,77.9,86.8,93.4,94.9,92.4,87.4,87.3,94.2,82.2,88.5,98.2,95,92.3,92.3,78.4,81.2,82.2,82.9
9/15/2017 1:59,2:00,79,87.3,93.9,96.9,91.9,88.9,88.9,95.2,83.8,87.9,97.7,94,93.8,93.8,82.2,83.3,83.8,83.9
9/15/2017 2:59,3:00,80.1,86.2,94.9,95.9,91.9,88.4,88.3,96.2,83.8,88.5,95.7,91.4,93.3,93.3,81.6,82.8,83.8,83.9
9/15/2017 3:59,4:00,78.4,88.3,93.9,94.9,91.9,87.8,88.3,94.6,84.3,86.8,96.7,90.9,92.8,92.8,78.9,84.4,84.3,82.3
9/15/2017 4:59,5:00,75.5,83.5,88.6,91.4,87.9,78.8,82.6,86.3,82.1,80.4,89.5,85.6,91.2,91.2,76.2,78.9,82.1,62.5
9/15/2017 5:59,6:00,72.6,76.4,81,73.3,79.6,70.1,77.2,72.7,75.6,73.2,78.8,68.5,86,86,71.2,68.4,75.6,68.9
9/15/2017 6:59,7:00,69.2,70.4,72.7,67.6,69.3,65.6,72.3,68.7,73.5,65.2,75.5,66.8,79.1,79.1,64.5,63.3,73.5,66.1
9/15/2017 7:59,8:00,65.2,64.7,65.2,65.8,64.9,61,67.8,64.1,69.6,62.3,69.3,60.4,72.4,72.4,59.9,58.7,69.6,58
9/15/2017 8:59,9:00,58.8,57.7,63.5,60.5,62,55.1,64.4,58.3,63.4,56.4,61.7,54.6,69,69,54.7,51.7,63.4,60.3
9/15/2017 9:59,10:00,51.6,55.8,61.7,58.8,62.6,50.4,55.8,55.9,61.6,53.3,54.5,50.3,63.2,63.2,49.5,48.6,61.6,51.5
9/15/2017 10:59,11:00,48.7,52.8,59.9,59.4,56.8,55.2,55.2,58.8,58.1,49.7,60.5,46.6,66.1,66.1,45.3,41.9,58.1,52.7
9/15/2017 11:59,12:00,56.5,56.9,57,55.3,59.8,57,56.9,46.3,55.2,52.1,56.9,60.5,63.3,63.3,42.4,49.8,55.2,55.7
9/15/2017 12:59,13:00,55.4,62.3,60,55.3,59.8,59.4,61.1,60.1,60.5,58.3,59.4,65.3,66.8,66.8,47.7,53.4,60.5,56.2
9/15/2017 13:59,14:00,60.1,65.3,67.6,57.1,62.7,60.6,58.2,51,62.3,54,61.1,61.8,68.5,68.5,53.1,51.2,62.3,59.8
9/15/2017 14:59,15:00,53.7,60,76.2,66.6,62.1,62.8,65.1,55.2,61.1,61.8,74.4,71.6,72.5,72.5,54.3,52.2,61.1,59.8
9/15/2017 15:59,16:00,60.7,61.1,81.8,72.8,68.9,68,66.2,63,65.2,67.6,81.1,77.1,78.6,78.6,60.7,55.2,65.2,65
9/15/2017 16:59,17:00,65.4,72.1,82.2,73.8,68.3,75.7,73,76.7,68.6,71,85.4,82.6,79.1,79.1,62.9,66.3,68.6,70.2
9/15/2017 17:59,18:00,70,74.9,87.6,82.1,80.8,77.3,77.3,82.7,72,76.7,88.6,85.8,86.2,86.2,66.9,70.3,72,74.7
9/15/2017 18:59,19:00,71.8,73.2,91.4,83.1,83.9,81.7,80,83.2,72.5,77.7,93.2,88.4,89.3,89.3,70.3,70.3,72.5,75.3
9/15/2017 19:59,20:00,70.5,79.3,93.4,87.8,88,84.3,84.3,88.5,79.7,82.7,95.2,90.9,89.8,89.8,69.7,74.1,79.7,77
9/15/2017 20:59,21:00,76.3,83.1,93.4,90.4,90,86.9,84.8,90.1,80.7,84.8,95.7,92.5,92.9,92.9,75.2,78.1,80.7,81.9
9/15/2017 21:59,22:00,84.1,85.3,92.9,91.4,91.5,88.4,87.4,92.7,82.8,86.4,95.7,93,91.8,91.8,77.4,79.1,82.8,82.4
9/15/2017 22:59,23:00,80.7,86.3,94.4,91.9,92,88.9,87.9,94.7,82.8,88,97.8,94,93.3,93.3,76.8,80.7,82.8,83.5
9/15/2017 23:59,0:00,81.8,87.9,95.5,92.4,92,88.9,90,96.2,84.4,90.1,98.8,95,95.4,95.4,81.7,81.8,84.4,86.7
9/16/2017 0:59,1:00,84.1,88.4,95.5,93.9,93.4,91,89.4,95.7,86,91.1,98.8,94.5,96.4,96.4,85.4,83.4,86,87.8
9/16/2017 1:59,2:00,84.1,88.4,95.5,95,92.9,89.9,88.9,96.7,86.5,89.6,96.2,95,95.3,95.3,84.3,83.9,86.5,87.8
9/16/2017 2:59,3:00,84.1,86.8,95,95,92.9,92,89.4,97.2,85.4,89,95.7,95,94.3,94.3,84.8,83.9,85.4,87.2
9/16/2017 3:59,4:00,84.1,87.8,94.4,95.9,93.4,90.4,89.9,97.2,85.4,88,96.2,95.5,94.8,94.8,83.2,83.3,85.4,87.7
9/16/2017 4:59,5:00,81.8,84.1,91.3,92.4,90.9,80.6,89.4,93.7,83.2,83.7,93.2,93,93.8,93.8,80.6,80.7,83.2,68.4
9/16/2017 5:59,6:00,77.9,79.8,84.9,76.2,83.8,71.3,80.5,76.1,81.2,74.4,81.1,69.8,92.3,92.3,75.2,70.8,81.2,73.6
9/16/2017 6:59,7:00,72.8,72.8,72.8,66,71.2,61.8,71.3,70.6,75.8,67.1,75.1,65.8,81.3,81.3,66.9,65.2,75.8,68.5
9/16/2017 7:59,8:00,66,61.9,63.6,62.5,62.2,58.8,64.5,63.1,69.7,59.4,61.8,56.5,78.1,78.1,63.6,55.9,69.7,60.5
9/16/2017 8:59,9:00,63.1,59,58.3,63.7,63.8,58.8,62.2,56.1,66.9,55.9,59.5,61.1,67.4,67.4,60.9,50.1,66.9,60
9/16/2017 9:59,10:00,57.9,59,61.2,65.5,60,56.6,64.1,56.6,59.5,58.9,60.6,52.3,67.4,67.4,56.3,51.3,59.5,54.5
9/16/2017 10:59,11:00,45.7,55.4,71.1,70.6,55.2,50,59.3,46.8,52.4,55.3,77.3,47.3,73.1,73.1,43.5,39.6,52.4,51.5
9/16/2017 11:59,12:00,41.5,52.9,61.3,70,52.8,35.3,54.7,50.4,47.6,49.8,56.5,46.1,59.3,59.3,43,37,47.6,51.5
9/16/2017 12:59,13:00,36.9,54.7,51,67.8,50.4,42,51.7,46.8,45.1,45.5,52.1,44.1,52,52,36,40.8,45.1,45.3
9/16/2017 13:59,14:00,49.3,57,57,64.3,48.5,46.3,51.1,49.8,46.2,51.7,52.7,47.2,52,52,37.7,42.4,46.2,42.9
9/16/2017 14:59,15:00,40,57,64.1,59.5,50.3,48,55.2,54.7,48.6,47.2,57.5,52.7,57.9,57.9,42.7,46.1,48.6,42
9/16/2017 15:59,16:00,60.8,56.3,74.4,78.9,58,63.4,61.5,64.8,51,59.4,68.1,65.8,64.4,64.4,56,52.2,51,58.6
9/16/2017 16:59,17:00,62.5,65.8,78.8,82.1,72.2,70.2,72.4,78.4,64.6,67.6,82.6,74.8,72.4,72.4,63,61.7,64.6,66.2
9/16/2017 17:59,18:00,64.2,71.5,81.1,85.8,78.1,75.2,74.1,83.2,60.5,73.9,86.9,79.8,78,78,65.9,66.9,60.5,69.7
9/16/2017 18:59,19:00,70.6,74.3,86,87.8,82.8,79,77.3,87.5,67.4,76.7,91.6,84.1,83.4,83.4,65.9,67.4,67.4,68.5
9/16/2017 19:59,20:00,71.8,78.2,89.7,88.9,84.9,82.2,79.4,89,73.1,79.9,93.2,87.3,87.7,87.7,69.8,71.4,73.1,75.9
9/16/2017 20:59,21:00,76.9,81.5,91.8,90.9,88,84.3,82.7,91.1,75.3,85.4,96.8,89.9,88.2,88.2,77,73.6,75.3,82
9/16/2017 21:59,22:00,79.2,84.2,93.9,91.4,89,85.8,84.8,92.7,78,84.8,97.8,91.4,90.2,90.2,78,76.4,78,81.3
9/16/2017 22:59,23:00,81.4,86.9,94.4,93,92,87.4,86.3,93.7,80.1,84.8,97.8,91.4,93.3,93.3,80.1,80.2,80.1,85.2
9/16/2017 23:59,0:00,84.7,87.9,93.9,94.5,91,90.5,88.9,95.2,82.3,86.9,98.2,92.5,93.3,93.3,83.8,81.8,82.3,86.8
9/17/2017 0:59,1:00,87.9,89.5,95.5,94.5,91.9,90,90.5,95.7,85,88.5,99.2,94,93.8,93.8,85.9,83.9,85,89.4
9/17/2017 1:59,2:00,88.5,90.6,95.5,92.9,92.4,90,90,96.7,84.4,89.1,99.2,94,92.8,92.8,86.4,85,84.4,89.4
9/17/2017 2:59,3:00,89.1,90.6,96,95.5,92.4,91,94.1,95.7,87.1,91.7,98.8,94.5,93.8,93.8,88.5,85,87.1,91.5
9/17/2017 3:59,4:00,89.6,92.2,95.5,93.5,93,91.6,94.6,95.7,87.1,93.8,98.3,94.5,94.3,94.3,87.5,87.2,87.1,91
9/17/2017 4:59,5:00,84.7,90.1,96.1,94.5,92.6,90.6,93.1,94.8,87.7,90.7,96.3,92,95.4,95.4,84.9,86.1,87.7,88.9
9/17/2017 5:59,6:00,83,90.1,91.9,91.5,89.1,85.4,88.5,91.2,85,86.5,92.2,88.9,94.4,94.4,82.8,84.5,85,87.3
9/17/2017 6:59,7:00,79.2,85.9,86.1,89.4,85.5,75.9,86.9,83.9,82.4,83.3,84.4,77.8,89.8,89.8,77,77.6,82.4,80.3
9/17/2017 7:59,8:00,72.3,79.9,76.2,78.9,77.1,68.6,79.5,74,77,73.4,77.8,72.7,79.7,79.7,72.1,70.4,77,76.5
9/17/2017 8:59,9:00,71.8,77.3,68.9,75,69.6,69.2,75.2,67.3,70.9,66.6,72.3,67.7,78.1,78.1,68.2,61.9,70.9,75.3
9/17/2017 9:59,10:00,60.9,72.8,63.2,72.3,67.3,60.8,68.6,62.2,69.8,64.8,71.2,67.1,72.6,72.6,59.1,59.5,69.8,67
9/17/2017 10:59,11:00,55.5,74.5,61.3,67.2,68.5,60.8,66.9,59.2,64.8,59,67.8,61.3,72.6,72.6,55.7,63.6,64.8,64.1
9/17/2017 11:59,12:00,51.4,68.9,68.9,69.5,67.3,54.3,68.6,59.2,65.9,63.7,68.9,63.6,68,68,54.5,53.7,65.9,62.9
9/17/2017 12:59,13:00,50.7,68.9,64.9,71.7,66.2,56.6,67,55.7,63,60.8,70.6,59,70.4,70.4,51.5,56.6,63,61
9/17/2017 13:59,14:00,51.8,69.9,68.9,66.1,64.5,61.9,65.2,56.1,61.3,63.7,69.4,60.7,66.3,66.3,52.6,55.4,61.3,59.9
9/17/2017 14:59,15:00,51.8,72.2,70,71.1,65.6,63.5,66.3,63.1,63.5,64.3,69.4,65.3,73.1,73.1,54.9,58.8,63.5,60.5
9/17/2017 15:59,16:00,59.5,72.7,79,77.2,69.4,64,68.5,71.2,65.8,67.6,73.9,70.4,79.2,79.2,60.1,62.3,65.8,66.2
9/17/2017 16:59,17:00,63.6,73.8,83.3,82.1,74.4,73,71.8,76.2,68.6,74.5,84.3,80.4,81.3,81.3,65.3,66.3,68.6,70.8
9/17/2017 17:59,18:00,68.3,76.1,88.2,85.8,77.7,76.8,76.8,82.2,72,78.3,86.5,85.2,83.5,83.5,68.7,70.3,72,74.7
9/17/2017 18:59,19:00,71.2,79.4,89.8,88.4,83.9,81.7,80,87,74.2,81.6,94.8,88.9,87.2,87.2,70.3,73.7,74.2,77
9/17/2017 19:59,20:00,76.9,83.7,91.3,90.9,88,85.3,82.2,89.1,76.9,83.2,96.3,89.4,89.2,89.2,75.9,77.5,76.9,80.8
9/17/2017 20:59,21:00,79.2,85.3,92.9,91.4,91,86.4,84.3,91.6,80.7,85.9,97.8,92.5,92.3,92.3,79.6,79.7,80.7,84.1
9/17/2017 21:59,22:00,81.9,87.4,92.9,93.5,91.5,88.4,85.9,93.7,82.3,87.5,98.8,93.5,92.3,92.3,82.3,81.3,82.3,86.8
9/17/2017 22:59,23:00,84.7,89,95.5,94.5,92,87.4,87.9,94.2,83.4,89.1,99.3,94,92.8,92.8,83.3,82.9,83.4,88.4
9/17/2017 23:59,0:00,86.9,92.7,94.4,91.9,93.4,88.9,89.5,96.2,87.6,90.1,98.8,95,93.3,93.3,85.9,85.1,87.6,89.9
9/18/2017 0:59,1:00,87.4,91.1,95,92.4,92.9,89.4,91,96.2,87.1,90.1,100,94,92.3,92.3,88.5,86.1,87.1,91
9/18/2017 1:59,2:00,89.1,90.6,96,95,92.9,91.5,92,95.7,88.1,91.2,98.8,94.5,94.3,94.3,86.9,86.6,88.1,91.5
9/18/2017 2:59,3:00,90.2,91.1,96,94.5,92.5,92,92.5,94.2,88.6,91.2,97.8,96.1,94.9,94.9,90.6,86.1,88.6,92.1
9/18/2017 3:59,4:00,90.2,92.7,97.1,95,91.5,92.5,94,95.7,89.2,92.7,98.8,95.6,96.4,96.4,88,88.2,89.2,91
9/18/2017 4:59,5:00,87.4,91.1,95,95,90.5,90,92,93.2,88.1,90.7,97.8,93,95.9,95.9,85.9,86.1,88.1,88.3
9/18/2017 5:59,6:00,81.8,87.9,89.7,90.4,84.9,82.6,86.8,87.4,82.2,85.3,92.7,86.2,92.8,92.8,81.1,80.1,82.2,82.3
9/18/2017 6:59,7:00,78.4,85.2,83.8,87.3,83.8,83.2,84.2,82.1,80.6,81,89.6,87.8,87.6,87.6,78.9,76.9,80.6,82.3
9/18/2017 7:59,8:00,80.7,85.2,82.2,82.5,82.8,81.6,84.7,83.2,81.1,82.1,90.6,84.1,86,86,80,77.4,81.1,80.8
9/18/2017 8:59,9:00,74.5,80.4,77.3,82,80.8,73.6,80,78.3,78.5,77.2,84.3,74.9,83.9,83.9,74.1,71.3,78.5,74.7
9/18/2017 9:59,10:00,74,80.9,77.8,79.9,80.2,71.9,79.4,78.3,76.3,76.7,84.3,76.6,80.2,80.2,69.7,71.3,76.3,73
9/18/2017 10:59,11:00,83.6,81.5,79.5,79.3,81.3,73.6,80,80.6,77.4,76.7,84.3,75.4,82.9,82.9,71.5,75.3,77.4,77
9/18/2017 11:59,12:00,85.2,85.8,86.6,81,85,81.7,85.4,91.2,82.3,85.9,85.4,84.7,83.4,83.4,75.8,84.6,82.3,78.6
9/18/2017 12:59,13:00,86.4,90.6,86.1,86.8,91.1,87,92.1,93.8,87.7,88.1,89.6,86.3,88.8,88.8,84.4,87.2,87.7,83.6
9/18/2017 13:59,14:00,69.5,84.8,82.3,84.8,83.4,76.9,82.7,88.1,80.7,77.3,87,78.3,85.1,85.1,74.2,78.6,80.7,73.7
9/18/2017 14:59,15:00,67.8,84.2,82.3,85.2,79.3,77.4,80.1,83.3,77,77.3,85.4,82,84,84,75.3,75.9,77,73.1
9/18/2017 15:59,16:00,76.3,85.3,86.6,86.8,85.5,80.1,83.3,87.5,81.2,81.6,88.1,84.1,87.7,87.7,76.3,79.2,81.2,77.5
9/18/2017 16:59,17:00,79.7,87.9,89.2,92,87.5,83.8,85.9,92.7,83.9,85.9,90.6,86.8,91.3,91.3,80.1,83.4,83.9,82.4
9/18/2017 17:59,18:00,81.9,89,91.9,91.5,89,83.8,86.3,91.1,85,87.5,91.2,88.4,93.4,93.4,81.2,84.5,85,83.5
9/18/2017 18:59,19:00,84.1,87.9,91.9,90.4,88,85.9,86.3,91.1,85,87,91.2,87.8,92.3,92.3,82.2,82.9,85,85.1
9/18/2017 19:59,20:00,84.1,86.3,93.9,91.9,90.5,87.4,88.4,91.1,84.4,88.5,94.2,90.9,92.8,92.8,83.8,84.5,84.4,86.7
9/18/2017 20:59,21:00,86.8,89.5,95,93,92.5,88.9,90,93.2,86,90.6,96.2,94,96.9,96.9,85.9,86.1,86,88.8
9/18/2017 21:59,22:00,85.1,90,93.9,94,92.5,87.9,89.4,95.2,87,89.6,94.7,91.9,95.9,95.9,85.3,87.1,87,88.8
9/18/2017 22:59,23:00,85.1,90.5,95.5,96,92.9,85.8,88.9,96.2,86,90.1,94.7,89.4,97.4,97.4,84.3,86,86,87.2
9/18/2017 23:59,0:00,84.6,90.5,93.9,91.9,90.9,86.3,87.9,91.6,86,88.5,93.7,88.8,95.3,95.3,83.8,85,86,86.7
9/19/2017 0:59,1:00,86.8,89.5,93.9,92.4,90.5,88.4,89.4,92.7,88.1,90.1,93.7,90.9,95.9,95.9,85.8,86.6,88.1,88.3
9/19/2017 1:59,2:00,86.8,91.6,95.5,95,92.4,89.4,90.4,94.2,87.5,91.1,95.2,90.9,96.4,96.4,86.9,87.6,87.5,89.3
9/19/2017 2:59,3:00,86.8,91.6,95,96,91.9,88.4,90.4,92.1,87.5,90.6,94.2,89.9,97.4,97.4,87.4,87.6,87.5,87.8
9/19/2017 3:59,4:00,86.3,91,94.4,92.9,91.4,88.9,90.4,92.1,87.5,91.7,94.7,89.9,95.4,95.4,87.4,88.2,87.5,87.8
9/19/2017 4:59,5:00,86.3,90,94.4,89.9,90.5,84.3,87.9,89.6,87,89,92.7,87.8,95.4,95.4,85.3,85,87,80.8
9/19/2017 5:59,6:00,81.3,85.3,88.7,85.2,83.9,81.6,86.3,83.8,83.3,84.3,89.1,81.9,89.2,89.2,80.6,79.1,83.3,80.8
9/19/2017 6:59,7:00,77.9,81,82.2,76.6,77.6,76.8,80,80,82.8,79.4,84.8,78.2,82.4,82.4,76.3,74.7,82.8,77.5
9/19/2017 7:59,8:00,72.9,77.2,76.2,78.8,77.6,74.7,75.1,75.1,75.3,75.6,80.5,74.9,78.6,78.6,72.5,70.3,75.3,73.7
9/19/2017 8:59,9:00,69.4,72.2,72.2,72.8,69,69.2,72.5,70,72.5,68.3,76.2,71,80.2,80.2,69.2,64.7,72.5,70.3
9/19/2017 9:59,10:00,63,66.5,63.1,70.6,66.8,65.8,65.1,63.7,66.4,66.5,73.4,65.8,74.2,74.2,62.4,58.3,66.4,65.8
9/19/2017 10:59,11:00,56,66,61.9,66.1,61.1,60.6,61.2,58,60.7,63,71.1,62.9,70.9,70.9,57.8,53,60.7,59.9
9/19/2017 11:59,12:00,55.4,63.7,58.4,66.1,59.4,53,60.6,59.7,59.4,57.8,64.8,57.7,64,64,54.3,50,59.4,58.1
9/19/2017 12:59,13:00,48.2,61.9,54.8,62.5,57.7,57.7,57.1,54.2,56.5,54.1,64.8,59.4,62.9,62.9,53.7,41.6,56.5,56.9
9/19/2017 13:59,14:00,48.8,63,58.9,63.7,59.4,57.7,60,57.9,57.8,59,66.6,57.7,64.6,64.6,55.5,53.6,57.8,54
9/19/2017 14:59,15:00,50.6,65.9,66,67.2,62.3,60.6,60.6,62,61.2,59.5,67.1,61.8,67.4,67.4,56.6,57.1,61.2,57.5
9/19/2017 15:59,16:00,59.5,68.2,71.7,73.9,68.9,63.5,66.3,67.2,66.9,65.3,71.7,67,73.7,73.7,60.7,61.7,66.9,62.8
9/19/2017 16:59,17:00,64.8,72.1,76.1,78.3,72.2,69.7,70.8,72.2,70.3,69.9,75.6,70.4,77.5,77.5,66.4,65.7,70.3,67.9
9/19/2017 17:59,18:00,68.3,73.8,77.2,77.2,74.4,71.3,73.5,73.3,71.9,72.8,77.2,72.6,80.2,80.2,68.6,68.6,71.9,70.8
9/19/2017 18:59,19:00,68.3,73.2,77.8,78.8,74.9,71.3,72.9,73.3,71.3,72.1,77.2,73.7,78.5,78.5,67.5,67.9,71.3,69
9/19/2017 19:59,20:00,68.8,76,78.3,80.4,73.2,70.2,75.7,75.5,74.7,71.6,74.9,74.2,80.7,80.7,68.6,69.6,74.7,69.6
9/19/2017 20:59,21:00,68.8,75.4,80,83.6,74.8,72.9,74,75.5,74.1,74.3,77.7,74.8,80.7,80.7,69.7,69.1,74.1,70.7
9/19/2017 21:59,22:00,71,74.8,80,82.5,76.9,73.5,74,76.1,74.1,73.2,79.4,75.3,81.2,81.2,70.2,69.6,74.1,71.2
9/19/2017 22:59,23:00,68.7,75.9,78.3,81.4,74.8,71.2,73.4,75.5,73,73.8,78.2,73.1,80.7,80.7,69.1,70.2,73,71.2
9/19/2017 23:59,0:00,69.3,74.8,79.9,83,75.9,72.9,75.1,74.4,74.1,73.8,78.2,74.2,81.7,81.7,70.2,70.7,74.1,72.9
9/20/2017 0:59,1:00,69.9,74.8,79.9,84.1,76.4,71.2,73.4,76.1,74.6,73.8,76,75.3,81.2,81.2,70.2,70.2,74.6,71.8
9/20/2017 1:59,2:00,66.9,72.5,77.1,83,73.7,70.6,72.2,73.2,71.8,73.8,75.4,71.3,79.6,79.6,67.9,68.4,71.8,70.6
9/20/2017 2:59,3:00,66.9,72.5,76,84.7,73.7,71.7,72.2,75.5,71.2,72.6,76,73,77.3,77.3,67.9,70.1,71.2,69.4
9/20/2017 3:59,4:00,68.7,75.3,79.3,85.2,75.3,71.7,73.9,77.2,72.9,73.7,77.7,74.2,80.7,80.7,69,71.8,72.9,71.2
9/20/2017 4:59,5:00,68.7,73.1,75.4,82.5,73.7,71.2,73.9,73.8,71.8,72.1,77.1,74.7,80.1,80.1,68.4,68.4,71.8,71.8
9/20/2017 5:59,6:00,65.8,73.1,74.3,75.4,73.7,68.4,71.7,71,71.3,69.8,74.9,69.7,77.9,77.9,65.7,66.2,71.3,67.8
9/20/2017 6:59,7:00,63.5,68,70.4,72.1,69.9,65.1,68.4,65.3,67.9,65.2,70.4,65.7,75.2,75.2,59.9,62.2,67.9,62.7
9/20/2017 7:59,8:00,60.5,65.2,67.6,63.2,67.7,63.3,67.2,63.6,65.6,67,68.7,61.7,72.4,72.4,59.3,57.5,65.6,64.3
9/20/2017 8:59,9:00,57,54.1,60.1,59,58.8,62.2,64.5,53,62.3,63,66.5,62.8,67.3,67.3,55.9,48.2,62.3,58.6
9/20/2017 9:59,10:00,49.9,50.6,48,54.8,51.8,49.3,52.3,46.8,52.3,52.8,57.1,50.3,57.4,57.4,48.3,42.7,52.3,50.3
9/20/2017 10:59,11:00,43.2,46.9,43.8,51.1,46.9,46.9,48.1,45.7,46.4,49.2,52.8,47.9,51.4,51.4,42.8,35.2,46.4,45.4
9/20/2017 11:59,12:00,40.7,46.2,39.9,46.8,45.1,41.4,44.4,43,44.4,45.5,47.8,46,47,47,39.1,36.4,44.4,45.4
9/20/2017 12:59,13:00,33.8,43,37.3,42.3,42.5,38.2,38.7,36.1,38.8,39.1,46.6,41,42,42,34,27.6,38.8,36.6
9/20/2017 13:59,14:00,30.5,41,36.5,42.3,39.4,38.7,36.1,33.3,38.1,37.8,45.2,40.2,38.1,38.1,35.1,34.4,38.1,37.3
9/20/2017 14:59,15:00,31,42.8,43.3,46,41.8,41.1,39.2,38.4,39.9,39,44.5,42.7,43.7,43.7,34.4,35.5,39.9,35.8
9/20/2017 15:59,16:00,40.5,50.3,55.7,61.2,51.5,45.4,47.3,50.9,46.7,47.8,50.7,48.8,51.8,51.8,41.3,43,46.7,45.2
9/20/2017 16:59,17:00,44.2,56.3,69.2,68.6,66.5,58,52.7,65.8,51.5,53.9,65.7,63.8,61.4,61.4,45.6,49.1,51.5,48.8
9/20/2017 17:59,18:00,47.8,61,75.4,75.4,71.5,62.6,60.9,72.1,59.2,62.2,77.1,65,69.5,69.5,51.1,56.3,59.2,51.8
9/20/2017 18:59,19:00,54,64.5,78.2,79.2,74.8,66.7,66.1,77.7,64.5,64.6,78.2,71.3,74.1,74.1,55.8,59.8,64.5,60.2
9/20/2017 19:59,20:00,59.3,68.6,80.5,81.9,76.4,69,68.9,79.9,67.9,68.6,81,75.3,77.9,77.9,58.2,63.3,67.9,62.6
9/20/2017 20:59,21:00,59.3,70.2,81.6,85.7,79.6,68.4,69.5,82,70.1,69.8,77.1,70.8,83.3,83.3,61,65.6,70.1,64.9
9/20/2017 21:59,22:00,59.9,71.4,84.8,86.7,79.6,71.2,71.1,83.7,71.8,71.4,79.9,71.3,81.7,81.7,62.2,67.8,71.8,65.4
9/20/2017 22:59,23:00,63.4,72.5,82.6,88.3,81.7,74.5,67.2,84.7,71.8,73.7,80.9,72.5,83.3,83.3,63.9,68.4,71.8,67.1
9/20/2017 23:59,0:00,64.6,70.8,79.8,87.7,80.6,72.8,69.4,83.6,72.9,73.1,79.8,73,87.6,87.6,65.6,66.7,72.9,70
9/21/2017 0:59,1:00,66.3,71.4,83.7,87.7,83.2,78.8,72.8,85.8,74,74.8,82,75.8,87.6,87.6,67.2,68.4,74,70.5
9/21/2017 1:59,2:00,68.6,72.5,83.2,88.8,83.2,81,72.2,86.3,75.1,75.4,82,75.8,85.4,85.4,69.5,68.4,75.1,72.8
9/21/2017 2:59,3:00,69.2,73.6,84.2,88.2,84.8,76.1,74.4,85.8,75.6,77.6,84.7,76.9,86.5,86.5,70.6,69.5,75.6,74.5
9/21/2017 3:59,4:00,70.9,75.8,84.8,92.4,84.8,76.6,75.5,85.2,75.6,77.6,84.2,79.1,87,87,72.3,71.8,75.6,76.2
9/21/2017 4:59,5:00,70.4,75.3,80.4,86.2,82.2,72.3,74.4,81,72.3,73.7,80.9,76.4,87,87,69.5,69,72.3,63.1
9/21/2017 5:59,6:00,65.8,70.9,74.3,69.3,72.6,63.9,68.9,67,68.4,68.7,72.7,66.2,81.2,81.2,65.1,62.7,68.4,63.8
9/21/2017 6:59,7:00,60.5,62.3,65.8,59.6,63.8,56.4,62.2,62.4,65.1,57,69.9,61,71.9,71.9,59.9,57.6,65.1,56.2
9/21/2017 7:59,8:00,53.4,55.9,61.2,59.6,57.5,55.8,56.3,56.6,59.9,57.6,65.2,58.2,68.5,68.5,52.3,49.9,59.9,53.2
9/21/2017 8:59,9:00,51.6,55.9,55.3,58.4,55.8,51.1,57,55.3,57,51.7,60.6,53.3,66.8,66.8,50.6,45,57,50.3
9/21/2017 9:59,10:00,46.8,50.6,49.1,51.8,49.9,51.1,50.5,49.3,52.3,50.5,60,52.8,57.4,57.4,46.5,42.6,52.3,46.6
9/21/2017 10:59,11:00,42.6,48.1,45,52.9,48.7,43.2,48.1,46.3,47,49.8,54.6,47.3,54.5,54.5,45.2,35.3,47,49.8
9/21/2017 11:59,12:00,39.5,51.1,43.1,51.2,45.6,41.4,43.8,46.8,47,45.5,50.3,44.2,49.6,49.6,39.7,38.4,47,43.6
9/21/2017 12:59,13:00,39.5,49.9,45,53,48.8,40,46.3,37,45.2,44.8,51.5,42.8,49.6,49.6,39.1,32.8,45.2,43.6
9/21/2017 13:59,14:00,37.7,51.7,45,51.2,50.6,43.2,48.1,44.3,47.6,44.8,52.8,44.7,48.5,48.5,42.8,42.6,47.6,42.4
9/21/2017 14:59,15:00,40.2,54.1,53.5,58.4,50.6,48.1,51.7,48.7,48.8,46.8,53.4,48.5,54.4,54.4,43.4,44.5,48.8,43.6
9/21/2017 15:59,16:00,45.7,57,60.6,68.3,57,50.5,54.7,59,52.3,51,57.6,56.4,61,61,47,48,52.3,49.6
9/21/2017 16:59,17:00,49.9,61.2,72.8,73.3,70,64,60.5,68.3,56.5,61.2,75.6,68.1,67.4,67.4,51.2,55.3,56.5,53.3
9/21/2017 17:59,18:00,55.4,70.5,79,79.4,76.6,69.7,64.5,76.7,62.3,65.3,81.6,75.4,72.5,72.5,55.4,59.4,62.3,58
9/21/2017 18:59,19:00,57.1,71.6,81.7,83.1,77.1,73.6,68,79.4,65.8,72.2,87.5,78.2,78.1,78.1,59.5,61.1,65.8,62.1
9/21/2017 19:59,20:00,58.9,70.9,83.3,84.2,79.7,74.7,72.9,81.1,69.1,71.6,90.1,80.9,78.6,78.6,60.6,64.6,69.1,63.9
9/21/2017 20:59,21:00,59.4,71.5,78.3,85.2,79.7,72.9,66.7,83.8,69.1,69.8,79.4,73.2,76.9,76.9,61.7,66.8,69.1,63.2
9/21/2017 21:59,22:00,59.9,69.2,77.7,85.2,78.6,70.1,67.8,79.9,69.1,69.8,76.6,71.4,83.4,83.4,62.8,63.3,69.1,65.5
9/21/2017 22:59,23:00,64.1,70.9,77.7,84.1,79.1,70.1,70.1,78.3,68.5,70.9,77.7,72.5,79.6,79.6,64.5,64.5,68.5,66.6
9/21/2017 23:59,0:00,65.2,72,79.9,84.1,81.2,70.7,71.8,78.8,68.5,73.8,79.4,74.2,79.6,79.6,67.4,67.4,68.5,69.5
9/22/2017 0:59,1:00,67.6,77.1,82.7,85.7,82.3,75.1,75.1,83.2,71.8,76.6,83.2,78.6,82.8,82.8,69.6,69.6,71.8,71.8
9/22/2017 1:59,2:00,70.5,77.1,83.8,88.8,83.8,78.3,76.2,86.4,74.1,77.7,84.2,80.8,86,86,71.8,70.7,74.1,74
9/22/2017 2:59,3:00,72.8,79.3,85.4,89.3,85.4,78.9,78.3,86.9,75.7,79.3,88.5,83,86.6,86.6,74,73,75.7,76.2
9/22/2017 3:59,4:00,73.3,79.8,85.9,90.9,85.4,80.5,79.9,87.4,76.3,79.9,88,83,87.1,87.1,75.7,74.6,76.3,77.9
9/22/2017 4:59,5:00,73.3,80.3,84.9,89.9,83.3,78.9,79.9,83.7,76.8,79.3,85.8,81.4,87.6,87.6,74,74.6,76.8,69.5
9/22/2017 5:59,6:00,68.7,73.7,75.5,82.6,78,70.2,75.6,72.7,73,69.2,74.9,69.1,84.5,84.5,67.9,66.2,73,70.1
9/22/2017 6:59,7:00,65.3,70.9,71,70.5,71.1,63.4,70.2,71.1,69.1,65.3,76.1,68.1,77.5,77.5,64,64,69.1,63.3
9/22/2017 7:59,8:00,62.8,67.6,68.2,66.6,69.4,66.3,67.9,66.5,67.4,65.3,73.9,65.8,74.7,74.7,62.3,60.6,67.4,62.7
9/22/2017 8:59,9:00,59.5,65.9,65.3,64.8,67.2,63.5,66.2,68.5,64.6,63.6,68.2,64.1,72.5,72.5,58.9,50.8,64.6,63.3
9/22/2017 9:59,10:00,49.2,55.3,58.8,60.7,65,60.6,61.1,56.7,60.5,58.2,64.1,59.9,65,65,55.4,47.9,60.5,58.6
9/22/2017 10:59,11:00,41.3,53.2,54.6,60.1,58.6,54,56.3,45.7,54.6,55.8,60.5,55,37.7,37.7,49.3,38.3,54.6,53.8
9/22/2017 11:59,12:00,43.7,62.2,51.5,54.6,56.2,49.1,40.7,45.7,53.3,54.7,56.3,47.6,42.1,42.1,50,41.8,53.3,52.5
9/22/2017 12:59,13:00,43.2,67,53.2,56.4,52,52.1,40.1,43.6,51.5,54.7,60.5,55,37.7,37.7,48,41.8,51.5,51.2
9/22/2017 13:59,14:00,49.8,72,62.3,68.3,60.9,56.3,47.3,41.5,57.5,58.8,62.8,56.2,44.4,44.4,51.1,42.4,57.5,54.3
9/22/2017 14:59,15:00,39.6,63.1,67,75.6,63.8,59.3,35.7,37.2,58.7,60.5,66.4,61.6,37.7,37.7,54.1,36.3,58.7,56.7
9/22/2017 15:59,16:00,38.5,60.8,71,79.9,70.5,62.7,35.7,38.1,59.3,64.6,71,68,35.8,35.8,54.1,34.5,59.3,56.7
9/22/2017 16:59,17:00,39.8,64.4,77.2,83.1,77,75.7,36.5,38.8,62.1,66.9,79.9,76.4,36.5,36.5,55.8,34,62.1,59.6
9/22/2017 17:59,18:00,42.3,68.5,81,86.2,80.2,77.3,38.4,40.1,65.6,70.3,80.4,84,39,39,57.5,35.2,65.6,60.1
9/22/2017 18:59,19:00,45.4,67.3,78.7,85.6,82.2,71.1,40.2,40.7,67.3,67.4,84.2,76.3,41.6,41.6,58,37.1,67.3,59.5
9/22/2017 19:59,20:00,47.3,69.6,71.9,77.5,78.5,60.7,42.1,42,57.8,59.7,66.1,63.1,42.8,42.8,55,39,57.8,57.6
9/22/2017 20:59,21:00,48.5,71.8,71.3,74.1,79.5,56,43.9,42,61.9,58.4,63.2,56.5,43.4,43.4,53.7,39,61.9,55.2
9/22/2017 21:59,22:00,50.2,74,74.7,75.2,74.6,63,45.1,42.5,63,59,70.1,61.2,44.7,44.7,53.1,40.8,63,56.9
9/22/2017 22:59,23:00,50.8,72.2,73,76.8,76.2,60.6,44.5,42.5,58.9,59.5,66,63.6,45.9,45.9,54.8,41.4,58.9,58.1
9/22/2017 23:59,0:00,51.4,67.6,65.4,75.7,72.9,61.2,46.3,43,56.5,58.3,64.2,61.2,47.1,47.1,54.2,42,56.5,58.1
9/23/2017 0:59,1:00,51.9,63.4,68.9,75.1,71.2,60,46.3,43,55.9,57.6,63,61.7,47.7,47.7,53.6,43.2,55.9,57.4
9/23/2017 1:59,2:00,51.9,61,68.9,76.8,71.7,68.6,46.8,43.6,60,58.9,64.8,68.2,48.9,48.9,56.5,43.8,60,58.6
9/23/2017 2:59,3:00,51.9,57.9,69.4,80.7,73.4,62.2,46.8,44.2,61.2,61.8,66.5,64.1,49.5,49.5,57.1,44.3,61.2,59.8
9/23/2017 3:59,4:00,50.5,57.9,68.9,82.3,74.5,65.2,48,43.5,61.7,63,70,64.1,50.7,50.7,58.3,44.3,61.7,61.5
9/23/2017 4:59,5:00,51.1,56.6,68.3,79.6,71.2,57.6,48,44.1,62.9,59.5,67.2,62.3,50.7,50.7,54.8,44.9,62.9,36.8
9/23/2017 5:59,6:00,49.2,54.8,63.7,64.4,61.7,53,48,43.4,58.9,53.5,60.7,55.9,51.3,51.3,51.3,44.9,58.9,50.3
9/23/2017 6:59,7:00,46.2,52.4,56.1,67.4,60.1,48.3,45,42.9,58.3,48.8,56.1,48.6,44.6,44.6,50.8,43.7,58.3,48.6
9/23/2017 7:59,8:00,43.8,50.1,48.2,60,50.8,44.7,42.1,44.3,50.6,46.3,50.1,43.2,41,41,46,41.9,50.6,46.8
9/23/2017 8:59,9:00,43.3,48.3,48.2,51.5,52.7,47.9,41,46.3,51.5,47.1,53.8,45.8,38,38,46.8,43.3,51.5,48.2
9/23/2017 9:59,10:00,39.8,45.4,47.3,53.5,50.5,47.9,39.5,46,50.5,51.5,54.5,49.6,32.5,32.5,47.5,41.6,50.5,47.8
9/23/2017 10:59,11:00,40.6,45.4,40.4,52.3,46.9,42.5,40.9,47.5,47.5,47.9,51.5,46.1,34.7,34.7,41.5,41.2,47.5,44.8
9/23/2017 11:59,12:00,42.5,48.2,35.2,43.5,40.1,38.8,44.1,48.8,40,38.4,45.8,40.9,39.2,39.2,37.1,43.8,40,40.4
9/23/2017 12:59,13:00,45.1,50.1,31.3,40.3,38.1,33,44.7,49.5,34.9,31.9,40.7,35.7,41,41,33.2,45.2,34.9,34.6
9/23/2017 13:59,14:00,46.3,51.3,31.9,33.8,34.8,32.2,42.7,46.7,31.7,33.8,37.4,31.6,34.8,34.8,31.2,45.6,31.7,30.2
9/23/2017 14:59,15:00,40.2,45.9,41.3,46.5,35.4,34,36.6,42.5,32.8,32.4,36,34.8,32.2,32.2,29.8,40.2,32.8,30.2
9/23/2017 15:59,16:00,40.2,45.3,58,54.4,53.7,41.5,39.1,43.3,39.1,41.9,48,49.3,37.3,37.3,33.6,39.6,39.1,35
9/23/2017 16:59,17:00,46.2,49.9,65.6,66.8,65.3,53.7,45.5,43.3,47.2,50.1,69.7,60.8,45.1,45.1,38.6,43,47.2,40
9/23/2017 17:59,18:00,40,46.3,70.2,70.8,69.2,60.2,38,37,53.8,59.8,74.8,67.2,41.9,41.9,43,39.3,53.8,46.2
9/23/2017 18:59,19:00,38.7,44.4,72.5,72.5,72,66,35.4,37,56.7,61,75.9,71.2,39.9,39.9,44.8,36.7,56.7,49.2
9/23/2017 19:59,20:00,38.7,43.7,77,76.4,74.7,68.8,36.6,35.7,60.2,62.1,76.4,72.4,40.5,40.5,48.4,36.7,60.2,52.2
9/23/2017 20:59,21:00,38.7,44.9,77.6,76.9,72.4,72.8,37.8,35.7,63.7,59.1,67.9,64.3,40.5,40.5,54.5,35.3,63.7,58.8
9/23/2017 21:59,22:00,40.3,60.2,79.3,80.2,74.6,68.2,37.8,36.2,63.1,60.3,68.4,60.7,42.2,42.2,53.8,35.9,63.1,57
9/23/2017 22:59,23:00,41.5,59.5,78.7,83.5,77.3,67.7,39,36.2,63.1,61.4,68.4,61.9,41.5,41.5,55.6,35.9,63.1,58.8
9/23/2017 23:59,0:00,43.4,57,77.6,84.5,75.7,65.9,39,36.2,63.6,63.2,69.6,62.5,42.7,42.7,55.6,37,63.6,58.2
9/24/2017 0:59,1:00,43.4,55.2,79.8,82.9,77.3,64.2,39.4,36.7,65.9,63.8,69.6,63.7,43.3,43.3,57.3,37.6,65.9,60.6
9/24/2017 1:59,2:00,43.9,53.3,77.6,84.5,77.3,68.8,40.1,36.7,67.1,64.4,70.2,64.3,43.3,43.3,59.1,37.6,67.1,61.2
9/24/2017 2:59,3:00,43.9,52.6,73,84,77.3,66,40.1,37.9,68.2,65.6,73.6,66.6,43.3,43.3,61.4,38.2,68.2,66.4
9/24/2017 3:59,4:00,43.2,50.1,74.2,86.1,77.9,76,40.6,38.5,68.2,69.1,74.8,74.6,43.3,43.3,63.7,37.5,68.2,69.3
9/24/2017 4:59,5:00,42.5,48.8,74.8,83,77.4,64.4,41.2,38.5,68.9,68,73.7,67.3,43.9,43.9,64.4,38.1,68.9,50.6
9/24/2017 5:59,6:00,41.9,46.9,68.6,62.4,69.9,58.1,40.6,39.1,64.4,62.8,67.5,62.2,43.3,43.3,59.3,38.1,64.4,57.9
9/24/2017 6:59,7:00,40.6,45,60.5,55.9,57.5,55.3,40.1,39.1,61.6,55.8,63,56.9,40.1,40.1,54.2,39.3,61.6,53.2
9/24/2017 7:59,8:00,39.4,43.8,54.1,55.4,55.3,52.3,39.5,39.8,61.1,51.1,57.7,51.6,39,39,51.2,38.2,61.1,49.1
9/24/2017 8:59,9:00,37.1,40.8,48,53,49.4,45.6,36.8,41.3,54.1,45.5,49.7,44.2,30.4,30.4,45.2,37.7,54.1,45.4
9/24/2017 9:59,10:00,36.7,39.8,43.1,49.4,45.8,41.4,35.2,41.3,47,43,47.9,42.3,26.9,26.9,42.2,37.7,47,43
9/24/2017 10:59,11:00,36.7,38.8,40,46.2,43.4,37.7,35.2,44.5,42.8,44.3,47.3,41.1,26,26,41.8,40.1,42.8,42.5
9/24/2017 11:59,12:00,38.5,41,37.5,43.7,42.1,36.5,39,47.3,43.4,38.7,44.8,39.9,30.1,30.1,37.5,41.6,43.4,44.3
9/24/2017 12:59,13:00,43,44.2,39.3,45,44.6,41,42.7,49.3,42.3,38.1,44.8,41.2,36.5,36.5,35.7,44.2,42.3,43
9/24/2017 13:59,14:00,44.9,46.2,43.2,45.7,47,42.8,42.7,49.9,42.8,43.7,47.3,45.6,38.4,38.4,39.3,45.5,42.8,41.9
9/24/2017 14:59,15:00,46.1,48,54.8,52.4,47.5,47.6,43.7,50.5,47,47.5,49.8,53,42.7,42.7,43.5,46.8,47,44.8
9/24/2017 15:59,16:00,47.3,48.5,64.2,63.7,60.5,56,45.5,49.1,51.2,54.1,63.6,60.6,44.4,44.4,44.6,47.3,51.2,46.5
9/24/2017 16:59,17:00,47.8,49.7,71.6,72.3,70.6,63.5,45.9,48.4,53.5,60,73.3,69.3,46.8,46.8,52.5,49.1,53.5,55.7
9/24/2017 17:59,18:00,48.3,50.2,75.6,78.3,75.5,68.6,46.4,47,60.7,64.8,82.7,74.3,47.9,47.9,50.7,48.3,60.7,57.5
9/24/2017 18:59,19:00,48.8,49.4,80.6,78.8,77.7,69.7,46.4,45.6,65.3,68.8,84.3,77.6,48.4,48.4,56,47.6,65.3,59.8
9/24/2017 19:59,20:00,48.8,49.4,82.8,82.6,80.3,71.9,45.6,44.9,70.4,72.8,87.5,79.3,49.5,49.5,59.5,46.9,70.4,62.7
9/24/2017 20:59,21:00,48,48.6,84.9,84.7,82.4,76.3,46.8,44.1,72,76.7,84.4,83.1,50,50,62.4,46.2,72,67.3
9/24/2017 21:59,22:00,47.3,49.1,86.6,85.8,84.9,79.5,46.8,44.1,73.1,77.8,90.1,86.8,50,50,68.2,46.7,73.1,73.6
9/24/2017 22:59,23:00,47.8,48.5,89.7,87.8,86.5,81.1,46.8,44.1,76.4,82.7,94.8,88.9,51.2,51.2,71.5,46.7,76.4,76.4
9/24/2017 23:59,0:00,47.8,49,90.3,88.9,85.4,83.8,47.1,45.2,76.4,81.6,93.2,89.4,51.2,51.2,73.6,46.7,76.4,78.1
9/25/2017 0:59,1:00,47.1,49,91.3,89.4,86.4,85.3,47.1,44.5,79.1,82.1,95.2,91,51.2,51.2,74.7,45.8,79.1,79.1
9/25/2017 1:59,2:00,47.7,48.2,91.3,90.9,88.5,84.8,47.6,44.5,79.6,80.5,95.8,91.4,51.2,51.2,76.3,45.8,79.6,81.9
9/25/2017 2:59,3:00,47,48.2,93.4,91.4,89,86.9,47.6,45,81.2,83.2,97.2,91.9,51.5,51.5,77.9,46.4,81.2,81.9
9/25/2017 3:59,4:00,47,48.2,93.9,92.9,89.4,86.9,47.6,45,79,84.3,96.8,92.5,51.5,51.5,77.4,46.4,79,81.3
9/25/2017 4:59,5:00,47,48.8,91.3,89.4,87.4,78.4,47.6,45,78,81,94.2,90.4,50.8,50.8,75.2,46.9,78,61.6
9/25/2017 5:59,6:00,46.3,48.1,82.3,71.8,77.6,65.3,47.6,45.6,72,70.6,73.4,76.1,49.6,49.6,72,46.9,72,67.4
9/25/2017 6:59,7:00,44.5,45.7,67.7,63.3,64.6,66.5,45.3,44.9,71.5,64.9,66,67.1,42.3,42.3,70.5,45.1,71.5,67.4
9/25/2017 7:59,8:00,49.2,51,62,48.6,61.8,59.6,53.6,46.8,69.8,59.1,60.2,59,46,46,69.4,48.7,69.8,57.1
9/25/2017 8:59,9:00,47.3,48.6,54.2,49.3,45.5,53.7,48.6,47.2,48.8,54.9,53,50.5,49.1,49.1,55.6,43.2,48.8,55.9
9/25/2017 9:59,10:00,41.8,43.8,43,42.5,41.8,47.6,41.9,37.7,45,51.8,53.6,50.5,44.7,44.7,45.3,43.2,45,48
9/25/2017 10:59,11:00,35.7,36.3,36.7,36.9,36.2,42.8,36.9,35.3,38.9,47.5,34,46.3,32.7,32.7,44.2,38.2,38.9,46.2
9/25/2017 11:59,12:00,36.2,36.8,37.3,36.9,33.7,41.1,33.7,36.5,38.2,42.3,41.4,44.4,41.9,41.9,41.9,37.5,38.2,47.5
9/25/2017 12:59,13:00,32.1,33.9,32.4,32.5,28.9,46.6,27.7,33.8,27.4,35.7,30.8,46.2,28.9,28.9,41.3,26.7,27.4,45.6
9/25/2017 13:59,14:00,30.6,31,31.5,31.6,30.7,45.2,28.7,32.8,30.8,34.1,29.8,47.4,28.9,28.9,43.6,29.4,30.8,48
9/25/2017 14:59,15:00,32.6,34.4,33.5,35,34.7,51.2,33.3,35.5,36,36.1,33.9,51,32.5,32.5,47.9,34,36,50.4
9/25/2017 15:59,16:00,36.5,37,37.5,38.2,38.4,56.6,37.2,38.2,41.6,38.8,37.9,60.6,36.5,36.5,52.1,39,41.6,57
9/25/2017 16:59,17:00,39.6,39.5,40,41.5,41.5,65.3,40.3,40.1,44.6,40.6,40.5,70.5,38.4,38.4,56.8,42.7,44.6,61.1
9/25/2017 17:59,18:00,42.7,42,43.1,43.3,43.9,68.7,42.7,41.9,48.3,43.1,43,71.6,41.6,41.6,62,45.1,48.3,66.9
9/25/2017 18:59,19:00,44.5,45.1,44.9,46.4,46.3,72.6,45.7,44.4,51.2,45.5,46.7,76.1,44.7,44.7,63,48.7,51.2,69
9/25/2017 19:59,20:00,46.9,47.4,47.9,48.1,49.3,71.3,48.1,46.2,53.5,48,49.1,75.4,47.7,47.7,64.1,49.8,53.5,70.2
9/25/2017 20:59,21:00,49.2,49.2,50.3,50.5,51,74.1,50.4,49.2,56.4,50.3,50.9,79.8,49.5,49.5,68.1,52.8,56.4,74.7
9/25/2017 21:59,22:00,51,51.6,52.7,52.9,53.3,78.9,52.1,50.4,58.1,52.1,52,84.6,51.3,51.3,69.7,54.5,58.1,75.2
9/25/2017 22:59,23:00,52.1,52.1,53.9,52.9,53.8,81.6,53.3,51.5,58.6,53.2,53.2,86.2,52.5,52.5,74.1,56.2,58.6,78
9/25/2017 23:59,0:00,52.7,53.9,54.4,54,54.3,83.2,53.8,52,59.2,53.8,54.4,88.8,53,53,79.6,56.8,59.2,82.4
9/26/2017 0:59,1:00,53.2,53.2,55,55.1,54.8,81.6,54.9,53.8,59.7,54.3,55,86.7,53.5,53.5,77.4,56.8,59.7,81.2
9/26/2017 1:59,2:00,53.7,54.3,55.5,55.1,55.4,84.2,55.5,53.8,59.7,54.9,55.5,90.9,54.1,54.1,78.4,57.2,59.7,81.8
9/26/2017 2:59,3:00,53.7,54.9,55.5,56.2,55.4,84.8,55.5,53.8,60.2,54.9,55.5,88.3,54.1,54.1,82.2,57.2,60.2,81.8
9/26/2017 3:59,4:00,54.2,55.5,56,56.2,55.9,87.4,56,54.3,60.7,54.9,56.1,89.9,54.1,54.1,82.7,57.8,60.7,84
9/26/2017 4:59,5:00,54.2,56,56.6,56.2,56.5,81.6,56,54.3,59.5,55.4,55.4,89.4,54.1,54.1,82.7,57.2,59.5,69
9/26/2017 5:59,6:00,54.2,55.4,55.4,56.2,55.9,71.3,56,54.3,58.4,55.4,55.4,80.9,54.1,54.1,76.8,56,58.4,73
9/26/2017 6:59,7:00,48.9,49.6,50.1,52.1,53.9,69.7,53.3,52.6,48.3,49.5,50.6,74.3,48.6,48.6,56.3,49.3,48.3,54.1
9/26/2017 7:59,8:00,57.8,58.4,57.8,56.7,48.3,66.3,48.4,56,43.8,58.4,56,68.2,52.7,52.7,54.1,45.4,43.8,48.4
9/26/2017 8:59,9:00,52.9,54.7,52.9,53,41.4,43.1,38.3,50.5,36.7,54.1,32.7,41,33.4,33.4,42.4,36.5,36.7,40
9/26/2017 9:59,10:00,48.7,50.5,48.5,49.3,37.9,44.3,37.3,46.1,41.8,50.4,36.7,39.4,38.6,38.6,43.9,40.5,41.8,43.4
9/26/2017 10:59,11:00,40.2,43.3,41.9,42.1,33.9,35.8,34.5,41.9,36,41.3,33.9,34.7,33.2,33.2,32.4,32.8,36,32.5
9/26/2017 11:59,12:00,37.3,40.4,39.6,39.7,35.6,35.5,36.1,40.9,36,39,35.5,36.3,34.2,34.2,32.4,33.6,36,32.5
9/26/2017 12:59,13:00,38.1,39.9,40.4,40.6,37.6,38.1,37.5,41.7,38.2,40.4,37.7,38.4,37.6,37.6,34.6,35.7,38.2,34.1
9/26/2017 13:59,14:00,39.4,40.6,41.1,40.6,40.2,40.8,40.2,42.4,40.2,41.1,40.3,40.3,39.6,39.6,37.2,37.6,40.2,36.6
9/26/2017 14:59,15:00,40.7,41.9,41.8,42.6,42,42.6,42.1,43.8,41.5,43,42.3,41.7,41.6,41.6,39.1,38.8,41.5,39.8
9/26/2017 15:59,16:00,42,43.2,43.1,44.5,43.9,44.5,43.3,44.3,43.9,44.3,44.2,43.5,43.4,43.4,41.5,41.3,43.9,42.3
9/26/2017 16:59,17:00,44.5,45,44.9,45.1,46.3,46.3,44.5,45.6,45.7,46.1,45.4,46,44.6,44.6,44.6,44.4,45.7,44.1
9/26/2017 17:59,18:00,45,45.6,46.1,46.2,47.4,46.8,45.6,46.2,46.8,47.3,47.3,46.6,46.5,46.5,46.4,45.5,46.8,46.5
9/26/2017 18:59,19:00,46.2,46.8,46.7,46.8,48,47.4,46.8,48,48,47.9,47.8,47.8,46.5,46.5,47,46.1,48,47.7
9/26/2017 19:59,20:00,46.7,47.4,47.2,47.4,48,48.6,46.8,47.3,48.6,48.5,47.8,48.3,47,47,48.1,47.3,48.6,48.2
9/26/2017 20:59,21:00,46.7,47.9,47.8,47.4,49.1,48.6,47.3,47.9,49.7,49,48.3,48.3,47.5,47.5,49.3,48.5,49.7,50.1
9/26/2017 21:59,22:00,47.9,47.9,47.8,47.9,49.6,50.3,47.8,48.4,51.5,50.2,48.9,49.5,48.1,48.1,50.5,49,51.5,50.6
9/26/2017 22:59,23:00,47.9,49,48.9,49.1,49.6,51.5,48.4,49,52.1,50.2,49.5,50.6,48.1,48.1,51.6,50.2,52.1,51.1
9/26/2017 23:59,0:00,48.3,49,48.2,49.7,51.4,52,50.2,49.6,52.1,50.7,50.1,51.2,48.6,48.6,51.6,51.4,52.1,51.7
9/27/2017 0:59,1:00,48.9,49.5,50.1,49.7,51.9,52,50.2,48.9,53.2,51.3,50.6,51.2,50.4,50.4,52.1,51.4,53.2,52.9
9/27/2017 1:59,2:00,48.9,49.5,50.1,50.2,53.1,52.5,50.7,49.5,53.8,51.8,51.8,52.4,50.4,50.4,53.8,52.5,53.8,52.9
9/27/2017 2:59,3:00,50.1,50.1,50.6,50.8,53.1,52.5,51.9,50.7,54.9,52.4,52.4,52.4,51.6,51.6,53.8,53.1,54.9,54
9/27/2017 3:59,4:00,50.1,51.3,51.8,50.8,53.6,53.7,52.5,50.7,55.5,53,52.4,53.5,51.6,51.6,54.4,53.6,55.5,54.6
9/27/2017 4:59,5:00,50.1,51.3,51.1,51.3,53.6,54.2,53,51.2,56,53,53,53.5,51.6,51.6,55,54.2,56,55.2
9/27/2017 5:59,6:00,50.6,51.3,51.1,51.3,54.2,54.8,53,50.6,56,52.4,53,53.5,50.9,50.9,53.8,53.6,56,54
9/27/2017 6:59,7:00,50.6,51.3,51.8,51.3,53,53,52.5,51.2,54.9,52.4,52.3,52.9,51.5,51.5,53.2,53.6,54.9,53.5
9/27/2017 7:59,8:00,49.4,51.3,51.8,50.7,53.6,53,51.8,50.6,53.7,52.4,52.3,53.5,50.3,50.3,51.5,51.9,53.7,52.3
9/27/2017 8:59,9:00,47.7,49.5,50,49.5,48.4,49,49.7,49.5,49.7,48.8,50.1,50.1,48,48,45.7,47.3,49.7,44.6
9/27/2017 9:59,10:00,46.6,48.5,49,48.5,48.1,48.1,48.1,50.3,47.6,47.2,49.1,48.5,47.7,47.7,42.9,44.5,47.6,41.8
9/27/2017 10:59,11:00,47.4,48.5,49,49.4,47.7,49.5,49.5,49.8,47.6,48,49.9,48.5,48.5,48.5,42.9,44,47.6,42.6
9/27/2017 11:59,12:00,48.2,49.4,49.9,50.1,50.2,50.2,50.2,50.7,49.1,48,51.3,50.1,49.9,49.9,44.4,45.3,49.1,44.5
9/27/2017 12:59,13:00,48.9,50.7,51.3,51.5,51.5,52.1,51.5,52,51,50.1,52.6,51.3,51.2,51.2,48.1,47.8,51,47
9/27/2017 13:59,14:00,50.2,52,51.9,52.1,52.1,52.8,52.1,52.7,51.6,51.4,52.6,52,51.2,51.2,48.1,48.5,51.6,48.2
9/27/2017 14:59,15:00,51.5,52.7,51.9,52.8,52.7,52.8,52.1,53.3,52.2,52,53.8,52.6,51.8,51.8,49.9,49,52.2,49.4
9/27/2017 15:59,16:00,52.7,53.3,53.2,53.3,52.7,53.3,52.7,53.9,52.7,53.2,53.2,53.1,52.4,52.4,51,50.8,52.7,51.8
9/27/2017 16:59,17:00,52.7,53.3,53.2,54,53.2,53.3,52.7,53.9,53.9,53.8,54.4,53.7,53.6,53.6,52.2,52,53.9,52.4
9/27/2017 17:59,18:00,53.8,53.8,53.8,54.5,53.7,53.8,53.8,54.5,54.4,54.9,54.4,54.3,52.8,52.8,53.9,53.2,54.4,53.5
9/27/2017 18:59,19:00,55,54.3,54.3,54.5,53.7,54.3,53.1,54.5,54.9,55.5,54.4,54.3,54,54,53.9,53.2,54.9,54.7
9/27/2017 19:59,20:00,53.7,54.9,54.8,55,54.1,54.8,53.1,54.9,55.5,56,54.4,54.7,54,54,54.3,53.6,55.5,54.7
9/27/2017 20:59,21:00,54.8,55.4,54.8,55,54.1,55.3,53.5,54.9,56.5,56,54.4,54.7,53.3,53.3,55.5,54.1,56.5,55.1
9/27/2017 21:59,22:00,54.8,55.4,54.1,55,54.6,54.7,53.5,54.9,56.5,56.5,55.3,55.2,54.4,54.4,56,54.7,56.5,56.3
9/27/2017 22:59,23:00,54.8,54.7,55.3,55.4,55.2,55.2,54,54.9,56.5,56.5,55.3,55.2,54.4,54.4,57.1,55.2,56.5,56.3
9/27/2017 23:59,0:00,54,55.2,55.3,55.4,55.2,55.7,54.5,54.9,56.9,57,55.3,55.7,53.7,53.7,56.5,55.7,56.9,57.3
9/28/2017 0:59,1:00,54.6,55.2,55.3,54.7,54.5,55.7,53.9,54.9,57.5,57,55.3,55.7,54.3,54.3,56.5,55.7,57.5,57.3
9/28/2017 1:59,2:00,54.6,55.2,54.5,55.2,55,56.9,53.9,54.9,57.5,55.1,54.5,55,53.6,53.6,57,56.3,57.5,56.7
9/28/2017 2:59,3:00,53.3,54.5,54.5,54.6,55.5,55.6,54.4,53.9,56.9,56.3,55,55.5,54.2,54.2,56.4,55.7,56.9,56.7
9/28/2017 3:59,4:00,54.5,54.5,55,55.2,55.5,56.2,55,54.5,58,55.6,55.6,55.5,54.8,54.8,56.4,55.7,58,57.2
9/28/2017 4:59,5:00,54.5,55.1,55,54.5,56.1,56.8,55,55.1,58,56.2,56.2,56.7,55.4,55.4,56.9,56.8,58,57.8
9/28/2017 5:59,6:00,54.5,55.6,55,55.1,56.7,56.2,55.5,55.7,58.6,56.2,55.5,56.1,55.4,55.4,56.9,56.8,58.6,57.2
9/28/2017 6:59,7:00,54.5,54.4,55.6,55.7,56.1,56.2,56.2,55,58,56.2,56.2,56.1,55.4,55.4,56.9,56.2,58,56
9/28/2017 7:59,8:00,52.7,53.8,53.8,53.9,53.2,54,53.9,53.3,55.2,53.9,54.4,53.8,53.6,53.6,50.6,51.6,55.2,50.2
9/28/2017 8:59,9:00,50.3,51,51.5,52.3,48.1,49.9,50.5,52.8,47.1,51,52.2,49.2,50,50,41.2,44.6,47.1,41.9
9/28/2017 9:59,10:00,48,49.3,49.2,50.6,44,45.9,45.9,50.5,43.6,48,49.9,45,49.7,49.7,37.6,41.7,43.6,38.3
9/28/2017 10:59,11:00,47,48.3,48.2,50.2,43.6,44.8,44.8,50,42.5,47.6,47.6,44.5,48,48,36.5,38.7,42.5,36.5
9/28/2017 11:59,12:00,47,47.2,47.7,49,42.5,44.3,44.3,49.6,41.3,46.4,48.3,44,48,48,35.9,38.2,41.3,36
9/28/2017 12:59,13:00,47.8,48.5,47.7,49.7,42.5,44.3,44.3,50.9,42,47.8,48.3,44.7,47.5,47.5,37.2,38.8,42,36
9/28/2017 13:59,14:00,49.1,47.3,49,49.7,42.5,43.7,44.3,50.9,42,47.8,47.8,44.7,47.5,47.5,36.6,39.5,42,36.7
9/28/2017 14:59,15:00,49.6,49,49,50.3,44.8,46,44.8,52.2,44.2,50.2,48.2,45.7,48.7,48.7,41.2,42.2,44.2,42
9/28/2017 15:59,16:00,50.7,50.7,50.6,51.4,46.9,48.1,45.7,52.2,47,53,48.6,47.3,49.7,49.7,45.8,45.6,47,46.5
9/28/2017 16:59,17:00,52.3,51.1,51,51.4,47.9,48.5,45.7,52.3,47.9,54,47.7,47.3,48.8,48.8,47.4,46.6,47.9,48.2
9/28/2017 17:59,18:00,50.3,51.1,50.2,50.4,45.2,47.1,44.1,50.9,47.2,53.3,47,46.2,46.8,46.8,46.7,47.1,47.2,48.7
9/28/2017 18:59,19:00,49.6,51.1,49.5,49,44.5,45.8,44.6,49.6,47.2,51.9,44.9,45.5,46.8,46.8,47.8,47.1,47.2,47.9
9/28/2017 19:59,20:00,48.9,49.5,48.1,48.3,45,45,42.6,48.8,47.5,51.2,44.9,46,45.3,45.3,47,46.2,47.5,48.5
9/28/2017 20:59,21:00,48.1,48.7,48.1,47.6,45,45.5,43.7,47.4,48.7,51.2,44,45.3,45.3,45.3,47.5,48,48.7,49.6
9/28/2017 21:59,22:00,47.4,48.7,47.3,48,45,45.5,43,47.4,48.7,50.3,45.2,45.8,45.3,45.3,49.3,47.2,48.7,50.1
9/28/2017 22:59,23:00,47.9,48.7,47.3,47.3,44,45.5,43.5,46.6,48.7,50.3,44.5,45.8,45.3,45.3,49.3,47.7,48.7,50.6
9/28/2017 23:59,0:00,46.6,47.8,47.3,47.3,44.6,46.5,44,46.6,49,50.3,44.5,45.8,45.5,45.5,49.3,48.3,49,51.1
9/29/2017 0:59,1:00,46.6,47.8,46.4,46.5,43.9,44.5,42.7,45.8,49,48.8,44.5,45.8,44.8,44.8,49.7,48.3,49,51.1
9/29/2017 1:59,2:00,45.8,47,46.4,45.8,44.5,45.1,42.7,45.8,49,49.4,44.5,45.8,44.8,44.8,49.7,48.8,49,49.8
9/29/2017 2:59,3:00,45.8,46.3,46.4,45.8,44.5,45.6,43.2,44.4,49.4,48.1,44.8,45.8,44.8,44.8,49.7,48.1,49.4,51
9/29/2017 3:59,4:00,45,46.9,45.5,45,45,45.6,42.5,44.4,49.4,47.4,44.1,44.7,43.9,43.9,49.7,49.3,49.4,50.3
9/29/2017 4:59,5:00,44.3,46.9,44.8,45,44.3,46.2,43.7,44.4,48.7,48.6,44.1,44.7,43.9,43.9,50.7,48.7,48.7,50.3
9/29/2017 5:59,6:00,43.7,44.9,44.8,45,43,43,43.1,43,47.5,46.1,44.1,44.7,43.2,43.2,47.7,46.8,47.5,47.8
9/29/2017 6:59,7:00,41.2,43.1,42.3,42.5,38.8,40,39.4,41.7,42.7,42.3,39.6,40.3,39.6,39.6,40.4,40.8,42.7,39.9
9/29/2017 7:59,8:00,38.2,41.3,39.8,39.4,37.7,38.3,37.7,41.1,39.7,41.2,37.8,38.5,37.1,37.1,36.2,37.8,39.7,35
9/29/2017 8:59,9:00,37,38.8,38.7,38.9,36,36.5,36.6,40.6,38,38.1,37.4,37.4,36.6,36.6,33.2,36.1,38,32.6
9/29/2017 9:59,10:00,36.6,38.4,38.2,38.3,35.5,36.5,37.4,40.2,36.9,37.6,37.4,36.3,35.5,35.5,31.5,33.7,36.9,31.6
9/29/2017 10:59,11:00,35.5,37.3,37.1,37.2,33.9,35.1,35.8,39.7,32.8,36.5,37.1,35.3,37,37,26.7,30.2,32.8,28
9/29/2017 11:59,12:00,35.5,36.2,36.7,38.1,33.5,34.6,34.7,39.7,32.3,36.1,36.7,34.2,35.9,35.9,26.7,30.2,32.3,27.5
9/29/2017 12:59,13:00,35.5,37,36.2,37,33,34.6,34.7,38.7,32.3,36.9,36.1,34.2,36.7,36.7,27.5,30.2,32.3,28.2
9/29/2017 13:59,14:00,36.5,37.7,37.5,37.7,36.1,36,35.4,38.7,36.1,36.9,37.4,36.2,37.3,37.3,31.9,33.5,36.1,32
9/29/2017 14:59,15:00,39,38.9,39.4,39.5,38.5,39,37.8,40.7,37.8,38.7,38.6,38,39.1,39.1,36.8,35.8,37.8,35.6
9/29/2017 15:59,16:00,40.1,40.7,40.6,40.8,38.9,39.5,38.3,41.9,39,41.8,39.8,39.1,39.6,39.6,37.8,37.6,39,38.6
9/29/2017 16:59,17:00,41.9,41.9,41.1,41.2,40,39.5,38.8,41.9,41.3,42.3,41.6,40.3,40.8,40.8,40.2,38.7,41.3,40.9
9/29/2017 17:59,18:00,41.9,41.9,41.1,41.8,40.5,41.1,39.3,42.3,41.8,44.2,40.8,40.8,40.8,40.8,41.3,39.8,41.8,42.1
9/29/2017 18:59,19:00,42.4,42.3,41.6,42.3,41,40.3,39.3,42.3,42.3,44.2,40.8,40,40.8,40.8,41.8,41.6,42.3,43.2
9/29/2017 19:59,20:00,42.4,42.8,42.8,42.3,41,41.5,39.7,42.3,43.5,45.2,40.8,41.2,41.1,41.1,43,42.2,43.5,43.2
9/29/2017 20:59,21:00,42.8,42.1,42.8,42.3,40.2,40.8,39,42.3,42.8,44.5,40.8,40.5,41.1,41.1,43,42.2,42.8,43.7
9/29/2017 21:59,22:00,41.5,42.1,42,42.3,40.2,40.2,38.3,40.7,43.4,43.2,41.1,40.5,39,39,41.7,41.4,43.4,42.4
9/29/2017 22:59,23:00,41.5,41.4,40.6,41.4,39.5,40.2,38.3,40.7,42.1,42.5,40.4,40.5,39.6,39.6,42.2,40.8,42.1,42.4
9/29/2017 23:59,0:00,40.8,41.4,40.6,41.4,39.5,38.8,38.3,40,42.1,42.5,39.1,39.7,38.9,38.9,40.9,40.8,42.1,41.7
9/30/2017 0:59,1:00,40.8,40.7,40.6,40.7,39.5,39.4,39.5,40.6,42.7,41.8,39.1,39.7,38.9,38.9,41.5,41.3,42.7,42.3
9/30/2017 1:59,2:00,40,40.7,40.6,40.7,40,40,38.8,40.6,43.2,42.4,39.6,40.3,38.9,38.9,43.3,41.9,43.2,42.3
9/30/2017 2:59,3:00,40.6,41.2,40.6,41.2,41.2,40.5,40,39.8,43.8,42.9,39.6,40.8,40.1,40.1,43.3,42.5,43.8,44.1
9/30/2017 3:59,4:00,41.2,41.2,41,40.5,41.8,42.4,40,40.4,44.3,42.9,41.5,41.5,41.3,41.3,43.9,44.3,44.3,44.6
9/30/2017 4:59,5:00,41.2,41.7,41.6,41.1,41.8,42.4,40.5,40.4,44.9,42.9,40.8,41.5,41.3,41.3,44.5,44.9,44.9,45.9
9/30/2017 5:59,6:00,41.2,41.7,40.9,41.1,41.8,41.7,41.1,40.4,44.3,42.2,40.8,41.5,40.6,40.6,43.9,43,44.3,44
9/30/2017 6:59,7:00,39.3,40.5,39.7,39.8,38.1,38.7,38.1,40.4,42,39.7,38.3,38.3,37.5,37.5,38.4,38.1,42,36.6
9/30/2017 7:59,8:00,38.1,39.9,39.7,39.2,38.8,38.7,39.5,40.4,40.7,39.7,39,38.3,37.5,37.5,37.8,38.1,40.7,37.9
9/30/2017 8:59,9:00,38.1,39.4,39.2,39.2,38.8,38.2,38.8,39.9,40.2,38.5,39,38.3,37.5,37.5,37.8,37.6,40.2,37.4
9/30/2017 9:59,10:00,38.1,38.8,38.6,38.8,38.4,38.2,38.3,39.9,39.7,38,39,38.3,37.5,37.5,36.1,36.5,39.7,34.9
9/30/2017 10:59,11:00,37.7,38.2,38.6,38.8,37.2,37.8,38.3,39.4,38.5,38,38.6,38,37.2,37.2,33.7,35.4,38.5,33.2
9/30/2017 11:59,12:00,39,39.6,38.6,38.8,38.6,38.5,39.8,40.8,38.5,38.8,39.3,38.8,38.6,38.6,34.4,36.1,38.5,33.2
9/30/2017 12:59,13:00,39,39.6,39.5,40.3,38.6,39.2,39.8,40.8,38.5,38.8,40,38.2,39.3,39.3,35.1,35.5,38.5,34.6
9/30/2017 13:59,14:00,40.3,40.9,40.2,40.3,39.2,40.5,39.8,42.1,39.3,40.8,40.7,39.4,40.6,40.6,35.7,37.4,39.3,35.2
9/30/2017 14:59,15:00,41,41.6,41.4,41.5,40.4,41.7,40.5,42.1,41.1,41.4,41.3,40.7,41.2,41.2,38.2,38.5,41.1,38.3
9/30/2017 15:59,16:00,42.8,42.8,42,42.8,42.8,42.2,42.2,43.3,41.6,43.2,42.5,41.9,42.4,42.4,40.5,40.9,41.6,41.9
9/30/2017 16:59,17:00,42.8,43.3,43.9,42.8,44.6,43.9,43.4,44.5,44,45,43.7,43.7,44.2,44.2,42.9,43.3,44,44.3
9/30/2017 17:59,18:00,43.3,43.9,43.2,43.3,44.6,45.1,43.4,43.8,44.6,45.6,43.7,43,42.8,42.8,42.3,43.3,44.6,45.5
9/30/2017 18:59,19:00,42.6,44.5,43.2,43.3,44.6,45.8,43.4,43.8,45.2,45.6,43.7,43.6,42.8,42.8,43.5,44.5,45.2,46.1
9/30/2017 19:59,20:00,42.6,43.8,44.4,43.3,45.7,45.8,43.9,43.8,46.4,45.6,43,44.2,43.5,43.5,44.6,45.7,46.4,46.7
9/30/2017 20:59,21:00,43.8,45.7,44.4,44.5,46.2,48.1,44.5,44.3,46.4,46.2,44.8,44.8,44,44,45.2,46.2,46.4,47.9
9/30/2017 21:59,22:00,44.4,45,44.4,44.5,46.8,47.5,45.6,44.9,46.9,48,44.8,45.3,44.6,44.6,46.4,46.2,46.9,47.9
9/30/2017 22:59,23:00,44.9,45,45.5,45,48,47.5,45.6,46.1,47.4,47.3,46,46.6,45.2,45.2,47,47.4,47.4,49
