Date - Time,Time,H17_106,L16_21,L18_122,M18_168,VH15_138,VH17_60,VH18_57,VL15_46,VL17_169,VL18_177
7/9/18 0:01,00:00,47.8,42.8,46.2,51.9,44,46.2,46.8,43.1,41.6,41.2
7/9/18 1:01,01:00,49.6,43.3,49.3,53.7,45.4,48.1,53.6,43.1,42.8,45
7/9/18 2:01,02:00,51.4,47.1,51.2,57.3,50.2,52.5,51.7,45.5,44.6,50
7/9/18 3:01,03:00,55,51.4,54.3,61.5,53.6,57.4,58.4,49.3,48.9,55.5
7/9/18 4:01,04:00,58.6,55,59.8,65,72.4,65.3,61.9,51.1,51.9,56
7/9/18 5:01,05:00,62.8,56.8,62.8,69.7,76.4,70.6,70.2,52.3,54.9,56
7/9/18 6:01,06:00,55.8,35,62.8,64.4,73.1,68.9,63.8,50,48.4,54.2
7/9/18 7:01,07:00,51,29.2,54.4,56.8,68.6,54.5,55.5,45.7,44.2,42.6
7/9/18 8:01,08:00,45.5,31.6,44.5,46.5,56.6,41.3,42,38.7,41.8,31.9
7/9/18 9:01,09:00,38.6,30.4,38.9,28,41.1,34.9,35.7,35.6,37.5,24.2
7/9/18 10:01,10:00,30.3,26,28.5,29,32,28.4,30,28.4,29.1,20.1
7/9/18 11:01,11:00,22.4,19.9,20.6,21.7,25,20.8,23.4,22.5,22.5,14
7/9/18 12:01,12:00,20.4,15.8,16.5,22.5,20.6,19.5,20,16.9,18.5,14
7/9/18 13:01,13:00,14.9,12.4,13.1,17.2,14.8,17.5,16.5,12.7,14.4,11.1
7/9/18 14:01,14:00,11.5,11.8,11.8,12.6,12.6,14.1,15.2,9.3,11.7,8.3
7/9/18 15:01,15:00,10.9,9.7,9.7,11.3,10.4,12.6,9.9,7.8,10.3,7.6
7/9/18 16:01,16:00,12.4,9,9.1,12.8,14.6,10.3,11.1,7.2,11.9,6.9
7/9/18 17:01,17:00,13.6,13.2,13.8,17.1,16.8,15.2,16,12.9,13.3,10.5
7/9/18 18:01,18:00,17.6,15.9,15.6,14.9,16.8,17.2,17.2,14.9,12.2,12.9
7/9/18 19:01,19:00,20.2,17.1,18.3,20.3,18.8,19.9,21.1,15.4,16.6,14.9
7/9/18 20:01,20:00,22,18.9,21.5,23.4,18.8,20.4,21.1,18,20.3,15.5
7/9/18 21:01,21:00,23.2,20.8,23.4,24,20.6,23.1,27.5,20,22.2,19.5
7/9/18 22:01,22:00,27.9,25.4,28,28.5,25.6,27.1,31.4,24.7,26.8,23.5
7/9/18 23:01,23:00,31.2,30.6,30.7,32.4,29.9,30.4,32.7,29.3,30,27.5
7/10/18 0:01,00:00,34.4,33.1,33.3,35.6,38.4,33.1,34.6,33.9,32.6,30.7
7/10/18 1:01,01:00,34.4,36.9,34.5,35.6,36.9,34.3,37.8,35.9,35.1,32
7/10/18 2:01,02:00,38.2,36.3,37.8,38.7,37.6,41.5,46.7,36.5,36.4,35.2
7/10/18 3:01,03:00,42.6,40,42.2,43,39.7,38.8,49.7,39,38.9,41
7/10/18 4:01,04:00,48.8,43.8,46,48.6,50.7,40.7,50.3,42.2,42.6,42.2
7/10/18 5:01,05:00,50,46.3,49.1,54.1,50,49.7,60,45.4,46.3,42.2
7/10/18 6:01,06:00,44.6,30.3,49.1,51.1,54.9,49.2,49.8,41,37.7,38.4
7/10/18 7:01,07:00,41.5,24.9,37.1,42.5,51.6,41.5,37.1,30.5,32.7,25.5
7/10/18 8:01,08:00,32.5,23,30.6,34.4,42,31.9,35.3,32,27.7,19.7
7/10/18 9:01,09:00,30.1,21.8,28.8,20.1,31.1,28.2,28.9,26.8,24.4,16.5
7/10/18 10:01,10:00,25,20.6,23.7,23.1,27.8,26.9,26.5,24.3,22.6,17.3
7/10/18 11:01,11:00,21.8,18.7,20,23.1,23,18.8,22.6,20.4,20.6,14
7/10/18 12:01,12:00,19.1,18.1,16.7,19.9,19.4,21,20.1,18.4,18,13.3
7/10/18 13:01,13:00,17.2,16,12.6,17.4,15.8,14.9,18.1,16.5,16.7,10.5
7/10/18 14:01,14:00,14.5,13.4,12.6,14.2,14.3,15.6,18.1,13.1,14,9.8
7/10/18 15:01,15:00,13.3,11.4,10.7,12.1,12,13.5,13.7,10.3,11.2,8.5
7/10/18 16:01,16:00,12.4,9.9,8.4,12.1,11,13.5,13.9,8.8,11.2,7.6
7/10/18 17:01,17:00,12.9,9.9,11,13.1,10.1,13.5,13.9,8.8,10.5,7.6
7/10/18 18:01,18:00,13.5,11.8,12.8,12,12.3,14.4,15.1,10.6,10.5,10.2
7/10/18 19:01,19:00,16.7,12.9,15.5,17.6,13.6,15.7,18.4,12.6,15.1,12.9
7/10/18 20:01,20:00,15.9,12.9,16,18.1,14.9,17.6,16.1,13,15.5,13.4
7/10/18 21:01,21:00,17.1,13.9,16,18.1,16.2,17.6,19.4,13,16.7,14.6
7/10/18 22:01,22:00,26.6,22.7,25.4,27.9,24.9,23,28.1,22,26.9,21.4
7/10/18 23:01,23:00,30.6,30,30.1,31.8,31.3,29.9,32.7,29.5,30,26.8
7/11/18 0:01,00:00,32.5,32.5,32,33.7,33.5,32.4,34,32,31.3,30.1
7/11/18 1:01,01:00,35,33.1,35.9,35.6,34.1,34.3,35.2,33.9,31.9,32.6
7/11/18 2:01,02:00,38.2,37.5,39,38,35.4,32.9,40.3,34.5,34.4,37.1
7/11/18 3:01,03:00,46.3,40.6,45.4,48,42.4,40,52.2,38.4,42,37.6
7/11/18 4:01,04:00,53.1,47.5,52.9,53.5,61,41.3,64.3,43.5,45,40.8
7/11/18 5:01,05:00,48.8,45.6,50.4,56.5,69.7,49,60,45.3,43.8,38.9
7/11/18 6:01,06:00,42.7,29,45.4,53,65,57.4,54.7,41.5,38.9,38.4
7/11/18 7:01,07:00,41.4,25.7,43,45.7,55,39.6,41.7,33.9,33.3,29.4
7/11/18 8:01,08:00,37.1,25.1,34,37,45.5,34.6,37.3,31.4,30.1,23
7/11/18 9:01,09:00,32.1,21.3,28.9,22.5,35.4,26.1,29.7,26.9,28.3,18.5
7/11/18 10:01,10:00,24.4,19.3,23.8,23.9,27.7,20.9,26,22.9,23.9,16
7/11/18 11:01,11:00,20.4,17.2,17.8,20.5,19.9,18.8,20.6,15.4,20.5,13.3
7/11/18 12:01,12:00,19,15.3,15.8,19.2,19.4,15.2,19.3,16.2,18.5,11.8
7/11/18 13:01,13:00,14.9,12.5,13.1,15.9,15.7,14.2,16.6,13.5,15.9,11.1
7/11/18 14:01,14:00,17.2,12.5,13.1,14.1,12.7,13.4,14.6,11.5,15.1,9.8
7/11/18 15:01,15:00,12.4,13.2,11.8,14.1,14.2,13.4,12.9,11.5,13.9,10.4
7/11/18 16:01,16:00,15.2,13.9,13.2,15.4,14.6,17.4,16.6,12.2,13.9,12.5
7/11/18 17:01,17:00,16.4,13.9,15.2,18.5,16,18,17.3,12.9,15.4,12.5
7/11/18 18:01,18:00,18.3,15.2,17.7,15.6,19.6,18.5,18.6,14.1,14.8,15.8
7/11/18 19:01,19:00,32.8,27.6,30.4,32.7,28,30.1,32.3,27,25.2,27.7
7/11/18 20:01,20:00,34.6,31.4,30.9,36.4,31.5,31.3,34.2,30.2,30.3,29
7/11/18 21:01,21:00,36.5,33.3,33.5,38.9,35,34.6,39.9,32.8,32.1,29.6
7/11/18 22:01,22:00,35.8,33.9,34.1,36.4,34.3,34.6,37.4,32.8,34,32.2
7/11/18 23:01,23:00,39.6,37.1,36.6,40.1,39.1,38.4,41.8,37.3,37.8,34.1
7/12/18 0:01,00:00,42.1,38.9,39.2,40.7,41.2,42.3,44.9,39.8,42.8,38
7/12/18 1:01,01:00,43.3,37.6,43,41.9,41.2,43.6,46.7,39.2,39.6,39.2
7/12/18 2:01,02:00,45.2,41.4,42.3,45,42.5,50.6,52.9,41,40.2,46.2
7/12/18 3:01,03:00,47.7,44.6,46.8,49.4,46,49.2,49.9,44.2,42.7,44.3
7/12/18 4:01,04:00,54.5,58.7,56.2,50.6,69.8,56.2,60.3,59.1,51.9,52.5
7/12/18 5:01,05:00,65.2,71.7,63.5,65.7,76.4,67.7,68.5,71.3,67.9,61.6
7/12/18 6:01,06:00,62.3,61.2,64.1,66.3,75.1,64.8,64.5,68.5,65,60.4
7/12/18 7:01,07:00,59.4,51,58.1,61,69.2,59.3,60.3,58.6,59.8,52.6
7/12/18 8:01,08:00,53.4,46.8,52,54.5,60.6,49.6,54.3,53.2,53.4,37.6
7/12/18 9:01,09:00,48.6,42.5,46.4,38.6,48.7,44,49.5,48.9,49.8,39
7/12/18 10:01,10:00,42.5,39.3,41.5,40.4,41.8,39.6,42.1,44,45.5,34.6
7/12/18 11:01,11:00,38.8,32.2,33.8,38.6,34.1,31.7,36.4,31.8,39.4,28
7/12/18 12:01,12:00,32.3,31.1,26.1,32.9,30,29.1,30.5,31.8,31,24.1
7/12/18 13:01,13:00,29.7,25.8,26.1,25.8,29.1,29.1,30.5,27.8,26.6,26
7/12/18 14:01,14:00,34.2,33.6,31.7,33.4,35.2,33.4,36.9,34.5,34.2,28.4
7/12/18 15:01,15:00,25.7,29.6,24.5,30.3,32.6,32.8,33.1,29.7,30.4,23.2
7/12/18 16:01,16:00,31.5,37.3,30.3,30.7,35.9,35.3,36.2,36.2,29.6,27.7
7/12/18 17:01,17:00,37.9,36.6,36.2,41,40.1,35.3,38.1,39.4,38.6,32.4
7/12/18 18:01,18:00,33.4,32.2,34.2,27.9,37.9,35.3,34.3,32.3,25.4,30.3
7/12/18 19:01,19:00,36.5,31.5,36.1,37.1,39.9,36.6,36.1,30.9,32.8,30.3
7/12/18 20:01,20:00,42.8,42.2,39.3,42,44.7,42.4,41.8,43.1,38.5,34.8
7/12/18 21:01,21:00,45.3,48.4,45.6,47,48.9,45.6,48.7,48.8,46.6,39.9
7/12/18 22:01,22:00,50.2,55.2,50,51.9,55.1,47.5,53.6,55.6,52.7,45
7/12/18 23:01,23:00,58.8,61.8,56.3,58.6,61.2,54.4,60.3,58.5,58.6,50.7
7/13/18 0:01,00:00,60.5,65.9,59.3,61,66.5,61.7,64.4,74.7,61,57.4
7/13/18 1:01,01:00,65.2,70,64.7,66.3,71.8,67.1,69.7,69.7,66.7,62.2
7/13/18 2:01,02:00,66.9,72.3,64.7,70.9,75.1,64.1,69.1,69.7,68.4,59.1
7/13/18 3:01,03:00,68.7,73.9,67.6,72.6,79.1,56.6,74.2,57.8,67.2,63.3
7/13/18 4:01,04:00,62.7,73.3,60.9,74.8,90.6,64,69.6,67.8,69.5,57.8
7/13/18 5:01,05:00,68,65.2,67,72.6,83.6,64.6,69,63.2,67.8,61.4
7/13/18 6:01,06:00,58.1,46,61.5,66.2,77.7,61.6,60.8,58.4,56.8,53.5
7/13/18 7:01,07:00,53.3,34.8,54.3,55.5,70.5,51.2,54.2,46.2,48.4,39.9
7/13/18 8:01,08:00,50.4,38.7,49.5,52.1,64,46.4,49.4,47.6,48.4,30.5
7/13/18 9:01,09:00,47.4,41.2,46.5,36.7,50,41.5,47,47.1,43.7,35.2
7/13/18 10:01,10:00,41.2,41.9,38.9,40.5,44,37.6,41.4,43.3,43.1,28.8
7/13/18 11:01,11:00,36.8,35.6,32.5,36.7,38.4,33.7,41,35.8,40.6,28.1
7/13/18 12:01,12:00,31.6,31.7,26.7,34.2,30,27.1,33.8,31.1,29.6,26.7
7/13/18 13:01,13:00,26.3,25.9,23.3,29.1,28,24.5,27.2,23.8,29.2,20.6
7/13/18 14:01,14:00,27,22,23.3,22.7,26.9,21.5,27.2,23.4,24.5,20
7/13/18 15:01,15:00,23.8,22,20.7,20,22.9,21.5,20.9,19.7,22.6,18
7/13/18 16:01,16:00,18.5,19.9,16.5,21.2,24.8,20.2,19.2,17.8,19.9,14.6
7/13/18 17:01,17:00,20.3,21.9,17.9,23,25.4,20.2,21.4,18.5,21.4,13.8
7/13/18 18:01,18:00,24.3,20.5,22.4,23.8,26,24.9,24.6,20.3,22,21.2
7/13/18 19:01,19:00,26.8,22.3,26.3,28.1,26,26,27.7,22.3,25.1,23.1
7/13/18 20:01,20:00,28,24.8,26.9,29.9,27.9,25.2,28.3,23.4,26.3,23.1
7/13/18 21:01,21:00,30.6,32,30.1,31.2,32.2,27.8,29.4,32.8,30.1,26.9
7/13/18 22:01,22:00,42.4,43,40.8,43.5,44.2,38,46.3,41.4,43,36.9
7/13/18 23:01,23:00,49.2,48,47.7,50.9,50.4,45.8,56.8,47.1,48.6,44
7/14/18 0:01,00:00,51,50.4,50.2,52.1,53.9,50.8,56.2,52,49.2,47.7
7/14/18 1:01,01:00,55.8,54,53.9,57.5,55.8,44.9,58,51.4,51.6,44.4
7/14/18 2:01,02:00,50.3,55.8,48.8,55.6,57.2,52.5,73.2,50.7,51.6,46.2
7/14/18 3:01,03:00,50.8,54.5,50.6,56.8,57.2,51.8,64.4,51.9,51.6,46.7
7/14/18 4:01,04:00,60.5,55.7,54.3,62.7,69.2,57.3,69.6,53.7,53.8,49.9
7/14/18 5:01,05:00,60.5,59.3,53.6,63.8,73.8,61,69.1,49.8,56.2,51
7/14/18 6:01,06:00,53.3,38.5,53,59.7,71.8,56.1,56,53,44,45.5
7/14/18 7:01,07:00,45.9,35.6,46.8,48.2,65.2,56.9,49.9,49.5,39.8,41.9
7/14/18 8:01,08:00,43.5,36.9,42.5,42.7,51.1,41.3,45.7,46.5,35.4,36.4
7/14/18 9:01,09:00,40.5,36.4,38.8,29.1,38.9,37.6,43.9,40.8,34.8,27.9
7/14/18 10:01,10:00,34.9,30.5,35.2,30.3,34.1,34.4,39,38.3,33,25.5
7/14/18 11:01,11:00,33,26.8,29.5,29.2,29.4,31.3,30.7,27.9,31.9,21.6
7/14/18 12:01,12:00,28.6,26.1,22.2,27.9,23.8,26.6,30.2,26,25.3,22.9
7/14/18 13:01,13:00,23.4,14.6,18.9,19.3,21,18.4,19.3,15.7,20,14.6
7/14/18 14:01,14:00,17.2,13.9,15.4,16.7,16.5,13.4,18.7,12.2,16.6,14
7/14/18 15:01,15:00,13.2,12.5,11.8,14.1,15.7,15.6,14.3,11.6,14.7,10.5
7/14/18 16:01,16:00,14.6,12.5,12.6,13.4,15.7,14,14.3,10.9,14,9.8
7/14/18 17:01,17:00,13,12.5,13.1,15.8,16.8,16.7,14.6,11.5,13.2,10.5
7/14/18 18:01,18:00,14.9,13.2,16.4,14.6,16.8,15.8,15.2,12.9,10.8,11
7/14/18 19:01,19:00,30.4,28.5,29.3,31.6,29.7,26.2,29.3,27.9,27.4,25.4
7/14/18 20:01,20:00,34.8,33.6,31.8,35.4,34.5,32.2,35,32.4,32.3,29.2
7/14/18 21:01,21:00,38.6,36.8,37.6,40.4,40.1,38,39.5,35.6,38.7,35
7/14/18 22:01,22:00,38.6,41.2,37.6,39.7,43.6,36,40.7,40.8,36.1,33.6
7/14/18 23:01,23:00,35.9,37.8,36.1,39,42.1,37.2,41.3,38.8,40.4,34.2
7/15/18 0:01,00:00,35.9,35.9,35.4,37.1,39.2,37.9,37.4,36.1,34.7,34.2
7/15/18 1:01,01:00,37.2,37.2,37.4,39,38.6,38.5,38.7,38.7,36.6,34.2
7/15/18 2:01,02:00,40.3,39.1,39.3,41.4,41.4,41.7,41.2,38.1,39.1,36.8
7/15/18 3:01,03:00,44.7,42.2,45,47,44,44.9,46.8,41.2,42.2,39.9
7/15/18 4:01,04:00,50.2,46.5,47.5,59.8,64.6,48.7,55.4,43.1,45.9,42.4
7/15/18 5:01,05:00,53.3,56.3,53.8,53.1,77.8,59.3,56,56.1,48.9,49.4
7/15/18 6:01,06:00,53.3,52.1,53.8,55.5,67.9,55,57.3,56.1,54.5,50
7/15/18 7:01,07:00,57,61.8,56.9,58.6,66.6,56.3,60.3,63.3,56.9,51.3
7/15/18 8:01,08:00,60,62.4,59.4,61.6,65.3,59.4,62.7,64.5,63.3,57.5
7/15/18 9:01,09:00,63,61.9,61.8,65.2,68,61.8,66.8,65.1,65.6,58.7
7/15/18 10:01,10:00,64.2,66.6,63.1,64.1,67.3,66,66.3,64.6,65.1,62.3
7/15/18 11:01,11:00,70.5,69.4,70.1,69.8,67.3,72.4,73.8,69.8,72.5,69.3
7/15/18 12:01,12:00,74.4,72.9,73,75,73.3,73,77.2,73.1,75.7,71.6
7/15/18 13:01,13:00,82.1,78,82.1,80.6,76.5,82.1,82.1,77.5,77.9,90.4
7/15/18 14:01,14:00,83.8,81.9,83.2,82.2,83.7,87,86,83.5,81.7,89.9
7/15/18 15:01,15:00,82.8,91.7,84.9,83.9,87.5,87,89.2,91.3,85.4,87.8
7/15/18 16:01,16:00,83.8,89.5,84.9,83.4,86.9,84.8,88.1,88.2,83.3,87.2
7/15/18 17:01,17:00,90.6,93.2,93.6,92,91.3,94.9,93.4,92.8,94,94.6
7/15/18 18:01,18:00,95.7,97.4,99.3,97.8,97.6,98,97.6,97.8,96.9,97.7
7/15/18 19:01,19:00,95.7,96.4,100,98.3,100,96.5,97,97.3,96.9,97.7
7/15/18 20:01,20:00,96.8,97.9,100,99.9,99.5,98,98.6,96.8,98.9,98.2
7/15/18 21:01,21:00,97.2,98.4,100,99.9,100,98.6,99.1,95.8,98.9,98.7
7/15/18 22:01,22:00,97.2,98.4,100,100,100,97.5,100,94.3,98.4,99.7
7/15/18 23:01,23:00,98.2,99,100,99.9,100,99.6,100,96.8,98.4,99.7
7/16/18 0:01,00:00,98.2,97.9,100,100,100,99.6,100,97.7,99.9,99.7
7/16/18 1:01,01:00,98.2,97.9,100,100,100,100,100,98.2,99.9,100
7/16/18 2:01,02:00,99.2,99,100,100,100,99.6,100,98.2,99.4,99.2
7/16/18 3:01,03:00,97.8,97.4,100,100,100,98.5,100,96.8,99.4,99.2
7/16/18 4:01,04:00,97.8,99.5,100,100,100,98.5,100,98.7,98.4,98.2
7/16/18 5:01,05:00,97.8,98.4,100,99.9,100,99.1,100,98.2,98.4,98.7
7/16/18 6:01,06:00,95.7,95.8,100,99.9,100,96.5,100,96.3,96.9,95.1
7/16/18 7:01,07:00,87.5,86.8,100,94.1,98.8,88,100,87.1,93.5,87.2
7/16/18 8:01,08:00,82.1,65.4,96.7,82.8,93.8,87,100,78.6,80.6,66.5
7/16/18 9:01,09:00,72.8,59.7,92,55.8,76.1,69.6,89.2,74.3,72.4,59.5
7/16/18 10:01,10:00,62,58.5,84.4,56.5,63,57.1,75,68.7,63.5,47.9
7/16/18 11:01,11:00,54.3,54.9,68.5,51.1,56.4,50.5,58.2,54.8,57.1,44.9
7/16/18 12:01,12:00,52.5,50.8,38.7,50.5,49,48.1,53.4,53.5,53.6,43.1
7/16/18 13:01,13:00,46.5,47.1,37.4,42.6,44.4,39.1,48.6,48.7,45.2,40.5
7/16/18 14:01,14:00,41,38.3,33,36.4,36,33.4,45.6,41.2,35.8,35.5
7/16/18 15:01,15:00,32.6,30.7,26.4,24.7,30.1,27.9,32.5,32.3,27.3,30.3
7/16/18 16:01,16:00,25.9,30,22.9,25.5,32,28.6,34.1,28.1,28.8,24.2
7/16/18 17:01,17:00,33.8,36.4,28.8,33.7,39.1,31,34.1,35.9,25.5,28.1
7/16/18 18:01,18:00,39.5,39.5,38.4,38.7,44.5,41.5,42.2,38.4,33.3,35.2
7/16/18 19:01,19:00,46.2,48.7,44,49.2,45,43.4,45.8,44,43.7,41.5
7/16/18 20:01,20:00,48.6,44.2,43.3,53.9,49.1,47.8,55,44,42.4,43.4
7/16/18 21:01,21:00,51,50.4,47.1,55.8,54.5,51.5,56.2,48.3,52.9,46.5
7/16/18 22:01,22:00,57.7,59.6,54.6,59.9,64.7,53.3,61.6,56.9,55.8,52.7
7/16/18 23:01,23:00,64.2,64.3,61.3,67,66.7,62.5,71,58.1,58.2,57.6
7/17/18 0:01,00:00,67.1,68.9,63.1,68.7,69.3,63.1,73.8,66.9,62.8,59.4
7/17/18 1:01,01:00,68.1,76.2,68.3,70.4,73.2,69.4,73.1,74.7,71.8,66.9
7/17/18 2:01,02:00,74.9,80.2,73.5,76.6,77.8,70.6,77.7,78.6,77.8,71.6
7/17/18 3:01,03:00,77.2,81.8,75.8,78.3,79.1,74.1,79.9,80.8,80,73.3
7/17/18 4:01,04:00,77.7,83.5,77.5,80,80.4,77.6,82.1,83.4,80.5,75
7/17/18 5:01,05:00,80.5,88.9,79.8,80.5,81.7,77,84.3,85.6,82.1,76.7
7/17/18 6:01,06:00,80.5,87.3,79.8,82.2,83,72.9,84.3,82.9,84.8,75.6
7/17/18 7:01,07:00,77.2,77.4,75.3,80.6,81,75.3,78.8,78.1,79.5,73.9
7/17/18 8:01,08:00,71,62.5,69.5,72.7,75.3,68.4,70.9,69.7,72.4,67.6
7/17/18 9:01,09:00,63,55.4,61.8,55.9,63.5,60,63.4,65.7,64.6,52.1
7/17/18 10:01,10:00,54.2,50,54,51.7,56.2,53.4,55.7,55.8,61.1,43.5
7/17/18 11:01,11:00,50,44,45.5,49.9,49.6,44.1,48.5,43.6,51.1,42.3
7/17/18 12:01,12:00,45.7,40.1,39.2,46.8,40.8,38.5,41.7,39.8,46.9,38.5
7/17/18 13:01,13:00,44.1,39,32.8,38.8,36.6,34,39.9,37.3,42.1,35.3
7/17/18 14:01,14:00,35.9,31.9,30.4,38.4,33.2,32.7,38.6,33.3,39,29.6
7/17/18 15:01,15:00,42,42.7,37.9,40.7,37.1,48,47.3,44.3,39.6,43.6
7/17/18 16:01,16:00,44.8,39,37.9,47,46.1,36,39.9,34.2,45.2,36.2
7/17/18 17:01,17:00,47.5,45.5,44.1,52.8,51.8,48.5,51.4,45.3,43.8,45.3
7/17/18 18:01,18:00,42.4,36.8,42,44.8,46.4,40,43.4,37,33.1,40.8
7/17/18 19:01,19:00,47.9,42.4,46.4,50.2,48.3,45.1,48.8,42,41.8,42.7
7/17/18 20:01,20:00,52.8,49.8,49.5,54.4,54.5,48.2,54.9,47.6,49.2,47
7/17/18 21:01,21:00,55.8,52.8,52.6,56.8,57.9,51.3,56.1,52.6,55.8,49.5
7/17/18 22:01,22:00,58.8,53.4,56.3,60.4,57.2,54.5,60.9,53.8,59.3,51.9
7/17/18 23:01,23:00,51.5,52.6,50.6,53.1,58.4,55.6,54.8,51.8,53.2,50
7/18/18 0:01,00:00,54.5,53.9,53.1,53.7,57.1,56.2,56.6,52.4,52,50
7/18/18 1:01,01:00,57.5,53.3,56.1,57.9,56.4,59.9,58.4,51.2,52,53
7/18/18 2:01,02:00,63.4,57.5,62.2,64.4,59.8,60.5,64.3,53.6,55.5,57.3
7/18/18 3:01,03:00,64,57.5,61,67.4,63.1,63.4,62,55.4,54.3,56.7
7/18/18 4:01,04:00,73.2,77.4,71.8,71.5,86.8,72.9,77.7,75.3,66.7,69.3
7/18/18 5:01,05:00,77.7,77.4,77,78.3,89.4,77.5,82.1,75.8,74,74.4
7/18/18 6:01,06:00,72.7,55.3,75.3,73.8,84.9,74.7,72.6,66.8,66.8,71.6
7/18/18 7:01,07:00,63,51.8,66,69.3,81.7,68.4,66.9,58,59.9,61.7
7/18/18 8:01,08:00,56.5,41.4,58.2,52.1,70.7,55.3,58.1,53.2,47.4,44.8
7/18/18 9:01,09:00,46.2,33.8,45.9,35.6,48.7,42.8,46.5,45.2,41.9,37.2
7/18/18 10:01,10:00,37,29.3,32.5,31.1,34.2,34.5,37.8,33.7,31.8,25.5
7/18/18 11:01,11:00,25.1,19.8,21.3,23.8,26.5,23,25.9,21,22.5,18
7/18/18 12:01,12:00,20.3,17.8,14,20.5,21.5,18.9,21.3,19.7,18.5,13.2
7/18/18 13:01,13:00,17.8,16.6,15.9,18.6,19.5,18.9,20,15.6,19.2,12.6
7/18/18 14:01,14:00,17.1,15.9,13.3,16,16.4,18.2,19.3,14.2,15.8,12.6
7/18/18 15:01,15:00,15.9,12.6,12.6,15.4,14.8,16.9,14.7,12.9,14.6,9.8
7/18/18 16:01,16:00,15.1,13.3,13.2,14,16.1,14,15.3,10.8,13.9,9.8
7/18/18 17:01,17:00,14.3,13.3,13.2,16.5,17.4,15.9,14.6,12,13.2,9.8
7/18/18 18:01,18:00,16.9,14.5,15.7,16.5,18.9,15.1,17.9,13.5,12.6,11.6
7/18/18 19:01,19:00,21.5,16.4,20.4,23,18.1,20.6,29.1,16.2,15.8,15
7/18/18 20:01,20:00,30.7,22.9,29.1,33.9,23.7,21.9,35.4,20.9,23.7,20.4
7/18/18 21:01,21:00,35.3,25.5,30.9,39.6,30.1,32,43.7,24.2,29,25
7/18/18 22:01,22:00,38.4,30.7,35.5,44,35.7,34.6,57.4,29.4,33.5,33.6
7/18/18 23:01,23:00,40.2,33.2,34.7,46.3,38.5,39.8,46.1,43.1,37.8,34.1
7/19/18 0:01,00:00,45.3,49.7,43.2,47.6,51,45.6,51.8,53.7,45.3,41.3
7/19/18 1:01,01:00,50.9,55.2,46.9,56.8,54.4,46.2,63.2,54.3,50.8,43.2
7/19/18 2:01,02:00,56.3,57,52.6,63.3,59.8,51.8,93.9,57.9,54.5,47.5
7/19/18 3:01,03:00,65.2,58.7,60.5,67.4,67.2,53.7,85.9,54.9,59.2,53.6
7/19/18 4:01,04:00,61.6,49.5,56.1,67.4,75.1,58,80.5,46.8,56.1,41.5
7/19/18 5:01,05:00,53.8,53.8,50.5,65,59,58.5,69.6,49.9,48.8,45.4
7/19/18 6:01,06:00,52.5,38.8,50.5,59.7,55.6,50.4,54,43.5,47.6,46
7/19/18 7:01,07:00,47,38.3,46.1,52.5,51.6,48,54,39.1,41.4,41
7/19/18 8:01,08:00,44.1,31.4,41.1,49,48.3,42.4,47.4,34.6,39.8,34.1
7/19/18 9:01,09:00,37.4,26.5,32.3,32.4,40.4,35.6,40.8,30.9,32.3,23.9
7/19/18 10:01,10:00,25.1,19.3,21.9,27.3,27.8,18.6,28.7,20.9,22.5,13.2
7/19/18 11:01,11:00,14.9,12.4,11.6,19.1,14.8,15.1,16.6,10.6,12.9,8.1
7/19/18 12:01,12:00,10.7,10.4,9.6,12.4,12.6,13.2,13.8,9.8,10.9,6.7
7/19/18 13:01,13:00,10.1,9.1,8.9,11.2,11.4,9.8,13.2,7.7,10.3,5.5
7/19/18 14:01,14:00,9.6,8.4,8.9,11.2,8.3,9.8,11.1,7.1,9.1,7.6
7/19/18 15:01,15:00,9.6,8.4,8.9,9.3,8.3,9.8,11.9,6.5,9.1,7
7/19/18 16:01,16:00,9.6,7.8,7.5,10,8.7,9,11.9,5.8,8.5,5.6
7/19/18 17:01,17:00,10.2,7.8,9,11.8,8.7,10.3,13.3,6.5,8.5,6.2
7/19/18 18:01,18:00,15.6,8.3,12.9,17.6,11.6,12.3,19.8,7.8,9.4,8.1
7/19/18 19:01,19:00,18,10.2,16.9,22.9,12.2,17.8,25.6,10.5,13.1,9.4
7/19/18 20:01,20:00,24.6,14.8,18.8,27.3,16.4,17.8,32.8,15.2,17,16.2
7/19/18 21:01,21:00,27.2,20.1,24.7,28.5,26.4,35.3,31.4,16.5,18.2,19.5
7/19/18 22:01,22:00,27.9,25.4,25.4,32.4,32.8,29.8,29.4,26.1,23.4,22.8
7/19/18 23:01,23:00,37.8,41,37.4,39,38.5,38.5,41.2,40.6,37.8,34.2
7/20/18 0:01,00:00,44.8,47.2,41.9,44.5,45.5,43.7,48.1,58.5,44.2,38.8
7/20/18 1:01,01:00,50.9,51.6,45.7,54.4,53,46.8,55.5,50.7,47.2,43.1
7/20/18 2:01,02:00,56.4,49,51.2,48.8,53.7,55,56,45.6,48.4,39.7
7/20/18 3:01,03:00,44.4,47.7,42.8,49.9,48.8,56.8,63.2,47.5,41.3,35.7
7/20/18 4:01,04:00,49.4,45.7,45.3,56.5,73.8,56.8,51.5,41.6,46.9,38.2
7/20/18 5:01,05:00,50,41.2,47.8,62.6,58.3,56,50.3,38.3,43.8,40.1
7/20/18 6:01,06:00,51.3,39.4,47.3,57.2,53.5,54.9,54,39,44.4,40.1
7/20/18 7:01,07:00,50.8,38.9,47.3,55.5,50.9,46.7,53.5,38.4,39.5,37.8
7/20/18 8:01,08:00,43.4,35.9,42.5,42.6,46.2,39.1,50.6,36,33.2,32.1
7/20/18 9:01,09:00,41.7,32.3,33.5,42.6,43.6,39.1,42.6,38.1,34.7,27
7/20/18 10:01,10:00,34.9,29.8,32.4,34.2,40.4,33,35.1,32.4,35.5,24
7/20/18 11:01,11:00,27.8,20.7,24.8,28.5,33,22.4,28.2,22.1,27.2,15.3
7/20/18 12:01,12:00,15.6,12.4,12.4,17.2,17.2,14.7,14.6,12.7,17.2,9.7
7/20/18 13:01,13:00,11.5,9,11.6,11.8,12.8,10.5,11.8,12.7,11,6.8
7/20/18 14:01,14:00,15,14.6,12.4,13.8,14.8,12.5,14.5,11.4,11.7,10.4
7/20/18 15:01,15:00,16.4,13.1,14.4,16.6,14.8,14.6,16.5,12.8,13.9,10.4
7/20/18 16:01,16:00,19,15.2,16.5,18.5,17.5,18,26.6,13.4,15.2,11.7
7/20/18 17:01,17:00,24.4,14.4,17.7,23.7,18.1,18.6,27.9,14.1,16.5,13
7/20/18 18:01,18:00,30.3,15.8,23.2,25,17.4,18.6,31.2,15.4,17.2,14.4
7/20/18 19:01,19:00,20.1,17,18.9,23.5,20.2,20.5,21.7,16.7,17.2,15.6
7/20/18 20:01,20:00,28.7,20.2,23.6,27.4,28,21.1,30.2,18,21.1,21
7/20/18 21:01,21:00,28.7,23.6,25.5,31.8,29.4,24.5,33.5,20.8,23,20.2
7/20/18 22:01,22:00,34.5,27.4,29.4,42.7,27.9,29.2,50.6,26.8,26.2,25.5
7/20/18 23:01,23:00,37.6,29.3,31.3,36.2,29.3,33.1,41.7,28.1,28.8,27.5
7/21/18 0:01,00:00,36.3,32.5,32.6,37.5,32.7,35.1,36.5,32.7,31.3,28.8
7/21/18 1:01,01:00,40.8,36.3,35.8,38.1,36.3,39,46.7,33.3,33.2,34.6
7/21/18 2:01,02:00,42,36.3,37.8,40,37.7,42.2,44.8,35.9,34.5,34.6
7/21/18 3:01,03:00,42,38.8,37.1,41.8,39,48,52.3,35.9,35.7,36.5
7/21/18 4:01,04:00,42,41.3,41.6,46.2,54.2,42.2,52.9,39.1,38.9,39.7
7/21/18 5:01,05:00,46.3,40.7,42.9,51.1,47.4,53,47.2,39.1,38.9,40.4
7/21/18 6:01,06:00,50.2,31.5,51.2,53.7,52.9,56.8,56.6,39.1,35.8,44.3
7/21/18 7:01,07:00,45.4,29.5,49.5,41.4,49.6,56.8,47.5,39.9,34.7,43.9
7/21/18 8:01,08:00,49.3,33.8,50.3,46.1,50.4,52.3,49,42.2,41.8,34.1
7/21/18 9:01,09:00,45,35.7,43.5,32.5,42.5,40.2,44.2,42.8,37.5,32.7
7/21/18 10:01,10:00,37,33.9,31.9,31.1,32.1,28.3,33.3,39.7,33.1,22.8
7/21/18 11:01,11:00,28.5,26.7,24.7,26,25.1,26.5,29,25.5,22.5,20.1
7/21/18 12:01,12:00,27.2,22,19.6,25.3,22.3,24.5,21.5,21.2,23.4,19.5
7/21/18 13:01,13:00,23.4,21.6,18.8,20.8,17.2,23.1,26.1,19.9,19.4,17.4
7/21/18 14:01,14:00,23.4,18.7,19.9,20.8,22,25.9,24.8,17,20.1,19.3
7/21/18 15:01,15:00,31.6,22.6,33.1,30.3,27.6,33.5,29.8,21.1,28.5,29.2
7/21/18 16:01,16:00,30.9,29,29.8,30.3,31.1,34.8,31,31.7,29.1,28.5
7/21/18 17:01,17:00,34.8,32.3,33.1,32.2,33.2,40.7,37.6,35.7,29.9,30.5
7/21/18 18:01,18:00,35.5,33,33.8,34.8,33.9,39.4,37,34.3,28,31.2
7/21/18 19:01,19:00,36,35.5,32.3,35.3,32.5,38.7,41.4,33.7,32.3,29.1
7/21/18 20:01,20:00,37.9,36,35,42.9,37.3,38,38.8,36.9,36.8,31.8
7/21/18 21:01,21:00,41.7,38.5,40.1,43.4,46.3,47,46.3,39.5,38.7,39.5
7/21/18 22:01,22:00,43,48.6,42,48.4,49,45,47.6,47.7,44.3,40.1
7/21/18 23:01,23:00,47.9,51,45.1,50.8,51.8,47.7,58,51.4,44.8,40.1
7/22/18 0:01,00:00,54,52.9,49.5,55.7,54.5,50.1,64,51.4,46.7,44.5
7/22/18 1:01,01:00,52.2,53.4,51.4,59.3,53.8,49.4,62.2,49.5,47.9,43.2
7/22/18 2:01,02:00,54,54,51.9,62.2,55.8,55,62.2,50.1,51.5,46.3
7/22/18 3:01,03:00,56.3,57.6,55,63.9,57.1,59.9,60.9,53.1,54.5,47.5
7/22/18 4:01,04:00,56.3,55.1,55,63.3,67.8,64.7,63.2,51.2,50.2,51.9
7/22/18 5:01,05:00,56.9,50.2,56.2,60.3,65.8,59.8,57.8,51.2,50.2,53.7
7/22/18 6:01,06:00,56.4,43.5,54.4,56.8,57.8,62.4,59.7,45.7,44.1,49.4
7/22/18 7:01,07:00,52.8,45.4,50.8,51.5,55.8,50.8,56.8,43.8,42.3,40
7/22/18 8:01,08:00,43.1,28.6,42.1,44.8,52.7,40.7,47.7,33.7,33.7,30.5
7/22/18 9:01,09:00,45.7,22.2,40.9,38.8,41.8,35.7,47.7,28.5,27.2,29.2
7/22/18 10:01,10:00,25.9,17.5,24.6,22.7,28.7,25,28.2,23.2,23.3,20.7
7/22/18 11:01,11:00,27.9,17,23.2,22.7,25,29.1,32.7,18.6,20.7,19.3
7/22/18 12:01,12:00,24.6,22,21.4,22.7,26.4,25.8,28.8,23.9,20.7,17.4
7/22/18 13:01,13:00,21.2,18.7,18.7,20.8,19.5,24.5,21.4,18.6,20.7,16.7
7/22/18 14:01,14:00,27.2,22.5,24.1,25.2,23.6,27,26,23,25.3,15.2
7/22/18 15:01,15:00,39.4,27.8,33.1,35.4,52.5,36.8,36.4,34.5,33.7,30.5
7/22/18 16:01,16:00,33.7,32.5,29.5,35.4,38.3,38.2,39,36.5,35.2,33.2
7/22/18 17:01,17:00,43.6,44.9,40.8,44.8,45.7,44.5,45.8,45.9,45.5,39.5
7/22/18 18:01,18:00,45.6,43.7,42.1,45.4,51.3,46.5,47.1,47.1,41.2,39.5
7/22/18 19:01,19:00,44.9,48.7,42.1,44.8,49.1,48.3,48.9,49.6,43.1,45.9
7/22/18 20:01,20:00,92.2,87.4,93.6,86.2,81.7,85.9,91.4,69.2,86.9,84.5
7/22/18 21:01,21:00,90.1,80.8,93.1,89.9,84.9,88.6,91.9,62.8,85.4,81.8
7/22/18 22:01,22:00,89.1,67.8,88.2,84.5,84.9,84.8,99.6,61.1,76.9,76.8
7/22/18 23:01,23:00,90.6,72.9,93.6,81.2,88.1,88.1,100,69.7,79.5,84
7/23/18 0:01,00:00,92.7,81.3,96.8,87.7,94.5,92.3,100,73.1,85.9,89.9
7/23/18 1:01,01:00,91.7,85.2,96.8,89.3,94.5,93.4,100,75.3,85.9,88.3
7/23/18 2:01,02:00,90.6,85.7,96.2,88.8,95.7,92.9,100,78.1,83.2,87.2
7/23/18 3:01,03:00,92.7,81.9,96.2,91.5,95.1,92.9,100,78.1,84.3,87.8
7/23/18 4:01,04:00,91.7,86.3,97.3,92,98.2,92.9,100,74.8,84.3,88.3
7/23/18 5:01,05:00,92.7,75.1,96.8,92,100,90.2,100,74.8,86.9,87.8
7/23/18 6:01,06:00,89.6,70.6,93,85,99.5,91.3,100,70.8,74.7,83.4
7/23/18 7:01,07:00,82.2,57.1,88.8,79.5,93.2,78.7,100,61.5,73,74.5
7/23/18 8:01,08:00,69.9,46.3,72.5,61.1,84.3,64.3,77.2,55.7,60.5,49.2
7/23/18 9:01,09:00,64.2,45.7,63.1,56.5,72.7,55.3,64,52.7,59.9,46
7/23/18 10:01,10:00,52.4,48.2,49.7,49.2,59,51,54.6,51.5,52.3,38.5
7/23/18 11:01,11:00,50.6,59.1,43.6,46.8,60.2,45.4,49.1,56.5,49.9,47.3
7/23/18 12:01,12:00,51.9,58.5,46.2,54.2,64.9,55.3,57.6,60.6,56.6,46.2
7/23/18 13:01,13:00,63.7,57.3,60.8,63.6,68.8,62.6,64.7,58.8,64.1,59.5
7/23/18 14:01,14:00,72.4,54.9,74.9,71.2,68.1,68.6,63.6,54.1,71,67.8
7/23/18 15:01,15:00,80.1,65.5,82.3,83.4,73.4,74.9,70.5,64.7,73.1,76.9
7/23/18 16:01,16:00,91.1,94.3,92.5,91.5,92.6,86.5,93.9,94.3,92,90.4
7/23/18 17:01,17:00,88,89.6,93.6,94.7,95.7,83.8,93.4,90.8,92,84.5
7/23/18 18:01,18:00,89.1,88.5,90.4,92,95.7,86.5,94,91.8,90.5,85.1
7/23/18 19:01,19:00,90.7,94.3,93.1,92.6,97.6,87.5,95,95.3,91.5,93.6
7/23/18 20:01,20:00,97.8,94.8,100,100,99.5,97,98.1,93.8,98.4,99.7
7/23/18 21:01,21:00,98.8,95.9,100,98.3,100,97.5,98.1,94.3,97.9,99.7
7/23/18 22:01,22:00,98.8,94.3,100,100,100,98.6,99.1,94.8,98.9,100
7/23/18 23:01,23:00,99.8,95.9,100,100,100,99.6,100,96.3,98.9,100
7/24/18 0:01,00:00,98.8,95.9,100,100,100,100,100,95.8,97.9,100
7/24/18 1:01,01:00,99.2,95.9,100,100,100,99.6,100,96.3,98.9,100
7/24/18 2:01,02:00,100,97.9,100,100,100,100,100,97.3,98.9,100
7/24/18 3:01,03:00,100,97.4,100,99.3,100,100,100,96.8,98.9,100
7/24/18 4:01,04:00,100,96.4,100,100,100,100,100,98.3,97.4,100
7/24/18 5:01,05:00,100,95.9,100,100,100,100,100,95.8,97.4,100
7/24/18 6:01,06:00,100,91.7,100,100,100,97.5,100,91.8,94.5,99.7
7/24/18 7:01,07:00,96.8,83.1,100,98.3,100,92.9,90.8,89.3,80.1,89.9
7/24/18 8:01,08:00,93.2,65.7,96.2,92.6,90.8,82.7,82.8,77.7,74.8,67.3
7/24/18 9:01,09:00,82.7,54.5,88.2,72.9,75.5,66.9,70,73.3,68.7,59
7/24/18 10:01,10:00,63.8,59.2,80,68.3,64.4,58.5,63.6,68.2,62.4,53.7
7/24/18 11:01,11:00,59.2,54.5,73.8,57.8,56.5,50,53.6,55.4,58.4,48.1
7/24/18 12:01,12:00,52,52.1,42.7,51.9,49.9,45,49.4,53.1,51.9,40
7/24/18 13:01,13:00,44.8,46,37.5,43.4,45.1,38.1,45.6,48.2,45.3,40
7/24/18 14:01,14:00,40.4,39.7,33.7,36.5,37.4,33.6,43.1,38.1,38.5,32.3
7/24/18 15:01,15:00,33.4,36,30.5,34.6,36.3,36.6,44.5,37.6,28.8,32.3
7/24/18 16:01,16:00,37,28.1,36,34.6,33.5,43.7,41.9,28.9,30.1,39.3
7/24/18 17:01,17:00,43.8,37.5,40.4,46.8,44.4,41.5,39.6,34.4,43.3,39.7
7/24/18 18:01,18:00,82.1,53.5,88.8,93.1,82.3,63,65.7,49.5,89.5,79
7/24/18 19:01,19:00,82.1,57.8,74.7,96.2,82.3,64.3,69.2,54.5,91,78.5
7/24/18 20:01,20:00,84.9,64.9,87.2,96.8,79.2,77.1,74.4,59.9,90,81.8
7/24/18 21:01,21:00,75,48.5,73.6,90.4,64,74.2,62.2,48.9,71.3,74.5
7/24/18 22:01,22:00,64.7,51,64.8,87.7,61.3,60.6,56.1,50.7,66.8,59.3
7/24/18 23:01,23:00,61.7,50.3,60.5,76.6,61.9,58.1,59.7,50.1,60.4,56.8
7/25/18 0:01,00:00,62.3,57.6,60.5,74.9,61.2,64.7,60.3,56.8,66.1,58.6
7/25/18 1:01,01:00,63.4,57,65.9,77.8,63.8,71.8,63.2,53.7,56.8,61.6
7/25/18 2:01,02:00,76.1,63.5,78.1,86.6,66.5,74.1,76,68,70.6,73.9
7/25/18 3:01,03:00,78.8,69.9,80.9,90.4,70.5,75.8,84.3,69.7,72.9,75
7/25/18 4:01,04:00,81,73.4,80.9,90.9,69.8,72.3,82.6,70.2,66.1,74.4
7/25/18 5:01,05:00,82.6,66.9,83.7,89.8,73.1,78,77.6,65.6,68.9,81.7
7/25/18 6:01,06:00,72.1,40,80.9,86.6,73.1,77.5,73.2,60.9,61.5,74.4
7/25/18 7:01,07:00,62.4,40,67.8,73.3,63.3,64.2,59.8,48.2,47.3,58
7/25/18 8:01,08:00,60.1,53,60.7,58.8,64.2,55.8,62.2,59.3,57,49.1
7/25/18 9:01,09:00,59.5,56,58.3,52.9,58.9,51.7,60.5,61.7,61.2,53.9
7/25/18 10:01,10:00,62,51.3,58.9,60.6,60.2,53.5,54.6,57.6,61.8,53.3
7/25/18 11:01,11:00,54.9,53.7,49.2,54.7,52.5,47.4,52.8,49.3,59.5,42.4
7/25/18 12:01,12:00,52.5,50.6,41.2,52.3,48.2,43.5,51.7,48.6,56.6,43
7/25/18 13:01,13:00,51.2,46.4,48.6,46.4,51.4,48.6,52.1,45.5,50,42.3
7/25/18 14:01,14:00,52.5,48.8,46.8,51,50,49.2,53.3,44.3,52.4,44.8
7/25/18 15:01,15:00,64.4,53.1,57.8,59.5,58.8,58.5,64.1,52.2,57.8,50.4
7/25/18 16:01,16:00,50.7,53.1,46.9,52.5,56.2,53,56.3,54.6,48.9,46.1
7/25/18 17:01,17:00,57.3,42.4,53.6,54.8,60.2,49.1,57,40.9,51.3,45.6
7/25/18 18:01,18:00,56,54.2,54.6,57.6,57.4,45.1,59.3,57,53.5,44.7
7/25/18 19:01,19:00,81.6,94.8,82.1,82.8,80.3,76.9,88.6,95.8,80,75
7/25/18 20:01,20:00,81.6,98.4,83.2,83.8,79.7,82,83.7,95.8,83.7,86.1
7/25/18 21:01,21:00,91.6,96.9,95.2,89.3,92.6,88,84.3,92.3,93,89.8
7/25/18 22:01,22:00,90.1,94.3,96.7,92,93.8,90.2,95.5,87.1,92,92
7/25/18 23:01,23:00,89.6,93.7,96.2,93.1,96.3,88,96.5,90.2,91,91.4
7/26/18 0:01,00:00,89,93.2,95.7,92.5,96.3,88,96.5,87.1,89.9,89.8
7/26/18 1:01,01:00,88,90.6,95.7,92.5,95.1,86.4,94.4,86.1,85.3,87.7
7/26/18 2:01,02:00,90.6,93.7,91.9,90.4,97,91.8,94.4,94.8,88.9,86.6
7/26/18 3:01,03:00,95.2,99.5,99.3,95.7,91.3,94.9,99.6,97.7,97.9,94.6
7/26/18 4:01,04:00,94.7,99,98.8,95.2,100,96,99.1,95.8,97.4,94.6
7/26/18 5:01,05:00,93.7,99,100,97.3,100,94.4,99.6,95.3,97.9,95.6
7/26/18 6:01,06:00,91.6,55,100,95.2,100,94.4,92.9,91.3,88.9,93
7/26/18 7:01,07:00,83.8,56.7,92,85.6,91.3,88.6,87.6,78.1,75.2,78.4
7/26/18 8:01,08:00,77.8,70.1,80.4,74.5,86.9,75.9,82.7,76.5,70.8,68.8
7/26/18 9:01,09:00,72.2,72.9,75.3,75.6,79.2,74.2,79.4,77,75.2,71.7
7/26/18 10:01,10:00,66,62,61.4,62.4,73.5,60.1,69.3,66.9,70.8,57
7/26/18 11:01,11:00,61.4,61.4,54.1,61.2,59.8,52.9,59.4,54.7,64.1,49.2
7/26/18 12:01,12:00,52.5,51.8,44.3,54.7,52.2,52.9,55.2,54,57.1,47.9
7/26/18 13:01,13:00,55.4,49.3,51.6,55.2,54.8,54.7,58.7,49,53.5,54
7/26/18 14:01,14:00,42.6,46.9,39.8,43.8,44.9,40.4,44.1,46,46.4,39.8
7/26/18 15:01,15:00,36.3,41.2,35.3,42.5,42.5,38.9,43.4,38.3,42,35.3
7/26/18 16:01,16:00,35.5,34.8,31.9,37.3,43.1,36.3,36.4,29.2,34.5,33.3
7/26/18 17:01,17:00,34.2,35.4,31.9,37.3,38,35.5,34.4,33.1,30.4,31.3
7/26/18 18:01,18:00,41.8,31.6,42,49.7,45.6,37.4,34.9,33.7,35.8,37.6
7/26/18 19:01,19:00,49.8,46.1,45.7,53.9,50.4,46.4,50.6,44.5,41.8,42.6
7/26/18 20:01,20:00,52.8,49.1,48.9,59.9,54.5,46.4,53.7,45.8,50.3,47.6
7/26/18 21:01,21:00,63.4,82.4,63.5,62.7,69.2,67.1,71.4,77.4,66.7,57.4
7/26/18 22:01,22:00,70.9,81.2,70.6,73.7,76.4,71.7,78.2,80.2,72.9,67.4
7/26/18 23:01,23:00,73.2,84.6,74.6,73.7,75.1,76.3,79.9,81.3,71.8,72.1
7/27/18 0:01,00:00,76,86.8,77.5,77.7,77.7,74.1,84.3,80.2,75.6,73.2
7/27/18 1:01,01:00,78.8,82.9,77.5,81.1,81.6,74.6,83.2,81.3,79.4,73.2
7/27/18 2:01,02:00,81,85.7,81.5,83.3,84.2,80.3,83.7,84.5,83.2,77.2
7/27/18 3:01,03:00,81,86.8,80.9,82.2,86.2,78.6,84.8,85.5,84.2,80.6
7/27/18 4:01,04:00,81.5,87.8,80.9,84.4,86.2,83.1,84.8,86.1,85.3,82.8
7/27/18 5:01,05:00,80.4,87.3,82.6,83.3,86.2,83.6,85.4,82.3,83.2,80
7/27/18 6:01,06:00,77.1,77.4,78.7,82.2,84.9,80.9,83.7,81.3,80.5,78.3
7/27/18 7:01,07:00,73.2,74,74.7,77.7,81,76.9,76,76.9,76.2,72.1
7/27/18 8:01,08:00,70.5,68.3,70.1,73.8,75.2,74.7,73.7,71.9,68.5,61.1
7/27/18 9:01,09:00,63,52.4,64.2,54.7,65.4,59.4,62.8,65.1,61.7,50.3
7/27/18 10:01,10:00,54.2,51.2,52.2,48.6,56.3,56.4,53.3,58.7,55.9,47.1
7/27/18 11:01,11:00,50,43.3,41.7,51.1,46.2,47.3,47.9,45.4,49.3,41.6
7/27/18 12:01,12:00,40.1,38.8,30.1,40.7,39.5,34.4,36.6,43.6,37.5,30
7/27/18 13:01,13:00,40.1,41.3,34.1,39.4,36.6,35.8,40.3,44.2,41.5,32.1
7/27/18 14:01,14:00,44.5,54.8,41.6,45.5,45.9,43.5,49.7,55.1,45,44.2
7/27/18 15:01,15:00,53.1,60.8,51,56,46.5,52.9,58.7,60,57.1,50.4
7/27/18 16:01,16:00,56.1,60.2,51,57.7,54.8,49.8,61.7,57.7,55.9,48.5
7/27/18 17:01,17:00,61.9,64.9,61.3,61.2,61.4,62.5,66.4,64.6,60.6,58.2
7/27/18 18:01,18:00,76.8,68.4,74.3,84.6,67.3,61.9,65.8,65.2,63.6,64.2
7/27/18 19:01,19:00,76.2,70.7,70.8,78.4,68,66.1,72.1,70.9,68.6,65.3
7/27/18 20:01,20:00,77.8,75.1,74.8,81.2,75.2,70.7,78.8,73.1,74.7,67.6
7/27/18 21:01,21:00,78.9,78,77.1,77.8,77.1,74.2,84.9,75.9,71.8,73.4
7/27/18 22:01,22:00,76.6,80.2,74.1,77.2,74.5,75.9,80.5,76.4,71.2,72.7
7/27/18 23:01,23:00,74.3,72.2,72.9,75.4,72.5,72.9,77.6,71.3,68.9,69.2
7/28/18 0:01,00:00,75.4,66.3,72.9,78.2,73.7,70,77.6,69.6,75.1,69.8
7/28/18 1:01,01:00,77.6,74.4,76.9,81.6,75.7,74.6,82,71.2,75.6,71.5
7/28/18 2:01,02:00,82,79,81.4,82.7,79.6,84.2,84.2,82.3,77.8,80
7/28/18 3:01,03:00,84.2,90.5,89.2,86.6,84.2,90.7,89.1,87.6,83.2,87.2
7/28/18 4:01,04:00,90.6,96.9,90.9,90.4,96.3,90.2,93.4,90.7,91,89.8
7/28/18 5:01,05:00,89,94.3,89.2,92.5,97,89.1,92.9,93.3,93,87.7
7/28/18 6:01,06:00,89.6,98.4,89.8,92,98.2,86.4,92.9,93.8,94,87.2
7/28/18 7:01,07:00,85.9,90,85.4,88.2,95.7,83.1,89.2,89.2,91,81.2
7/28/18 8:01,08:00,81.6,71.2,81,80,90,72.4,81,81.3,79,67
7/28/18 9:01,09:00,64.8,63.2,67.2,61.8,69.4,58.9,70.9,74.2,69,59.3
7/28/18 10:01,10:00,58.9,62.5,56.5,55.2,61.5,57.7,61.7,67.4,61.6,47.8
7/28/18 11:01,11:00,55.4,53.6,48.6,52.2,56.3,53.4,56.3,56.4,57.6,42.8
7/28/18 12:01,12:00,59,61.3,55.9,58.8,60.7,52.9,62.2,61.1,59.4,49.7
7/28/18 13:01,13:00,57.2,54.8,53.4,52.2,58.8,52.9,60,56.4,56.5,51.5
7/28/18 14:01,14:00,57.8,51.2,54.1,58.3,61.4,56.5,61.7,51.5,54.8,52.7
7/28/18 15:01,15:00,50,52.4,46,50.4,55.5,53.4,56.4,54.6,41.9,45.9
7/28/18 16:01,16:00,43,44.9,40.8,45.5,47.8,45.1,57,52.8,38.7,41.5
7/28/18 17:01,17:00,45.5,38.5,39.5,41.6,41.5,47.1,47,42.6,34.1,35.6
7/28/18 18:01,18:00,62.4,75.7,62.5,61.7,63.3,63.7,66.3,72.5,59.3,58.2
7/28/18 19:01,19:00,63.5,65.9,61.2,64.6,60.5,61.2,67.4,68.5,58.6,59.8
7/28/18 20:01,20:00,64.1,72.3,60.5,69.8,77.8,66.5,69.1,74.2,64.4,59.2
7/28/18 21:01,21:00,68.1,71.7,65.3,72.1,76.5,65.9,73.7,67.9,67.9,61
7/28/18 22:01,22:00,68.1,71.1,62.9,77.8,77.8,70,77.1,68.5,72.4,64
7/28/18 23:01,23:00,68.1,74.5,65.8,70.9,71.2,66.5,68.4,74.1,57.3,55.4
7/29/18 0:01,00:00,72.6,82.4,71.7,72.6,77.1,68.2,74.8,76.3,71.2,66.9
7/29/18 1:01,01:00,78.2,79.6,78.1,77.2,82.3,77.5,80.4,78.5,78.3,72.1
7/29/18 2:01,02:00,79.9,85.1,79.2,80.5,86.2,80.3,84.3,83.4,81.6,77.2
7/29/18 3:01,03:00,83.7,87.8,84.8,86,88.1,83.1,89.1,86,84.2,83.3
7/29/18 4:01,04:00,85.8,92.7,84.8,87.1,100,84.2,91.8,89.2,87.9,79.4
7/29/18 5:01,05:00,90.6,96.4,91.4,92,97.5,86.9,95,93.8,93.1,86.6
7/29/18 6:01,06:00,92.7,97.5,91.4,94.1,98.1,88.5,95,96.8,94.4,88.8
7/29/18 7:01,07:00,89,97.9,88.7,91.5,98.1,86.4,92.3,90.7,94.4,86.1
7/29/18 8:01,08:00,85.8,88.9,84.3,86.6,98.2,83.6,86.4,86.6,91,81.1
7/29/18 9:01,09:00,78.2,79,75.2,83.3,93.8,73.5,78.8,76.3,82.1,72.1
7/29/18 10:01,10:00,71,72.8,71.2,73.8,85.6,68.9,72.6,71.3,75.7,62.2
7/29/18 11:01,11:00,64.7,61.8,57,64.6,69.4,58.2,65.1,64.6,70.1,52.1
7/29/18 12:01,12:00,57.7,52.2,47.2,59.9,59.5,50.9,55.6,56.3,62.2,48.3
7/29/18 13:01,13:00,56,53,43.5,52.2,55,46,53.3,54.5,58.2,47.7
7/29/18 14:01,14:00,53.7,50.6,44.8,51.7,55,49.7,58.1,49.7,53,44.1
7/29/18 15:01,15:00,44.5,51.2,41.7,46.8,48.2,44.2,51.5,47.9,49.4,42.9
7/29/18 16:01,16:00,45.8,47.5,40.5,48.8,53.5,45.3,48.5,39.2,45.2,38.5
7/29/18 17:01,17:00,49.4,49.4,44.9,52.9,57.5,47.9,49.7,47.3,47.6,42.9
7/29/18 18:01,18:00,62.3,60.5,59.9,62.2,61.2,59.9,62.6,59.7,58.6,56.8
7/29/18 19:01,19:00,58.6,59.2,58,60.9,61.8,59.2,60.2,58.4,62,54.8
7/29/18 20:01,20:00,57.4,61,56.1,60.9,62.4,56,60.7,59.5,60.2,54.2
7/29/18 21:01,21:00,63.3,73.9,62.2,62,69.8,61,68.9,71.2,64.3,57.8
7/29/18 22:01,22:00,68.6,76.1,65.8,68.5,73.1,64.6,73,72.9,72.2,62.6
7/29/18 23:01,23:00,69.1,74.4,67.6,70.8,75.1,68.2,71.3,71.8,72.2,65.6
7/30/18 0:01,00:00,70.9,75,69.9,72.6,75.1,72.3,76.5,79.1,72.8,70.3
7/30/18 1:01,01:00,73.2,77.3,72.3,73.7,77.7,72.3,77,75.8,75.6,69.7
7/30/18 2:01,02:00,72,76.2,71.1,74.3,79,71.1,76.5,73.5,73.9,69.1
7/30/18 3:01,03:00,72.6,77.9,72.9,77.1,86.2,71.7,76.5,73.5,74.5,70.9
7/30/18 4:01,04:00,79.3,81.2,79.2,83.3,91.3,76.9,84.2,76.8,78.9,75.5
7/30/18 5:01,05:00,81.5,82.3,82.6,84.4,91.3,82.5,85.3,78.5,79.4,76.6
7/30/18 6:01,06:00,74.9,55.2,78,82.2,91.9,79.2,75.4,72.9,66.1,76
7/30/18 7:01,07:00,73.2,62.3,74.6,74.3,87.4,70.5,75.4,71.8,67.3,67.4
7/30/18 8:01,08:00,61,47.8,59.1,60.4,73.9,51.7,57.7,57.8,60.3,44.8
7/30/18 9:01,09:00,49.5,36.3,46,43.8,54.5,40.9,44.7,44.7,50.6,34
7/30/18 10:01,10:00,36.2,35.7,33.8,34.2,42.2,33.7,37.1,40.2,38.8,26.1
7/30/18 11:01,11:00,35.6,32.4,31.9,34.9,38.5,31.2,34,33.2,35.6,25.5
7/30/18 12:01,12:00,33.7,30.4,29.4,35.6,33.2,29.2,34.5,28,35,27.4
7/30/18 13:01,13:00,33.7,31,29.9,31,31.6,30.3,31.9,30,31.2,23.5
7/30/18 14:01,14:00,28.6,27.3,25.5,31.7,29,24.7,31.9,26.7,31.2,24.2
7/30/18 15:01,15:00,26.1,27.3,22.3,25.5,26.8,26,30.1,25.4,29.3,22.9
7/30/18 16:01,16:00,25.4,25.3,21,26.1,30,27.1,28.1,20.3,24.8,21.5
7/30/18 17:01,17:00,26.6,25.9,23.5,29.8,30,27.1,25.4,22.6,25.5,21.5
7/30/18 18:01,18:00,28.4,27.2,27.9,30.4,32.7,27.7,28,24.6,20.4,24
7/30/18 19:01,19:00,30.3,28.4,29.8,31.5,33.2,30.3,31.1,30.5,29.1,26.6
7/30/18 20:01,20:00,34.8,34.8,33,37.9,36.8,30.8,40.2,33.7,33.6,29.2
7/30/18 21:01,21:00,40.5,43.7,38.8,41.6,42.3,38.1,44,42.8,40.6,37
7/30/18 22:01,22:00,47.4,50.5,45.3,47.3,47.9,44.5,53.9,48.4,46.8,40.8
7/30/18 23:01,23:00,53.6,52.4,51,55.3,52,47.7,59.4,49.6,49.8,45.3
7/31/18 0:01,00:00,54.8,55.4,53.4,56.5,55.4,51.5,61.8,53.3,55.9,48.4
7/31/18 1:01,01:00,59,63.2,57.7,61.3,54.7,54,62.9,60,57.1,52.1
7/31/18 2:01,02:00,62,60.2,60.2,65.4,60.9,62,70,58.2,60.1,59.5
7/31/18 3:01,03:00,67.3,65,67.4,67,64.9,68.6,70.9,62.4,64.2,62.5
7/31/18 4:01,04:00,69.9,69.4,71.3,74.7,66.9,66.2,76.4,66.5,66.2,63.5
7/31/18 5:01,05:00,72.1,70.5,73.4,78,66.9,68.3,77.9,66.5,72.2,67.5
7/31/18 6:01,06:00,66.7,52.5,70.1,74.2,74.1,66.8,69.5,60.6,60.7,66.1
7/31/18 7:01,07:00,58.5,37.1,62,64.9,69,57.7,59.4,52.7,50.6,54.6
7/31/18 8:01,08:00,52.5,37.1,53.5,49.3,53.5,46.6,50.9,46,47,32.6
7/31/18 9:01,09:00,45.2,31.4,42.8,28.7,44.8,37.8,43.5,42.2,42,32.1
7/31/18 10:01,10:00,39,34,34.6,30.6,37.4,33.9,36.7,39.1,37.7,24.9
7/31/18 11:01,11:00,26,23.5,21.4,26.1,26.1,23.9,25,24,26.7,18.3
7/31/18 12:01,12:00,21.3,19.5,16.9,21.5,19.7,19.2,18.2,18,18.7,12.1
7/31/18 13:01,13:00,14.5,14.7,11.9,15.4,19.1,16.5,16.8,18,16.7,11.2
7/31/18 14:01,14:00,17.4,17.5,15.5,17.7,17.7,15.1,20.4,18,18.9,13.4
7/31/18 15:01,15:00,16.8,16.9,15,16.3,16.2,18.6,19.6,14.6,17.5,13
7/31/18 16:01,16:00,16.8,15.6,13.4,17,17.2,15.8,18.3,12.9,16.2,12.3
7/31/18 17:01,17:00,17.4,16.2,14.8,19.4,18.6,17,18.3,14.7,17.7,12.3
7/31/18 18:01,18:00,20.6,15.4,19.4,21.4,17.8,19,20.9,15.9,13.8,15.4
7/31/18 19:01,19:00,23.1,18.6,20.6,22.5,19.1,19,25.3,20.5,17.3,15.4
7/31/18 20:01,20:00,25.6,20.5,23.8,26.3,23.3,20.8,31.8,22.4,21.3,19.2
7/31/18 21:01,21:00,30.9,27.7,27.7,32.1,36.1,25.4,36.2,26.4,27.8,24.5
7/31/18 22:01,22:00,39.2,34.1,37,40.4,41,34.8,47.7,31.1,29.7,31.1
7/31/18 23:01,23:00,50.6,39.2,46.6,47.9,39.5,47.2,58.2,33.7,35.5,38.9
8/1/18 0:01,00:00,49.3,43.6,48.4,52.2,46.5,45.2,56.4,40.8,43,43.4
8/1/18 1:01,01:00,51.8,52.4,51.5,56.5,54.1,45.8,53.9,47.8,48.6,45.2
8/1/18 2:01,02:00,54.8,61.5,53.4,60.1,58.9,50.2,55.7,55.2,54.1,47.1
8/1/18 3:01,03:00,56,66.8,54.6,68.4,65.7,55.8,61.1,53.4,60.7,52.7
8/1/18 4:01,04:00,62,68,60.8,68.7,81.6,67.5,65.9,52.7,67.1,57
8/1/18 5:01,05:00,70.8,63.3,66.8,71.5,74.1,70.4,71.8,53.3,54.7,59.4
8/1/18 6:01,06:00,66.2,50.7,66.2,67.8,69.7,65.7,68.9,49.6,49.8,55.8
8/1/18 7:01,07:00,56.7,41.4,57.8,56,62.3,51.6,55.8,44,43.8,45.9
8/1/18 8:01,08:00,44.5,30.6,41.6,39.4,50.2,36.3,41,38.3,40.1,24.8
8/1/18 9:01,09:00,38.3,30.6,36.5,33.8,42.7,36.9,34,36.5,37,29.4
8/1/18 10:01,10:00,37.1,32.7,32,34.5,38.1,32.5,33.5,34.6,35.2,24.8
8/1/18 11:01,11:00,32,28.8,29.5,32.5,35.9,30.6,32.8,29.5,32,22.9
8/1/18 12:01,12:00,32,28.8,29.5,32.5,35.9,29.9,30.2,30.2,29.5,26.3
8/1/18 13:01,13:00,33.2,26.3,29.5,33.2,36.6,32.6,34.2,27.6,31.4,26.9
8/1/18 14:01,14:00,32.7,25.6,28.8,33.9,35.9,31.9,34.8,27.6,28.9,26.9
8/1/18 15:01,15:00,36.5,26.2,32.2,39,38.6,33.9,32.8,28.2,29.5,24.8
8/1/18 16:01,16:00,35.9,26.9,31.5,35.1,37.9,35.2,37.4,25.5,30.8,28.9
8/1/18 17:01,17:00,39.1,26.2,34.2,41.5,37.2,28.5,38,23.4,30.1,25.6
8/1/18 18:01,18:00,35.8,26.2,30.8,39.6,35,31.9,35.4,23.4,32.8,27.6
8/1/18 19:01,19:00,43.4,33.3,37.3,46.3,41.3,34.5,43.6,33.4,33.3,32.8
8/1/18 20:01,20:00,40.7,41.4,39.1,42,43.9,40.2,41,42.9,40.8,35.9
8/1/18 21:01,21:00,50.1,48.9,49.3,50,51.5,51.1,52.2,49.8,48.8,47.4
8/1/18 22:01,22:00,51.3,50.1,48.6,54.8,56.9,51.1,97,49.8,52.5,46
8/1/18 23:01,23:00,60.3,56.8,56.6,62.6,60.3,60.9,84.2,51,54.3,52.3
8/2/18 0:01,00:00,63.3,61.6,62.1,66.1,62.3,65.2,81.5,54.1,59,55.9
8/2/18 1:01,01:00,67.4,62.7,65.7,69.6,63.7,62.7,75.9,57.7,60.8,59
8/2/18 2:01,02:00,69.1,65.1,69.3,70.2,65,61.5,78.1,60.1,60.1,63.8
8/2/18 3:01,03:00,72,66.3,70.4,71.9,64.3,66.9,75.8,64.2,63.1,67.9
8/2/18 4:01,04:00,70.2,67.4,69.8,73.3,75.7,75.7,80.3,63.1,64.8,68.5
8/2/18 5:01,05:00,70.8,69.2,70.4,74.4,75,78.5,77,61.2,59.5,71.4
8/2/18 6:01,06:00,67.3,51.9,68.1,73.1,71.7,77.4,71.8,55.9,49.9,66.7
8/2/18 7:01,07:00,58,38.3,60.3,60.8,66.4,64.6,60.7,47.2,48.2,49.8
8/2/18 8:01,08:00,50.8,35.3,48,46.4,55.8,43.5,48,40.4,40.3,32.3
8/2/18 9:01,09:00,39.6,27.1,36.1,25.2,43.6,34.6,36.7,34,32.6,25.8
8/2/18 10:01,10:00,33.4,25,27.6,30.2,34,28.8,32.3,28.9,28.9,21.2
8/2/18 11:01,11:00,24.2,19.2,21.9,22.4,23.4,24.2,25.9,20.3,21,17.8
8/2/18 12:01,12:00,20.3,17.1,17.1,20.5,22.7,18.8,19.8,15.5,18.4,13.1
8/2/18 13:01,13:00,20.3,16.5,17.8,20.5,20.4,17.4,19.8,16.9,17.8,14.4
8/2/18 14:01,14:00,17.8,15.9,15.8,18,17.7,16.1,19.8,16.4,17.2,13.2
8/2/18 15:01,15:00,17.1,16.5,15.1,18.8,17.7,19.5,18.6,15.5,15.9,13.8
8/2/18 16:01,16:00,16.4,16.5,16.6,17.2,19,16.7,17.9,16.2,16.7,12.6
8/2/18 17:01,17:00,17.6,17.8,17.1,19.1,20.3,18.6,19.2,16.9,16.7,12.6
8/2/18 18:01,18:00,20.2,17.8,20.3,21,20.3,20.5,29,17.5,18.5,15.7
8/2/18 19:01,19:00,30.1,24.3,26.3,28.6,24.4,23.9,39.4,25,22.4,19
8/2/18 20:01,20:00,31.3,26.2,28.2,33.9,26.6,27.2,42.5,24.1,27.6,25
8/2/18 21:01,21:00,36.4,32,34.7,38.8,34.9,31.9,36,32.2,34.6,29.5
8/2/18 22:01,22:00,40.8,37,37.3,41.3,36.3,33.1,43.6,34.7,35.9,30.8
8/2/18 23:01,23:00,42.7,38.3,39.8,44.4,37,38.3,50.4,36.6,36.5,35.3
8/3/18 0:01,00:00,39.5,35.7,39.1,39.4,36.3,38.3,42.3,35.9,33.2,34
8/3/18 1:01,01:00,42,35.7,39.1,41.9,39,36.9,44.2,34,35.1,33.3
8/3/18 2:01,02:00,45.2,34.4,42.3,48.1,37,43.5,51.1,34.6,34.5,34.6
8/3/18 3:01,03:00,47,38.8,46.1,49.4,40.5,46.7,47.3,41,37.7,40.4
8/3/18 4:01,04:00,48.9,45.2,46.8,57.9,71.8,50.5,59.6,45.5,44,41
8/3/18 5:01,05:00,49.5,45.8,44.8,54.3,64.5,51.1,60.2,42.3,45.2,38.5
8/3/18 6:01,06:00,55.7,48.4,54.3,57.9,62.5,56.2,67.3,43,47.1,43
8/3/18 7:01,07:00,61.8,40.4,55.6,57.9,59.2,55,62.7,43.7,45.3,46.2
8/3/18 8:01,08:00,51.6,34,50.2,55.8,52.5,41,49.4,34,37.8,40.7
8/3/18 9:01,09:00,55.9,35.1,49.6,56.4,53.8,43.7,58,37.2,41.7,34.1
8/3/18 10:01,10:00,38.5,32.8,35.5,37.8,41.5,37.2,42.6,36.1,34.1,30.3
8/3/18 11:01,11:00,32.8,29,30.9,30.2,33.4,35.3,35.5,32.9,31,27.1
8/3/18 12:01,12:00,32.8,32.8,30.4,35.9,36.6,35.3,39.5,33.6,33.5,27.1
8/3/18 13:01,13:00,46.6,49.7,48.9,42.7,44.8,56.9,50.6,52.5,43.5,52.6
8/3/18 14:01,14:00,77.2,76.3,83.8,80.6,81,78.2,84.9,76.4,82.7,71.7
8/3/18 15:01,15:00,76.1,68.3,78.2,81.2,84.9,73.6,77.2,72.5,78.5,69.3
8/3/18 16:01,16:00,53.7,45.7,47.3,61.3,73.9,56.4,61.7,50.2,56,53.9
8/3/18 17:01,17:00,55.4,46.9,47.8,64.7,67.3,53.3,56.9,50.8,43.4,47.7
8/3/18 18:01,18:00,50.4,45.5,50.8,56.9,62,48.8,54.5,47,31.5,43.8
8/3/18 19:01,19:00,62.9,53.3,58.7,68.7,66.5,58.8,64.5,53.8,52.2,54.4
8/3/18 20:01,20:00,39.4,32.4,38.3,43.1,55.1,38.8,39,31.8,40.2,34.5
8/3/18 21:01,21:00,32.9,29.7,32.4,36,41.8,36.2,31.1,29.8,33,31.1
8/3/18 22:01,22:00,32.9,26.5,33,34.1,42.3,34.2,33.8,27.1,32.4,29.9
8/3/18 23:01,23:00,32.2,31.7,30.4,36,38.9,31.5,32.5,31.8,33,27.9
8/4/18 0:01,00:00,38.6,36.1,36.3,39.8,40.3,32.8,40.9,35.7,34.9,27.9
8/4/18 1:01,01:00,40.5,39.2,35.6,48.5,44.4,40.7,50.9,38.9,36.8,29.8
8/4/18 2:01,02:00,46.1,37.3,44.6,57.1,47.9,39.9,54.5,36.2,44.3,40.8
8/4/18 3:01,03:00,51.7,47.4,50.9,55.3,47.2,47.7,57.5,39.5,43.7,45.2
8/4/18 4:01,04:00,54.2,48,50.9,55.9,47.8,54,65.4,45.8,41.8,47.1
8/4/18 5:01,05:00,55.4,46.7,57.8,55.2,48.5,62.6,55.1,42.6,43.7,47.8
8/4/18 6:01,06:00,55.4,38.1,50.9,50.3,47.2,61.4,44.6,44,39.3,43.3
8/4/18 7:01,07:00,46.9,31.8,45.3,47.4,46.6,53,45.9,38.9,35,39.6
8/4/18 8:01,08:00,40.8,28.2,39,37.6,39.2,40.4,42.4,33.9,33.3,30.1
8/4/18 9:01,09:00,34.7,24.5,34.8,22.7,31.8,30.1,33.6,28.9,27.6,23.7
8/4/18 10:01,10:00,27.7,17.2,25.1,26.6,24.2,23.5,24.6,19.5,23.2,19.2
8/4/18 11:01,11:00,19,13.9,15.9,19.9,18.5,15.2,16.6,14.3,17.2,13.1
8/4/18 12:01,12:00,14.9,12.5,11.7,15.2,15.6,13.2,15.9,11.4,13.8,9
8/4/18 13:01,13:00,14.9,11.9,14.4,15.2,18.4,18,15.1,13.5,13.2,11.6
8/4/18 14:01,14:00,17.6,12.4,14.4,15.7,19.7,15.8,23.9,14.1,13.2,10.2
8/4/18 15:01,15:00,28.7,16.3,21.5,39,20.8,21.1,25.7,15.3,28.2,23
8/4/18 16:01,16:00,19.6,17,19.2,20.4,20.3,19.9,22.5,15.3,18.4,16.4
8/4/18 17:01,17:00,21.5,17,21,22.2,20.9,20.5,23.8,16.8,19.7,17
8/4/18 18:01,18:00,24.8,21.6,23.6,26.8,23,22.5,25.6,20.8,23.7,18.9
8/4/18 19:01,19:00,26.7,24.9,24.8,28.7,25.8,25.9,27.6,24.1,26.2,23.6
8/4/18 20:01,20:00,33.2,28.1,31.4,38.2,34.2,31.8,30.7,28.1,35.3,30.2
8/4/18 21:01,21:00,32.5,31.3,32,36.9,33.5,31.8,35.9,30.1,33.3,29.4
8/4/18 22:01,22:00,38.9,35.1,37.2,38.8,36.3,38.4,44.2,36,35.8,36.6
8/4/18 23:01,23:00,38.9,35.7,36.5,38.1,35.5,38.4,39.7,35.2,35.8,34.6
8/5/18 0:01,00:00,38.9,35,37.7,39.9,37.6,40.8,42.2,36.5,37,37.1
8/5/18 1:01,01:00,41.9,38.8,41.6,43.7,39.7,45.3,47.2,39.7,40.7,41.6
8/5/18 2:01,02:00,45.7,44.4,46,48,41.7,53,71.9,43.5,42,47.3
8/5/18 3:01,03:00,53.7,47.6,52.3,54.7,48,59.7,68.4,48.6,46.9,53.5
8/5/18 4:01,04:00,60.3,54.9,58.5,63.8,69,64,68.9,51.6,50.6,57.8
8/5/18 5:01,05:00,63.3,56.8,61.5,64.4,75,64,70.7,52.3,48.7,54.7
8/5/18 6:01,06:00,59.2,52.6,56.1,62.6,66.4,58.5,64.3,52.9,56.1,52.9
8/5/18 7:01,07:00,77.7,71.7,76.4,83.8,79.7,72.9,90.2,66.7,69.5,63.9
8/5/18 8:01,08:00,68.7,58.1,67.7,83.4,75.2,65.3,81,69.7,65.6,58.5
8/5/18 9:01,09:00,56.4,55.3,53.8,69.3,63.3,48.8,63.3,62.2,57.6,48.2
8/5/18 10:01,10:00,46.7,43,44.5,49.8,51.2,40.6,44.4,45.7,42.9,31.8
8/5/18 11:01,11:00,38.5,30.9,35.7,37.2,41.8,34.1,37.6,31.1,36.7,25.9
8/5/18 12:01,12:00,39.1,38.5,31.7,37.2,41.8,44.7,45.1,39.4,38.7,29.8
8/5/18 13:01,13:00,34.8,30.4,28.5,31.5,32.9,31.6,33.8,32.4,33.7,27.2
8/5/18 14:01,14:00,33.4,31,31.1,32.8,29.8,34.8,36.9,35,31.7,28.5
8/5/18 15:01,15:00,30.5,28.5,25.4,29.7,30.6,27.1,32.4,27.2,31.1,24.2
8/5/18 16:01,16:00,30.5,27.2,28.6,33.6,33.2,28.3,30.6,22.2,33.1,25.4
8/5/18 17:01,17:00,35,27.2,31.3,39.2,37.5,33,33.2,25.2,34.4,25.4
8/5/18 18:01,18:00,32.9,29.8,35.1,36.6,35.3,32.2,35.8,30.5,19.9,26.6
8/5/18 19:01,19:00,43.6,36.7,37.5,46.6,38,40.7,41.4,40.8,34.9,34.4
8/5/18 20:01,20:00,51.6,54.7,49.6,52.1,51.1,50.1,52.5,53.8,51.6,46.4
8/5/18 21:01,21:00,57.5,64.2,56.9,58.6,57.8,55.6,59.7,62.1,58,53.1
8/5/18 22:01,22:00,62.3,72.3,62.3,63.3,67.2,58.6,67.3,71.9,66.1,55.5
8/5/18 23:01,23:00,74.9,80.7,73.5,77.2,75.1,72.4,79.3,77.5,78.9,70.4
8/6/18 0:01,00:00,78.2,81.8,76.4,80,78.4,72.9,81,79.1,81.6,73.8
8/6/18 1:01,01:00,77.7,79.1,77.6,80.6,80.4,71.8,83.2,77.5,86.9,73.8
8/6/18 2:01,02:00,73.8,73.4,71.2,79.4,80.4,68.8,75.4,75.8,81.6,68.7
8/6/18 3:01,03:00,72.1,74.5,71.2,80.5,82.3,68.2,75.9,73.5,82.1,65.7
8/6/18 4:01,04:00,80.4,78.4,80.9,88.8,85.5,74.6,83.7,76.9,83.2,70.9
8/6/18 5:01,05:00,83.2,82.4,84.3,89.8,87.4,78,90.2,80.2,85.3,74.9
8/6/18 6:01,06:00,76.6,77.4,79.2,80,86.2,77.5,80.5,78,76.8,74.4
8/6/18 7:01,07:00,69.8,57.7,70.7,72.7,81,70,72,70.2,67.4,63.4
8/6/18 8:01,08:00,64.1,65.4,62.3,64.6,68,64.2,65.1,68,66.8,58.6
8/6/18 9:01,09:00,67.6,53.6,64.8,61.7,69.3,55.2,65.1,65.1,65.7,52.8
8/6/18 10:01,10:00,57.2,54.8,65.6,57.7,58.2,54.7,60.4,61.1,58.8,44.8
8/6/18 11:01,11:00,50.5,50,46.1,49.3,50.8,47.3,48.5,48.6,55.3,39.8
8/6/18 12:01,12:00,63.8,53,63.8,54.6,56.7,48.5,57.7,54,53.5,60.2
8/6/18 13:01,13:00,47.5,46.3,37.9,46.2,46.8,39.6,46.6,41,47.5,39.1
8/6/18 14:01,14:00,44.5,36.9,36,43.1,43.2,38.4,46.6,40.2,40.2,34.6
8/6/18 15:01,15:00,33.8,34.2,32.1,38.7,37.7,39,44,38.9,39.4,33.9
8/6/18 16:01,16:00,35.5,34.2,30.6,39.2,40.2,36.8,37.1,29.9,35,31.9
8/6/18 17:01,17:00,38.7,38,35.1,41.1,41.6,36.2,40.2,37.7,33.2,29.4
8/6/18 18:01,18:00,41.8,40.5,42.9,43.5,43.7,39.5,42.7,38.3,28.8,33.8
8/6/18 19:01,19:00,58.8,72.3,56.9,58.7,58.5,61.2,65.1,68.6,59.8,51.4
8/6/18 20:01,20:00,69.8,77.9,68.3,75,72.6,66,83.8,75.8,76.8,62.2
8/6/18 21:01,21:00,69.8,81.3,68.3,77.8,66.5,64.1,85.9,75.3,75.2,61.6
8/6/18 22:01,22:00,74.4,74.5,74.7,74.4,73.8,66,87,73,77.3,64
8/6/18 23:01,23:00,70.4,74.5,69.4,72.6,76.4,66,87.5,69.6,70.1,66.3
8/7/18 0:01,00:00,74.9,79.6,73.5,78.8,79.7,70,90.2,73,76.7,70.4
8/7/18 1:01,01:00,78.2,82.4,78.7,83.8,82.9,75.8,90.8,76.3,79.4,72.7
8/7/18 2:01,02:00,82.6,85.1,82.6,86.6,85.5,76.3,92.3,79.6,83.2,78.9
8/7/18 3:01,03:00,83.7,87.3,84.3,85.5,84.9,80.9,90.2,82.9,80.5,78.3
8/7/18 4:01,04:00,82,86.2,83.7,88.2,86.1,81.4,91.8,80.2,80.5,80
8/7/18 5:01,05:00,83.7,82.9,85.9,87.1,86.1,83.6,92.9,79.1,81.6,80
8/7/18 6:01,06:00,78.8,63.5,84.8,83.8,86.1,81.4,83.7,76.3,72.8,73.8
8/7/18 7:01,07:00,64.6,52.3,68.8,72.6,82.3,70.6,73.7,70.2,61,65.1
8/7/18 8:01,08:00,58.7,49.9,59.8,53.8,69.9,55,63.9,62.1,55.7,41.4
8/7/18 9:01,09:00,50.3,42,51.9,37.4,55.3,43.8,55.6,50.7,49.7,36.9
8/7/18 10:01,10:00,44.9,41.2,45.2,41,47.3,40.7,49.6,48.4,44.8,33.2
8/7/18 11:01,11:00,37.4,33,35,36.7,39.8,36.2,37,33.7,39.9,30.6
8/7/18 12:01,12:00,34.9,34.3,28.6,35.5,39.2,30.4,35.8,32.5,37.5,26
8/7/18 13:01,13:00,33,29.8,28,31.8,32.9,26.4,34.6,30.6,34.4,26
8/7/18 14:01,14:00,25.1,24.5,20.6,26,25,23,26.7,23.8,27.2,21.4
8/7/18 15:01,15:00,24.5,25.1,21.2,25.1,29.1,19.5,26.7,23.1,25.9,19.2
8/7/18 16:01,16:00,36.3,38.8,32,37.5,43,33.8,42.2,34.5,34,32.6
8/7/18 17:01,17:00,38.2,35,35.2,43.6,44.4,38.9,40.3,38.4,30.3,35.8
8/7/18 18:01,18:00,44.4,40.8,42.9,47.4,49.2,42.1,46.7,42.3,26.4,39
8/7/18 19:01,19:00,47.4,49.5,44.7,49.7,48.3,45.2,53.2,50.5,46.8,41.5
8/7/18 20:01,20:00,52.7,49,50.6,55.6,55.7,45.6,51.7,47.4,55.1,46.9
8/7/18 21:01,21:00,58.2,57,54.4,62.8,60.5,48.8,60.8,54.3,59.3,48.8
8/7/18 22:01,22:00,61.1,61.8,58.1,63.9,65.2,51.9,67.3,58,62.8,50
8/7/18 23:01,23:00,64.6,63.5,62.3,71.5,69.9,59.3,73.1,61.5,63.9,55.5
8/8/18 0:01,00:00,66.9,68.2,74.7,70.9,72.6,61.1,72.5,62.7,65.6,59.8
8/8/18 1:01,01:00,68.7,68.2,67.7,75.5,75.2,67.1,75.4,65,69,65.8
8/8/18 2:01,02:00,74.9,71.7,72.3,78.3,73.8,70,77.7,67.4,71.3,66.9
8/8/18 3:01,03:00,71.5,74.5,70,78.9,77.1,67.6,75.9,71.3,75.1,63.9
8/8/18 4:01,04:00,74.9,72.2,74,85.5,81,70.5,76.5,71.3,78.4,66.8
8/8/18 5:01,05:00,77.1,77.9,74,83.8,82.9,72.8,83.7,75.8,77.2,64.4
8/8/18 6:01,06:00,72,73.9,71.7,73.7,81.6,72.8,70.8,74.6,69.5,66.2
8/8/18 7:01,07:00,68.1,58.8,70.6,68.5,78.4,71.1,71.4,72.4,64.4,67.4
8/8/18 8:01,08:00,66.9,70,67.1,65.1,70.6,61.2,71.4,74.2,66.2,55.7
8/8/18 9:01,09:00,81,77.4,80.9,81.1,77.1,79.2,84.8,80.2,81.6,75.6
8/8/18 10:01,10:00,53.2,47.1,51.7,55.4,62.4,56,58.3,52.9,51.9,52.9
8/8/18 11:01,11:00,45.4,39.7,43.7,45.9,56.5,48.7,46.9,46.8,44.1,41.8
8/8/18 12:01,12:00,44.2,41.7,38.1,42.3,44.5,40.6,46.4,44.4,42.9,40.7
8/8/18 13:01,13:00,38.6,38,34.5,36.7,40.4,37,44.6,42,38.7,35.1
8/8/18 14:01,14:00,32.3,32.9,26.5,31,32.8,29.8,36.2,33,31.7,29.2
8/8/18 15:01,15:00,25.9,29.2,24.6,28.5,29.9,25.7,33.7,28.6,28.5,28.6
8/8/18 16:01,16:00,27,27.8,21.9,29,30.3,24.3,29.8,19.3,25.8,22.6
8/8/18 17:01,17:00,29.6,23.7,25.8,32,28.8,28.8,28.4,21.6,23.8,21.9
8/8/18 18:01,18:00,27.4,24.9,25.8,30,29.4,27.3,28.4,21.6,20.6,21.9
8/8/18 19:01,19:00,34.5,30.6,32.7,37,33.5,32.5,36,30.8,32.7,29.5
8/8/18 20:01,20:00,40.8,39.6,37.2,42.6,41.2,37.8,46.1,37.3,39.7,34.7
8/8/18 21:01,21:00,47.7,43.9,41.7,49.4,44.7,43.6,51,41.7,44,39.9
8/8/18 22:01,22:00,53.2,47.6,49.3,56,50.1,48,61.9,45.6,47.1,44.8
8/8/18 23:01,23:00,58,52.5,53.6,61.4,54.3,59.8,67.8,50.5,53.1,49.2
8/9/18 0:01,00:00,62.2,60.4,57.9,66.1,60.4,54.2,71.3,56,57.8,52.9
8/9/18 1:01,01:00,63.9,66.9,62.2,71.4,67.8,57.3,68.4,60.2,61.4,54.1
8/9/18 2:01,02:00,64.5,69.8,64,74.8,70.4,60.3,74.7,62.5,67.2,56.6
8/9/18 3:01,03:00,66.8,70.4,65.1,74.8,71.7,61.5,73.6,63.1,68.8,59.6
8/9/18 4:01,04:00,67.4,71,65.7,79.3,79,66.9,76.4,63.1,68.3,63.2
8/9/18 5:01,05:00,72,75,69.8,78.8,80.3,69.8,79.8,66,67.1,66.1
8/9/18 6:01,06:00,70.3,53.3,70.5,76,75,73.4,56.6,61.9,54.3,66.1
8/9/18 7:01,07:00,59.2,38.5,61.6,64.4,69.1,54.7,60.8,51,47.7,54.8
8/9/18 8:01,08:00,52.1,33.4,49.3,46.4,54.4,45.5,50.5,44.2,41,32.3
8/9/18 9:01,09:00,40.9,31,40.5,29,44.3,35.9,39.9,39.3,35.9,28.5
8/9/18 10:01,10:00,34.7,29.7,33.6,33.4,36.8,30.8,33.6,34.2,32.7,23.2
8/9/18 11:01,11:00,30.2,23.7,24.5,22.2,29.9,25.5,25.9,26.3,24.9,18.6
8/9/18 12:01,12:00,22.2,25.1,17,22.2,23.5,20,21.1,24.4,21.6,16.4
8/9/18 13:01,13:00,23.7,19.7,17.8,23.1,20.7,19.5,22.5,19.5,22.4,15.7
8/9/18 14:01,14:00,17.6,19.1,14.4,19.1,21.4,15.3,18.4,19,18.4,14.4
8/9/18 15:01,15:00,18.4,17.1,15.8,19.1,17.7,17.4,22.5,16.9,19.1,13.1
8/9/18 16:01,16:00,16.3,17.1,13.9,18.4,18.8,17.9,18.4,11.7,17.8,13.7
8/9/18 17:01,17:00,19.6,17.1,17.7,21,20.2,19.1,17.7,15.6,15.9,13
8/9/18 18:01,18:00,22.1,18.9,20.1,23.4,20.9,20.4,21.6,18.1,15.3,15.5
8/9/18 19:01,19:00,25.3,22.1,23.5,28.6,25,24.5,32.7,23.5,23.6,20.2
8/9/18 20:01,20:00,31.2,29.3,28.7,33.1,32.8,29.9,41,28.1,30.1,26.2
8/9/18 21:01,21:00,36.4,33.2,32.7,38.2,36.3,34.5,44.8,32,35.2,30.1
8/9/18 22:01,22:00,44.6,38.9,41.1,45.7,41.9,40.9,48,36.6,42.8,36.6
8/9/18 23:01,23:00,49.5,45.2,48.1,53.7,48.1,40.9,54.1,45.6,47.7,43
8/10/18 0:01,00:00,55.7,50.7,50.5,57.3,52.2,44.7,56.5,48.7,51.3,46.1
8/10/18 1:01,01:00,57.4,56.2,54.9,63.8,55.6,47.2,66.7,52.3,54.9,48
8/10/18 2:01,02:00,59.8,58.6,56.7,66.1,56.2,54.1,67.2,57.2,58.5,51
8/10/18 3:01,03:00,60.3,60.4,59.1,67.9,57.6,56,65.4,57.2,59,54.8
8/10/18 4:01,04:00,62.7,63.9,61.5,75.4,75.7,62.1,75.3,55.3,60.2,61.4
8/10/18 5:01,05:00,67.4,65.1,65.7,74.2,72.4,70.5,79.8,57.7,63.7,59.5
8/10/18 6:01,06:00,68,51.4,66.9,72.5,70.4,71.6,59,58.3,52.4,57.1
8/10/18 7:01,07:00,55,34.7,55.5,60.3,65.1,52.3,66.7,47.3,43.4,42.9
8/10/18 8:01,08:00,45.2,32.2,48.7,41.5,46.8,38.4,44.9,41.1,36.4,24.3
8/10/18 9:01,09:00,39.1,31.5,38.6,25.2,41.6,32,36.7,36.7,34.6,27.8
8/10/18 10:01,10:00,32.1,30.8,30.9,29.5,33.3,28.2,31,34.1,34.1,22.6
8/10/18 11:01,11:00,28.9,27.8,27.1,30.3,32.1,28.9,30.5,29.1,33.5,21.3
8/10/18 12:01,12:00,26.3,24.5,23.8,28.4,26.3,26.3,25.9,23.8,27.8,19.9
8/10/18 13:01,13:00,22.3,19.8,19.3,20.6,22.2,19.5,25.3,21,21.7,17.2
8/10/18 14:01,14:00,20.4,20.5,15.8,18.6,19.2,16.8,21.9,19.7,19.1,13.1
8/10/18 15:01,15:00,17.2,18.5,15.8,18.6,21.1,18.8,22.5,18.4,19.1,15.2
8/10/18 16:01,16:00,20.4,18.5,16.6,23.9,21.1,20,21.9,13.8,20.5,15.2
8/10/18 17:01,17:00,21.6,19,19.7,25.6,23.1,21.3,21.2,18.4,20.5,14.4
8/10/18 18:01,18:00,24.9,23.7,23.7,28.1,25.9,22.6,26.4,22.4,20.5,17.6
8/10/18 19:01,19:00,31.3,29.5,28.9,32.5,29.4,29.3,32.9,28.2,30.2,26.3
8/10/18 20:01,20:00,33.2,30.6,31.4,33.8,31.4,31.9,32.9,30.1,32.6,27.5
8/10/18 21:01,21:00,35,33.8,33.3,37.5,34.8,33.1,36.6,33.3,34.5,30.7
8/10/18 22:01,22:00,34.3,35.6,32.5,36.1,36.8,33.7,37.8,35.2,33.8,31.2
8/10/18 23:01,23:00,36.8,35.6,36.4,38,36.8,35.6,38.3,35.2,36.3,33.8
8/11/18 0:01,00:00,38,36.8,37,39.8,38.9,40.8,40.9,38.3,36.3,35.7
8/11/18 1:01,01:00,40.6,41.2,38.2,41,41.6,47.9,47.8,40.8,38.7,46
8/11/18 2:01,02:00,44.3,42.4,42.7,44.2,43.7,49.1,52.7,43.4,43.7,51.6
8/11/18 3:01,03:00,48,44.9,45.9,51.6,47.9,53.5,52,45.2,48.7,48.5
8/11/18 4:01,04:00,54.8,48.7,50.3,58.3,54,54.7,60,49,50.5,51.5
8/11/18 5:01,05:00,57.2,53,54.6,64.9,56.1,60.2,61.8,52.1,54.1,54
8/11/18 6:01,06:00,60.3,47,56.5,66.7,58.9,63.9,52.2,52.8,48.1,56.5
8/11/18 7:01,07:00,53.1,39.6,55.4,58.5,56.9,48.4,54.6,48.5,42.1,46.6
8/11/18 8:01,08:00,47.7,30.9,48.1,44.6,49,39,45.5,41.6,37.8,33.4
8/11/18 9:01,09:00,37.2,27.2,36.6,25.8,38.8,32.6,38,36.6,34.1,26.4
8/11/18 10:01,10:00,30.8,27.2,29,29.6,29,29.5,30.4,32.2,29,22.5
8/11/18 11:01,11:00,26.9,21.1,23.8,23.7,22.6,22,26.5,22.2,25.7,17.8
8/11/18 12:01,12:00,20.2,19.8,16.4,21.1,17.7,18.7,20.5,18.9,20.3,15.8
8/11/18 13:01,13:00,14.8,14.4,12.9,17.3,17,14.5,15.7,13.2,14.9,11
8/11/18 14:01,14:00,11.4,14.4,9.4,12.4,13.3,11.7,16.5,13.2,13.7,9.5
8/11/18 15:01,15:00,11,13.1,11,11.8,12.5,11.7,14.4,13.2,12.4,8.2
8/11/18 16:01,16:00,11,11.1,9.7,13.9,13,11.7,15,7.4,12.4,8.9
8/11/18 17:01,17:00,13.4,12.4,12.2,18.3,15.1,15,14.4,10.6,14.5,9.4
8/11/18 18:01,18:00,18,15.6,17.5,20.2,18.7,17,19.7,16.1,10.9,14.1
8/11/18 19:01,19:00,25.3,24.1,22.8,26,23.6,22.4,25.5,23.4,23.6,20.1
8/11/18 20:01,20:00,27.8,26,26.7,29.1,27.8,27.1,28,25.3,26.7,25.4
8/11/18 21:01,21:00,31,30.5,29.9,32.2,30.5,29.7,33.2,30.6,31.2,26.7
8/11/18 22:01,22:00,32.9,33.6,31.8,35.5,35.4,33,35.7,32.5,33,29.9
8/11/18 23:01,23:00,37.5,36.2,36.4,38.7,36.8,36.3,38.3,36.4,36.3,33.8
8/12/18 0:01,00:00,38.1,36.2,37,38.7,38.2,38.2,41.5,37.7,36.9,34.4
8/12/18 1:01,01:00,39.3,38,38.9,41.1,39.6,42,42.7,39.6,38.7,36.3
8/12/18 2:01,02:00,43,41.8,42,43.5,41.6,44.5,69.5,42.8,40.6,42
8/12/18 3:01,03:00,48.7,44.3,46.5,44.8,45.1,46.5,58.2,44.7,44.3,45.2
8/12/18 4:01,04:00,54.2,47.5,49,57.7,51.3,51.5,63,45.9,46.8,48.4
8/12/18 5:01,05:00,57.8,52.3,55.9,61.9,52.7,57.7,65.4,50.8,49.8,52.1
8/12/18 6:01,06:00,61.5,40.7,58.3,61.9,52,58.9,52.3,49,44.4,55.2
8/12/18 7:01,07:00,51.2,36.4,45.2,52.3,54.8,53.5,55.8,45.9,43.2,41.4
8/12/18 8:01,08:00,40.6,31.3,40.2,41.4,48.2,43.5,42.2,37.6,38.3,31.5
8/12/18 9:01,09:00,37.7,30.2,37.2,26.3,35.8,29.9,37.2,36.6,32.6,24.9
8/12/18 10:01,10:00,31.3,28.8,29.5,28.1,31.1,27.3,30.9,32,31.5,23
8/12/18 11:01,11:00,29.5,28.8,25.8,27.1,26.9,24.2,29.8,29.7,27,19.9
8/12/18 12:01,12:00,22.2,21.1,19.1,21.2,20.5,24.2,23.9,21.1,20.3,20.6
8/12/18 13:01,13:00,19.7,17.8,17.2,17.9,20.5,16,19.8,20.3,19.7,14.4
8/12/18 14:01,14:00,14.9,14.4,12.3,15.8,15.4,16,20.5,14.8,16.6,10.9
8/12/18 15:01,15:00,13.7,13.8,12.3,13.2,12.4,14.6,15,13.4,15.7,9.6
8/12/18 16:01,16:00,15.6,15.8,13.1,18.5,17.3,15.1,18.4,12.3,15.2,11.5
8/12/18 17:01,17:00,17.5,15.8,16.3,20.2,20.9,19.1,20.4,16.9,15.2,14.9
8/12/18 18:01,18:00,22.1,18.9,20.9,24.1,21.5,21.1,23,18.8,13.5,19.6
8/12/18 19:01,19:00,24.5,24.8,23.4,25.2,24.2,24.4,26.8,23.4,23.5,21.4
8/12/18 20:01,20:00,29.8,30.6,28.6,33,30.6,26.3,33.3,30,30.6,26
8/12/18 21:01,21:00,33.6,32.4,32.5,34.8,35.5,33,35.8,32.6,33.1,30.6
8/12/18 22:01,22:00,37.5,39.4,37,39.3,40.4,36.3,39,38.4,38.3,34.5
8/12/18 23:01,23:00,41.3,42,41,43.7,43.9,40.1,44.1,42.3,42.7,39.1
8/13/18 0:01,00:00,45.7,44.5,44.1,46.2,45.2,44.6,47.8,46,43.2,42.2
8/13/18 1:01,01:00,48.2,46.3,40.7,48,47.2,45.2,52.1,46.6,45.7,48.5
8/13/18 2:01,02:00,55.5,51.2,52.9,54.1,50.7,49,60,51.6,51.8,52.2
8/13/18 3:01,03:00,60.3,56,55.3,61.9,57.5,52.7,66.5,53.4,54.7,50.8
8/13/18 4:01,04:00,54.8,57.2,55.3,62.5,81.1,55.8,64.7,57.6,54.7,49.6
8/13/18 5:01,05:00,60.8,63.8,58.3,67.6,82.3,62,70,60.6,59.4,52.7
8/13/18 6:01,06:00,65,58.5,60.2,67.6,81.1,64.5,59.5,64.2,57.7,56.5
8/13/18 7:01,07:00,55.5,49.5,56.6,55.3,75.7,57.8,57.6,60.1,53.6,50.3
8/13/18 8:01,08:00,48.8,45.2,47.3,45.6,60.4,43.4,49.7,52.3,47,33.4
8/13/18 9:01,09:00,40.8,42.8,39.7,30,49,31.7,45.4,48.7,43.3,27.5
8/13/18 10:01,10:00,40.3,39.7,38,36.5,41,31.3,41.8,45,41.5,26.3
8/13/18 11:01,11:00,35.9,34.1,32.9,35.9,34.8,30.9,35.5,38,36.5,27.1
8/13/18 12:01,12:00,31.4,30.2,25.8,30.1,28.5,28.2,32.3,29.7,34.1,21.1
8/13/18 13:01,13:00,27.6,24.3,21,25,24.9,20.7,25.1,26.3,27.6,20.5
8/13/18 14:01,14:00,21.1,23.1,18.4,21.7,21.4,16.7,19,18.9,20.4,17.2
8/13/18 15:01,15:00,18.5,15.7,15.8,21.2,16.9,15.2,21.8,14.7,16.3,14.5
8/13/18 16:01,16:00,16.9,13.6,11,15.7,17.3,14.4,15.6,11.6,13.7,11.5
8/13/18 17:01,17:00,17.4,14.2,14.2,18.9,17.9,18.5,15.6,11.9,13.7,13.6
8/13/18 18:01,18:00,19.8,15.3,15.9,19.3,19,17.5,16.6,14.3,17.4,14
8/13/18 19:01,19:00,23.7,20,17.7,25.7,23.3,22.2,27.2,20.5,19.2,14.5
8/13/18 20:01,20:00,30.4,29.2,26,33.5,36.8,31.1,35.8,27.2,23.9,27.5
8/13/18 21:01,21:00,36.2,34.4,31.2,37.4,39.7,34.3,37.1,31.2,33.8,30.7
8/13/18 22:01,22:00,45.8,40.7,39,46.8,46.6,42.2,50.3,39.7,37.6,30.7
8/13/18 23:01,23:00,50.7,46.3,48,51.7,47.3,42.2,61.3,44.9,41.9,37.7
8/14/18 0:01,00:00,52.5,51.9,48,55.3,54.2,43.3,65.5,55.4,45.6,43.5
8/14/18 1:01,01:00,55.5,55.5,54.1,57.7,61,52.9,63.6,56.6,49.3,45.4
8/14/18 2:01,02:00,61.5,65.8,60.4,62.6,60.3,57.8,68.4,64.9,54.2,55.3
8/14/18 3:01,03:00,66.3,71,64.6,67.9,67.7,67,70.8,71.3,60.8,61.5
8/14/18 4:01,04:00,72.1,81.2,72.3,76.5,88.1,74.6,78.2,80.2,67.2,69.8
8/14/18 5:01,05:00,78.8,87.3,79.8,78.2,94.4,81.4,85.4,85,75.6,74.9
8/14/18 6:01,06:00,79.3,87.3,80.9,73.7,95.7,79.2,84.3,87.6,67.2,74.4
8/14/18 7:01,07:00,77.2,86.8,78.1,63.8,93.2,78.1,82.7,87.1,59.7,75.6
8/14/18 8:01,08:00,69.9,67.8,70.7,67.5,84.9,67.2,73.8,76.4,69.6,59.3
8/14/18 9:01,09:00,55.9,60.2,58.2,42.4,67.5,54,55.6,66.9,61.6,43.4
8/14/18 10:01,10:00,51.7,51.2,48.4,47.3,54.2,44,50.2,58.8,54,36.5
8/14/18 11:01,11:00,43.7,41.9,40.9,42.4,48,40.1,39.6,47.8,48,32
8/14/18 12:01,12:00,41.3,36.8,33.9,37.4,39,31.1,37.1,34.6,40,31.3
8/14/18 13:01,13:00,31.7,35.5,29.3,33.6,32.8,29.2,35.8,33.8,31.8,27.4
8/14/18 14:01,14:00,37.3,32.4,32.4,36,36,32.3,35.1,29.2,32.9,29.2
8/14/18 15:01,15:00,28.5,27.2,26.1,31.1,30.7,27.9,33.2,27.9,30.5,23.4
8/14/18 16:01,16:00,32.1,33.5,31,32.8,34.6,32.7,34.9,34.3,31,26.5
8/14/18 17:01,17:00,54.7,36.6,63.2,50.2,41.5,78.2,45.8,37.5,42.4,73.9
8/14/18 18:01,18:00,75,100,82.7,73.9,75.1,73.5,77.1,94.8,71.8,77.3
8/14/18 19:01,19:00,79.4,100,81.5,74.9,86.2,74.7,78.2,91.8,73.4,78.9
8/14/18 20:01,20:00,73.8,100,74.6,71.5,79.7,73.5,74.8,82.9,71.8,71.5
8/14/18 21:01,21:00,78.8,100,82.6,83.3,86.2,79.8,80.4,80.2,83.2,83.4
8/14/18 22:01,22:00,79.9,96.4,83.2,80.5,83.6,82.6,89.7,80.2,80.5,83.9
8/14/18 23:01,23:00,73.8,85.1,75.8,76,75.8,75.2,78.8,73,75.1,76.1
8/15/18 0:01,00:00,68.6,71.1,70,71.5,69.8,71.7,70.2,69,68.4,68.6
8/15/18 1:01,01:00,65.8,69.4,67.6,67.4,69.2,68.8,69.1,67.3,64.4,66.9
8/15/18 2:01,02:00,65.8,68.2,65.8,69.1,71.8,64.1,77.1,65.6,63.2,60.3
8/15/18 3:01,03:00,65.2,67,64,66.2,69.8,63.4,67.9,64.4,62.6,59.7
8/15/18 4:01,04:00,63.4,65.2,62.2,65,75.1,67.6,64.4,62,60.3,59.1
8/15/18 5:01,05:00,64.5,65.2,65.2,63.8,71.1,72.8,69.6,62.6,59.1,62.1
8/15/18 6:01,06:00,66.3,59.3,65.8,65.6,67.2,76.9,64.4,61.4,56.2,64.5
8/15/18 7:01,07:00,57.5,46.1,60.5,57.4,64.5,66.5,59,62.1,50.3,56.2
8/15/18 8:01,08:00,51.6,62,51.3,44.3,55.9,48.3,51.2,65.7,43.6,39
8/15/18 9:01,09:00,49.3,60.2,49,26.1,54.2,42.8,59.9,65.2,38.6,38.4
8/15/18 10:01,10:00,51.2,47.4,47.8,46.1,48.9,47.9,51.3,50.8,48.1,39.1
8/15/18 11:01,11:00,40.6,37.4,34.5,41.8,39.2,31.6,35.1,36.8,41.2,25.5
8/15/18 12:01,12:00,31.6,26.3,26.5,31.6,26.3,27.6,27.9,23.7,29,25.5
8/15/18 13:01,13:00,22.3,19.6,18.4,19.8,21.4,21.6,19,18,18.9,16.5
8/15/18 14:01,14:00,16.2,17.7,13.6,16.3,17.7,16.7,18.4,15.4,17.7,10.8
8/15/18 15:01,15:00,16.2,17.7,15.7,15.7,16.9,14.5,18.4,14.7,17.1,13
8/15/18 16:01,16:00,16.9,19.1,14.6,17.2,18.8,16.5,19.7,13.3,16.5,12.4
8/15/18 17:01,17:00,19.4,19.1,17.5,20.3,19.4,19.2,22.3,18.1,17.8,14.9
8/15/18 18:01,18:00,19.4,20.9,19.5,20.3,20.8,19.7,23.5,18.6,18.9,17.6
8/15/18 19:01,19:00,43.1,41.2,39.6,46.1,41.5,36.1,44,37,44.4,35
8/15/18 20:01,20:00,43.1,42.8,39.9,42.7,42.6,43.8,45.6,41.2,39.8,40.7
8/15/18 21:01,21:00,45.9,43.4,42.4,43.8,44,42.3,53.6,42.4,42.8,39.9
8/15/18 22:01,22:00,50.8,49,47.5,51.2,48.8,49.3,56,44.3,45.9,46.9
8/15/18 23:01,23:00,56.3,55.7,52.5,57.3,57.7,49.3,62.6,51.8,51.4,48.1
8/16/18 0:01,00:00,53.2,61.7,49.3,54.3,58.3,48,55.3,60.2,54.9,46.1
8/16/18 1:01,01:00,50.7,59.8,48.6,48.7,60.4,46.6,55.3,59,53.1,46.1
8/16/18 2:01,02:00,58,60.4,56,58.4,62.3,55.4,64.8,56.5,52.4,51.6
8/16/18 3:01,03:00,63.3,67.5,59.7,65.5,67.7,57.8,70.1,57.7,57.2,54.1
8/16/18 4:01,04:00,61.5,69.2,60.9,70.8,83.6,56.6,72.4,62.5,57.8,49.7
8/16/18 5:01,05:00,69.1,72.7,65.1,77.1,81.6,66.9,73.5,61.3,60.8,55.8
8/16/18 6:01,06:00,70.3,57.5,68.7,74.3,81.6,68.7,69.6,60.7,57.9,57.7
8/16/18 7:01,07:00,59.3,44.7,59.1,58.5,72.4,61.6,62.6,54.1,48.9,49.8
8/16/18 8:01,08:00,50.8,44.2,47.3,42,60.5,47.4,51.1,54.1,44,33.5
8/16/18 9:01,09:00,43.5,44.2,43.8,32.8,50.6,39.9,47.5,53.7,45.9,32.3
8/16/18 10:01,10:00,39.8,41.1,38.1,37.9,40.4,35.5,42.6,45.8,37.8,27.8
8/16/18 11:01,11:00,36,33.6,31.1,31.4,34.9,30.1,33.1,37.5,36,22.6
8/16/18 12:01,12:00,30.8,30.9,24.6,30.2,30.7,26.3,29.9,29.8,32.2,21.9
8/16/18 13:01,13:00,27.7,27.8,21.9,26.4,27.8,23.7,25.2,27.1,27.7,20.6
8/16/18 14:01,14:00,23.1,21.1,18.6,21.7,23.6,19.6,21.9,22.3,23.1,17.3
8/16/18 15:01,15:00,23.6,19.9,19.1,23.8,20.3,20.6,21.9,20.4,19.1,18.5
8/16/18 16:01,16:00,22.2,21,17.7,22.3,23.2,22.1,27.7,19.5,18.5,17
8/16/18 17:01,17:00,22.2,19.6,18.9,24.2,24.5,19.1,29.6,18,21.1,15.6
8/16/18 18:01,18:00,24.8,22.2,22.9,26.8,25.8,21.8,35.5,21.5,22.3,19
8/16/18 19:01,19:00,30.6,26.8,26.9,29.3,25.8,28,35.5,24.1,25.6,23.6
8/16/18 20:01,20:00,32.5,26.1,30.1,34.4,32.8,31.1,40.5,25.4,31.4,27.5
8/16/18 21:01,21:00,40.2,35.1,35.9,40.7,39.1,37.1,44.8,32,35.2,32.1
8/16/18 22:01,22:00,41.4,40.2,39.8,44.4,38.4,42.2,52.9,36,37.7,35.9
8/16/18 23:01,23:00,47.7,42.7,44.2,49.3,41.8,45.4,57.8,40.4,39.5,40.4
8/17/18 0:01,00:00,50.7,46.3,47.4,52.4,45.9,49.9,58.9,46.8,46.4,43.6
8/17/18 1:01,01:00,55,50.1,50.5,55.4,52.2,57.4,60.1,47.4,48.2,44.8
8/17/18 2:01,02:00,58,57.4,56.1,59.7,60.4,58,63.7,51.1,49.4,49.9
8/17/18 3:01,03:00,62.2,57.4,61.6,64.4,56.9,62.2,66.1,55.4,54.3,53.6
8/17/18 4:01,04:00,65.7,57.4,66.4,65.6,76.4,61.5,69.6,57.8,54.9,52.9
8/17/18 5:01,05:00,68,61,65.8,67.3,79,64,74.2,59.6,60.8,57.8
8/17/18 6:01,06:00,63.9,55.1,63.4,64.4,71.8,65.2,71.4,57.2,53,57.8
8/17/18 7:01,07:00,56.2,55.1,56.7,58.5,71.2,61,67.3,56.6,45.8,48.5
8/17/18 8:01,08:00,45.3,42.4,48.1,35.2,50.3,46.2,48.7,48.8,40.3,40.6
8/17/18 9:01,09:00,40.4,36.8,41.8,27.9,50.3,39.2,43.2,44.4,42.9,29.8
8/17/18 10:01,10:00,38.6,34.8,35.6,33.4,41.1,34.8,40.1,41.3,37.3,26.6
8/17/18 11:01,11:00,34.8,33.6,29.9,33.4,36.3,28.9,32.6,38.9,38.1,25.3
8/17/18 12:01,12:00,29.1,28.5,26,28.4,31.5,25.1,28.7,31.1,31.1,22.1
8/17/18 13:01,13:00,34.9,32.4,31.8,31.5,36.9,33,35.7,35.7,32.5,29.9
8/17/18 14:01,14:00,30.5,33.9,24.8,31.1,30.3,25.1,30.8,31.4,31.9,25.3
8/17/18 15:01,15:00,28.1,33.9,26.2,32.4,33.9,24.4,34.7,31.4,31.3,22.1
8/17/18 16:01,16:00,29.3,44.5,24.9,33.1,64.7,28.5,40.3,39.2,32.6,26.8
8/17/18 17:01,17:00,31,43.8,28,36.1,54,30.9,44.1,37.8,33.1,27.3
8/17/18 18:01,18:00,36.7,39.9,33.7,37.9,47.1,32.8,39.5,35.7,30.1,31
8/17/18 19:01,19:00,50.5,60.6,47.8,52.2,53.3,44.6,54.5,56.8,51.1,43.4
8/17/18 20:01,20:00,56.4,61.1,54.5,54.5,64.5,50.8,60.9,57.9,58,47.7
8/17/18 21:01,21:00,61.2,69.4,59.4,63.4,66.6,57.5,65.1,64.5,64.5,56.8
8/17/18 22:01,22:00,62.3,66.4,61.2,63.9,68.5,60.5,66.8,64.5,65,59.8
8/17/18 23:01,23:00,63.5,64.7,62.3,63.3,67.9,62.4,66.8,62.7,61,61.6
8/18/18 0:01,00:00,61.1,66.4,60.5,62.8,69.2,59.9,63.8,63.2,61.5,58
8/18/18 1:01,01:00,62.9,66.4,61.7,65.7,71.2,62.9,67.3,64.4,63.8,61
8/18/18 2:01,02:00,64.6,70.5,64.1,66.2,72.5,62.3,68.5,66.2,63.2,62.2
8/18/18 3:01,03:00,66.9,71.1,66.5,69.2,73.2,65.9,74.2,67.3,66.1,64.6
8/18/18 4:01,04:00,73.2,75.1,70,73.2,88.1,70,82.6,69.6,70.7,68.1
8/18/18 5:01,05:00,76.6,78.4,76.9,79.4,87.4,75.8,90.2,73.6,74,74.4
8/18/18 6:01,06:00,78.2,66.6,77.5,79.4,88.7,76.4,74.9,74.7,69.6,75
8/18/18 7:01,07:00,67,53.6,70.1,66.9,79.7,71.2,71.4,67.4,58.1,64.6
8/18/18 8:01,08:00,63,59.7,62.4,58.7,71.3,56.4,61.6,64,60.5,50.2
8/18/18 9:01,09:00,57.2,62.5,55.2,55.2,68.1,52.8,59.3,64,58.8,49.6
8/18/18 10:01,10:00,60.7,55.8,57.6,60.5,66,58.8,60.4,59.8,60.5,52
8/18/18 11:01,11:00,51.5,47.9,45.6,58,64,45.5,46.8,48.8,56.9,43.1
8/18/18 12:01,12:00,64.2,76.8,63.7,63.4,73.3,61.2,65.1,78.6,66.2,55.1
8/18/18 13:01,13:00,46.1,55.2,40.8,47.8,53.5,47.7,47.6,55.5,46,42.1
8/18/18 14:01,14:00,35.4,44.2,29.2,37.8,41.2,31.6,39.4,41.4,39.2,31
8/18/18 15:01,15:00,35.4,39.8,30.5,37.8,37,30.9,38.7,36.2,39.2,30.4
8/18/18 16:01,16:00,30.2,36,23.4,33.4,39.3,31.4,35.5,31,36.7,26.5
8/18/18 17:01,17:00,35.3,39.8,31.7,40.3,44.2,33.3,35.5,37.6,36.1,28.4
8/18/18 18:01,18:00,43.4,43.4,41.8,43.9,46.8,41.1,45.6,41.9,34.8,37.4
8/18/18 19:01,19:00,49,50.8,46.9,49.4,50.2,45.5,51.1,48.1,47.7,43.8
8/18/18 20:01,20:00,52.6,51.4,50.6,53.7,57,47.4,57.2,53,52,46.9
8/18/18 21:01,21:00,56.9,63.5,54.3,58.5,61.7,53.7,60.2,62.6,57.9,51.2
8/18/18 22:01,22:00,90.6,84,95.2,93.1,80.3,91.2,91.8,80.7,86.8,90.9
8/18/18 23:01,23:00,93.8,93.8,98.4,95.8,91.3,93.5,95.5,92.9,93.6,93.7
8/19/18 0:01,00:00,93.8,92.3,99.4,96.9,94.4,97,95.5,91.7,92.6,95.1
8/19/18 1:01,01:00,93.8,87.1,99.4,97.3,94.9,93,95.1,86.6,93.1,89.1
8/19/18 2:01,02:00,94.2,86.6,100,97.3,95.4,94.6,97.5,85.5,92.4,89.1
8/19/18 3:01,03:00,94.2,89.6,100,98.1,96.6,95.5,98.4,90.4,92.8,90.5
8/19/18 4:01,04:00,94.7,83.8,100,97.6,98.5,91.3,98.4,90.4,93.8,86.4
8/19/18 5:01,05:00,94.1,93.7,100,97.6,99.6,93.3,98.9,93.7,92.8,83.7
8/19/18 6:01,06:00,94.1,94.8,100,98.1,100,91.8,98.4,94.2,89.5,86.8
8/19/18 7:01,07:00,89.8,89.8,100,96.3,99.8,92.3,98.4,88.9,83.6,83.3
8/19/18 8:01,08:00,79.8,79.5,98.8,90.1,96.3,82.5,91.8,77.4,77.2,68.5
8/19/18 9:01,09:00,69.1,65.7,93.6,84.4,86.2,63.4,72.5,67.2,69.4,53.6
8/19/18 10:01,10:00,61,59.8,84.2,74.2,81,54.8,65.5,62.5,58.4,48
8/19/18 11:01,11:00,51.3,51.4,74.1,62.6,75.1,47.2,55.9,58.4,54.9,45.5
8/19/18 12:01,12:00,44.6,47.1,38.5,45.7,53.3,39.6,44.2,49.8,48.2,34.6
8/19/18 13:01,13:00,41.5,44.7,37.4,43.8,52.6,35.9,42.5,41.7,45.8,34.1
8/19/18 14:01,14:00,42.2,46.5,36.7,45.1,45.1,35.3,45.6,43.7,45.2,36
8/19/18 15:01,15:00,48.3,42.8,43.7,46.3,42.2,43.6,46.7,41.3,47,44.8
8/19/18 16:01,16:00,40.2,42.8,31,40,44.7,41.5,41,41.7,39.5,38.5
8/19/18 17:01,17:00,46.3,42.8,44.2,45.6,46.1,42.2,46.6,41.7,40.8,39.2
8/19/18 18:01,18:00,44.4,47,43.5,46.2,50.1,42.2,46.6,42.4,41.4,41
8/19/18 19:01,19:00,51.9,48.7,50.4,52.9,54.8,46.5,54,54,51.8,44.7
8/19/18 20:01,20:00,56.7,61.5,55.4,57.8,60.3,52.9,60,60.1,57.2,52.8
8/19/18 21:01,21:00,62.1,63.9,61.5,63.1,65.7,57.2,68.3,61.2,64.2,58.3
8/19/18 22:01,22:00,69.1,66.3,67.5,68.4,71,60.3,79.8,60.6,63.6,56.5
8/19/18 23:01,23:00,73.1,69.2,72.2,74.4,73,65.7,81.4,66.5,71.1,64.3
8/20/18 0:01,00:00,73.7,70.9,72.8,76,72.1,68.6,82.4,68.3,69.3,67.9
8/20/18 1:01,01:00,74.3,71.2,75.8,77.6,74.7,73.3,85,69.4,72.8,72.8
8/20/18 2:01,02:00,80.2,76.2,80.2,80.8,76.5,76.3,83.4,72.8,78.2,77.2
8/20/18 3:01,03:00,81.7,79.3,83.9,85,82.3,79.6,86.5,77.3,80.2,80.8
8/20/18 4:01,04:00,82.7,82,83.3,86.5,82.8,80,90.6,77.3,84.2,79.7
8/20/18 5:01,05:00,83.7,85.7,87,87.5,86.5,81.6,92.1,80.8,83.7,81.2
8/20/18 6:01,06:00,82.7,82.1,86.5,86.5,85.8,81.1,89.7,82.9,78,78.6
8/20/18 7:01,07:00,73.8,65.7,77.5,72.7,80.4,79.2,78.2,75.2,69.1,72.2
8/20/18 8:01,08:00,70.2,56.8,72.2,59,73.1,68.1,73.6,71.2,64.8,54.8
8/20/18 9:01,09:00,60.3,50.8,63.3,43.9,62.5,56.6,60.7,63.1,59.6,47.4
8/20/18 10:01,10:00,51.9,50.2,53.6,50,53.1,49.3,53.5,59,56.1,45.5
8/20/18 11:01,11:00,48.3,46,43,47,48.3,42.4,46.2,48.7,48.9,36.7
8/20/18 12:01,12:00,41.5,42.8,31.5,37.6,43.7,35.9,38.7,43.1,39.5,28.9
8/20/18 13:01,13:00,37.2,32.5,30.9,38.3,36.1,30.7,34.1,38.6,40.3,29.6
8/20/18 14:01,14:00,30.1,29.3,25.7,35.2,31.8,23.9,28.1,30.8,33.3,25
8/20/18 15:01,15:00,27.4,22.7,22.3,28.7,29,22,33.5,28.9,27.5,23
8/20/18 16:01,16:00,27.4,28.7,21.8,28,31.5,27.3,29.5,26.8,27.5,22.3
8/20/18 17:01,17:00,29.9,29.2,28.7,33.8,34.2,29.2,31.4,28,30.8,23.6
8/20/18 18:01,18:00,33.7,31.1,31.9,35,33.4,31.1,35.2,30.6,30.8,28.1
8/20/18 19:01,19:00,37.4,36.1,35.7,37.3,37.5,34.2,37.6,35.7,37.5,32.5
8/20/18 20:01,20:00,41.8,41.1,38.2,41.7,39.5,36.1,39.4,39.5,39.3,35.7
8/20/18 21:01,21:00,42.3,42.9,38.8,43.5,45.8,37.3,41.9,43.8,44.8,33.6
8/20/18 22:01,22:00,44.2,51,42.6,44.7,50.6,41.2,49.5,50.8,46.1,36.1
8/20/18 23:01,23:00,48.5,50.4,47.7,47.8,51.2,47,51.9,49.5,47.3,45.2
8/21/18 0:01,00:00,57.2,56.5,54.6,57.6,56,52.7,62.3,53.2,53.4,53.3
8/21/18 1:01,01:00,63.2,56.5,60.2,62.9,61.5,58.3,66.3,55.7,58.8,57.6
8/21/18 2:01,02:00,56.6,57.1,54,60.1,64.2,53.3,57.4,58.7,58.2,51.4
8/21/18 3:01,03:00,54.1,62.3,52.6,53.9,60.2,52.6,56.8,60.4,55.2,51.4
8/21/18 4:01,04:00,52.3,54.7,51.3,53.9,58.8,53.8,54.4,54.5,55.2,50.1
8/21/18 5:01,05:00,51.7,51.6,50.7,55.7,58.1,53.8,55.6,53.8,52.2,51.3
8/21/18 6:01,06:00,51.6,51.6,50.7,55.7,57.5,53.2,54.9,52.5,51.5,50.7
8/21/18 7:01,07:00,54.1,53.5,48.9,57.6,56.9,53.2,57.4,51.9,50.3,48.2
8/21/18 8:01,08:00,54.7,53.5,51.4,56.4,55.3,52.6,55,53.2,51.6,50.8
8/21/18 9:01,09:00,56.1,54.8,57.9,54.3,56.2,61.5,58.2,53.2,49.9,51.6
8/21/18 10:01,10:00,38.4,40.8,37.9,37.7,44.8,47.9,44.2,45.4,38.4,36.7
8/21/18 11:01,11:00,45.8,41.3,40.4,45,41.3,47.9,44.2,45.4,46.4,40.9
8/21/18 12:01,12:00,44.6,39.5,39.1,43.1,37.3,42.9,42.3,43.5,45.2,42.3
8/21/18 13:01,13:00,47.6,47,44.2,48.1,44,49.1,49.1,48.5,47.6,45.4
8/21/18 14:01,14:00,82.6,68.6,88.7,88.2,71,83.6,83.7,66,83.2,88.2
8/21/18 15:01,15:00,72,62.2,75.8,81.6,82.3,79.7,66,60.2,79.4,80.6
8/21/18 16:01,16:00,86.4,73.9,91.4,86.6,88.7,85.8,87,73.5,83.2,87.7
8/21/18 17:01,17:00,85.8,76.2,93,88.8,92.6,85.3,89.2,70.6,86.3,87.2
8/21/18 18:01,18:00,84.2,76.7,90.8,88.2,93.2,82.5,84.3,73.5,86.8,85
8/21/18 19:01,19:00,88.5,81.8,91.4,90.4,93.8,85.3,88.6,77.9,88.4,86.1
8/21/18 20:01,20:00,88.5,85.1,92.5,93.1,88.7,84.2,89.1,79.6,88.4,85.5
8/21/18 21:01,21:00,89,86.2,91.9,91.5,92.6,85.8,88.1,82.8,87.4,87.7
8/21/18 22:01,22:00,89.5,84.6,94.1,92,91.9,89.6,90.2,82.3,87.4,90.4
8/21/18 23:01,23:00,82.6,79.6,87.6,86,87.4,89.1,83.7,79.1,78.9,84.4
8/22/18 0:01,00:00,78.2,74.5,83.2,82.7,86.8,79.7,74.2,74.1,77.8,74.9
8/22/18 1:01,01:00,79.8,71,85.9,84.9,80.3,83.1,78.7,71.3,78.9,77.2
8/22/18 2:01,02:00,79.8,73.9,84.8,85.5,82.9,83.6,81,71.8,79.4,76.1
8/22/18 3:01,03:00,84.8,75,85.9,79.4,84.2,86.4,83.7,76.3,75.6,78.9
8/22/18 4:01,04:00,85.8,89.5,87.6,84.9,90.6,89.6,87.5,87.1,83.2,85.5
8/22/18 5:01,05:00,89,89.8,90.9,89.1,92.6,90.2,90.2,89.2,88.1,87.1
8/22/18 6:01,06:00,87.4,91.3,89.2,89.8,92.6,89.6,90.2,91.2,88.6,87.7
8/22/18 7:01,07:00,88.5,91.3,88.7,89.8,92.6,87.4,91.3,91.7,89.1,87.1
8/22/18 8:01,08:00,85.8,91.6,86.5,88.8,92.6,85.3,88.6,91.2,88.6,83.3
8/22/18 9:01,09:00,78.8,82.4,79.2,83.3,88.7,81.4,82.1,84.4,82.6,78.9
8/22/18 10:01,10:00,68.7,75.7,65.9,74.3,79.1,68.8,74.2,78,74.6,66.3
8/22/18 11:01,11:00,61.8,60,58.1,64.5,67.3,57.5,62.1,62.1,69.5,55
8/22/18 12:01,12:00,60,54,45.2,59.9,58.1,47.7,53.7,53.8,63.3,47
8/22/18 13:01,13:00,51,45.5,45.8,46.6,48.8,49.5,48.8,43.8,51.6,44.5
8/22/18 14:01,14:00,51,38,44.5,54,44.3,41.4,47.1,37,54,47.7
8/22/18 15:01,15:00,47.3,37.2,37.7,50.9,42.3,39.4,44.6,35,51.6,36.9
8/22/18 16:01,16:00,41.8,37.2,38.2,49.7,43.7,41.2,42.6,29.8,46.2,40.7
8/22/18 17:01,17:00,49.1,41,45.2,54.5,49.8,45.7,46.9,36.7,48.5,43.9
8/22/18 18:01,18:00,57.1,38.5,50.8,59.3,57.3,49.5,51.9,38.1,40.7,47.6
8/22/18 19:01,19:00,63,52.8,58.8,70.4,62,58.2,61.5,50.2,61.1,56.9
8/22/18 20:01,20:00,71.1,66,67.8,76.7,70.6,66,71,62.8,70.2,65.3
8/22/18 21:01,21:00,73.3,67.7,70.1,78.4,71.9,69.6,74.9,65.1,67.9,68.8
8/22/18 22:01,22:00,71.6,69.5,70.7,77.3,72.6,73,73.8,66.9,71.3,70.5
8/22/18 23:01,23:00,73.3,82,71.9,78.9,73.9,72.4,74.9,69.8,71.9,68.2
8/23/18 0:01,00:00,79.4,72.9,76.4,83.3,75.2,74.1,78.3,70.3,75.2,71
8/23/18 1:01,01:00,76.6,77.4,76.4,82.2,80.4,71.8,78.3,76.4,79,70.4
8/23/18 2:01,02:00,78.2,79.6,74.6,80.5,82.3,76.3,82.1,73,76.2,73.8
8/23/18 3:01,03:00,84.2,81.2,82.6,87.1,84.9,79.1,84.8,77.4,80.5,78.9
8/23/18 4:01,04:00,85.8,80.7,83.1,89.3,84.9,76.9,87,77.4,84.2,73.2
8/23/18 5:01,05:00,86.3,70.4,84.2,89.3,88.1,60.2,87.5,61.9,84.2,76
8/23/18 6:01,06:00,75.9,37.4,74,87,69.7,50.9,43.3,42.7,73.4,60.1
8/23/18 7:01,07:00,54.4,33.1,51.7,64.4,59.7,40,38.9,35.6,57.3,36.3
8/23/18 8:01,08:00,41.4,29.9,33.1,37.3,51,31,33.2,29.8,42.8,21
8/23/18 9:01,09:00,25.2,24.7,23.9,24.7,40.2,27.7,24.8,23.8,32,18.7
8/23/18 10:01,10:00,33.8,22,26,34.1,33.9,37.2,31.6,22.5,27.5,24.9
8/23/18 11:01,11:00,21.3,16.1,17.4,20.8,25.5,21.2,19,15,20.8,16.2
8/23/18 12:01,12:00,13.1,14.8,11.9,14.8,19,13.5,14.8,13.6,14.7,11.9
8/23/18 13:01,13:00,13.9,14.1,14,16.3,16.2,13.5,14.8,13.1,15.5,11.9
8/23/18 14:01,14:00,14.7,14.9,13.4,15.5,17,14.4,17.6,14.5,15.5,13.4
8/23/18 15:01,15:00,14.1,14.2,12.8,14.9,14.7,13.7,16.9,13.2,14.9,9.2
8/23/18 16:01,16:00,13.4,20.3,10.2,12.9,18,15.1,16.9,17.3,13.6,8.6
8/23/18 17:01,17:00,18,16.9,15.4,19.4,22.3,17,17.6,16.7,18.4,12.1
8/23/18 18:01,18:00,19.9,18.2,19.3,26,24.3,18.4,22.2,18,14.5,18.2
8/23/18 19:01,19:00,29.7,20,22.6,34.2,27,26.4,24.6,21.2,25.4,20
8/23/18 20:01,20:00,27,22,23.8,43,31.1,34.3,27.2,21.9,27.9,26.6
8/23/18 21:01,21:00,36.1,27.2,33,48.6,33.2,32.8,33.7,27.2,33.7,29.8
8/23/18 22:01,22:00,39.9,31,32.3,47.3,42.3,37.4,38.2,30.5,35.5,27.1
8/23/18 23:01,23:00,45.6,33.5,40.1,49.1,43.6,40,35.6,31.7,36.7,35.6
8/24/18 0:01,00:00,44.9,37.9,41.3,50.9,42.2,43.9,43.9,33,37.9,35.6
8/24/18 1:01,01:00,46.1,39.1,45.2,54,46.4,49,57.5,35.5,45.5,40
8/24/18 2:01,02:00,52.9,46.7,50.2,59.4,47.1,52.7,60.5,42.6,46.7,43.2
8/24/18 3:01,03:00,53.5,51,53.3,60.6,47.8,53.3,65.3,46.4,51,45.8
8/24/18 4:01,04:00,52.3,51.7,52.7,62.3,62.2,60.8,56.9,43.9,55.2,50.2
8/24/18 5:01,05:00,55.9,50.4,52.7,65.7,57.4,58.9,55.6,45.7,55.8,55.1
8/24/18 6:01,06:00,54.1,46,49.5,61.7,55.4,60.2,48.8,44.4,42.9,55.8
8/24/18 7:01,07:00,49.9,36.7,49,50.4,52,54,49.6,38.1,38,44.6
8/24/18 8:01,08:00,44.4,31.8,42.1,25.2,45.3,42.8,42.8,37,36.9,29.5
8/24/18 9:01,09:00,34.5,28.9,34.5,26.5,37.2,32.6,34.1,33.2,33.2,25.6
8/24/18 10:01,10:00,26.1,25,24.8,24.9,27.5,25.3,24.3,28.8,22.8,16.3
8/24/18 11:01,11:00,20.7,16.9,18.9,20.3,18.9,19.9,17.6,17.8,17.4,14.1
8/24/18 12:01,12:00,17.3,14.8,13.5,17.6,16.8,17.9,16.3,15.9,17.4,14.1
8/24/18 13:01,13:00,16.7,14.8,14.8,16.3,14.6,14.6,15.7,15.9,16.2,12.2
8/24/18 14:01,14:00,16.1,14.2,13.5,17.8,14.6,15.9,15.7,13.9,15.7,11.5
8/24/18 15:01,15:00,14.9,13.6,12.3,14.4,12.4,14.4,17.8,12.7,15.7,12.8
8/24/18 16:01,16:00,14.9,14.3,11.6,14.4,13.6,15,15.6,11.1,12.9,10.7
8/24/18 17:01,17:00,16,14.8,14,18.2,15,16.2,22.2,14.5,13.8,10.7
8/24/18 18:01,18:00,16.5,14,15.9,18.2,15,17.5,24.9,15.8,14.8,14
8/24/18 19:01,19:00,21.8,16.6,17.8,21.2,16.2,16.7,23.2,18.4,18,15.2
8/24/18 20:01,20:00,25.8,21.2,23.9,26.4,24,24.3,26.6,18.4,21.3,19.3
8/24/18 21:01,21:00,25.1,23.3,23.2,25.2,26.2,25,29.4,22.5,24,20.7
8/24/18 22:01,22:00,33,23.8,29.8,32.2,30.5,29,36.4,24.4,28.5,25.3
8/24/18 23:01,23:00,41.9,32.3,38.3,44.3,38.9,36.9,55.3,27.8,37.6,32.5
8/25/18 0:01,00:00,46.3,41.2,44.1,51.7,45.2,47.3,61.3,35.8,39.4,40.3
8/25/18 1:01,01:00,48.2,46.2,47.2,53.5,48,45.9,58.9,40.2,42.5,41.5
8/25/18 2:01,02:00,50.6,50,48.5,59.5,51.3,49,54,45.9,46.2,44.7
8/25/18 3:01,03:00,49.3,48,47.8,58.3,50.6,51.6,55.2,44.7,47.4,43.3
8/25/18 4:01,04:00,51.2,49.2,51.6,61.3,61.6,54.7,57.6,44.7,46.8,47.8
8/25/18 5:01,05:00,54.2,48.6,52.8,58.9,63,59,62.4,44.7,43.7,47.8
8/25/18 6:01,06:00,55.5,49.3,55.9,62.5,60.9,63.3,66.6,45.9,45.5,51.5
8/25/18 7:01,07:00,50.6,43.8,51.6,55.3,55.6,54.8,50.2,42.7,40.6,45.4
8/25/18 8:01,08:00,44,33.3,41,31.6,51,39.7,43.5,36.4,34.5,25
8/25/18 9:01,09:00,40.3,30.1,38.5,32.6,40,33.9,35.4,28.6,32.6,29.4
8/25/18 10:01,10:00,26.9,24.4,26.9,24.9,32.5,25.3,27,26.8,26.2,20.4
8/25/18 11:01,11:00,22.9,22.4,21,22.5,31.2,21.9,23.9,24.2,18.4,16.5
8/25/18 12:01,12:00,23.5,22.4,21,22.5,20.5,28,23.9,21.4,19.1,19
8/25/18 13:01,13:00,22.3,16.4,18.4,19.1,19.9,18.5,19.2,16.1,19.8,16.4
8/25/18 14:01,14:00,18.3,16.4,15.7,19.8,18.5,15.2,17.2,16.1,17.1,13.6
8/25/18 15:01,15:00,17,15.2,13,17.2,17.1,14,16.5,13.6,15.8,12.4
8/25/18 16:01,16:00,17.7,15.8,15.1,17.2,19.6,17.8,23.2,15.6,17.2,12.9
8/25/18 17:01,17:00,25.5,22.3,23.6,26.2,25.2,24.7,25.7,22.9,23.7,21.6
8/25/18 18:01,18:00,28.7,26.2,25.6,31.3,25.8,28,30.9,26.2,26.3,22.3
8/25/18 19:01,19:00,28.7,28.7,27.4,30.5,29.3,30.4,30.9,28.1,29.4,26.1
8/25/18 20:01,20:00,34.4,29.9,31.3,35.6,38.3,32.4,31.4,30,31.9,30.1
8/25/18 21:01,21:00,38.3,30.6,34.6,39.3,37,32.4,40.4,29.3,33.8,32
8/25/18 22:01,22:00,41.4,37.6,40.4,43.1,39.7,35.7,82.1,35.9,39,35.9
8/25/18 23:01,23:00,44.6,42.1,42.3,45.6,41.2,38.3,60.2,38.5,40.8,39.1
8/26/18 0:01,00:00,47,43.2,44.2,48.1,43.2,44.1,56,45.5,40.8,41
8/26/18 1:01,01:00,51.3,45.8,49.8,51.8,47.4,49.8,62.5,44.2,42.6,47.3
8/26/18 2:01,02:00,54.3,51.3,51.7,56.6,49.4,56.7,96.5,46.7,46.3,50.4
8/26/18 3:01,03:00,58.6,51.3,57.9,62.6,54.2,62.1,79.8,48.5,50.6,54.1
8/26/18 4:01,04:00,60.9,56.1,57.9,67.9,69,62.7,71.9,51.6,49.9,56
8/26/18 5:01,05:00,60.3,54.8,60.8,64.3,66.3,66.9,63.6,49.7,49.9,56.5
8/26/18 6:01,06:00,63.2,47.6,60.2,63.1,61,68.7,64.8,52.2,51.8,56.5
8/26/18 7:01,07:00,52.6,42.1,53.5,52.5,58.3,57.3,52.8,44.1,39.5,47.3
8/26/18 8:01,08:00,42.8,31.5,44.8,22.3,45.5,41.7,48.1,36.6,34,27.7
8/26/18 9:01,09:00,33.4,23.8,36.1,22.6,33.2,31.5,31.8,26.8,27.6,24.4
8/26/18 10:01,10:00,22.2,21.1,22.9,20.4,25.6,21.5,24.5,22.8,21,16.5
8/26/18 11:01,11:00,18.3,14.4,17.8,18.5,19.9,18.7,17.8,18.8,20.4,11.8
8/26/18 12:01,12:00,17.6,15.1,15.1,17.1,17,17.5,18.7,16.7,17.1,13
8/26/18 13:01,13:00,19.5,18.9,17.5,21,19.6,27.9,22.2,22.2,17.1,14.8
8/26/18 14:01,14:00,18.8,19.7,16.9,19,17.4,23.9,25.1,18.8,17.1,15.6
8/26/18 15:01,15:00,20.1,19.7,19.6,20.9,20.1,20.7,23.7,18.8,17.7,17.6
8/26/18 16:01,16:00,22.1,21,20.2,22.9,21.5,23.2,25,20.2,21.1,19.6
8/26/18 17:01,17:00,20.8,18.4,20.2,23.4,21.5,21.9,23.7,18.2,14.8,18.3
8/26/18 18:01,18:00,27.9,23.5,26.8,29.2,24.3,25.8,29.4,22.6,23.6,23.5
8/26/18 19:01,19:00,36.3,29.3,32.6,38.1,27.8,34.5,39.1,27.3,28.1,30.7
8/26/18 20:01,20:00,38.9,31.2,33.9,42.5,31.3,39,40.4,30.7,31.3,33.4
8/26/18 21:01,21:00,29.1,27.9,27.9,30.4,29.8,28.4,30,28,29.3,25.4
8/26/18 22:01,22:00,30.4,27.9,27.9,28.4,31.2,29.6,31.9,28,28.5,26
8/26/18 23:01,23:00,30.4,27.9,29.1,31.6,29.8,27.6,30.6,28,29.8,26.6
8/27/18 0:01,00:00,33.6,31.7,31.1,34.8,32.6,20.8,38.3,31.2,32.4,23.2
8/27/18 1:01,01:00,29.6,23.1,26.4,31.4,33.2,31.5,23.9,22.4,29.7,24.5
8/27/18 2:01,02:00,36.7,30.3,33.6,38.4,35.3,32.7,33,28.3,34.2,29.7
8/27/18 3:01,03:00,41.1,37.9,39.4,44.1,37.4,41.9,40,36.2,36.1,37.5
8/27/18 4:01,04:00,34,34.1,33.5,37.2,52.7,37.3,35.5,32.9,34.8,32.3
8/27/18 5:01,05:00,36,32.2,36.8,42.2,52.7,39.3,35.5,31,38,34.9
8/27/18 6:01,06:00,43.6,35.5,42,47.2,46.4,43.9,42,36.8,37.4,38.8
8/27/18 7:01,07:00,41.8,38,42,36.8,40.9,47.1,47.1,36.8,37.4,37.7
8/27/18 8:01,08:00,35,29.3,34.4,20.6,36.3,34.5,36.5,31.2,31.3,25.5
8/27/18 9:01,09:00,28,26.1,30,24.3,30.2,26.6,29.6,28,26.1,21
8/27/18 10:01,10:00,22.9,21.7,22.2,22.3,24.6,21.9,27.7,22.6,22.2,18.3
8/27/18 11:01,11:00,20.9,20.4,17.7,21,20.4,20,19,18.6,19.6,13.6
8/27/18 12:01,12:00,12.5,17.7,10.6,13.8,16.3,12.3,14.4,17.3,13.6,10.7
8/27/18 13:01,13:00,13.3,14.4,11.4,11,12.7,11.8,13.4,11.8,12.9,8.8
8/27/18 14:01,14:00,11.5,11.6,10.1,11.7,11.3,10.3,11.5,10.5,10.9,8.1
8/27/18 15:01,15:00,10.2,10.2,8.2,10.4,10.5,12.1,13.7,9.2,10.9,7.4
8/27/18 16:01,16:00,11.5,11,8.9,11.7,12.2,19.1,14.3,8.3,9.7,8.5
8/27/18 17:01,17:00,18,12.2,12.7,11.7,15.7,14.9,23,10.6,9,10.6
8/27/18 18:01,18:00,21.4,14.8,13.2,16.8,17.8,16.2,18.8,15.9,12.4,11.2
8/27/18 19:01,19:00,21.4,16.8,20.6,24.6,19.1,17.5,28.7,16.5,16.9,15.9
8/27/18 20:01,20:00,29.1,18,25.8,32.9,36.9,27.6,37.8,17.8,22.7,21.9
8/27/18 21:01,21:00,29.7,28.5,26.5,31.6,30.5,24.8,31.3,27.2,22,17.9
8/27/18 22:01,22:00,30.2,30.9,28.4,30.2,29.6,27.4,32.4,31.7,29,25.8
8/27/18 23:01,23:00,31.4,33.4,30.2,32.7,34.5,30.7,34.2,32.9,33.5,27.7
8/28/18 0:01,00:00,31.4,33.9,30.8,33.2,37.2,32.6,33.5,36.1,33.5,27.7
8/28/18 1:01,01:00,44.8,50.4,43.2,42.8,44.9,42.5,48.2,50.2,41,39.4
8/28/18 2:01,02:00,51.1,53.5,49.6,50.3,51.9,48.9,93.4,51.4,51,47.1
8/28/18 3:01,03:00,56.6,58.4,55.2,57.6,56,52.7,94.8,55.7,57.6,49
8/28/18 4:01,04:00,62,64.2,59.5,67.8,81,57.1,88.7,62.3,60.5,53.3
8/28/18 5:01,05:00,61.4,66.4,63.1,68.7,84.6,64.9,81.8,66.2,66.7,58.2
8/28/18 6:01,06:00,63.6,57.2,61.9,66.3,85.9,63.8,81.4,63.3,65.6,58.2
8/28/18 7:01,07:00,56.6,48.6,57.1,52.3,68.2,60.1,62.3,56.9,55.3,51.4
8/28/18 8:01,08:00,51.7,46.7,53.3,30,61,49.7,56.9,50.2,51.7,30
8/28/18 9:01,09:00,46.8,44.9,49.6,39.8,48.7,42.7,47.6,48.9,52.9,35.2
8/28/18 10:01,10:00,43.1,42.4,42.7,41.7,42,40.1,45.8,47.7,48.6,32.5
8/28/18 11:01,11:00,43.1,40.6,35.8,39.2,37.1,35.7,42.2,44.6,45,31.9
8/28/18 12:01,12:00,38.8,34.9,28.1,38.7,33.7,30.5,37.2,38.3,41.3,28.8
8/28/18 13:01,13:00,37.5,33.7,33.9,33.7,30.4,28.6,34.1,34.5,36.4,30.6
8/28/18 14:01,14:00,36.3,31.8,30.1,39.3,34.3,27.4,36.6,34,37.6,29.4
8/28/18 15:01,15:00,33.2,35.7,29.5,35.1,31.6,27.4,36.6,31.5,34.5,30.1
8/28/18 16:01,16:00,34.5,33.8,29.5,35.1,35.6,32.5,37.2,35.2,34.5,30.7
8/28/18 17:01,17:00,36.9,36.9,33.9,38.8,38.4,35,38.4,37.1,33.4,33.3
8/28/18 18:01,18:00,42,39.4,39.1,43.7,40.4,37,51,41,40.2,36.5
8/28/18 19:01,19:00,44.5,43.2,42.3,45.6,43.2,39.6,51.6,42.8,44.5,39.1
8/28/18 20:01,20:00,46.9,48.2,46.7,51.1,46.6,42.8,49.7,48.5,46.3,43.5
8/28/18 21:01,21:00,53.1,53.7,51.7,54.7,53.5,47.9,56.5,52.8,51.9,48.5
8/28/18 22:01,22:00,55,58.5,54.8,55.4,57.6,52.3,62.5,57.7,55.4,51.6
8/28/18 23:01,23:00,59.7,61,59.1,62,61.6,58.4,65.4,59.5,61.3,56.5
8/29/18 0:01,00:00,63.3,68.6,63.9,67.3,66.3,61.5,68.9,64.8,65.4,60.2
8/29/18 1:01,01:00,62.6,69.8,62,73.1,71,62.6,73.5,68.9,68.3,61.3
8/29/18 2:01,02:00,66.7,75.5,66.2,73.1,73.7,65.6,80.9,65.9,66.5,63.7
8/29/18 3:01,03:00,72.7,70,73.3,78.7,74.1,67.4,79.7,65.3,71.8,64.7
8/29/18 4:01,04:00,77,75,77.5,81.9,89.8,72.9,78.6,67.7,77.1,68.6
8/29/18 5:01,05:00,77,73.4,77.5,83.4,92.2,72.3,77.5,71.7,75.5,74.1
8/29/18 6:01,06:00,76.4,69.8,74.6,81.2,92.2,73.5,78.1,75.2,72.3,71.6
8/29/18 7:01,07:00,70.8,55,72.8,65,83.1,72.2,71.8,72.3,64.2,69
8/29/18 8:01,08:00,60.9,47.1,66.9,34.7,73.1,53.5,65.4,62.5,59,31.1
8/29/18 9:01,09:00,49,45.3,56.1,39.5,55.8,44.2,53.5,57.8,51.9,36.1
8/29/18 10:01,10:00,39,41,42.5,40.2,43,37.9,45.7,48.7,41,29
8/29/18 11:01,11:00,36,33.4,29.9,33.4,32,32.2,34.3,39.9,33.5,25.8
8/29/18 12:01,12:00,20.8,16.9,16.4,18.3,18.3,22.8,21.1,26.2,13.3,15.1
8/29/18 13:01,13:00,13.3,10.7,10.6,12.8,13.2,11.7,13.6,10.9,11.3,7.3
8/29/18 14:01,14:00,10.6,10,9.2,11.5,10.3,11,12.1,10.3,11.3,7.3
8/29/18 15:01,15:00,10.6,9.4,9.2,10.9,10.3,11.6,13.5,9.1,10.7,7.3
8/29/18 16:01,16:00,9.9,10.6,8.1,10.9,12.2,10.7,12.8,9.1,10.1,6.6
8/29/18 17:01,17:00,11,9.4,11.9,17.5,11.3,12.1,11.4,8.3,14.1,8.5
8/29/18 18:01,18:00,30.1,14.1,27.7,30.7,25.1,30.1,29.6,11.7,18.3,25.7
8/29/18 19:01,19:00,33.9,32,32.8,35.7,31.4,30.6,36.7,32.2,32.1,30.2
8/29/18 20:01,20:00,37.7,39,35.3,38.2,39.8,36.5,42.5,38,38.5,33.4
8/29/18 21:01,21:00,47.2,47.8,46.3,48.3,48.2,43,50,48.8,48.5,42.5
8/29/18 22:01,22:00,54.5,54.6,53.2,55,54.4,48.8,56.1,52.5,53.9,49.5
8/29/18 23:01,23:00,59.3,58.8,58.7,59.8,59.2,45.4,62.1,56.1,56.8,55.5
8/30/18 0:01,00:00,65.8,64.1,63.4,67.4,64.5,38.7,65.6,62.7,61.5,55.5
8/30/18 1:01,01:00,69.8,69.9,68.8,76,69.2,41.8,71.9,67.9,69.5,62.7
8/30/18 2:01,02:00,71.5,73.9,71.1,79.9,73.1,45.7,71.3,70.2,70.6,59.6
8/30/18 3:01,03:00,68,71,67.5,73.7,69.1,51.4,68.9,62.5,61.9,43.2
8/30/18 4:01,04:00,63.8,55.4,60.2,76.5,84.2,59.5,66.5,55.2,64.8,48.8
8/30/18 5:01,05:00,60.8,52.9,65,65.5,73.5,69.2,67.1,46.4,46.1,49.4
8/30/18 6:01,06:00,49.8,41.9,50.8,60.1,60.9,65.6,65.3,43.8,36.6,48.2
8/30/18 7:01,07:00,49.3,39.2,49.6,52.2,56.8,54,51.4,37.4,38.6,42.7
8/30/18 8:01,08:00,39.4,26.7,39.5,25.2,43.2,32.9,40.2,31,31.8,23.5
8/30/18 9:01,09:00,30.7,22.9,30.5,19.2,31,27.8,30.8,24.5,26.7,21.5
8/30/18 10:01,10:00,23.5,17.7,22.1,22.2,24.6,17.8,23.1,17.7,18.1,13.5
8/30/18 11:01,11:00,14.6,11.5,12.3,15,14.6,12.3,16.4,13.6,14.1,10.1
8/30/18 12:01,12:00,13.3,10.1,9.3,12.3,13.2,10.9,11.6,11,12,8.1
8/30/18 13:01,13:00,10.6,11.6,9.3,10.4,10.3,9.7,11.6,10.4,10.8,6.8
8/30/18 14:01,14:00,12.8,10.8,10,10.4,11.1,11.5,12.9,9.6,10.8,7.3
8/30/18 15:01,15:00,12,10.8,10.7,14.2,12.2,12.2,14.3,11,10.8,6.6
8/30/18 16:01,16:00,13.3,10.8,12,14.2,12.2,11.4,14.3,10.3,11.5,8.7
8/30/18 17:01,17:00,16,12.9,13.2,18.2,12.8,12.8,21,12.4,14.3,11.4
8/30/18 18:01,18:00,20,12,15.9,24,15.6,12.8,14.7,14.4,14.8,11.4
8/30/18 19:01,19:00,21.8,16,17.1,28.5,21.2,15.3,22,17,20,12.5
8/30/18 20:01,20:00,22.4,18.6,20.5,29,24.8,23.6,24,17.7,23.4,18.6
8/30/18 21:01,21:00,31,24.5,27.9,36.8,33.3,28.3,41.6,24.4,27.3,22.6
8/30/18 22:01,22:00,30.3,21.7,27.2,36.1,31.9,28.9,53.5,22.2,27.9,24.6
8/30/18 23:01,23:00,34.8,25.6,27.7,36.7,36,29.5,42,28.4,30.4,24.6
8/31/18 0:01,00:00,39.9,30.8,33.6,44.9,41.6,32.8,50.9,29.7,35.5,29.7
8/31/18 1:01,01:00,45.6,41.1,40.8,46,44.4,37.4,55.8,31.6,36.8,29.7
8/31/18 2:01,02:00,41.1,41.8,39.5,49.8,40.9,38,68.4,35.6,35.4,36.3
8/31/18 3:01,03:00,42.3,44.9,39.5,51.6,44.3,42.5,60.6,39.5,41.8,34.9
8/31/18 4:01,04:00,49.8,42.3,43.8,62.5,60.8,47,63,38.1,46.1,42
8/31/18 5:01,05:00,48.5,46,47,62.3,61.5,56.5,58.1,37.4,55.8,45.7
8/31/18 6:01,06:00,49.2,44.1,47.6,62.9,49.8,57.1,61.7,38.7,47.2,43.8
8/31/18 7:01,07:00,46.8,28.9,47.1,55.3,43.6,49,45.1,29.5,41.8,37.4
8/31/18 8:01,08:00,41.1,30.9,38.8,43.6,47.2,38,40,30.9,27.7,29.6
8/31/18 9:01,09:00,36.4,27.9,32.5,40.2,45.5,32.3,37.2,29.8,27.7,21.3
8/31/18 10:01,10:00,28.1,19.6,24.1,28.1,30.4,25.2,30.3,21.9,18.9,16.1
8/31/18 11:01,11:00,16.6,14.2,14,18.3,17.3,17.6,17.6,15.1,14.2,12
8/31/18 12:01,12:00,16,13.6,13.3,15.1,15.2,16.9,14.8,13.1,14.2,12
8/31/18 13:01,13:00,21.4,14.8,19.5,16.9,15.2,19,18.1,15.8,15.6,13.4
8/31/18 14:01,14:00,20.6,15.4,18.6,22.7,17.8,20.3,22.2,17.8,18.1,14.6
8/31/18 15:01,15:00,27.3,19.4,21.3,24.7,23.5,23,29.4,19.9,21.5,18.7
8/31/18 16:01,16:00,31.1,24.6,30,36.9,32.7,25.7,30.7,25.3,40.9,24
8/31/18 17:01,17:00,35.8,27.3,32.1,43.9,35.6,28.4,31.4,27.3,36.5,26.1
8/31/18 18:01,18:00,40.8,32.4,37.9,50.6,36.9,35.7,41.6,32.6,39,32
8/31/18 19:01,19:00,45.8,36.2,43.6,54.9,44.6,37.6,49.1,35.2,47.1,37.2
8/31/18 20:01,20:00,48.3,42.7,44.2,54.9,47.4,36.2,45.4,41,49.5,36.5
8/31/18 21:01,21:00,34.8,27.6,30.9,48,43.8,28.8,33,26.3,43.8,27.8
8/31/18 22:01,22:00,41.7,36,38.8,49.8,43.1,28.8,40.7,31,39.3,31.6
8/31/18 23:01,23:00,42.3,43,40.7,51.6,50.7,34,47,40.8,51.2,34.2
9/1/18 0:01,00:00,53.5,51.2,50.2,58.9,57.5,47.7,53.2,47.1,51.2,51.5
9/1/18 1:01,01:00,62.6,54.8,57.7,67.2,55.5,52.1,61.2,46.5,58.3,49
9/1/18 2:01,02:00,60.2,59,59.5,63.7,59.5,49.5,62.9,54.5,54.1,53.3
9/1/18 3:01,03:00,66.1,61.4,63.2,68.6,65.6,53.9,70.3,58.8,61.2,59.5
9/1/18 4:01,04:00,63.2,57.2,56.4,64,68.8,59.5,62.9,54.5,55.8,56.3
9/1/18 5:01,05:00,63.6,60.8,63.6,70.2,70.8,61.3,64,53.8,59.4,57.6
9/1/18 6:01,06:00,61.9,55.9,60.7,69.6,69.5,61.9,64.5,53.2,57.6,55.2
9/1/18 7:01,07:00,59.6,55.4,59.5,59.5,65.6,59.5,59.9,55.1,52.2,53.9
9/1/18 8:01,08:00,46.8,35.6,49.7,31.3,53.6,42.6,46.5,42.1,40,30.1
9/1/18 9:01,09:00,36.3,30.5,35.7,35.6,43.9,34.2,35.2,32.4,38.8,22.8
9/1/18 10:01,10:00,30.6,25.3,28.7,31.8,34.4,24.4,28,26.5,31.2,18.9
9/1/18 11:01,11:00,26.6,20.8,22.9,27.4,30.8,20.5,22.8,22.5,26.8,18.2
9/1/18 12:01,12:00,24,21.4,18.1,22.1,26.2,19.2,26.4,22,26.2,16.8
9/1/18 13:01,13:00,19.4,19.5,16.1,20.3,19.9,13.9,18.3,18.7,20.2,14.1
9/1/18 14:01,14:00,21.9,18.8,19.3,20.7,21.1,19.7,27.5,19.2,19.5,18.1
9/1/18 15:01,15:00,27.3,20.1,22,23.9,25.7,22.4,34.1,18.5,21.5,17.3
9/1/18 16:01,16:00,24,20.1,20,24.9,26.5,22.4,22.8,21.3,22.4,18.7
9/1/18 17:01,17:00,25.9,24,23.2,26,25.6,25,28,24.5,20.3,19.9
9/1/18 18:01,18:00,29.7,24.6,26.5,29.6,28.4,25.5,33.1,23.2,24,21.9
9/1/18 19:01,19:00,32.2,27.1,29.1,36.6,33.9,34.2,37.5,25.8,28.5,28.5
9/1/18 20:01,20:00,38.6,34.2,35.6,44.2,36,40.1,44,33.8,35.6,33.7
9/1/18 21:01,21:00,43.7,36.7,38.9,47.9,40.9,38.1,47.1,36.3,38.7,36.3
9/1/18 22:01,22:00,48.7,44.3,45.9,51,44.4,45.8,54.5,40.8,45.6,42.7
9/1/18 23:01,23:00,48.7,48.1,47.8,54.1,47.2,49.7,56.9,44.7,45,45.3
9/2/18 0:01,00:00,51.8,54.2,49,53.4,50.6,52.2,58.7,49,48.1,43.3
9/2/18 1:01,01:00,53.6,60.9,52.8,55.9,56.1,56.5,61.2,60.6,48.1,47.8
9/2/18 2:01,02:00,60.8,66.8,60.2,63.1,64.3,62,70,66,61.8,57.7
9/2/18 3:01,03:00,66.2,66.8,68.1,67.2,69,65.7,75.2,66,64.8,63.1
9/2/18 4:01,04:00,67.9,67.4,67.4,71.3,85,66.9,72.9,65.4,62.4,63.1
9/2/18 5:01,05:00,67.9,70.3,69.2,72.6,81.1,71.6,76.4,64.2,64.8,65.5
9/2/18 6:01,06:00,71.4,69.2,70.4,73.3,90.7,75.1,77,65.4,65.9,69
9/2/18 7:01,07:00,65.1,62.8,65.7,68.4,81.6,72.2,73.6,62.5,63.1,61.4
9/2/18 8:01,08:00,53.2,53.2,54.8,39,61.2,48.6,49.7,59,47.6,31.6
9/2/18 9:01,09:00,39.4,41.2,42.7,33.7,46.8,35.6,41.5,41.4,43.2,29.3
9/2/18 10:01,10:00,36.2,36.8,35.7,36.1,40.6,31.7,38.9,40.2,38.7,30.6
9/2/18 11:01,11:00,34.9,36.8,25.5,34.2,36,27.8,35.9,40.2,38.7,28
9/2/18 12:01,12:00,31.1,33.1,23.5,31.8,30.4,25.3,29.5,33.9,33.7,25.4
9/2/18 13:01,13:00,29.2,28.7,23.5,29.2,26.2,21.5,26.2,30,29.9,22.8
9/2/18 14:01,14:00,24.8,27.4,20.9,28.6,24.8,22.6,26.9,26.7,28.1,22.1
9/2/18 15:01,15:00,24.8,26.8,21.5,28,26.2,23.2,27.5,21.7,25,20.8
9/2/18 16:01,16:00,24.8,26.1,22.4,26.1,31.6,22.6,27.5,24.1,26.3,19.6
9/2/18 17:01,17:00,28.7,27.5,26.2,31.2,30,25.9,28.3,24.9,18.8,20.9
9/2/18 18:01,18:00,33.8,30,30.7,36.3,34.9,29.9,41.1,28.7,23.2,26.8
9/2/18 19:01,19:00,39.5,36.9,36.5,40.6,35.5,37.7,47.9,35.2,37.8,32
9/2/18 20:01,20:00,47,29,43.6,44.9,41,42.9,57.1,29.8,38.9,37.8
9/2/18 21:01,21:00,48.8,31.5,44.1,48,39.6,45.9,50.2,31,36.8,40.9
9/2/18 22:01,22:00,52.5,39.9,48.5,52.3,47.2,47.8,56.3,36.3,45.7,44.7
9/2/18 23:01,23:00,51.8,47.5,49.7,55.9,59.7,51.6,63,44.7,45,45.3
9/3/18 0:01,00:00,56.1,51.2,54.7,59.5,58.2,56,61.8,47.2,49.9,48.4
9/3/18 1:01,01:00,53,50.5,53.5,63.7,57.5,52.2,60.6,49.7,51.1,48.4
9/3/18 2:01,02:00,52.4,56,51.5,62.5,59.6,55.3,60,50.9,51.7,46.5
9/3/18 3:01,03:00,53,51.7,53.4,63.7,55.4,57.8,60,47.7,52.3,50.9
9/3/18 4:01,04:00,55.4,54.2,54.6,63.1,73.7,62.1,63,49.6,47.4,53.4
9/3/18 5:01,05:00,56,51.7,54,60.7,73.7,60.2,59.9,49,45.5,52.7
9/3/18 6:01,06:00,60.3,52.9,59.6,62.5,68.3,63.3,63.6,50.2,49.2,56.4
9/3/18 7:01,07:00,60.9,54.8,60.9,61.9,70.4,63.9,67.8,55.2,49.2,52.8
9/3/18 8:01,08:00,57.4,48.2,55.4,59.6,59,57.9,62.5,49.7,46.3,49.8
9/3/18 9:01,09:00,43.3,40.7,46.7,46.8,54.3,47.4,49.8,43.5,39.5,38.5
9/3/18 10:01,10:00,42.2,35.1,44.3,38.1,46.1,44.2,43,39.7,37,36
9/3/18 11:01,11:00,42.8,33.9,40.4,42.5,40.5,41.6,46.7,35.2,37.7,35.2
9/3/18 12:01,12:00,40.3,31.4,36,40.2,35.8,39,41.1,32.7,32.6,32.1
9/3/18 13:01,13:00,30.7,28.9,29.5,35.2,33,32,36.8,29.5,28.2,26.9
9/3/18 14:01,14:00,32,28.2,27.5,36.4,42.7,28.6,34.2,28.1,33.4,25.6
9/3/18 15:01,15:00,27.4,30.1,28.3,37.7,37.2,23.4,35.5,32.8,28.9,24.9
9/3/18 16:01,16:00,28.1,25,23.7,31.3,35.7,23.9,36.2,25.6,25,22.9
9/3/18 17:01,17:00,27.3,28.7,25.4,33.1,34.2,25.8,28.9,27.5,18.7,20.3
9/3/18 18:01,18:00,34.5,25.3,30,31.7,33.5,30.5,32,26.6,25.6,25.5
9/3/18 19:01,19:00,33.6,33.1,29.2,35.5,35.5,26.9,32,31.9,31.9,26.7
9/3/18 20:01,20:00,40.1,36.8,38.4,43.1,38.9,36.9,39.6,37.7,37.6,33.9
9/3/18 21:01,21:00,46.9,43.8,42.2,50.5,50,44.7,49.7,41.5,43.3,38.5
9/3/18 22:01,22:00,48.2,49.4,46,47.3,52.1,49.1,49.7,49.1,48.7,44.1
9/3/18 23:01,23:00,55.5,56.7,51.6,57.1,58.2,52.2,62.4,52.8,53,48.5
9/4/18 0:01,00:00,62.1,62.1,59.7,65.5,65,56,67.7,57.1,57.2,56.5
9/4/18 1:01,01:00,63.8,65.7,65.1,70.7,68.3,60.8,74.7,59.5,62.5,55.2
9/4/18 2:01,02:00,66.1,69.2,64.4,71,68.3,56.5,68.9,64.8,66.5,55.2
9/4/18 3:01,03:00,68.5,71.2,66.8,75.4,67,58.3,70.9,65.9,65.9,61.3
9/4/18 4:01,04:00,68.2,71.7,67.2,75.8,77.2,64.4,70.2,65.3,65.1,58.8
9/4/18 5:01,05:00,70.4,70,70.1,76.3,88.6,66.6,76.3,59.4,62.3,61.7
9/4/18 6:01,06:00,69.3,66.2,67.2,74.2,80.4,71.3,71.9,58.2,56.5,61.7
9/4/18 7:01,07:00,54.2,45.7,55.3,47.7,71.7,61.4,63.1,55.8,48,51.5
9/4/18 8:01,08:00,48.8,49,51,38.8,63.1,49.7,50.4,61.4,47.5,34.7
9/4/18 9:01,09:00,47.8,46.5,50.5,35.9,53.2,38.5,46.1,50.5,50.7,36.2
9/4/18 10:01,10:00,38.9,36.2,35.2,37.6,41,31.9,35.2,38.4,41.5,24.9
9/4/18 11:01,11:00,32.5,37.7,27.6,30.5,33.9,27.4,35.2,40.4,33.8,26.9
9/4/18 12:01,12:00,35.2,33.9,23,31.3,33.3,22.9,30.4,34.7,35.2,23.5
9/4/18 13:01,13:00,28.1,26.8,23.6,29.4,26.2,20.8,25.6,27.4,28.8,20.9
9/4/18 14:01,14:00,25.5,25.5,20.4,26.7,21.9,20.8,25.6,24.9,24.8,19.5
9/4/18 15:01,15:00,23.5,22.8,20.4,24.8,22.6,20,29.6,21.8,24.8,19
9/4/18 16:01,16:00,26.1,24.2,21.1,26.1,23,26,27,22.8,24.3,23.7
9/4/18 17:01,17:00,26.6,22.1,24.1,27.9,24.9,25.2,25.5,21.4,19.8,22.3
9/4/18 18:01,18:00,29.7,26.6,25.3,27.1,29.1,25.7,29.3,26.6,24.7,22.7
9/4/18 19:01,19:00,34.8,33.7,29.9,35.5,34.7,31,34.5,34.5,33.1,27.4
9/4/18 20:01,20:00,41.4,45.2,39.8,43.2,42.6,35,41,43.6,42.8,34.6
9/4/18 21:01,21:00,54.5,55.1,52.5,55.5,52.3,53.1,63.8,53.6,53.2,51.2
9/4/18 22:01,22:00,59.2,56.2,56.1,59.7,55,55.5,93.9,59.1,57.9,51.8
9/4/18 23:01,23:00,59.8,64,56.8,64.4,58.3,53.7,90.8,64.3,57.9,50.5
9/5/18 0:01,00:00,58.6,61,56,58.4,59,56.7,64.3,61.3,58.4,54.8
9/5/18 1:01,01:00,63.9,68.7,64.6,66.8,68.4,79.2,71.9,69.5,72.3,63.3
9/5/18 2:01,02:00,93.1,90.1,93.2,88.9,81.6,89.1,95.4,92.2,88.9,91.6
9/5/18 3:01,03:00,96.2,95.8,96.3,96.1,91.8,93.9,98.1,96.2,94.8,94.1
9/5/18 4:01,04:00,96.2,97.3,97.8,96.8,93.6,94.1,98.1,97.2,96.8,93.1
9/5/18 5:01,05:00,96.2,98.3,98.3,97.2,95.5,97.1,98.5,95.8,97.2,95.2
9/5/18 6:01,06:00,96.7,99.4,98.8,97.2,95.5,95.6,99.1,93.4,97.2,94.1
9/5/18 7:01,07:00,96.2,96,96.9,96.8,95.5,93.3,99.6,94.8,91.5,90.1
9/5/18 8:01,08:00,96.2,76.8,91.9,92.5,84.2,74.7,98.1,90.2,81,52.1
9/5/18 9:01,09:00,81.5,77.4,83.2,56.9,66,72.9,92.3,79.6,72.3,66.9
9/5/18 10:01,10:00,76.1,66.5,72.9,58,55.3,59.3,76.5,72.4,62.6,56.8
9/5/18 11:01,11:00,67,64.7,67.7,50.1,57.2,56.9,69.7,66.2,56.8,55.6
9/5/18 12:01,12:00,60.6,61.8,44.1,52.7,48.7,40.8,58.6,62.2,54.5,48.3
9/5/18 13:01,13:00,52.9,56.5,45.9,52.7,51.8,46.5,53.2,58,50.9,42.2
9/5/18 14:01,14:00,59.3,58.1,58,62.7,60.4,61.2,61.4,59.1,59.7,60.3
9/5/18 15:01,15:00,73.8,65.8,85.4,69.7,68.5,87.5,75.4,66.1,70.1,85.5
9/5/18 16:01,16:00,88.5,67,88.7,85.5,81,87.8,82.6,65.5,85.8,91.4
9/5/18 17:01,17:00,92.2,92.1,95.7,91.5,90,93.9,91.8,91.7,92.5,95.1
9/5/18 18:01,18:00,89.5,88.4,92.5,85.5,92.6,92.8,92.3,89.2,88.9,89.6
9/5/18 19:01,19:00,88.5,88.9,91.9,89.3,91.3,96,93.4,84.4,85.3,89.3
9/5/18 20:01,20:00,86.3,84,91.4,89.3,87.4,94.4,91.3,81.8,82.1,87.7
9/5/18 21:01,21:00,89,83.4,91.4,87,84.8,96,90.2,81.2,80.5,89.6
9/5/18 22:01,22:00,85.1,82.3,89,86.3,81.2,95.4,90.5,81.2,79.9,87
9/5/18 23:01,23:00,84.1,80.1,86.5,81.6,81.2,91.5,87.3,76.8,77.2,84.8
9/6/18 0:01,00:00,83,80.7,84.2,82.7,84.2,91.5,86.8,76.8,77.8,85.8
9/6/18 1:01,01:00,84,84,85.3,83.1,84.4,92.4,85.2,81.8,78.8,88.9
9/6/18 2:01,02:00,87.1,81.8,90.5,86.7,83.1,92.9,90.3,81.2,81.4,88.9
9/6/18 3:01,03:00,87.1,83.8,87.7,88.3,85.6,94.2,91.8,83.4,85.4,92.9
9/6/18 4:01,04:00,88.5,87,90.4,89.3,88.1,94.2,90.2,80.7,87.9,89.3
9/6/18 5:01,05:00,88.5,82.1,91.9,91.3,89.8,94.2,92.7,80.6,87.9,91.8
9/6/18 6:01,06:00,90,83.8,91.9,89.8,90.4,96.2,94.3,79,83.8,90.8
9/6/18 7:01,07:00,85.5,80.1,87.8,85.2,85.5,93.3,87.8,81.2,79.3,83.5
9/6/18 8:01,08:00,73.1,68.7,73.9,66.2,79,75.1,71.3,78.5,72.8,59.6
9/6/18 9:01,09:00,62.7,68.7,65.1,64.4,72.4,71.7,72.4,74.6,66,60.2
9/6/18 10:01,10:00,60.4,67,56.8,54.9,58,64.6,66.1,69,60.8,52.4
9/6/18 11:01,11:00,58.7,56.3,52.5,52.5,54.6,55.6,60.3,64.4,57.9,53.7
9/6/18 12:01,12:00,57.5,55.8,46.3,52.5,50.6,43.2,50,56.7,56.8,46.3
9/6/18 13:01,13:00,48.5,47.9,42.6,53.2,43.8,46.2,45.1,47.6,48.5,41.3
9/6/18 14:01,14:00,51.5,49.1,50.1,53.2,51.8,52.5,52.4,48.8,51.5,47.5
9/6/18 15:01,15:00,45.4,47.9,41.4,49.5,47.7,43.2,53.1,45.8,50.8,43.8
9/6/18 16:01,16:00,48.4,50.8,45,50.7,48.3,48.1,54.2,50.5,50.8,46.8
9/6/18 17:01,17:00,53.8,55.7,48.7,53,52.3,53,56.6,55.4,54.3,51.1
9/6/18 18:01,18:00,58.1,67.1,54.9,57.9,60.4,53.7,60.2,57.3,49.1,53
9/6/18 19:01,19:00,65.7,68.7,63.4,66.8,66.5,65.2,73.1,64.9,67.2,60.9
9/6/18 20:01,20:00,72,69.9,65.8,67.4,71.1,71.1,79.8,67.2,65.5,65.6
9/6/18 21:01,21:00,72,73.9,68.8,72.6,74.4,72.8,83.7,69.5,68.9,69.1
9/6/18 22:01,22:00,77.6,77.3,72.8,78.8,77,72.8,87.5,72.4,72.8,71.5
9/6/18 23:01,23:00,78.7,83.4,78,82.2,77,79.7,90.2,81.8,75.6,77.7
9/7/18 0:01,00:00,79.3,96.9,77.4,81,80.3,80.8,86.4,84.4,76.1,76.6
9/7/18 1:01,01:00,80.9,87.8,80.8,84.1,83.1,80.8,87.3,86,78.8,79.4
9/7/18 2:01,02:00,82,90.2,84.2,84.7,85,80.8,87.8,89.2,79.3,80.5
9/7/18 3:01,03:00,84.2,93.3,84.8,84.1,86.3,85.2,91,91.7,80.3,81.6
9/7/18 4:01,04:00,88.5,94.8,88.1,84.8,87.6,82.5,91,93.4,84.5,82.2
9/7/18 5:01,05:00,82.6,93.4,82,78.8,92.6,82.5,89.1,91.7,86.6,76
9/7/18 6:01,06:00,82.6,86.8,82.6,79.4,90,79.7,87,84.4,82.6,79.4
9/7/18 7:01,07:00,78.7,91.1,80.3,77.7,86.8,76.2,81.5,88.1,79.4,76.6
9/7/18 8:01,08:00,70.9,81.8,75.7,46.8,82.3,65.2,65.6,80.7,71.7,44.6
9/7/18 9:01,09:00,58.7,67.6,67.6,44.7,64.7,53.7,64.4,71.8,67.8,40.7
9/7/18 10:01,10:00,56.9,66.5,54.4,52,56.1,50.7,58.5,66.7,64.4,38.3
9/7/18 11:01,11:00,55.2,59.4,43.9,49.7,51.4,46.4,52.5,62.7,61.5,41.9
9/7/18 12:01,12:00,47.8,56.4,36.3,37.7,44.5,36.8,45.1,56.8,50.8,37.5
9/7/18 13:01,13:00,41.6,47.2,34.9,41.5,36.7,31,38.7,46.3,43.4,30.5
9/7/18 14:01,14:00,36.5,41,29,38.2,34,29,38.1,38.7,37.1,31.6
9/7/18 15:01,15:00,34,37.1,27.1,34.4,31,27.4,39.2,31,34.5,31.6
9/7/18 16:01,16:00,30.7,34.5,28.4,32.5,33.6,28.7,37.3,31.5,32.1,29
9/7/18 17:01,17:00,35.7,35.1,33.3,36.2,37.8,30.4,39.1,27.7,24.5,29
9/7/18 18:01,18:00,43.3,35.6,37.8,39.3,41.9,35,42.9,36.5,27,35.2
9/7/18 19:01,19:00,49.4,48.2,44.2,51.1,44.5,42.8,57.6,45.5,43.8,38.4
9/7/18 20:01,20:00,55.5,55,49.8,56,50.8,53.5,64.2,51.7,49.4,42.9
9/7/18 21:01,21:00,62.1,57.4,58.5,61.4,56.9,61.6,71.3,52.3,53.6,56.6
9/7/18 22:01,22:00,67.4,63.4,64.5,67.8,62.3,67,74.7,59.5,59,62.6
9/7/18 23:01,23:00,69.7,68.6,69.9,73.6,65,67,78.7,61.9,60.7,66.1
9/8/18 0:01,00:00,70.8,70.9,68.6,71.9,68.3,67.5,72.9,67.1,63,64.9
9/8/18 1:01,01:00,72.2,74.4,72.2,73.8,71.7,70.4,74.8,67.1,69.3,64.9
9/8/18 2:01,02:00,72.6,77.8,82,78.1,78.3,69.2,76.4,72.3,73.9,66.5
9/8/18 3:01,03:00,74.2,79.4,73.5,79.1,80.6,76.3,76.4,72.3,79.2,70.9
9/8/18 4:01,04:00,78.5,75.5,70.5,83.4,91.1,80.7,81.7,69.4,75.5,77.5
9/8/18 5:01,05:00,80.1,80.9,82.2,83.9,90.2,83.3,86.9,75.2,75.9,80.2
9/8/18 6:01,06:00,82.1,79.5,76,84.9,92.8,85.4,90.1,77.3,75,82.9
9/8/18 7:01,07:00,73.1,62.2,78,47.2,87.4,79.7,79.8,77.3,63.7,73.9
9/8/18 8:01,08:00,64.5,55.8,72.8,42.9,78.4,65.2,51.8,70.7,60.8,40.1
9/8/18 9:01,09:00,45.9,54,56.7,39.6,57.2,51.2,60.8,61.4,51.8,38
9/8/18 10:01,10:00,40.2,40.9,39.8,38.3,44.3,37.8,44.3,49.9,42.1,29.6
9/8/18 11:01,11:00,38.4,37.1,31.5,36.5,35.4,33.4,34.8,37.9,35.8,29.6
9/8/18 12:01,12:00,31.3,30.7,23.8,26.9,28.3,25.5,29.7,32.8,30.8,24.4
9/8/18 13:01,13:00,25.4,24.9,19.7,24.2,22,21,23.4,34.4,23.6,21.2
9/8/18 14:01,14:00,21.5,20.2,18.4,21.5,18.3,21.7,25.8,22.2,18.9,20.4
9/8/18 15:01,15:00,21.5,17.6,20.5,19.6,18.3,24.4,27,17.6,16.9,21.9
9/8/18 16:01,16:00,16.8,18.8,15.5,18.2,18.7,20,21.6,16.7,15,17
9/8/18 17:01,17:00,26.7,18.2,19.4,26.6,22.2,23.9,24.3,16.2,19.6,17
9/8/18 18:01,18:00,36.5,34.6,32.8,38.3,35,31.3,40.6,34.8,32.8,25.6
9/8/18 19:01,19:00,40.2,39.7,37.3,42,40.6,38.5,42.4,39.9,39.7,34.1
9/8/18 20:01,20:00,45.9,44.6,43.7,45.7,50.2,43.6,48,44.9,45.3,39.9
9/8/18 21:01,21:00,41.4,46.4,43.7,45.7,49.5,51.2,46.7,48,44.5,43.7
9/8/18 22:01,22:00,63.9,58,64,48.7,51.5,69.9,63.1,48,52.5,65.6
9/8/18 23:01,23:00,66.3,86.2,71.1,86.6,56.2,59.7,72.5,69,71.2,57.8
9/9/18 0:01,00:00,67.4,70.4,68.7,82.2,61.7,64.6,63.1,64.3,64.3,65.6
9/9/18 1:01,01:00,68.6,63.9,71.1,79.9,58.2,61.5,67.2,58.9,70,63.2
9/9/18 2:01,02:00,69.7,68.6,69.8,82.7,64.3,57.8,66.6,65.4,70,55.9
9/9/18 3:01,03:00,65.6,68,70.4,79.9,63.6,54.7,56.9,55.2,68.8,58.3
9/9/18 4:01,04:00,73.1,68.6,69.8,79.9,74.1,59.6,70.6,63.6,66.5,60.1
9/9/18 5:01,05:00,67.9,73.4,69.8,78.1,77.9,66.2,71.2,62.4,61.8,67.9
9/9/18 6:01,06:00,68.5,69.8,70.4,80.3,72.8,69.8,74.7,64.2,63,66.1
9/9/18 7:01,07:00,66.2,58.6,65.1,70.2,70.4,63.3,64.2,56.4,58.3,58.3
9/9/18 8:01,08:00,57.4,47,59.1,57.8,61,56,49.1,53.5,51.8,48.5
9/9/18 9:01,09:00,36.5,37.2,44.8,35.3,45.6,37.2,41,40.4,37.6,28.5
9/9/18 10:01,10:00,30.7,30.1,32.1,31.4,35.3,29.3,33.5,31.3,34.6,22.5
9/9/18 11:01,11:00,26.1,26.9,20.2,24.9,24.8,24.7,25.8,26.7,27.4,18.3
9/9/18 12:01,12:00,17.9,16.7,12.8,16.9,19,15.1,17.6,15.8,16.6,11.4
9/9/18 13:01,13:00,15.9,15.5,12.8,15.5,13.8,13.8,13.2,14.4,16.1,9.5
9/9/18 14:01,14:00,14.7,15.5,11.6,15.5,13.8,12.3,15.7,12.4,14.2,11.4
9/9/18 15:01,15:00,16.7,14.8,12.6,14.9,15.1,14.8,17.5,12.4,13.5,12
9/9/18 16:01,16:00,17.8,15.3,14.4,15.2,17.7,18.3,18.7,14.3,17.3,11
9/9/18 17:01,17:00,16.5,16.1,18,18.6,17.7,14.8,22.3,11.9,8.7,11
9/9/18 18:01,18:00,29.1,20.1,20.5,27.8,21.2,18.8,29.9,18.5,13.1,13.1
9/9/18 19:01,19:00,38.7,24.5,35.1,38,37.6,34.3,41.4,23.1,26.5,25.2
9/9/18 20:01,20:00,41.9,32.9,37.7,43.6,34.6,40.8,44.6,27.1,29.1,29.9
9/9/18 21:01,21:00,39.9,34.9,38.9,44.8,39.6,36.1,38.9,27.1,35.5,30.5
9/9/18 22:01,22:00,43,35.4,39.5,43.5,32.4,43.9,41.9,30.4,32.2,34.3
9/9/18 23:01,23:00,45.5,38.6,43.2,48.5,40.1,39.3,45.1,33.6,39.8,36.8
9/10/18 0:01,00:00,49.2,41.7,45.1,50.9,44.3,47,51.9,38.1,42.3,41.3
9/10/18 1:01,01:00,48.5,44.7,47,57.6,47.8,57.7,51.9,37.3,48.5,40.6
9/10/18 2:01,02:00,55.9,47.2,53.3,61,46.3,66.2,55.6,41.9,47.2,51.3
9/10/18 3:01,03:00,55.9,54.7,55.8,56.9,47,68,58,45.7,45.9,54.6
9/10/18 4:01,04:00,56.5,50.9,57,58.6,61.5,66,58,45,45.3,55.2
9/10/18 5:01,05:00,53.5,44.7,54,63.8,59.4,68.2,54.4,43.1,47.8,58
9/10/18 6:01,06:00,54.1,44.7,52.1,56.8,56.1,67,53.8,44.3,42.8,50.9
9/10/18 7:01,07:00,46.1,34.7,50.1,30.1,49.9,52.6,48.2,39.3,34.8,43.8
9/10/18 8:01,08:00,38.7,29.1,38.8,26.9,45.9,36.8,31.2,31.5,32.9,20.9
9/10/18 9:01,09:00,38.1,30.5,37,24.7,38.4,38.2,37,31,26.5,24.6
9/10/18 10:01,10:00,25.2,22.8,26.7,25.5,30.2,24.6,26.9,23.8,24,13.1
9/10/18 11:01,11:00,22,18.9,19.7,20.3,21.2,18.6,22.4,19.1,20.7,14.2
9/10/18 12:01,12:00,19.4,17.7,13.8,19.1,16.9,13.1,19.1,15.9,17.5,13.6
9/10/18 13:01,13:00,15.4,15.6,11.4,12.9,12.6,13.9,14.5,13.1,14.2,8.3
9/10/18 14:01,14:00,12.1,12.1,10.2,12.9,11.9,12.6,15.1,11.8,12.1,8.9
9/10/18 15:01,15:00,11.4,10.8,8.8,13.6,11.9,11.1,12.1,9.8,12.1,8.1
9/10/18 16:01,16:00,12.1,14.9,10.8,13.6,11.9,11.5,16.2,10.4,12.1,10
9/10/18 17:01,17:00,17.2,14,14.6,17.3,12.7,14.8,17.5,13.7,14.3,12.5
9/10/18 18:01,18:00,21.1,16.6,17.9,20.6,16.2,19.6,22,15.7,16.7,14.5
9/10/18 19:01,19:00,23.7,23.2,21.9,24.4,20.4,16.5,25.3,22.5,21.3,19.2
9/10/18 20:01,20:00,25.7,24.5,23.8,27,21.2,22.1,24,23.1,21.9,22.6
9/10/18 21:01,21:00,30.2,26.4,27.7,28.8,26,29.5,31.7,24.4,23.8,26.5
9/10/18 22:01,22:00,37.9,28.3,35.6,33.3,26.7,31.4,41.3,27,27.1,36.2
9/10/18 23:01,23:00,39.2,33.5,36.8,36.5,33.2,34,39.4,29.7,31.6,32.9
9/11/18 0:01,00:00,44.9,36.7,40,37.8,35.2,33.2,38.1,34.2,31.6,39.3
9/11/18 1:01,01:00,50.5,41,43.2,44,39.4,30.5,43.8,34.8,35.3,40
9/11/18 2:01,02:00,46.7,42.3,43.2,47.1,41.5,38.5,42.5,35.4,30.7,28.8
9/11/18 3:01,03:00,42.9,40.3,40.5,51.5,40.7,41.1,41.8,34,32.7,29.5
9/11/18 4:01,04:00,48.5,33.9,43,48.3,40,49.5,44.9,30.7,30.7,39.3
9/11/18 5:01,05:00,49.7,40.2,44.3,45.2,40,62.6,44.3,32,31.9,36.6
9/11/18 6:01,06:00,48.5,37.1,43.7,47.1,42.1,63.7,47.5,36,30.7,37.9
9/11/18 7:01,07:00,44.2,30.3,43.2,22.9,38,61.5,38,32.8,27.7,32.1
9/11/18 8:01,08:00,34.8,24,36.2,21.8,33.3,32.3,30,27.7,25.2,18.1
9/11/18 9:01,09:00,26,20.9,25.9,20.3,24.6,22.4,28.8,22.5,22,15.6
9/11/18 10:01,10:00,20.2,19.8,19.5,19.6,19,20,21.7,19.4,18.9,11.7
9/11/18 11:01,11:00,20.8,14.5,17.4,17,13.2,15.4,24.3,13.8,13.6,14.8
9/11/18 12:01,12:00,18.7,12.7,14.6,13.6,14.1,16.2,16.7,10.9,12.7,10.5
9/11/18 13:01,13:00,17.9,12.7,16.5,16.1,15.8,15.3,17.4,12.2,15.5,12.6
9/11/18 14:01,14:00,17.4,14.1,16,14.9,17.3,14.3,17.4,11.6,14.4,11.5
9/11/18 15:01,15:00,16.1,16.2,15.5,18.2,13.9,17.7,18.2,16.6,16.2,14.9
9/11/18 16:01,16:00,17,17,12.9,16.4,18.8,14.4,23.8,14,15,12.2
9/11/18 17:01,17:00,18,17.6,16,18.8,18.8,17.7,20.3,13.4,9.6,12.9
9/11/18 18:01,18:00,23.8,20,20.6,23.9,19.2,19.5,32.6,17.8,15.6,16.7
9/11/18 19:01,19:00,30.3,25.2,25.1,28.9,24.7,29,38.3,21.8,22,26.6
9/11/18 20:01,20:00,34.8,27.7,30.5,34.7,29,37.5,45.9,24.5,24.6,29.9
9/11/18 21:01,21:00,40.5,32.2,38.2,41.7,41,40.7,56.4,32.3,30.4,32.4
9/11/18 22:01,22:00,43.7,37.3,41.4,42.2,41.6,38.7,67.8,32.3,35.5,36.3
9/11/18 23:01,23:00,49.3,44.2,50.3,53.4,40.8,45.8,65.4,36.9,40.5,44.6
9/12/18 0:01,00:00,54.2,50.5,53.4,54,45.1,55.3,70.6,40.1,40.5,48.3
9/12/18 1:01,01:00,51.1,49.2,51.5,57.7,47.1,56.5,61.2,42.6,41.7,48.3
9/12/18 2:01,02:00,50.4,48.5,49.5,58.8,48.5,58.3,67.1,41.9,41,50.2
9/12/18 3:01,03:00,52.9,48.5,53.3,57,49.1,56.4,60.5,42.5,41,53.3
9/12/18 4:01,04:00,52.2,45.4,50.2,53.3,62.3,58.2,55.6,43.2,41,47.6
9/12/18 5:01,05:00,47.3,44.7,48.2,43.3,55.3,55.8,58.7,40.6,40.3,46.9
9/12/18 6:01,06:00,49.8,42.9,49.5,51.5,50.5,63,53.1,38.7,39.7,45
9/12/18 7:01,07:00,43.1,34.8,52.1,29.8,43,58.9,41.9,36.1,34.2,38.1
9/12/18 8:01,08:00,36.2,26.5,35.5,22.6,36.1,31.6,31.4,29,27.9,17.6
9/12/18 9:01,09:00,22.7,22.8,24.5,19.1,25.3,26.6,29.4,23.1,19.2,15.5
9/12/18 10:01,10:00,16.7,16.2,15.2,16.3,15.9,14.3,21,14.3,15.4,10.8
9/12/18 11:01,11:00,15.4,11.4,9.5,11.6,12.5,12.3,17.1,13,12,7.9
9/12/18 12:01,12:00,11.1,10.1,7.5,8.1,8.7,10.9,10.9,8.9,9.2,5.2
9/12/18 13:01,13:00,9.9,8.7,7.5,10.2,8.1,9.5,12.4,8.1,9.2,5.9
9/12/18 14:01,14:00,8.6,9.5,7.5,9.5,8.1,7.4,10.1,7.5,8,5.1
9/12/18 15:01,15:00,7.9,8.1,7.5,8.9,5.8,8.1,10.8,7,7.3,5.1
9/12/18 16:01,16:00,7.9,7.4,6.6,9.7,6.3,8.1,9.4,7,7.3,5.9
9/12/18 17:01,17:00,8.4,8.8,8.5,10.8,7.7,9.3,10.8,7,5.8,5.9
9/12/18 18:01,18:00,13,9.3,12.4,11.2,7.7,10.5,20.1,7.3,6.8,7
9/12/18 19:01,19:00,16.1,14,15.7,15,10.3,15.2,19.3,12.9,12.5,10.9
9/12/18 20:01,20:00,22.2,15.1,20.3,22.8,15.2,21.3,26.4,14.8,12.5,14.3
9/12/18 21:01,21:00,21.4,16.3,20.9,23.4,16.5,21.3,24.3,16.1,14.2,19.6
9/12/18 22:01,22:00,28,22.8,26.1,28.6,20.1,28,33.4,17.3,22.2,22.2
9/12/18 23:01,23:00,35.2,27.3,28.7,36.3,23.6,27.2,39.3,22.7,26.1,27.5
