Date - Time,hour,H16,H17,H18,H19,L16,L18,L19,L20,M16,M17,M18,M19,M20,VH16,VH18,VH19,VH20,VL16,VL17,VL18,VL19,VL20
6/23/2017,0:00,36.6,81.1,82.5,83.4,81.3,81.3,84.4,37.6,80.8,40.2,79.7,78.3,80.8,82.9,86.5,40.1,86.6,79.6,78.1,79.6,37.8,38.5
6/23/2017,1:00,37.9,83.2,81.9,82.9,80.2,81.3,83.8,38.8,82.4,41.4,79.7,78.8,81.3,82.9,85.5,41.3,86,80.1,78.6,80.1,38.3,39.1
6/23/2017,2:00,38.4,82.7,81.9,82.9,79.7,81.9,83.3,40,82.9,41.9,80.3,78.3,80.8,82.9,87,42.5,86,80.1,78.6,79.6,39.5,40.3
6/23/2017,3:00,40.3,82.7,82.5,82.3,81.3,82.4,83.3,41.2,82.4,43.8,81.3,79.9,81.3,82.9,87,43.1,87.1,79.1,80.2,81.7,40,40.8
6/23/2017,4:00,40.9,82.7,81.9,83.4,83,84,84.4,41.2,82.4,45,82.9,83.1,81.8,83.4,86.5,43.7,86.6,81.2,81.2,81.7,41.3,40.8
6/23/2017,5:00,42.1,82.7,83,83.4,83.5,83.4,83.8,41.8,82.9,45,82.4,79.3,81.8,84.5,86.5,43.7,88.7,80.6,82.3,81.1,41.9,41.5
6/23/2017,6:00,42.1,82.2,83.6,84.5,82.4,84,85,43,84.5,44.4,82.4,80.4,81.3,85,87.6,44.3,87.1,81.2,80.8,82.2,43.8,41.5
6/23/2017,7:00,48.4,82.7,83.6,83.9,82.4,82.9,84.4,57,84,56.1,81.3,80.4,81.8,82.3,86.5,53.7,86,79.7,80.8,81.7,53.6,57.6
6/23/2017,8:00,49.7,78.5,81.4,80.2,80.8,81.9,80.5,75.8,83,54.3,76,76.2,77.6,81.3,83.9,50.5,82.2,77.1,76,77,71.5,48.4
6/23/2017,9:00,46.9,70.3,76.5,69.4,73,71.6,72.7,70.3,72.8,48.7,61.5,65.6,53.3,73.1,72.6,47.3,75.6,73.4,70.6,68.8,65.4,42.6
6/23/2017,10:00,59.5,56.2,64.7,63.8,66.9,63,49.3,66.9,70.6,62.7,53.5,56.5,36.9,68.6,68.1,66.8,68.8,66.3,63.3,59.8,60.3,27.3
6/23/2017,11:00,52.5,64.1,64.1,62,62.8,57.2,61.1,61.8,68.4,62.7,50.5,51.2,47.9,64.6,67,61.5,65.3,63.5,57.6,53.4,55.7,57.8
6/23/2017,12:00,56.1,63.5,69.7,60.9,65.1,55.4,65.2,58.4,68.4,62.2,51.7,55.3,46.1,62.2,71.5,63.4,71.1,64.1,55.8,54.5,53.9,58.3
6/23/2017,13:00,58.3,62.4,70.9,63.1,66.2,56,65.2,60.1,68.4,63.3,54,57,47.3,64.5,68.7,67.3,67.6,62.4,59.9,55.1,53.9,63
6/23/2017,14:00,56.6,64.1,67.5,62,62.2,56.6,64.6,59.5,67.8,62.1,52.8,53.5,54.4,62.8,64.1,67.8,70.5,61.8,58.7,56.2,53.9,60.7
6/23/2017,15:00,50,66.4,68,64.3,62.8,56.6,61.6,58.9,67.8,60.4,49.8,56.4,59.1,66.8,69.8,67.3,66.4,55.5,55.7,59.2,54.4,53.6
6/23/2017,16:00,40.9,60.7,66.3,63.1,63.9,58.3,58.8,57.7,66.7,57.4,49.8,54.1,60.3,64.6,65.3,62.7,64.7,50.3,55.7,54.5,52.6,53.6
6/23/2017,17:00,42.2,62.4,57.2,64.2,65.7,60,59.9,57.1,66.1,61,50.5,53,59.7,68.6,67,63.3,69.3,43.1,56.4,55.7,52,51.2
6/23/2017,18:00,42.2,72.5,77,73.7,75.8,64.1,71.5,65.2,71.2,66.7,58.5,61.1,66.5,75.8,75.8,72.9,79.4,55.5,62.7,67.1,56.2,65.3
6/23/2017,19:00,70.3,78.4,79.7,76.4,78.6,71.5,78.3,70.2,77.1,74,69.9,67.3,72.1,80.2,82.8,81.1,83.3,73.8,71.6,70.4,68.2,73.1
6/23/2017,20:00,76.8,80.6,80.3,79.7,79.1,76.4,80.5,72.5,78.7,76.7,75.9,75,77,81.8,82.8,83.3,85.5,77.6,74.4,73.7,69.3,76.3
6/23/2017,21:00,80.5,84.3,83.5,83.9,83,79.2,86,75.7,82.4,80.5,80.2,80.9,78.6,85,87.6,87,90.3,82.2,77.6,80.1,74.2,80.1
6/23/2017,22:00,83.7,84.3,83,83.9,82.4,82.4,86.6,77.4,84,83.7,80.8,81.5,81.3,87.1,86.5,85.9,90.9,80.6,79.2,82.2,74.8,84.2
6/23/2017,23:00,85.2,83.8,84.1,84.4,82.9,83.5,86,77.9,83.5,82.6,84.5,82,81.8,87.6,87,87.5,91.4,82.7,80.2,80.6,75.9,82.7
6/24/2017,0:00,85.2,85.3,84.1,84.9,82.9,84,87.7,77.9,84.5,81.5,82.9,83.1,82.3,86.6,89.1,85.9,91.4,82.7,79.7,81.1,75.3,84.2
6/24/2017,1:00,85.7,85.8,86.2,86,83.5,85.6,89.3,78.4,85.5,85.2,84.5,83.6,82.3,86.6,89.1,91.1,92.5,86.2,82.3,84.2,78.5,85.2
6/24/2017,2:00,87.2,86.9,87.3,87.6,86.2,85.6,89.8,80.6,86.6,85.2,86,85.7,84.4,88.2,90.1,90.6,93,85.7,82.3,86.3,79.1,87.2
6/24/2017,3:00,86.7,87.9,86.7,88.1,88.9,87.1,89.8,81.1,87.1,86.8,86.5,85.2,86,89.7,91.2,91.1,93,85.2,84.9,88.3,80.1,86.8
6/24/2017,4:00,87.7,88.9,86.7,88.1,87.8,89.2,90.4,83.2,88.1,87.8,86.5,86.7,86.5,91.3,92.2,92.2,94,86.7,85.4,88.3,81.7,88.2
6/24/2017,5:00,88.2,87.9,88.3,89.1,87.8,88.7,90.4,83.2,87.6,87.3,88.6,88.2,87.6,91.3,91.7,91.1,93.5,85.7,86.9,88.8,82.8,87.3
6/24/2017,6:00,88.2,86.9,86.7,88.1,87.8,88.7,90.9,82.2,88.1,87.3,88.1,84.1,86.5,89.7,92.2,90.1,96.1,86.2,85.4,87.3,81.7,86.8
6/24/2017,7:00,81.1,84.3,84.6,84.4,83.5,85.6,87.1,78.4,87.1,84.2,82.4,80.9,80.8,86.6,89.6,84.3,88.2,82.2,81.8,82.7,78.6,83.2
6/24/2017,8:00,64.2,83.2,87.8,84.4,85.7,83,85.5,75.8,84,83.7,73.8,74,74.3,85.5,88.1,82.2,82.2,79.1,78.1,75.8,73.7,78.5
6/24/2017,9:00,70.3,80.6,80.8,82.4,81.3,77.1,82.8,75.8,82.4,85.3,76.5,76.2,64.3,80.2,81.8,82.2,81.7,79.1,74.9,76.4,72.6,81.1
6/24/2017,10:00,63,54.5,64.6,66.5,70.8,66.5,50.5,68.7,72.8,72.9,56.4,62.9,36.3,65.8,69.3,66.2,68.8,66.3,67.8,60.9,61.4,68.7
6/24/2017,11:00,51.9,65.2,67.5,62,65.1,57.8,66.9,63.5,69.5,62.2,49.9,49.4,49.6,71.9,74.2,65.6,65.9,65.7,55.8,60.9,55,59.5
6/24/2017,12:00,58.4,72.4,78.1,73.7,74.7,58.9,72.6,61.8,74.4,67.3,56.3,61.1,59.6,75.8,76.9,67.8,69.9,67.9,59.8,61.4,56.8,67.5
6/24/2017,13:00,65.8,66.4,68,63.2,67.9,67,67,66.3,75.5,71.8,63.2,66.7,55.6,64,69.2,75.7,76.1,70.7,67.7,65.4,62,68.1
6/24/2017,14:00,53,58.4,65.2,56.2,63.3,60.7,62.8,58.3,67.8,61.6,49.9,50.6,51.4,59.4,57.9,62.2,61.8,53.2,58.7,55.7,53.8,60.7
6/24/2017,15:00,45.8,60.1,62.8,60.2,62.8,55.4,57.5,55.4,63.8,56.3,45.1,51.8,54.4,56.4,61.3,61,61.2,50.8,55.2,50.9,51.5,51.2
6/24/2017,16:00,38.3,58.9,64.6,59.6,62.2,55.4,56.4,55.4,65,55.1,47.4,52.3,56.7,61.1,62.4,61.6,60,49,53.4,51.6,50.2,53.7
6/24/2017,17:00,38.9,60.1,57,62,63.9,56.5,58.1,56,63.8,58,47.4,52.9,56.1,61.1,63.5,61,65.2,42.3,54.5,55,49.6,50.7
6/24/2017,18:00,35.1,61.2,66.3,64.8,66.2,59.4,61.6,57.1,62.7,58,49.8,52.9,57.9,66.2,66.4,63.2,65.7,45.4,54,55,50.2,53.6
6/24/2017,19:00,60.6,64.6,68.5,64.8,69,62.3,66.3,59.4,64.4,63.2,56.8,55.8,63.6,69,71.4,66.7,70.9,50.7,58.7,48.6,53.8,60.7
6/24/2017,20:00,66.8,72.4,77,74.8,75.2,66.3,76,63.4,71.6,68.9,66,67.8,69.3,75.8,76.4,73.4,78.3,68.4,64.9,68.2,59.5,70.9
6/24/2017,21:00,72.4,77.4,78.6,78.6,78.6,71.4,78.3,67.4,74.4,72.3,70.4,73.4,74.8,79.6,78.5,78.4,82.2,71.7,69.9,74.2,64.8,75.2
6/24/2017,22:00,76.8,79.5,81.4,81.8,80.8,74.2,83.3,70.8,77.1,76.2,75.9,76.1,77.5,80.7,81.8,80.1,87.1,74.9,72.7,75.8,68.2,77.9
6/24/2017,23:00,79.5,82.2,83,83.4,81.9,77.5,86.6,72.5,79.8,77.8,77.6,78.8,80.2,83.4,83.9,80.6,88.2,78.6,74.3,78.5,69.3,81.1
6/25/2017,0:00,82.6,83.2,83.5,84.4,83,80.3,86.6,74.7,81.9,78.9,81.3,80.9,80.8,83.9,84.9,82.2,89.3,80.7,77.6,81.1,71,82.7
6/25/2017,1:00,86.2,85.3,84.6,85.5,83,81.3,88.8,74.1,81.9,79.4,82.4,80.9,82.9,87.1,86.5,83.8,90.3,81.2,78.1,83.7,72.6,81.6
6/25/2017,2:00,86.2,86.4,84.1,86,84,83.4,88.8,74.7,84,81,83.9,83.1,84.4,86.6,88.1,83.8,94.6,82.7,78.6,82.7,72.1,83.2
6/25/2017,3:00,88.2,85.3,86.7,86.5,83.5,84.5,89.3,75.7,84,81.6,85,83.6,84.4,87.6,89.1,84.9,93.5,83.7,80.2,84.7,72.6,84.7
6/25/2017,4:00,88.7,85.8,85.7,87,86.7,84.5,90.4,76.8,85.5,82.6,86,83,85.5,88.2,89.1,86.4,94.6,84.7,81.8,86.3,73.7,85.8
6/25/2017,5:00,90.2,85.3,86.7,88.1,86.7,87.1,91.5,76.8,85,83.2,87.6,84.6,87.1,88.7,90.6,87.5,94,83.7,82.8,87.3,75.3,85.8
6/25/2017,6:00,91.2,84.8,88.3,89.1,86.7,86.1,91.5,76.8,85,84.2,86,84.6,86.5,88.2,90.6,87,95.1,81.6,81.2,85.8,76.4,84.7
6/25/2017,7:00,80.6,82.2,86.2,77.6,80.2,81.3,89.9,51.9,84,84.2,83.4,76.7,72.2,50.7,87.6,80.1,77.8,78.6,77,75.4,69.3,81.1
6/25/2017,8:00,51.2,60.8,73.7,68.8,69.1,74.9,82.2,66.3,75,78.4,68.8,65.7,38.2,68.5,74.8,68.5,75,73.9,67.2,60.9,60.3,72
6/25/2017,9:00,51.9,61.3,60.6,65.4,63.4,65.9,67.5,63,66.7,71.8,49.8,59.9,46.7,64.6,65.9,64.5,68.7,67.9,63.3,55.1,53.8,66.5
6/25/2017,10:00,52.5,47.9,55.9,56.8,57,59,43.3,59.5,63.9,61.6,43.4,50,33.3,58.9,61.9,56.9,60,61.3,55.2,48.7,49.1,58.4
6/25/2017,11:00,44.6,53.8,55.9,51.6,54.7,50.8,54.8,52.5,60,54.6,37.9,43.5,40.1,57.1,58.6,50.3,55.3,55.6,48.2,46.9,43.7,50.8
6/25/2017,12:00,45.3,51.5,54.7,52.8,51.1,45.3,54.1,49.1,56.5,51.1,38.6,45.3,39,46.4,58,48.6,54.1,51.6,45.2,45.1,41.3,50.8
6/25/2017,13:00,43.5,46.1,54.7,45.6,47,42.1,49.9,46.6,51.1,48.6,36.1,41.8,32.7,43.8,49.1,48,47.6,42.5,42.1,40.2,42.6,45.2
6/25/2017,14:00,38.4,44.8,51.7,46,48.1,39.5,48,44.2,47.5,43.6,34.7,34.8,36.2,45,40.5,45.5,43.8,38.7,39.6,39.5,38.7,40.8
6/25/2017,15:00,35.2,46.6,54.1,47.8,50.4,41.3,46.8,45.9,48,44.2,37.7,41,41.1,44.3,47.7,51.5,47.9,38.7,41.3,43.1,40.5,39.4
6/25/2017,16:00,32.7,51.3,57.6,54.4,56.3,45,51,46.4,53.4,47.3,39.5,44.6,45.4,53.3,53.1,53.9,50.3,40,46.2,47.9,42.3,41.4
6/25/2017,17:00,35.8,58.3,51.7,58.5,62.2,51,52.7,48.8,57.5,49,40.2,45.1,52.6,59.3,58.9,51.4,62.2,39.3,48.6,52.7,41.7,47.6
6/25/2017,18:00,31.4,55.4,58.8,59.6,63.3,55.9,55.8,51.2,58,53.9,43.8,48.7,56.7,59.9,61.8,56.2,62.8,33.1,49.8,53.9,45.5,51.8
6/25/2017,19:00,53.6,60.7,65.2,60.3,65.1,58.3,61.7,54.8,58,55.1,51,49.4,57.9,65.7,65.3,60.5,65.2,43,52.8,42,47.2,52.4
6/25/2017,20:00,61.3,66.9,70.3,68.2,68.5,61.2,67.5,58.9,62.7,60.4,57.5,58.7,63.1,69.7,70.9,64.5,70.4,57.8,56.9,61.4,52,61.2
6/25/2017,21:00,67.5,69.7,70.3,70.4,69.1,64.7,70.3,60.6,66.1,61.6,62,63.3,65.9,73.6,73.7,67.3,73.8,61.8,61,63.7,56.8,63
6/25/2017,22:00,69.2,70.8,73.1,72.7,70.2,65.8,72.1,62.4,66.1,63.3,62.6,64.5,67.1,75.8,76.9,68.5,78.9,62.3,60.4,66.6,56.8,64.7
6/25/2017,23:00,70.9,73,72.5,73.7,69.6,68.1,74.3,64.1,67.8,66.2,63.2,66.7,68.7,76.9,76.9,69,81.7,65.2,62.1,70.4,60.9,68.7
6/26/2017,0:00,74.7,73,74.2,75.4,70.2,70.9,76.6,65.8,70.6,67.9,67.1,69.6,71.5,79.7,79.6,69.6,84.4,67.4,63.3,70.4,62,69.8
6/26/2017,1:00,76.8,77.4,77.5,77.5,72.4,71.5,78.3,66.9,72.8,69,70.5,71.2,74.3,82.3,77.4,70.7,84.9,70.7,65,69.8,63.1,69.8
6/26/2017,2:00,79,76.8,78.6,80.2,74.7,74.8,79.4,66.9,72.8,70.7,72.7,72.3,75.9,80.7,81.8,74.1,86,69.6,68.9,72.6,64.8,72
6/26/2017,3:00,80.6,76.8,80.3,81.8,74.7,77.5,82.2,69.2,69.4,72.3,74.3,73.4,75.4,82.8,80.7,75.7,88.2,69.6,70.5,74.8,64.2,73.6
6/26/2017,4:00,82.7,77.3,80.8,82.8,76.9,75.8,84.4,69.7,67.6,72.9,77,74.5,74.8,82.8,78.5,76.8,88.7,71.2,68.8,77.4,66.5,75.2
6/26/2017,5:00,83.7,76.8,80.2,82.8,78.5,75.8,84.9,70.2,68.8,74,77.6,75.6,79.2,81.8,76.8,77.9,91.4,70.6,65.9,79.6,68.8,75.8
6/26/2017,6:00,84.7,77.3,81.3,82.8,78.5,75.3,84.9,70.8,69.3,76.2,77.6,75,79.7,80.7,79,79.5,92.5,68.4,68.2,77.4,67.6,78.5
6/26/2017,7:00,76.9,72.4,80.3,69.9,73,73.1,81.6,47.2,69.3,75.7,75.4,69,66.7,43.8,76.9,71.8,71,65.7,66.6,67.7,62,74.2
6/26/2017,8:00,44,53.8,65.8,61.4,61.7,63.5,75.5,57.7,63.3,71.3,60.5,57.1,31.9,61.7,69.3,61,66.4,63.5,56.4,54,52.7,65.3
6/26/2017,9:00,41.5,50.2,52.4,54.5,54.1,54.8,60,54.9,54,61.7,42.2,48.2,39.4,54,56.7,51.6,59.4,57.3,48,46.3,45.5,54.9
6/26/2017,10:00,41.5,37.6,45.2,46.8,45.8,46.4,35.3,46.5,48.7,49.8,33.6,37.9,23.7,46.9,49.6,44.9,49.9,47.9,41.3,38.9,37.4,47.7
6/26/2017,11:00,32.6,40.7,46.5,42.6,41,36.9,43.9,39.7,43.1,40.6,28,31.7,29.3,42,42.9,36.7,39.2,41.8,36.4,34.5,31.1,34.3
6/26/2017,12:00,33.4,38.1,44.5,40.7,41,33.2,41.3,34.1,41.9,40.1,29.3,35,28.7,33.9,42.3,37.6,43.1,36.2,32,35.2,29.9,37
6/26/2017,13:00,31.9,37.4,44.5,38.2,40.2,31.8,40.6,26.1,39.3,36.7,27.1,32.9,28,36.2,40.4,36.1,39.2,34.9,31.2,34.5,25.8,37.5
6/26/2017,14:00,31.9,33.4,37.4,32.8,28.7,31,33.5,34,37.3,32.1,25.8,27.1,29.7,30.8,34.1,38.7,36,31,31.2,27.1,30.3,29.5
6/26/2017,15:00,22.3,34.6,39.9,35.9,37.5,28.7,34.7,26.6,32.6,28,22.9,26,27.4,32.8,35.1,29.1,31.9,24.9,26.3,28.9,22.7,26.7
6/26/2017,16:00,21.1,33.8,38.4,34.5,38,29.2,32.6,29.9,33.2,28.6,26.7,28.6,29.9,33.8,36.9,33.7,30.6,26.1,28.1,30.8,26.8,27.9
6/26/2017,17:00,23.8,35.1,32.9,37.7,37.4,33.2,34.7,31.1,35.1,34.4,28.6,30,31.2,37.1,37.5,36.9,39.5,24.2,30.8,31.5,27.4,26.9
6/26/2017,18:00,17.1,42.1,44.8,43.9,46.1,34.3,41.6,30.4,38.3,30.5,26,28,38.2,42.8,44.4,33,40.7,22.5,28.8,36.6,26.1,31.4
6/26/2017,19:00,37.8,44.5,53.2,45.8,50.8,40.2,45.8,34.9,39,38.3,35.5,33.1,38.8,48.9,47.4,41.9,45.1,29.4,35.3,27.9,31.2,36.5
6/26/2017,20:00,46.7,49.8,56.2,54.8,57.5,45.9,53.7,44.4,45.9,48.2,46,46.7,47.5,54.9,57.6,53.1,53.1,46.3,42.2,47.8,41.4,49.1
6/26/2017,21:00,54.6,55.8,58.6,57.7,56.8,50.2,56.1,47.5,50.8,50.7,50.2,52.7,51.2,58.5,63.4,55.5,60.9,48.7,45.9,50.1,44.5,51.5
6/26/2017,22:00,58.7,58.1,63.9,63,65,55.1,60.3,48.6,53.1,51.9,51.3,52.7,54.8,59.7,65.1,56.6,66.8,52.9,49,57.3,45.1,54
6/26/2017,23:00,61.6,63.9,67.9,66.9,66.1,56.8,67.9,46,56.7,56.1,57.2,59.2,58.3,66.1,67.9,61.4,71.4,57.6,52.6,63,43.2,61.8
6/27/2017,0:00,66.2,69,69.6,71.5,64.9,61.6,70.2,49.7,60.2,60.3,59,60.3,62.9,71.2,69.1,60.8,76.6,59.4,54.9,64.2,45.7,62.3
6/27/2017,1:00,66.2,69.6,71.3,71.5,67.2,59.1,73.7,52.2,58.4,59.7,61.3,63.8,64.1,72.9,70.1,58.9,79.4,63.4,54.3,65.3,47.5,61.1
6/27/2017,2:00,66.2,70.7,71.9,73.1,66.1,62.1,75.4,53.9,55.9,59.7,61.8,60.8,61.1,74,73,60.7,81.1,62.8,56,66.4,50.5,60.5
6/27/2017,3:00,67.3,70.7,73,73.6,66.6,63.8,76.5,55.7,60.7,59.7,61.8,62,66.3,74,71.2,63,82.1,62.8,54.8,66.4,53.5,64
6/27/2017,4:00,71.2,68.4,74.7,76.4,69.4,66.7,77.1,64.5,60.7,62.5,66.4,63.1,70.3,73.4,73.5,65.9,82.1,62.8,57.2,70.3,63.5,66.2
6/27/2017,5:00,74.6,68.9,72.9,76.9,73.4,70.2,78.8,66.8,60.7,64.9,69.8,66.6,70.8,75.1,72.4,70.5,83.8,63.3,60.1,73,64.7,69.7
6/27/2017,6:00,72.9,70.1,74.6,77.4,71.8,68.4,79.9,66.2,61.2,66,71.4,65.4,73.1,72.9,72.4,71.1,88.7,64.4,62.4,74.7,64.1,69.7
6/27/2017,7:00,56.9,69.6,74.1,65.3,63.8,61.5,77.6,37.7,61.9,60.7,60.6,56.2,57.8,37,70.1,57.7,62.2,57.5,55.4,60.2,49.9,61.1
6/27/2017,8:00,30.9,46.5,59.9,53.6,56.9,51.4,69.7,43.6,55.5,49.9,42.8,39.9,29.2,54.5,61.8,43.1,57.4,56.5,42.1,49.7,39.4,52.2
6/27/2017,9:00,30.1,43.2,46.1,47.7,46.7,40.1,49.5,36,45.9,41.2,29.1,36.2,32.8,44.7,46.8,36.2,51.4,48.1,33.2,42.4,34.4,40.3
6/27/2017,10:00,29.3,32.8,46.9,43.5,47.4,32.5,31.9,35.5,42.1,32.2,24.8,28.6,21.5,44.7,42.5,32.9,38.2,39.5,30,30.1,27.3,33.8
6/27/2017,11:00,24.7,42.2,48.7,42.9,46.9,28.6,44.9,33.6,40.3,33.1,24.8,24.8,30.3,42.9,43.2,32.4,42.9,36.4,28.1,36.9,28.7,29.2
6/27/2017,12:00,28.8,42.9,46.8,42.9,45.6,34.8,46.8,29.8,44.8,39.8,32.8,35.9,32.3,36.9,44.5,29.9,46.7,40.4,35.6,38.1,24.7,43.2
6/27/2017,13:00,32.5,40.4,48,39.9,43.8,36.2,41.2,23.9,43.6,39.8,32.8,35.4,30.5,38.6,41.5,25.9,45,36.7,35,36.3,23.5,40.7
6/27/2017,14:00,36.9,41.5,48,41.6,44.9,36.2,44.1,37.8,42.2,39.8,35.2,33.4,35.4,39.1,38.4,42.2,44.1,36.7,36.2,39.3,34.9,39.9
6/27/2017,15:00,31.1,43.4,48.6,45.9,49.7,36.7,45.4,37,43.5,40.3,33.3,37.7,37.2,43.6,44.5,44.7,46,36,36.2,40.6,33.4,34.8
6/27/2017,16:00,27.2,42.1,48.6,45.9,44.9,37.9,42.3,37,44.1,38.4,33.7,35.1,36.5,42.8,44.5,40.2,40.9,30.8,34.2,39.8,31.4,35.4
6/27/2017,17:00,27.2,42.1,41.8,45.2,46,37.9,43.4,33.7,40.8,39.6,33.2,35.6,37,43.3,43.7,43.3,47,28.3,35.3,37.8,31.4,32
6/27/2017,18:00,21.9,41.3,45.3,45.2,49,40.1,42.1,34.3,42.1,38.2,32.4,36.2,38.2,46.4,47.4,39.3,46.3,28.9,35.3,39.1,28.6,36.4
6/27/2017,19:00,42.9,49.8,58,47.6,59.2,44.6,50.1,33.5,44.6,43.8,40.4,36.2,47.5,53.7,52.7,45,50.6,33.9,39.7,34.8,31.2,41.6
6/27/2017,20:00,51.5,66.8,67.9,67.5,69.5,50.7,66.2,49.8,56.7,51.8,50.7,55,58.3,67.3,65.7,54.1,67.4,56.4,49.5,57.8,46.4,59.9
6/27/2017,21:00,66.8,74.6,72.4,73.6,71.8,62.8,75.4,58.1,66.6,63.1,65.3,66.6,68.6,72.9,74.1,68.3,76.5,70,62,65.8,53,67.4
6/27/2017,22:00,70.7,75.7,73,74.7,75.2,68.5,76.5,61.1,67.7,66.6,69.2,71.1,70.9,74.6,77.4,68.8,81,70.6,64.2,73.1,57.8,72.5
6/27/2017,23:00,74,78.4,74.7,77.5,78.5,70.8,79.9,63.4,69.9,70,73.1,71.6,73.7,76.8,79,73.4,84.9,72.2,65.9,74.7,58.9,73.5
6/28/2017,0:00,77.3,77.8,76.9,78.6,76.3,74.2,82.1,63.9,72.1,72.8,75.3,72.7,75.8,78.5,81.2,75.6,87.1,74.8,68.8,76.3,60.1,76.3
6/28/2017,1:00,80.5,76.2,78,80.2,77.4,76.9,82.7,66.8,74.3,75.6,77,73.8,78,79.6,82.8,78.9,89.8,74.8,71,77.9,65.2,75.7
6/28/2017,2:00,83.1,80.5,78.6,80.7,77.4,77.4,83.8,67.3,77.1,77.2,79.1,75.5,79.1,83.4,84.4,80,90.3,79.1,72.1,79,65.2,76.8
6/28/2017,3:00,82.6,81.6,79.7,82.3,81.8,78.6,85.4,67.3,76.5,76.6,78,74.4,79.6,82.8,85.4,80,90.3,78.5,72.6,81.6,65.2,77.3
6/28/2017,4:00,85.2,83.2,80.2,84.4,81.8,80.7,87.7,68.4,78.7,78.3,81.8,79.3,83.9,85,87,81.6,91.4,82.1,78,82.1,67.5,82.1
6/28/2017,5:00,88.2,82.1,81.8,86.5,83.5,81.8,89.3,69.6,78.7,82.6,86,80.3,83.9,83.3,88,85.9,93,80.6,77.5,84.2,69.2,82.6
6/28/2017,6:00,89.2,82.6,83.5,86.5,82.9,83.4,90.9,73.5,79.2,83.7,86.5,82.5,84.4,86,87.5,82.1,94.6,80.6,80.1,84.7,74.2,83.1
6/28/2017,7:00,79.5,79.4,83.5,75.9,81.3,80.7,87.7,77.9,78.7,82.1,83.4,77.2,72.6,51.5,86,79.4,77.7,78.5,79.1,79,73.6,82.6
6/28/2017,8:00,54.1,62.3,78.6,78.6,79.1,77,79.9,74,73.8,79.9,74.3,69.5,38,70.2,75.2,74.6,77.2,78.5,70.5,70.9,72,74.2
6/28/2017,9:00,57.1,64.6,62.2,67,69.5,69.8,72.6,69.1,66.6,75.1,57.4,63.8,49,66.8,68.6,67.8,73.8,70.6,65.4,61.4,66.4,69.8
6/28/2017,10:00,57.1,53.1,55.1,62.4,65,60.6,44.9,62.8,64.9,63.8,50.9,50.4,33,60.4,63.5,62.6,66.9,66.8,57.4,56.8,54.9,61.8
6/28/2017,11:00,45.5,53.5,55.1,51.9,54,51,50.8,53.4,58.5,54.3,44.2,44.4,41,55.7,56.5,53.7,56.8,54.7,50.8,45.3,46.5,51
6/28/2017,12:00,43,54.2,55.8,52.5,56.3,42.9,55.7,43.7,58,50.2,42.4,46.9,39.2,47.4,57.1,45.7,60,51.9,43.5,47.3,37.6,49.9
6/28/2017,13:00,45.6,53.6,60.5,52.5,54,45.5,53.9,46.9,56.8,51.4,43.7,45.7,37.9,49.7,54.8,52,52.7,48.3,46.1,46,44.1,48.7
6/28/2017,14:00,46.3,54.2,60.5,53.8,56.8,45.5,55.7,45.1,57.4,51.4,42,42.6,43.5,52.7,49.4,54.4,54.5,48.3,46.7,46.7,42.2,50.5
6/28/2017,15:00,40.7,55.4,55.8,53.8,56.8,49.2,56.3,50.7,57.4,50.2,40.8,48.6,48.9,51.5,57.7,55,56.9,47.8,47.3,49.1,43.4,42.5
6/28/2017,16:00,33.8,54.8,59.3,56.1,58,49.2,53.3,47.5,58,50.2,43.8,46.8,51.9,54.5,54.8,54.5,54.5,42.9,47.9,47.9,44.1,44.5
6/28/2017,17:00,36.4,54.8,54.1,56.7,59.8,52.7,55.1,49.4,58.5,53.8,44.3,47.5,51.2,58.1,58.3,55.5,61,37.4,48.5,49.6,43.5,45
6/28/2017,18:00,32.6,58.8,62.2,61.3,62.7,57.5,59.2,54.2,59.1,56.2,49.1,51,58.3,62.1,63.5,62.1,65.7,39.8,52.1,50.2,47.8,53.6
6/28/2017,19:00,60,64.6,68.6,63,70.1,62.2,65.1,61.2,61.4,62.6,56.8,52.8,61.9,67.3,69.7,67.3,69.8,51.3,57.4,43.1,52.5,57.7
6/28/2017,20:00,66.8,71.3,75.3,73.1,74.1,66.3,73.1,64.6,69.4,67.8,64.2,66.1,67,72.9,74.7,72.9,76,68.4,64.3,64.8,59,69.8
6/28/2017,21:00,73,77.3,78.1,79.1,78,70.8,79.9,68,74.9,70.6,70.9,72.8,74.2,77.9,80.7,75.6,82.7,74.3,68.2,70.9,61.9,74.1
6/28/2017,22:00,76.8,78.4,81.4,80.2,81.3,75.3,82.7,68,76,73.9,75.9,75.5,75.9,80.1,81.7,78.4,84.9,76.5,72.7,75.8,64.8,78.4
6/28/2017,23:00,79.5,82.2,79.7,81.8,79.1,78,86,74.6,79.2,77.2,78.6,78.8,78.6,81.8,83.3,81.1,87.1,78.6,74.3,81.1,69.8,78.4
6/29/2017,0:00,81.1,81.6,81.3,81.2,79.7,80.2,85.5,72.9,79.2,78.3,79.7,78.8,79.7,80.2,84.4,80.6,88.2,79.1,75.9,78.5,72,80
6/29/2017,1:00,80,79.5,80.3,80.7,78.5,81.8,83.3,72.4,79.8,77.2,78.1,77.7,78.6,79.6,83.3,81.1,84.9,78.1,76.5,78.5,72,76.3
6/29/2017,2:00,78.4,78.9,78.6,79.7,78.5,80.8,82.2,72.9,78.7,77.2,78.1,76.1,79.7,78.5,83.3,79.4,83.8,77.5,75.9,76.9,72,75.2
6/29/2017,3:00,78.9,78.4,76.9,78.6,76.8,79.7,79.3,73.5,78.7,78.3,77.5,74.4,78.1,78.5,82.8,79.4,83.3,77.5,77.5,75.8,74.2,74.7
6/29/2017,4:00,77.8,77.8,76.9,79.1,76.8,79.7,79.9,73.5,78.1,76.6,77,74.9,77.5,78.5,84.4,78.3,82.2,76.4,74.8,75.8,70.8,75.2
6/29/2017,5:00,76.7,76.7,75.2,76.9,75.7,78.6,78.2,72.3,78.1,75,75.3,72.7,76.4,78.5,83.3,79.4,81.6,75.4,74.8,75.2,72.5,73
6/29/2017,6:00,77.3,76.2,75.8,76.9,75.7,78.6,78.2,72.9,77,76.1,74.7,73.8,76.9,76.8,81.7,78.9,80.5,74.8,75.3,74.7,71.9,73.5
6/29/2017,7:00,76.2,74.6,74.7,74.7,74.6,78,75.9,71.2,76.5,74.4,73.7,71.6,74.2,76.3,80.6,75,78.8,73.2,73.7,73,72.5,73.5
6/29/2017,8:00,59.3,68.5,72.4,70.8,70.1,73.6,73.7,67.9,74.9,73.3,68.1,67.2,63.5,72.4,76.3,71.7,73.2,70.5,70.9,68.7,69.2,70.2
6/29/2017,9:00,56.9,60.5,63.3,66.4,66.6,69.1,66.8,67.9,67.6,71.1,54.4,60.3,49.4,65,66.8,67.2,69.7,67.2,64.2,60.2,65.8,65.2
6/29/2017,10:00,55.8,52.4,55,59.5,62.6,61,47.2,64.5,63.7,64.3,50.3,51.5,36.6,59.7,63.4,58.5,64.5,63.9,59,56.1,59.5,60
6/29/2017,11:00,50.5,54.1,55,53,57.4,58.1,54.4,58.8,62,58.5,46.7,48.6,43.3,55.6,61.1,60.9,62.2,59.4,55,50.2,55.4,54
6/29/2017,12:00,50.5,56.5,56.8,53.7,53.9,54,57.4,52.8,60.8,54.9,39.9,48.6,44.1,49.7,62.8,52.5,60.4,57.1,50.2,49.6,48.8,54.7
6/29/2017,13:00,51.6,54.8,60.4,51.9,53.9,49.8,55,48,59.7,54.3,44.3,48,43.4,51.4,57.6,56.2,58.1,54.7,49.7,47.8,45.8,53.5
6/29/2017,14:00,46.8,54.8,58.1,51.9,55,48.5,53.8,49.3,58.5,53.8,44.9,43.7,46.5,50.2,48.8,54.9,54.5,47.7,47.3,45.4,46.5,49.9
6/29/2017,15:00,41.2,51.2,53.9,52.5,52,49.1,49,48.7,56.8,50.1,41.3,45.6,47,50.2,55.3,56.2,53.8,44,46.6,46,45.2,39.9
6/29/2017,16:00,33.1,53,55.1,52.5,55.1,48.5,47.8,48.7,54.9,48.3,42.4,45,49.4,52,53.5,51.9,51.4,40.3,46,48.5,43.3,43
6/29/2017,17:00,36.9,57.2,54,57.2,61.5,53.3,53.3,51.7,59.2,53.8,44.9,48.1,53,58.7,58.3,54.9,61,39.2,49.7,50.9,46.5,43.8
6/29/2017,18:00,38.3,61.2,63.4,64.8,66.7,60.5,62.8,57,63.8,60.9,50.9,53.4,60.1,64.5,67.4,65.6,68.6,46.6,56.2,54.5,51.4,57.1
6/29/2017,19:00,61.1,66.3,70.8,65.3,70.1,64,68,61.7,66,63.8,58.5,56.3,64.7,69.6,72.5,67.8,71.5,53.6,60.9,48.5,54.3,60.6
6/29/2017,20:00,70.8,72.9,75.8,73.7,75.8,69.1,75.4,66.9,72.7,70.6,67.6,70,68.1,75.7,77.9,76.8,78.8,71.7,69.4,67.6,63,70.8
6/29/2017,21:00,77.3,76.8,78.6,79.1,79.1,74.8,80.5,71.3,74.4,74.5,72.6,74.4,75.3,78.5,80.1,81.1,83.8,77,72.7,73.7,66.4,74.7
6/29/2017,22:00,80,78.9,81.3,80.2,79.1,76.4,82.7,72.4,77.1,76.7,77,78.2,75.9,80.1,82.2,83.8,87.6,78.6,75.4,76.9,69.3,76.3
6/29/2017,23:00,82.1,81.1,80.8,81.8,79.6,79.7,83.8,72.4,77.6,78.8,80.2,78.8,78,81.8,83.8,84.3,89.8,79.1,75.9,79,70.9,78.4
6/30/2017,0:00,85.7,81.1,81.3,81.8,81.3,80.2,86,73.5,79.2,79.4,81.3,80.9,79.7,83.4,85.9,84.3,92.5,80.6,77,80.1,69.8,79.5
6/30/2017,1:00,82.6,81.6,81.3,82.3,81.8,82.4,83.8,75.2,80.8,79.9,81.3,79.8,79.1,81.8,85.4,82.7,88.7,79.1,78.1,79.5,72.5,78.4
6/30/2017,2:00,81.6,81.1,80.8,82.3,81.8,82.4,82.7,75.2,81.9,79.4,80.2,79.8,80.7,80.1,86,82.7,86.6,79.6,79.1,79,76.4,78.4
6/30/2017,3:00,80.5,81.6,81.3,81.8,80.7,82.4,83.3,77.3,82.4,79.4,79.7,79.8,80.2,82.3,86.5,82.2,85.5,79.6,78.1,80.1,73.1,78.4
6/30/2017,4:00,79.5,80.5,80.2,81.2,79.6,82.9,83.3,74.6,82.4,79.9,79.1,78.2,80.7,82.3,86,81.6,85.5,79.6,78.6,78.5,78,77.4
6/30/2017,5:00,81,80,78.6,80.2,77.9,81.8,81.6,75.7,81.9,79.4,79.1,77.2,80.2,81.8,85.4,81.1,84.9,79.6,79.1,77.9,78,77.9
6/30/2017,6:00,81,78.9,78.6,78.6,77.4,81.8,79.9,76.2,80.8,79.4,80.2,76.6,79.7,79.6,84.9,81.6,84.9,79.1,77.5,77.9,75.8,77.3
6/30/2017,7:00,78.9,77.9,78,79.6,77.9,81.3,79.3,74.6,81.3,78.3,77.5,76.6,78,79.1,82.8,80,84.3,78.5,77,76.9,73.1,76.3
6/30/2017,8:00,74.6,76.2,76.9,76.4,76.3,81.3,78.2,72.4,79.7,78.8,74.8,73.9,75.9,77.4,81.7,77.8,81.6,74.9,75.9,73.1,73.1,73.6
6/30/2017,9:00,69.7,73.5,75.8,74.2,72.9,78,74.8,70.7,78.7,74.5,69.3,72.2,72,74.7,80.1,71.7,77.2,72.2,72.7,68.7,68.7,71.4
6/30/2017,10:00,58.8,70.2,74.1,69.8,72.4,70.9,69.1,66.8,74.3,67.8,58.5,62.7,67,73,76.3,67.8,66.8,68.9,67.1,60.2,61.3,66.9
6/30/2017,11:00,52.3,62.3,68,64.2,66.7,61.2,63.3,62.2,70,63.8,46.1,55.2,52.5,68.5,74.2,63.8,65.1,67.3,59.7,55,57.8,59.5
6/30/2017,12:00,57.1,60,64.5,59,61,54.6,60.4,58.8,67.2,60.3,47.4,54,49,55.2,66.9,62,65.8,60.6,55,51.5,54.3,57.7
6/30/2017,13:00,51.1,58.9,64,56.7,58,52.9,59.2,54.1,64.4,57.4,44.9,52.3,45.4,54.5,62.4,59.8,56.9,58.3,52.7,49.7,50.8,55.3
6/30/2017,14:00,51.7,56.6,62.8,55.5,54.5,51.7,56.3,52.4,62.1,56.2,43.7,44.5,49,55.7,53,59.8,58.1,53.6,52.7,49.1,50.1,52.3
6/30/2017,15:00,42,58.3,59.3,56.7,57.5,51,56.3,51.1,60.9,53.8,45.6,48.7,54.4,55.1,63,59.2,58.7,48.9,49.8,49.7,49.6,44.4
6/30/2017,16:00,38.8,58.3,62.8,59,61.6,54.7,59.3,52.4,62.7,53.8,46.8,49.3,55.5,59.3,60.7,60.3,57.6,47.2,52.2,51.5,49.6,47.5
6/30/2017,17:00,42.6,61.2,57.6,61.9,63.9,57.6,58.7,54.7,63.8,58,47.3,52.3,59,62.8,64.1,61.5,67.5,42.3,54.5,52.1,50.8,50
6/30/2017,18:00,37.6,62.9,66.8,64.2,68.4,61.1,63.3,58.8,65.5,62.1,51.5,55.2,61.3,68.5,69.7,66.1,70.9,49.5,57.4,55.6,53.2,57.7
6/30/2017,19:00,65.2,70.7,73,68.1,74.7,65.7,70.8,64.6,67.7,68.9,61.4,60.4,67.6,74.7,75.8,72.9,76.6,56,63.2,49.1,59.6,63.5
6/30/2017,20:00,73.5,77.9,77.5,75.9,76.8,72.5,78.8,67.9,74.4,75,71.5,72.2,73.7,78.5,81.2,80,82.2,73.8,69.9,73.1,67.6,74.1
6/30/2017,21:00,78.4,81.1,80.8,80.2,78.5,75.3,83.8,70.7,77.6,77.2,77,76.6,77,80.7,83.8,82.2,86,78,74.3,75.8,69.8,77.9
6/30/2017,22:00,80.5,81.1,80.8,81.8,81.3,78,83.8,72.4,79.2,78.8,79.1,78.8,79.1,81.8,85.4,84.3,88.2,80.1,75.9,77.4,70.3,80
6/30/2017,23:00,83.1,82.7,81.9,82.3,80.7,80.8,87.7,73,80.3,80.4,81.3,80.9,81.3,82.8,86,85.9,89.2,80.6,77,80.6,72,80
7/1/2017,0:00,84.7,83.7,82.9,83.3,82.4,83.4,87.1,75.2,81.3,81.5,81.8,81.4,81.8,83.9,88.1,85.9,90.3,82.1,78,81.1,72.6,81.6
7/1/2017,1:00,84.7,86.9,84.6,84.4,82.4,83.9,88.2,75.2,82.9,83.1,84.4,82.5,82.3,84.4,88.1,87,91.4,83.6,79.6,82.7,74.8,83.2
7/1/2017,2:00,86.7,86.3,84.6,83.9,85.1,85.5,87.7,77.3,82.4,84.2,85.5,83.6,85.5,86,89.1,88.5,91.9,84.7,80.7,83.7,76.4,85.7
7/1/2017,3:00,86.2,85.3,85.7,86.5,84.6,86.6,88.2,79,83.9,84.7,86,84.6,86,86,91.7,89.6,91.4,84.2,83.8,84.7,78,84.7
7/1/2017,4:00,85.7,85.3,85.7,87.5,86.2,88.2,88.2,80.5,86.5,84.7,86,83.6,86.5,86.6,91.2,87,90.9,86.1,85.9,85.2,79.1,84.7
7/1/2017,5:00,85.2,86.9,85.7,87,85.7,87.6,88.8,80,87.1,84.7,83.9,84.1,87,86.6,91.7,87,90.9,84.2,84.9,85.8,79.6,83.7
7/1/2017,6:00,85.2,85.3,85.1,86.5,84,86.6,87.1,79.5,86,83.7,83.4,81.4,86,86.6,91.2,85.9,89.2,83.2,83.8,82.7,79.1,82.1
7/1/2017,7:00,83.7,83.8,84.6,84.4,82.9,86.6,85.5,79,85,82.6,82.9,80.9,84.4,85,89.1,85.9,87.1,81.6,83.3,80.1,79.6,79.5
7/1/2017,8:00,78.4,80,81.9,81.8,81.3,85,82.2,79,84,80.5,78.1,77.2,80.2,83.9,87.5,81.7,83.3,77,80.7,78.5,78,77.4
7/1/2017,9:00,71.9,75.7,79.7,77,77.4,78.6,77.1,78.4,80.8,78.9,71.5,70.6,74.3,78.5,82.8,76.8,77.8,72.2,76.5,74.8,75.9,73.6
7/1/2017,10:00,62.9,66.3,76.4,72.6,75.2,67.5,70.9,74.1,75.5,73.4,60.9,66.1,56.7,72.5,73.1,70.7,71.5,65.7,66.6,69.3,72.6,69.8
7/1/2017,11:00,57.7,63.5,74.8,65.9,71.3,63,64,70.2,70.6,67.8,55.7,58.2,52,67.4,71.4,72.4,71,66.2,61.5,61.4,67.6,68.1
7/1/2017,12:00,59.5,61.8,74.8,64.9,73,59.5,62.8,67.5,68.9,65,56.3,56.5,53.2,67.4,71.4,70.7,68.1,65.2,60.4,60.4,63.7,60.7
7/1/2017,13:00,56,65.3,69.8,61.5,65.7,59.5,64.7,60,69.5,65.6,52.2,58.2,52.7,65.2,71.4,66.8,64.1,58.4,60.4,58.1,59.1,64.8
7/1/2017,14:00,57.2,63.5,70.3,60.3,65.7,57.8,62.3,59.5,69,63.3,49.8,49.5,54.5,63.4,64.2,65.1,63.5,57.3,58.1,56.9,58.5,60.7
7/1/2017,15:00,47.7,63,65.2,62,63.3,57.2,61.7,58.4,67.2,59.3,48.7,52.4,59.1,61.7,65.8,62.2,60,52,57,54.5,55.7,50.1
7/1/2017,16:00,42,64.7,66.3,63.7,67.4,58.3,61.7,57.2,68.4,60.4,50.5,54.1,62,68,68.7,64.5,61.1,50.3,58.1,55.7,55.7,51.3
7/1/2017,17:00,44,65.2,66.9,64.8,68.5,62.3,62.2,60.7,67.8,63.3,52.2,55.2,62,70.2,70.3,67.3,70.4,47.2,59.8,58,56.2,56.1
7/1/2017,18:00,41.5,69.1,73.1,68.7,73,66.9,66.9,62.3,70,65,55.7,61.1,67,73.6,76.9,70.7,73.8,50.2,62.1,60.3,56.8,61.8
7/1/2017,19:00,66.3,74.1,75.9,72.6,76.3,70.9,72.6,67.5,73.9,70.1,65.4,64.4,71,77.4,79.6,75.2,78.3,56,67.7,63.2,62,68.1
7/1/2017,20:00,74.7,76.8,79.2,77,77.5,74.2,78.3,70.8,77.1,75.1,73.2,73.9,74.8,79.1,82.3,79.5,82.2,75.4,72.7,71.5,68.2,74.2
7/1/2017,21:00,76.3,79.5,79.7,79.7,79.1,75.9,79.4,72.5,80.3,76.7,74.3,75.6,77.5,81.3,83.9,79.5,83.3,74.9,75.4,75.3,68.2,76.9
7/1/2017,22:00,76.3,79.5,79.7,79.7,77.4,77.5,79.4,72.5,81.4,76.7,75.4,76.1,78.6,81.3,84.9,80.1,84.4,77,76,74.8,68.7,75.2
7/1/2017,23:00,75.2,79,79.2,79.1,76.3,77,79.4,73.5,79.8,74.5,75.4,73.9,78.1,81.3,83.9,78.4,84.4,76,74.3,76.4,70.9,75.2
7/2/2017,0:00,75.7,77.9,76.9,76.9,75.8,77,77.7,74,78.2,76.1,74.8,73.9,77.5,80.7,84.4,79.5,82.7,75.4,75.4,75.2,72,74.1
7/2/2017,1:00,76.8,77.9,78,79.1,79.1,77,77.7,75.2,79.2,77.2,75.9,75.5,77,77.9,82.8,81.1,83.3,76.4,74.8,76.9,74.8,75.7
7/2/2017,2:00,77.3,77.9,79.1,79.7,78.5,79.1,78.8,77.3,79.2,77.8,77,75,78,80.7,82.2,81.1,83.8,75.9,75.9,77.4,75.3,76.8
7/2/2017,3:00,78.9,78.4,78.6,79.7,78.5,79.1,79.9,77.3,79.2,78.3,77,76.1,78,79.6,81.7,81.1,83.3,77,76.5,76.9,76.9,76.3
7/2/2017,4:00,78.4,77.9,78.6,77.5,78,80.2,79.4,76.8,80.3,77.8,76.4,75.5,78.6,80.2,82.8,80,83.3,75.9,76.5,77.9,75.8,76.8
7/2/2017,5:00,78.4,77.9,78.6,79.7,78.5,80.2,79.4,76.8,79.7,78.3,77.5,76.6,78.6,79.6,82.8,80,83.8,76.4,77,77.9,74.8,77.4
7/2/2017,6:00,78.9,78.4,78.6,79.1,79.1,80.2,79.9,76.2,80.3,77.7,77.5,76.6,78.6,80.2,83.3,80.6,83.8,77,77,77.9,76.4,77.4
7/2/2017,7:00,77.3,78.4,78.6,78.6,77.4,80.8,79.9,76.8,80.8,78.8,76.4,76.6,78.6,80.2,83.8,78.9,82.2,76.4,76.5,77.4,75.8,77.4
7/2/2017,8:00,75.2,74.6,77.5,76.4,78,81.3,77.1,75.2,79.8,78.3,73.7,73.9,75.3,78,80.1,78.4,79.4,74.9,75.4,75.3,74.8,75.8
7/2/2017,9:00,69.1,71.3,76.4,73.1,74.7,77,73.2,72.4,77.1,76.7,68.7,70,70.4,74.1,78.5,73.4,75.5,71.2,72.1,71.5,71.5,72.5
7/2/2017,10:00,61.2,66.3,72.5,68.7,72.4,69.2,68.6,70.8,73.3,71.7,61.4,62.7,63.7,71.9,74.2,66.1,68.7,65.7,66.6,64.8,66.5,68.6
7/2/2017,11:00,55.3,58.9,61.7,59.6,63.3,61.2,62.2,64,69.4,64.4,51,55.8,53.8,63.9,68.6,70.2,65.8,62.3,60.9,56.2,61.4,58.9
7/2/2017,12:00,55.9,55.4,58.1,55.5,56.9,54.7,58.1,58.8,62.6,58,47.3,51,46.6,52.2,61.2,59.7,64.1,55.4,53.9,51.5,54.8,53.6
7/2/2017,13:00,46.2,53.1,60.6,51.4,52.2,49.2,52.7,52.3,58,50.8,40,42.6,42.3,50.3,57.2,48.9,52.1,45.9,47.9,44.2,48.3,46.8
7/2/2017,14:00,40.5,53.1,56.4,50.2,50.4,44.9,50.9,46.3,55.7,43.4,38.7,37.8,45.4,51.5,47.1,43.3,49.7,42.3,43.6,44.2,43.4,44.4
7/2/2017,15:00,37,52.5,55.2,52.6,52.2,46.2,51.6,35.6,53.9,47.2,38.3,43.3,46.5,51.5,54.8,50.2,50.3,39.8,44.3,44.8,42.9,38.7
7/2/2017,16:00,33.9,53.1,58.8,54.4,55.7,49.9,51.6,45.7,56.9,49.7,42.6,44.5,49,55.1,53.6,53.3,50.9,39.2,46.2,47.9,45.3,44.5
7/2/2017,17:00,36.3,56.6,55.3,58.5,59.2,52.9,55.7,49.4,59.8,52.7,43.2,48.7,53.2,61.6,60.1,52.6,62.9,41.1,49.8,49.7,47.8,44.5
7/2/2017,18:00,33.2,58.3,60.5,62,65.6,57,58.7,53,60.9,55.7,44.3,50.5,57.2,63.4,65.3,59.2,65.2,39.3,54,52.7,46.5,54.2
7/2/2017,19:00,57.7,64.1,68.6,62,67.3,60,64.5,56.5,60.9,60.3,53.9,51.1,61.3,69.1,69.2,62.7,68.7,41.1,55.1,43.7,51.9,59.5
7/2/2017,20:00,65.8,70.8,74.7,73.1,70.7,64.6,73.2,62.9,68.9,65.5,63.1,64.4,68.2,74.1,75.8,69.5,74.9,66.2,63.8,64.8,58.5,64.7
7/2/2017,21:00,73,77.3,79.2,78.1,76.3,71.4,79.4,67.4,74.4,72.8,71.5,73.9,74.3,78,81.2,77.3,83.3,74.9,69.9,73.7,63.6,73.1
7/2/2017,22:00,78.4,81.6,80.3,78.6,76.9,76.4,82.7,71.9,76,77.2,76.4,77.2,78.1,81.8,84.4,81.7,86.6,78.6,74.8,77.4,67,78.4
7/2/2017,23:00,82.1,82.7,80.3,82.3,80.2,78.6,84.4,73,77.6,78.3,79.7,79.9,80.2,83.9,86,83.3,87.6,78,75.4,79.5,69.3,80
7/3/2017,0:00,85.2,83.2,80.8,83.4,80.7,79.1,85.5,73,80.8,79.4,81.3,79.9,82.9,85.5,88.1,82.7,91.4,80.1,75.9,82.2,72,80.6
7/3/2017,1:00,86.7,82.1,82.4,84.9,80.7,81.3,87.7,74.6,81.9,80.5,83.4,81.5,83.4,83.9,88.6,84.3,92.5,81.1,76.4,83.2,71.5,80.6
7/3/2017,2:00,88.7,83.7,83.5,85.5,80.7,83.9,88.8,75.7,81.3,81.5,85,83,85.5,85.5,89.6,85.4,94.6,81.6,81.2,85.8,72,82.1
7/3/2017,3:00,90.2,83.7,84,88.1,82.9,85.5,90.4,76.8,81.8,83.7,86,84.1,86,87.1,89.1,87.5,94.1,82.7,82.8,85.2,74.8,83.7
7/3/2017,4:00,91.2,85.3,84,87,82.9,85,89.8,80,82.9,84.2,88.1,85.1,87.5,86.6,91.1,88,96.2,84.2,83.8,85.8,75.8,84.2
7/3/2017,5:00,89.7,82.7,85.7,88.1,85.7,87.1,88.2,79.5,82.9,84.7,86.5,84.6,85.5,86,92.2,87,95.6,82.1,83.8,86.8,79.6,84.2
7/3/2017,6:00,87.2,85.3,85.1,86.5,85.1,88.2,88.2,79,86,85.2,86.5,84.6,88.6,86.6,94.2,87.5,92.5,84.2,84.9,85.8,78,83.2
7/3/2017,7:00,83.1,84.8,84,85.5,83.5,87.6,88.2,77.9,87.1,84.7,83.4,85.1,86.5,85,92.2,86.4,88.7,82.1,85.4,82.7,76.9,82.7
7/3/2017,8:00,77.3,81.1,82.4,81.2,80.2,84.5,82.7,74.6,84,81.5,76.5,77.7,81.3,83.9,89.1,82.2,84.9,80.1,80.2,79,73.1,78.4
7/3/2017,9:00,60.6,72.4,76.4,75.9,76.3,77.5,74.3,69.6,80.8,76.7,62,68.4,72.6,78,82.8,71.8,78.3,71.7,73.2,71.5,68.7,73.1
7/3/2017,10:00,60.6,58.8,63.4,64.2,65,64,52.1,67.4,69.9,67.8,48.6,56.9,39.3,66.2,75.8,65.5,68.7,70.6,63.2,59.1,65.3,64.1
7/3/2017,11:00,50.5,58.8,54.6,51.9,58,57.1,56.3,59.4,65.5,60.9,44.4,49.2,47.2,60.4,63.5,60.3,60.5,62.3,55.6,52.7,58.4,56
7/3/2017,12:00,47.4,46.4,57,50.9,49.8,50.4,50.3,48.6,55,48.3,36.4,44.4,40.2,46.8,56,47,57,48.8,47.9,41.7,47.7,48.1
7/3/2017,13:00,36.7,51.4,57,50.2,49.8,39.1,50.3,38.1,53.2,40.2,31.2,39.6,39.3,47.9,52.4,38.2,46.6,44.7,36,41.7,37,46.8
7/3/2017,14:00,40.7,48.3,56.4,47.8,51.7,41.2,49.2,39.5,50.9,44.8,37.1,36,39.8,49.2,40.4,45.3,51.1,40.4,39.3,41.7,40.4,44.5
7/3/2017,15:00,37,51.9,55.8,53.2,51.7,43.1,52.2,44.6,54,46,39.6,43.3,45.4,51,55.5,49.7,50.3,41.1,43.7,43.7,42.3,36.3
7/3/2017,16:00,30.7,47.7,57.1,50.2,52.2,44.3,46.7,43.3,52.7,44.7,39,42.1,46.6,50.4,49.5,48.4,46.1,35.6,43.7,41.9,41.7,40.1
7/3/2017,17:00,29.3,46.5,48.7,53.2,54.6,41,46.7,44.6,48.4,44,37,40.8,39.6,52.8,49.5,47.2,49.6,29,37.3,45.5,41,38.8
7/3/2017,18:00,26.1,50.7,55.8,54.4,58.7,42.8,51.5,45.1,49.7,46,37.6,42,49.6,55.1,53,48.9,52.6,31,40.5,45.5,40.4,43.8
7/3/2017,19:00,50.5,57.7,65.1,59.6,63.3,51.6,59.8,49.9,54.5,54.4,48.5,47.5,53.7,63.4,59.4,56.2,62.8,45.3,49.1,38.3,45.3,54.1
7/3/2017,20:00,60.6,68,72,71.5,71.3,60,69.2,57.1,64.9,62.1,59.7,62.7,61.3,69.6,70.3,66.7,72.7,63.4,59.2,61.4,54.9,64.1
7/3/2017,21:00,69.7,74.6,74.8,75.9,77.5,66.9,77.1,64,70.6,66.6,67.6,70.6,67.6,76.9,76.9,72.9,80,70.7,65.5,71,61.9,70.9
7/3/2017,22:00,74.7,78.4,81.4,81.8,81.9,71.5,80.5,66.9,73.9,72.8,71.6,74.5,75.4,79.7,80.2,76.8,84.9,74.9,71.1,78.5,64.2,75.8
7/3/2017,23:00,79.5,83.8,83,83.4,85.7,77,84.4,74.1,77.2,76.8,78.6,79.9,79.2,82.9,82.3,82.8,89.8,79.1,73.8,84.3,69.9,80.6
7/4/2017,0:00,83.7,85.3,82.5,86,86.2,81.4,86.6,76.8,81.9,78.9,81.8,83.1,83.4,84.5,86,85.4,91.9,83.2,78.1,86.8,72.6,83.7
7/4/2017,1:00,85.2,85.8,83.6,86.5,85.7,80.8,88.2,76.3,81.9,79.4,81.3,82,82.9,79.6,86.5,83.3,93.5,84.2,79.7,86.3,73.2,83.2
7/4/2017,2:00,88.8,86.9,83,87,85.7,79.7,88.2,76.8,78.7,82.1,82.9,82.6,85.5,85.5,88.1,84.9,94.6,85.2,75.9,86.8,75.4,82.7
7/4/2017,3:00,88.8,82.1,85.7,89.1,86.2,80.7,89.8,77.9,75.4,83.7,86.5,85.2,85.5,85.5,89.1,87.5,94.6,85.7,80.8,87.8,75.9,85.2
7/4/2017,4:00,91.7,82.6,87.3,89.6,88.4,80.7,93.1,77.9,75.4,85.8,88.1,85.2,87.6,85,88.6,89.1,95.6,85.2,80.2,89.3,77,86.8
7/4/2017,5:00,92.2,86.9,87.8,91.1,88.4,84.5,95.2,79.5,74.8,87.3,91.2,88.8,83.9,83.4,90.6,91.1,95.6,87.1,81.7,89.3,78,88.3
7/4/2017,6:00,92.2,86.3,87.3,91.1,87.8,86.6,95.2,79,77,87.3,90.7,88.8,86,85.5,89.6,91.7,99.3,87.1,80.7,90.8,78.6,88.3
7/4/2017,7:00,83.7,85.3,88.3,89.6,87.8,82.4,92,61.8,84.5,86.8,89.6,84.1,79.2,88.7,88.1,85.9,91.9,87.6,82.3,83.7,74.3,87.8
7/4/2017,8:00,57.8,74.7,83.6,80.8,79.2,80.3,88.8,72.5,78.2,85.3,80.3,75.1,42.9,81.8,78.5,79,84.4,83.7,74.9,75.4,67.1,83.7
7/4/2017,9:00,59.5,67.5,65.8,69.3,69.1,70.4,78.3,69.2,66.7,78.9,54.6,66.2,52.1,71.4,66.5,71.3,76.7,74.9,66.6,63.8,62.6,73.7
7/4/2017,10:00,59.5,57.2,58.3,62.6,61,61.2,47.5,61.2,63.2,65,48.1,49.9,33.1,62.8,66.5,61.5,67,66.3,59.2,55.7,55,63.6
7/4/2017,11:00,45,54.2,54,52.7,55.8,48.6,55.2,52.3,58.6,55.7,40.1,41.4,41.7,56.4,56.6,53.2,57.6,56.6,46.6,49.7,46.5,52.4
7/4/2017,12:00,44.3,51.9,60,53.3,56.4,41.8,53.3,45.1,53.3,51.5,36.5,43.3,40.5,48.6,54.8,50.9,54,47.7,41.8,47.4,40.3,50
7/4/2017,13:00,44.3,50.7,59.4,52.7,54,43.7,51.5,49.5,55.7,52.1,39.5,45.2,42.3,49.8,54.8,52.1,58.3,46,44.9,45.5,44.8,52.4
7/4/2017,14:00,33.4,46.4,56.4,49.1,52.8,35.3,48.5,37.5,47.1,41.5,33.2,33.9,39.8,47.9,40.4,38.2,46.6,39.1,36,39.9,35.2,43.6
7/4/2017,15:00,27.6,43.4,52.3,46.6,48,29.9,41.6,35.6,45.3,37.7,30,35.8,33.9,41.6,44.5,39.5,40.2,26.8,33.4,40.5,33.3,32.2
7/4/2017,16:00,29.8,53,62.3,57.3,61.6,39.8,56.9,35,49,44.7,40.1,42,45.8,56.3,51.8,43.9,53.3,39.2,40.5,49.1,31.9,48.7
7/4/2017,17:00,33.6,56.6,57.7,59.6,62.7,45.9,58.1,41.8,55.6,51.4,41.2,46.8,47,61,58.9,52.5,59.2,40.4,42.2,52.7,40.2,46.3
7/4/2017,18:00,31.7,54.7,58.7,59.6,62.2,50.2,57.4,48,55,64.3,44.2,49.2,50,60.4,62.3,59.1,59.7,39.7,46.5,55.6,44.5,55.9
7/4/2017,19:00,36.3,48,62.8,52.5,65,42.5,51.3,35.9,43.8,43,37.8,35.5,39.2,51.9,49,41.1,49.3,32.6,37.6,34.2,31.5,39.5
7/4/2017,20:00,46.5,70.2,73.1,72.1,74.7,53.2,69.2,37.8,61.5,56.7,52.5,56.9,61.3,68.5,66.3,53.6,70.9,58.3,50.8,66.5,35.4,61.8
7/4/2017,21:00,68,76.8,76.5,77.6,77.5,67.5,77.7,59.9,70,70.1,68.8,70.1,72.1,78,76.9,68.9,81.7,70.1,66.1,74.3,57.9,73.6
7/4/2017,22:00,73,79,77.6,78.1,77.5,70.3,80,64,72.8,71.2,67.6,70.6,74.8,79.1,80.7,71.2,83.3,74.4,67.8,74.3,60.8,71.4
7/4/2017,23:00,73.6,77.4,75.9,78.1,76.9,70.3,80,65.8,73.9,71.8,67.6,70.6,76,80.2,83.4,69.5,84.9,73.3,65.5,75.9,63.1,72.6
7/5/2017,0:00,76.8,79.5,79.7,80.2,79.7,75.3,80.5,70.3,74.4,75.6,74.3,75,76,79.1,83.4,78.4,84.9,74.9,72.7,78.5,65.4,75.8
7/5/2017,1:00,80.5,82.7,81.9,83.4,84.1,77,82.7,73,76.6,78.9,75.4,76.1,79.7,83.4,84.9,81.7,87.1,77,72.2,81.2,70.4,79
7/5/2017,2:00,83.7,84.3,82.5,87.1,83.5,80.8,87.7,74.7,80.3,81,79.7,79.3,83.4,85.5,87,83.3,90.3,83.2,75.4,83.2,73.2,81.6
7/5/2017,3:00,84.7,87.4,84.1,87.6,84.6,79.1,87.7,75.7,81.9,81.6,81.3,81,85.5,88.2,88.6,82.7,92.5,82.7,77.1,84.2,73.2,83.2
7/5/2017,4:00,84.7,85.8,84.6,87.6,82.4,81.3,89.3,76.8,81.4,81.6,81.3,79.9,84.5,85.5,88.6,83.8,94.1,83.7,76.5,84.7,75.9,80.6
7/5/2017,5:00,87.7,85.8,85.1,88.1,85.1,81.3,89.8,75.8,80.8,82.6,85,83.1,85,85,90.1,84.9,93,83.2,77.5,85.3,74.2,84.2
7/5/2017,6:00,88.2,83.7,86.2,87,84.6,82.4,90.9,76.3,78.1,84.7,85,83.1,85,84.4,88.1,84.3,95.1,83.2,78.1,85.3,75.9,84.2
7/5/2017,7:00,79.5,83.7,86.8,81.8,82.4,82.9,89.9,63.5,81.9,82.6,82.4,79.4,75.9,75.3,86,81.1,83.3,81.2,78.1,80.7,74.3,83.7
7/5/2017,8:00,57.8,69.2,75.9,75.4,73.1,77,83.9,72.5,77.2,80,72.2,70.2,44.3,73.1,77.5,74.6,78.3,77.6,73.3,68.9,71.5,76.9
7/5/2017,9:00,56.6,65.8,62.9,67.1,68,67.6,71.5,68.6,66.1,70.7,52.2,61.7,51.5,65.7,63.6,66.7,71.6,69.6,62.7,58.1,63.1,65.9
7/5/2017,10:00,53.5,52,52.2,56.8,57.5,54.1,44.3,60.1,60.4,61,43.8,45.2,32.5,57.6,59.5,55.6,61.1,58.4,49.1,50.4,54.4,55.4
7/5/2017,11:00,42.6,48.3,56,51.5,53,43.6,48.5,48.1,52.7,47.7,39.5,40.3,37.3,55.3,48.2,48.4,50.8,46.5,43.6,41.1,42.8,45.6
7/5/2017,12:00,38,52.1,57.8,52.2,55.3,38.6,55.3,43.8,54.6,41.5,36.5,40.3,42.5,50,56.7,40.9,52.3,50.3,37.3,45.7,39.1,47.1
7/5/2017,13:00,44.7,52.6,60.7,53.9,56.5,44.5,57,38.3,57.6,52.8,44.6,45.3,43.2,50.5,57.9,52.3,57.1,51.5,46.3,47.5,41.9,53.7
7/5/2017,14:00,46.5,52,61.8,55.1,57,48.2,55.9,47.8,56.4,51.6,44,43.5,43.7,51.7,46,54,52.9,46.7,48.2,48,44.9,52.5
7/5/2017,15:00,40.3,45.9,55.3,49.6,52.3,43.7,49.2,47.2,50.3,49.2,40.2,42.1,41.7,49.2,51.9,51.5,50.4,38.6,43.2,46.2,44.3,42.6
7/5/2017,16:00,27.1,44.1,58.9,50.8,55.2,35.8,48.5,40.2,44.1,44.7,33.8,40.1,35.8,49.2,41.4,40.7,42.2,32.7,35.3,43.1,39.2,47.6
7/5/2017,17:00,29.9,45.1,61.7,57.8,60.5,38.3,55.1,38.2,48.4,40.8,35.8,39.6,42.1,54,47.5,39.5,47.7,44.7,34,46.8,30.5,40
7/5/2017,18:00,34.7,52.4,62.9,58.5,61.6,41.5,53.3,34.2,49,43.3,38.7,41.9,45.8,55.1,53.5,40.6,53.8,36.6,38.5,48.5,35.1,46.2
7/5/2017,19:00,44.9,58.3,69.8,63.7,66.8,52.2,62.2,41.9,56.8,46.4,44.2,45.5,56.7,62.2,61.8,43.7,58.6,51.2,47.9,53.9,37.6,55.3
7/5/2017,20:00,54,69.2,73.7,71,71.4,57.6,69.8,48,62.1,54.9,53.8,56.9,62.5,69.1,68.1,56.7,69.2,63.5,54.5,62.1,45.2,61.2
7/5/2017,21:00,65.2,74.2,76.5,75.9,74.7,64.7,74.9,55.9,69,65,64.8,66.7,68.2,74.2,74.8,68.4,76.1,69.6,62.1,68.8,53.7,69.8
7/5/2017,22:00,69.2,77.4,79.2,78.1,76.4,69.2,79.4,63.5,72.3,70.7,71,72.3,73.2,77.5,79.1,72.9,81.7,75,65.5,73.2,60.2,74.2
7/5/2017,23:00,74.1,79.5,79.2,79.2,79.7,73.2,82.2,66.3,74.4,72.9,72.7,74.5,75.4,79.7,81.2,76.8,83.3,76,70.6,74.2,63.1,76.4
7/6/2017,0:00,75.8,80.6,80.8,80.8,81.9,75.3,82.7,64,75,74,73.8,74.5,77,79.7,83.4,76.2,86,77,72.7,81.7,61.3,76.9
7/6/2017,1:00,80,82.2,81.4,81.3,79.1,78.1,85,76.4,77.1,75.6,77.6,78.8,79.7,81.8,83.9,76.8,88.7,79.1,72.7,82.7,74.3,79
7/6/2017,2:00,81.6,81.7,81.4,82.9,81.4,80.8,86,76.9,77.7,78.9,80.3,79.9,81.3,81.8,86.5,80.6,90.3,80.2,75.4,82.2,76,80.6
7/6/2017,3:00,83.7,82.2,83.6,83.9,81.9,80.8,87.1,78.5,78.2,80.5,80.3,79.9,80.2,83.4,84.4,81.7,91.4,80.7,75.4,83.8,78.1,81.7
7/6/2017,4:00,84.7,82.2,84.1,86,81.9,81.3,87.7,80.7,78.2,79.4,81.3,79.3,81.3,83.4,88.1,81.7,92.5,81.2,76.5,83.8,79.7,81.7
7/6/2017,5:00,85.2,82.7,85.2,86.5,82.4,83.4,88.2,77.4,78.7,80.5,81.8,81,81.8,85.5,87,84.9,91.4,80.1,78.6,83.8,78.6,82.2
7/6/2017,6:00,86.2,82.2,84.6,86.5,80.8,85.6,88.8,78,80.3,81.6,81.8,81,82.9,83.4,87.6,83.3,94.6,77.5,80.8,82.7,78.6,82.7
7/6/2017,7:00,79,78.4,84.1,75.9,77.5,84.1,85.5,64.2,79.3,80.5,78.1,74.5,74.9,67.4,83.4,78.5,80.6,77.1,79.2,74.8,73.2,81.2
7/6/2017,8:00,54.9,65.4,73.2,69.9,70.3,75.4,81.1,66.4,72.8,77.3,70.5,64.6,40.1,68,76.5,71.9,74.4,72.9,68.9,63.9,64.9,73.7
7/6/2017,9:00,51.2,56.6,55.8,54.9,59.9,61.2,65.2,60.6,61.6,70.7,48.2,57,46.7,56.9,62,55,68.8,62.9,58.7,52.2,56.2,61.3
7/6/2017,10:00,50,44,44.9,50.8,48.6,53,39.4,52.4,52.7,58.1,42.1,45.2,30,49.1,54.2,56.3,52.7,53.7,48.6,41.8,48.4,53
7/6/2017,11:00,42,52.6,56.7,50.5,53.6,44.4,52.3,47,48.4,49.7,36.6,37.8,33.6,54.2,48.3,47.8,45.3,45.8,42.5,40.7,40.4,41.8
7/6/2017,12:00,37.5,49.7,59,52.9,54.8,39.4,53,40.8,52.3,46.1,33.5,41,40.1,46.3,53.2,39.7,53,47.9,38.8,45.8,35.4,48.4
7/6/2017,13:00,39,46.1,57.2,48.7,51.8,40.2,50.5,44.2,49.8,48.7,37.4,40.6,38.2,43.8,49.7,45.6,48.7,41.9,42.1,42.7,42,45.3
7/6/2017,14:00,41,46.7,60.8,54.1,56,40.8,51.7,46.1,49.3,48.7,38,39.9,37.5,46.3,42.4,48.7,51.8,39.3,41.5,46.4,43.2,47.2
7/6/2017,15:00,41.6,49.1,59,54.5,56.5,42,51.1,48.5,49.8,50.5,42.2,46.6,40.5,49.9,47.1,52.8,54.2,46.7,42,47,45.6,45.3
7/6/2017,16:00,31.5,48.4,60.1,53.4,54.1,41.2,51.1,47.3,48.6,48,38.4,42.2,43.6,49.9,49.5,49.8,49.2,43.1,38.8,45.1,42.5,43.9
7/6/2017,17:00,35.2,40.3,51.7,49,51.7,45.6,44.2,42.8,46.7,48,39.7,42.8,41.6,47.2,47.6,47.8,50.3,36.8,42.5,41.2,38.5,40.2
7/6/2017,18:00,28.7,50.8,60,58.5,62.2,45.6,57.6,40.8,51.5,48,38.9,42.8,45.2,57.6,53.6,47.8,55.2,38.7,39.3,54.6,37.8,50
7/6/2017,19:00,49.3,57.2,66.9,59.1,65.7,52.3,61.1,44.4,56.4,52.6,48,47.5,55.6,62.3,63,53.8,63.5,47.2,48.6,46.2,41.5,51.8
7/6/2017,20:00,61.2,64.6,68.6,67.1,66.7,61.2,66.3,57.1,63.3,61.5,59.1,61,60.8,65.1,68.6,66.1,69.2,63.5,58.7,61.9,53.8,61.8
7/6/2017,21:00,63.5,70.2,69.7,70.4,70.2,63.5,69.7,58.8,64.9,63.2,60.8,63.8,65.4,70.2,70.8,69,73.8,65.1,60.4,66.5,55.5,67
7/6/2017,22:00,65.8,70.2,69.7,71.5,70.2,65.8,70.3,59.4,66.6,64.4,61.4,63.3,67.1,72.4,73.6,66.7,77.8,67.9,61.5,67.6,57.3,64.7
7/6/2017,23:00,66.3,70.8,71.4,72.1,69.6,66.3,71.4,58.2,66.6,64.4,61.9,63.3,67.1,72.4,74.2,64.9,77.2,66.2,61.5,67.6,55.5,64.7
7/7/2017,0:00,68,71.3,72.5,73.7,68.4,69.2,73.2,59.4,66,64.4,65.3,65,67.6,74.1,75.8,67.2,77.7,66.2,62,67.6,54.8,65.8
7/7/2017,1:00,70.2,71.9,73.6,74.8,69.6,68,74.9,59.4,67.2,65.5,65.9,66.1,68.1,74.1,76.3,64.3,78.8,66.2,62,68.7,57.8,65.8
7/7/2017,2:00,71.3,73,74.2,74.8,69.6,69.8,73.7,60.5,69.4,66.6,67.6,66.1,69.3,76.9,76.9,68.3,79.4,66.8,64.9,69.3,55.5,68
7/7/2017,3:00,71.9,73.5,76.4,77,70.1,67.4,77.7,60.5,68.8,67.2,67.6,68.9,70.9,77.4,69.1,69.5,82.2,66.8,60.2,70.9,57.3,68.6
7/7/2017,4:00,73.6,71.9,79.2,78.6,74.7,66.8,78.3,61.7,68.3,69.5,69.3,68.9,72.1,76.9,68.5,70,82.2,68.4,56.7,72.6,57.3,70.8
7/7/2017,5:00,75.2,76.3,82.5,82.4,80.8,65.6,81.6,62.3,69.4,70.6,69.9,70,73.2,78.6,69,68.9,85.5,71.2,59.6,76.9,59.5,74.2
7/7/2017,6:00,75.2,80.6,86.3,85.5,84.1,69.7,87.7,63.4,76.6,74.5,77.6,78.3,77,80.2,74.7,70.6,88.2,76.5,67.2,83.3,60.7,81.7
7/7/2017,7:00,73.1,78.5,85.2,76.6,77.6,67.4,86.6,54.8,75.6,78.4,77.1,73.4,72.7,62.3,75.8,74.1,77.8,75,67.2,76.5,60.7,82.8
7/7/2017,8:00,49.5,60.8,68.7,64.9,68.1,65.8,78.9,57.1,65,71.3,65.5,60,35.1,60.5,65.9,62.1,70.5,66.3,58.1,61,51.4,68.7
7/7/2017,9:00,44.6,51.3,54.2,50.2,55.9,54.7,59.9,53.6,52.2,62.8,39.7,49.4,40.5,57,52.6,54,60.6,56.7,50.4,48,44.1,56.6
7/7/2017,10:00,44.6,44.3,49.4,48.5,46.3,46.2,39.6,48.8,51,49.1,34,38.5,28.2,49.3,52,49.2,51.6,52,43.8,40.7,42.4,45.7
7/7/2017,11:00,35.2,44.9,45.9,42.5,42.8,40.1,43.2,43.4,46.8,43,31.6,31.6,33.8,45.7,47.9,45,45,42.3,38.2,35.8,37.4,36.8
7/7/2017,12:00,34.5,39.4,45.9,40.1,39.2,33,42.1,36.6,45.7,38.1,28,32.3,34.5,37,42.9,38.1,40.7,38.2,33.8,35.2,33,33.7
7/7/2017,13:00,32.8,36.2,43.3,38.2,39.7,34.5,37.6,32.9,40.7,36.9,29.2,33.1,30.6,33.7,37.3,37,40.7,33.8,33.3,32,29.9,34.4
7/7/2017,14:00,36.6,39.4,48.2,43.1,43.3,34.5,42.6,40,41.3,40,33,33.7,32.4,38.8,32.4,42.5,43.2,34.3,35.2,37.6,35,37.7
7/7/2017,15:00,31.5,38.1,43.2,40.6,42.1,34.5,40.8,41.7,39.4,38.8,29.8,32.9,34.3,38.2,35.4,42.5,39.4,31.9,33.9,35.1,38.3,30
7/7/2017,16:00,26.3,38.1,46.9,40.6,41.4,37.6,38.8,38.6,38,37.5,31.6,34.2,33.5,40,37.4,40.7,40,28.7,33.9,33.8,35,31.8
7/7/2017,17:00,25.5,36.7,41.4,40.6,42.1,36.8,36.9,35.4,38.7,36.1,29.7,32.3,34.8,38,38.5,37.3,40,30.9,33.2,35.1,31.7,28.5
7/7/2017,18:00,21.5,40.4,47.5,46.7,45,37.3,42.5,33.4,39.9,35.4,29.7,32.8,38.5,45.5,43.4,39.2,43.6,29.8,32.4,33.7,29.7,34.9
7/7/2017,19:00,35,42.3,49.8,45.4,49.3,38.6,43.6,37.8,41.2,39.2,32.6,34.1,37.8,47.9,48.2,41,44.1,29.1,33.6,31.4,33.5,38.8
7/7/2017,20:00,41.2,48.3,58.9,53.8,55.8,43,50.9,42.8,44.2,42.9,39.4,42.6,43.4,53.4,50,45.9,50.8,42.8,39.9,48,39.2,45.6
7/7/2017,21:00,48.1,62.5,64.1,63.8,64.6,49.8,59.9,46.4,53.4,49.7,48,51.1,54.5,62.3,59.6,52,61.7,52.6,48.6,54.6,43.5,51.8
7/7/2017,22:00,53,68.2,71.6,71.1,70.9,54.7,67,48.8,58.2,52.1,48.5,55.2,60.4,68.1,67.1,54.4,68.2,57.9,51.7,64.4,44.1,59
7/7/2017,23:00,55.9,72.1,74.4,74.4,70.9,58.3,72.8,51.3,62.8,58.1,56.3,59.4,65.5,72.6,71,56.9,73.9,61.9,53.5,65.5,47.9,66
7/8/2017,0:00,60.7,72.6,73.8,75,69.2,61.2,72.2,55.5,63.4,59.3,59.3,62.3,67.2,74.9,69.2,56.9,77.3,63.6,52.2,67.8,53.9,63.7
7/8/2017,1:00,64.2,73.7,76,76.1,70.9,58.8,73.9,56,64.5,61.7,61.6,63.4,68.4,72.6,68.1,61.6,81.2,65.9,57,69.5,53.3,66
7/8/2017,2:00,68.7,66.9,77.7,77.1,73.7,65.3,76.2,58.4,67.4,65.7,65,66.3,71.2,70.2,68.6,64.5,81.2,67,56.3,70.6,54.5,68.8
7/8/2017,3:00,71.5,66.9,79.3,77.7,72.6,64.1,79.5,59.6,63.3,65.7,66.1,65.7,71.2,71.9,70.3,68.5,82.3,68.1,58.1,72.2,56.2,67.7
7/8/2017,4:00,72.6,69.7,79.3,79.8,77.6,65.2,80.6,60.7,69,66.8,67.2,66.9,70,74.7,73.7,68.5,84.5,69.7,58.6,74.4,59.2,69.4
7/8/2017,5:00,75.3,73.1,80.9,81.9,79.3,69.8,82.9,61.2,66.1,68.5,69.5,69.7,72.8,74.7,75.9,71.9,86.1,70.8,62.1,77.1,58.6,72.7
7/8/2017,6:00,75.8,74.7,79.3,81.9,78.7,71.5,84.5,62.4,66.1,70.8,72.8,70.8,72.8,75.8,75.3,70.8,89.4,70.2,62.7,77.6,59.7,75.4
7/8/2017,7:00,69.9,69.2,78.8,70.6,71.5,68.8,82.3,55.5,66.1,69.1,68.9,64.7,67.3,60.1,73.7,66.8,73.5,66.4,60.5,69,58.6,71.6
7/8/2017,8:00,46,53.9,64.3,58.1,59.5,61.3,71.6,55.5,60,63.4,58.2,53.1,33.3,56.5,56.8,55.2,64.9,60.3,52.9,54.2,53.9,62.1
7/8/2017,9:00,42.9,54.6,54.3,52.9,51.9,52.6,60.7,55.5,53,56.5,39.9,47.8,41.4,56.5,55,50.4,57.8,56.9,50,47,49.8,53.2
7/8/2017,10:00,43.5,43.2,53.3,51.1,50.2,47.1,41,51.4,48.7,46.8,35.6,38.6,29.8,51.3,51,46.2,51.2,49.2,44.5,40.2,46.2,45.8
7/8/2017,11:00,35.9,40.7,44.2,42.1,41.8,41,44,44.2,48.2,45.7,31.8,35,34,42.7,46.2,43.8,49.5,44.4,39,40.2,38.2,41.6
7/8/2017,12:00,35.9,38.4,42.2,39,38.2,35.2,39.7,39.3,42.7,41.5,28.8,35,32.1,35.2,39.4,37.6,38.9,37,36.1,34.8,35.8,35.9
7/8/2017,13:00,31.6,33.1,42.8,35.8,37.4,32.7,37.7,35.6,38.9,37.1,28.2,30.8,29.5,32.5,36.2,37.6,37.7,33.2,31.6,34.1,34.6,35.9
7/8/2017,14:00,32.1,33.1,40.8,35.1,37.9,30.5,36.5,37.6,37,35,26.7,30,31.9,34.4,31.8,37.6,35.7,29.9,30.8,30.2,35.3,31.9
7/8/2017,15:00,24.8,35,40.8,36.8,37.2,29.1,36.5,31.7,36.2,32.4,26.7,30,31.9,35,36.1,33.5,34.3,28.6,28,30.6,30.5,24.6
7/8/2017,16:00,24.8,38.7,44.4,39.3,42.1,34.3,39.4,36.8,40,36.1,29.1,34.2,34.9,39.3,38,36.7,38,29.9,33.2,35.1,34.4,32.6
7/8/2017,17:00,29.5,37.9,39.5,40.5,41.4,38.7,38.8,40.6,40.5,40,33,34.8,36.7,41.1,40.9,42.5,43.6,29.9,35.7,36.3,38.3,34.4
7/8/2017,18:00,27.7,42.2,47.5,46,45.7,42.4,43.6,43.6,42.3,39.2,33.3,36.5,40.4,44.2,45.2,48.1,44.7,39.8,38.2,39.4,38.3,37.4
7/8/2017,19:00,42.1,42.9,47.5,44.2,45.7,45.6,44.9,46.1,43.8,47.4,40.9,39.7,41.1,45.5,47.6,46.7,49.8,33.7,39.5,36.5,43.3,44.6
7/8/2017,20:00,43.3,44.1,47.5,47.2,42.6,45,45.5,43.5,46.2,46.1,96,44,44.2,49.8,52,47.3,52.3,41.8,41.4,43.2,42.5,43.9
7/8/2017,21:00,46.4,53.1,55.9,55,50,47.5,52.8,48.4,44.9,45.5,68,45.8,45.9,54.7,54.2,50.4,49.7,42.9,43.2,46.2,44.9,45.7
7/8/2017,22:00,56.2,53.1,55.3,55.6,57.1,47.9,54.5,47,48.5,57.7,58.2,52.5,50.2,55.8,56.6,61.8,58.2,47.8,45,57.6,44.9,56.2
7/8/2017,23:00,50.6,58.5,60.1,60.9,58.2,58.4,59.4,60.8,54,56.4,54.6,52.5,55,59.4,59.5,58.6,63.6,59.2,54.2,59.9,58.1,57.9
7/9/2017,0:00,63.1,69.3,68.8,70.6,70.4,63.6,67.6,68.8,65.7,66.9,69,65.2,64.4,64.7,68.8,68,73.9,65.3,62.8,70.6,64.5,66.6
7/9/2017,1:00,66.5,71.5,69.9,72.8,70.9,69.4,71.1,67.7,67.4,68,68.4,64.6,68.3,71.5,73.8,67.4,80.2,70.8,64.5,72.8,65.6,67.8
7/9/2017,2:00,67.6,73.2,71.6,74.4,70.9,67,73.4,67.7,65.7,63.4,64.9,63.4,67.8,72.1,76.5,66.2,77.9,66.9,61,71.7,64.4,69.4
7/9/2017,3:00,69.3,73.7,73.8,76.1,75.4,67,77.9,68.2,69,66.8,69.5,66.3,70.6,73.7,77,70.8,80.1,71.9,63.3,75,66.1,69.9
7/9/2017,4:00,73.7,76.4,77.7,78.8,77.1,70.4,79.6,69.3,70.7,72.5,75,72.5,72.2,77,78.7,74.2,83.4,74,69.1,76,69,74.9
7/9/2017,5:00,77.5,75.3,77.7,79.8,76,72.1,80.7,69.9,70.1,73.6,77.2,74.1,73.9,75.4,77.5,76.4,86.1,70.2,66.8,78.2,70.1,76
7/9/2017,6:00,74.8,78.1,77.7,80.4,78.8,71.5,82.3,71.6,72.9,72.5,74.4,71.9,76.6,75.4,77,73,87.2,68,68.4,78.2,70.6,72.7
7/9/2017,7:00,70.4,73.2,78.8,75.1,75.5,69.2,80.1,65.3,67.9,70.2,69.5,67.4,74.5,69.8,75.9,70.8,82.3,64.1,62.8,76.6,64.4,74.4
7/9/2017,8:00,58.5,63.2,70.6,67.3,70.5,65.9,75.1,62.5,64.5,63.9,61,57.2,50,65.2,71.1,58.7,71.8,64.1,58.7,70.2,63.3,68.4
7/9/2017,9:00,50.1,56.3,52.4,55.8,52.3,51.7,60.1,52.5,55.3,57,44,47,45.1,54.8,56.2,51.5,58.3,57.4,47.4,48.7,50.9,48.8
7/9/2017,10:00,49,42.5,45.1,46.7,45.8,54.9,44.3,49.6,48.6,48.6,41.6,44.1,32,48.7,49.7,51.5,49.3,45.5,48.1,38.2,46.7,42
7/9/2017,11:00,35.2,37.4,49.5,40,39.1,41.4,39.6,42.9,45.5,43.1,32.3,31.1,32,41.4,45.3,43.7,43.7,41.2,37.7,37.6,40.6,38.2
7/9/2017,12:00,35.9,37,43.4,39.6,37.5,36.4,38.4,39.8,41.3,38.1,31.6,32.3,32.7,36.5,41.2,41.2,38.8,35.6,34.5,31.4,38.2,33.8
7/9/2017,13:00,27.4,39,47.2,41.6,42.5,34.5,42.9,33.6,41.3,33.7,27.3,29.4,33.4,39.1,40.7,33.7,39.6,32,31.3,34.2,31.8,37.8
7/9/2017,14:00,30.3,36.4,46,41.6,41.7,33.2,41.6,34.3,40.8,36.3,30,30.6,34.6,38.4,33.9,37,34.3,32.5,32.1,33.4,30.5,33.8
7/9/2017,15:00,26.9,38.9,47.2,43.9,43.6,29.1,42.9,36.3,38.2,35,28.7,32.5,34.6,44.6,36.8,37.6,37,27.3,27.4,35.4,33.8,30.7
7/9/2017,16:00,26.9,42,49,45.7,45.3,34.4,45.2,37.5,40.1,37.6,31.8,33.7,35.7,44.6,40.7,37.6,40.8,30.7,31.3,37.9,33.8,37.1
7/9/2017,17:00,30.4,43.8,48.3,46.3,52,39.5,45.2,41.9,44.5,42.6,34.3,37.5,39.4,47,44.9,45.8,46.2,32.6,36.5,40.3,39,36.6
7/9/2017,18:00,35.6,51.6,60.3,57.6,63.7,50.8,57.3,46.6,51.8,51.3,44.8,48.5,51.7,56.5,55.6,56,59,41.5,47.7,50.2,40.7,52.8
7/9/2017,19:00,55.8,58.7,64.3,60.6,63.1,58.5,61.4,46.6,56,58.4,53.1,53.9,58.8,61.9,64.3,59.5,66.1,50.6,53.2,49,42.5,57.5
7/9/2017,20:00,49.5,62.7,64.3,64.5,63.1,60.3,64.3,50.2,60.7,57.2,54.8,57.9,60.5,64.2,66.6,52.2,66.6,57.5,55.5,58.3,46.8,58.1
7/9/2017,21:00,53.1,64.3,68.8,67.9,68.2,62.7,65.9,52.5,62.4,52.2,50.5,54.8,61.7,67.6,67.8,54.5,70.1,61.5,59,61.7,49.8,50
7/9/2017,22:00,54.2,68.8,71.1,71.2,70.4,61.3,71.1,54.9,64.7,60,57,62.4,65.1,69.3,70.5,57.5,74,63.2,55.9,66.2,50.9,65
7/9/2017,23:00,62.6,70.5,73.9,73.9,73.8,65.4,74,56,66.9,65.8,63.4,66.4,66.8,71,72.7,62.8,76.8,68.2,62.4,67.9,52.1,67.8
7/10/2017,0:00,67.7,73.2,75.6,76.2,72.1,68.9,76.2,59,68.6,66.3,67.9,68.1,69,74.9,75.5,68.6,78.5,68.7,65.2,72.3,55.1,70.6
7/10/2017,1:00,70.5,71,73.9,73.4,68.2,69.4,71.1,58.4,65.1,69.2,69.6,68.1,66.1,76.6,72.7,69.2,77.9,66.5,65.2,71.7,53.9,71.7
7/10/2017,2:00,72.7,69.9,71.6,72.3,69.3,70,72.3,57.2,66.3,69.2,69.6,67.5,66.7,76,74.4,71.5,77.3,66.5,64,69,55.7,70
7/10/2017,3:00,72.7,67.6,73.9,71.7,70.4,70.5,72.8,58.4,68,68,70.1,68.1,67.2,75.5,73.8,71.5,78.5,66.5,64.6,66.1,55.7,63.1
7/10/2017,4:00,72.7,70.4,77.8,78.3,77.7,70,76.8,59.5,66.8,59.2,62.1,62.9,68.9,77.7,77.1,63.9,77.3,65.9,64.6,65.5,55,60.1
7/10/2017,5:00,65.8,77.1,79.9,80.4,79.3,70.5,81.3,57.1,69.1,59.8,62.1,65.7,70,77.7,77.6,62.7,80.1,68.7,63.4,78.2,51.9,73.3
7/10/2017,6:00,68.7,78.6,80.5,81.5,80.9,74.4,83.5,55.9,70.7,70.2,65.5,73.1,76.1,80.9,79.8,63.8,86.7,73,69,79.8,55,77.1
7/10/2017,7:00,65.4,73.2,81.6,75.6,77.1,72.8,82.4,55.5,73.6,68,63.2,69.8,69,73.9,76.6,62.8,80.2,72.5,68,73.4,58.7,75.5
7/10/2017,8:00,46.5,62.7,70.6,66.3,67.1,60.1,76.3,57.3,56.3,64,54,52.4,43.3,62.5,60.3,56.4,62.4,55.5,52.8,58.9,49.1,61.4
7/10/2017,9:00,46,52.7,52,54.6,53.6,53,57.1,53.2,51.8,57.6,39.3,47.2,40.7,54.8,59.3,51.7,56.6,51.5,48.7,46.4,49.8,53.8
7/10/2017,10:00,40.9,42.1,50.8,49.3,47.7,48.3,40.9,48.4,50,48.1,36.2,35.6,30.9,48.8,53.4,46.8,53,50.4,43.3,40.2,43.8,45.3
7/10/2017,11:00,37.2,47.5,49.1,48.9,47.3,41.5,48.3,44.8,50,46.3,36.8,34.3,37.2,48.8,52.9,44.4,46.3,43.7,39.6,39.1,41.3,40.9
7/10/2017,12:00,41.8,45.7,52.6,48.2,50.2,41,48.9,37.3,48.2,46.3,36.2,41.3,39.1,44.8,48,45.8,50,45.7,39.6,42.9,34.4,46.6
7/10/2017,13:00,39.8,44.3,52.6,46.9,48.4,41,48.9,43.1,48.2,46.3,38.7,40.1,37.1,43.9,44.8,47,48.8,43.2,41.6,40.9,40.2,45.3
7/10/2017,14:00,37.8,46.2,54.3,48.2,49,36.9,49.5,41.8,45,41.9,35.5,35.6,39.5,47,41.2,43.1,45.7,40.1,37.7,39.7,38.2,42.8
7/10/2017,15:00,37.3,49.8,54.9,51.1,52.6,42.1,50.7,44.9,48.8,46.3,39.8,44.2,42.5,49.4,51.5,48.1,52.5,38.3,40.2,45.2,41.3,40.3
7/10/2017,16:00,32.2,47.4,53.1,49.8,51.3,43.3,47.6,44.2,48.1,46.3,39.2,41.7,41.8,48.7,41.2,46.8,45.6,38.8,40.8,40.9,42,40.3
7/10/2017,17:00,32.2,46.7,48.9,49.2,51.8,41.2,45.7,42.3,48.7,44.3,36.6,39.7,44.9,51.2,51.5,44.3,49.2,30.7,38.9,41.5,39.4,37.1
7/10/2017,18:00,28.1,51.5,58.4,56.5,57.1,43,51.2,41,49.9,45.5,37.7,39.2,44.2,59,55.6,45.4,53.5,33.1,40.7,45.2,37.4,44.6
7/10/2017,19:00,53.8,64.3,68.8,66.2,68.7,56.1,66.6,49,60.7,57.7,54.1,52,58.1,69.9,69.9,58.1,67.7,49.9,52.4,47.8,44.9,60.3
7/10/2017,20:00,61.4,71.6,75,73.9,73.8,63.1,74.5,56.8,66.9,64.7,62.8,63,64.5,74.3,75.5,65.7,75.1,67,59.5,66.2,55.8,68.9
7/10/2017,21:00,67.7,75.4,77.8,77.7,76.5,68.3,78.4,60.3,70.8,68.6,68.4,69.7,69,77.6,79.3,71.5,81.3,69.8,65.2,71.2,57.6,74.4
7/10/2017,22:00,71,78.6,81,79.8,78.8,72.8,81.2,65.4,73.5,73.1,72.3,74.1,74.5,77.6,81.4,77.5,84,76.7,69.1,76,62.7,75.5
7/10/2017,23:00,76.4,80.7,81,82.5,80.9,75.5,84.5,67.1,76.8,75.8,77.2,77.4,77.2,80.9,84,79.7,86.7,79.8,73.5,78.7,64.4,79.7
7/11/2017,0:00,78.6,82.8,82.1,82.5,83.1,79.4,85.6,69.3,78.9,78.5,79.9,79.5,78.8,81.4,86.6,83.4,87.7,81.8,75.1,80.7,67.3,80.2
7/11/2017,1:00,81.2,84.9,82.6,84,83.6,80.9,87.2,71.6,79.9,79.6,80.9,80,80.4,83,87.1,83.4,89.9,82.8,77.2,81.3,68.9,80.7
7/11/2017,2:00,81.7,85.4,83.7,84.6,83.6,83.1,88.9,72.6,80.4,79.6,83.5,81.1,82.5,83,88.2,85.5,90.4,84.8,78.3,82.3,70.6,82.8
7/11/2017,3:00,83.8,84.4,82,85.6,84.2,83.6,88.3,73.2,82,82.8,84.6,82.1,83.5,84.6,86.6,85,90.9,83.8,77.2,83.8,71.1,83.8
7/11/2017,4:00,85.3,86,82.6,85.6,84.2,83.6,87.8,73.7,82,82.8,84.6,82.1,83,84.6,89.7,83.9,92,82.8,79.3,84.3,71.7,83.8
7/11/2017,5:00,85.3,86,84.2,86.1,84.2,85.7,89.4,74.8,82.5,81.2,85.1,82.6,84.6,83,90.2,84.4,92,83.8,79.3,84.3,73.3,82.8
7/11/2017,6:00,86.8,85.4,85.2,86.1,86.3,85.1,90.5,75.4,83.6,83.3,85.6,82.1,83.5,86.1,90.2,85,92.5,84.3,80.3,83.8,74.9,85.3
7/11/2017,7:00,79.6,81.8,84.2,78.2,83.1,82,88.3,70.5,81.5,83.3,84.1,80,77.7,75.9,87.6,82.3,85,80.8,77.7,79.7,72.3,83.8
7/11/2017,8:00,61.5,72.7,75,72.3,74.9,77.2,83.4,68.8,76.2,82.2,76.1,72,49.4,72.1,72.7,75.9,80.7,78.2,71.3,71.7,66.7,77.1
7/11/2017,9:00,63.3,66.1,63.7,69,69.8,69.5,72.3,66.5,69.2,75.3,52.5,64.7,52.4,68.2,71.1,67.5,72.9,72.5,67.5,60.7,62.2,71.7
7/11/2017,10:00,53.9,51.1,59.7,59.9,63,60.9,51.3,56.1,64.7,61.2,47.7,48.5,36.6,60.2,63.2,61.2,64.3,63.2,57.1,52.4,51.6,60.4
7/11/2017,11:00,47.8,57,59.7,55.9,57.8,54.4,57.3,52,58.3,55.3,43.5,43,44.5,59.6,61,53.5,59.7,54.5,49.5,49,49.3,50.2
7/11/2017,12:00,49.1,57.5,62,56.5,58.4,49.7,59.6,47.8,60.7,56,45.3,49.1,48.2,54.9,60.4,51.2,61.5,56.9,49,51.3,43.8,55.7
7/11/2017,13:00,48.5,52.8,60.8,52.9,56.7,48.4,54.9,52.8,56.5,53.6,45.3,44.3,45.7,52.5,56.2,53.6,57.9,52.2,47.7,47.1,48.2,53.9
7/11/2017,14:00,47.3,53.4,60.8,53.5,57.2,46.5,54.9,49.8,55.4,51.8,43,42.4,46.3,55.4,49.2,54.2,55.5,46.9,45.2,47.1,47.6,50.9
7/11/2017,15:00,41,56.3,61.4,55.8,57.2,46.5,55.5,49.8,54.2,51.2,42.3,47.3,49.9,56.1,56.3,52.3,57.9,45.7,45.2,49.5,44.4,46
7/11/2017,16:00,36.7,56.3,63.1,59.3,62.5,48.2,56.7,49.1,57.2,52.3,45.3,48.4,51,59.6,53.4,54.1,56.7,45.2,48.2,51.9,46.8,47.3
7/11/2017,17:00,39.2,59.2,60.8,60.5,62.5,53.7,57.8,50.8,57.7,55.3,47.7,50.1,57,61.8,60.9,55.2,60.1,39,50,51.2,48,48.5
7/11/2017,18:00,36,60.9,66.5,63.3,64.7,55.4,62.4,53.8,58.8,57.6,49.4,51.3,53.9,64.7,64.3,60,64.2,45.1,52.4,53.6,50.4,55.6
7/11/2017,19:00,56.1,65.4,73.3,66.7,69.3,59.5,68.2,56.7,60.5,59.9,57,54.8,59.2,71.5,70.4,65.2,70.5,52.2,54.7,52.4,53.3,60.3
7/11/2017,20:00,67.6,76.4,77.1,76.1,77,66.5,76.2,63.6,71.3,71.4,67.8,69.7,68.3,77,78.7,74.7,80.7,71.9,65.7,69.5,62.1,71.6
7/11/2017,21:00,75.3,80.2,78.8,79.2,79.2,72.7,82.3,69.8,74,76.3,76.1,74.6,74.4,80.3,82.9,81.2,85,77.7,72.8,74.4,68.9,75.9
7/11/2017,22:00,78,80.7,80.4,81.4,79.8,77.7,83.4,71.5,77.8,79,77.7,78.4,76.1,80.8,85,83.9,87.7,80.7,75,77.1,70.5,78.1
7/11/2017,23:00,80.1,81.8,80.4,80.9,79.8,80.9,83.4,72,79.9,79.5,80.3,81,77.7,81.4,85.5,84.9,89.3,82.8,76.1,79.2,72.2,81.2
7/12/2017,0:00,82.2,82.8,79.8,80.9,80.3,80.9,84.5,73.1,81.5,80.6,80.9,80,78.8,80.8,86.6,86,88.8,81.2,78.2,79.7,72.7,80.2
7/12/2017,1:00,82.2,83.3,82,81.9,79.8,83,84.5,74.2,80.9,81.1,82.4,80.5,80.8,80.8,86.6,86,89.3,82.2,79.3,80.2,73.8,81.7
7/12/2017,2:00,83.2,84.4,81.4,84,80.3,84.1,87.8,75.3,82.5,81.6,83.5,81.6,82.4,83,87.1,87.6,88.8,84.8,78.7,84.3,73.8,82.8
7/12/2017,3:00,84.2,84.9,82.5,85.1,83,85.1,87.8,74.2,82.5,83.2,85.6,83.2,83,84,87.6,87,92,84.2,80.3,83.8,74.4,82.8
7/12/2017,4:00,87.3,86.4,82.5,84.5,84.1,86.7,88.8,74.8,83.5,83.8,86.6,83.2,84,85.6,88.6,87.6,92.5,85.2,81.9,84.8,73.8,84.3
7/12/2017,5:00,87.3,85.9,82,86.1,84.1,86.1,89.4,75.3,84.6,84.3,87.1,83.2,84,85.6,89.7,88.1,93,84.2,81.3,85.8,74.9,85.8
7/12/2017,6:00,91.3,86.4,83.1,86.1,83,86.1,89.4,75.8,85.1,84.3,87.1,83.7,85.1,85.1,89.7,88.1,93.5,84.8,83.4,84.3,76.5,84.3
7/12/2017,7:00,82.2,83.3,83.1,77.7,80.3,84.1,87.8,68.2,83.6,84.3,84,80.5,78.8,75.4,86.6,84.4,85.6,80.7,79.8,78.6,74.4,84.3
7/12/2017,8:00,62.6,70.4,74.4,70.6,70.9,80.9,82.9,69.3,77.8,81.7,75.6,71.9,49.9,71.5,69.9,76.4,80.1,78.2,72.3,70.1,67.8,78.6
7/12/2017,9:00,63.2,68.2,64.8,68.9,67,72.8,72.8,68.2,70.2,76.3,52.5,63.6,55.8,68.1,69.9,71.4,73.4,72.9,69,61.1,64.4,70.5
7/12/2017,10:00,59.7,58.7,64.8,62.7,63.5,63.2,54.8,65.4,69.7,65.1,50.1,48.4,40.8,65.3,68.3,65.2,68.9,65.9,60.6,56.5,56.9,66.1
7/12/2017,11:00,52.7,63.7,63.6,62.1,63,58.5,63.6,58.5,66.8,63.5,47.2,47.9,50.5,63.6,67.1,58.2,67.2,62.6,56.5,54.7,51,63.2
7/12/2017,12:00,56.8,60.3,64.8,61,61.8,57.4,62.4,57.3,64.6,60.6,45.3,54.8,53.5,56.5,65.4,60,66.6,61.5,54.2,54.1,52.3,60.3
7/12/2017,13:00,52.6,57.4,61.9,55.8,57.7,51.9,59,54.4,62.3,58.3,45.3,50.8,49.9,53,60.3,55.9,61.9,54.5,53,51.8,50.5,55.6
7/12/2017,14:00,48.4,56.3,62.5,57,56.6,50.1,57.2,52,60,54.7,45.9,46,50.5,57.2,51.5,55.9,55.9,50.4,48.2,50,47.4,53.2
7/12/2017,15:00,42.8,55.1,61.4,55.8,56.6,48.9,55.4,50.8,57.6,52.9,45.2,49,49.8,55.4,56.2,55.3,57.8,48,48.2,50.6,48,42.3
7/12/2017,16:00,36.6,53.9,63.6,58.1,59.5,50,53,50.8,58.2,53.5,44.5,49,51.6,58.3,50.3,56.5,52.3,42.5,49.4,51.1,48.6,47.9
7/12/2017,17:00,39.8,57.4,63,60.4,64.6,53,57.2,52.6,60.6,56.5,45.8,50.7,55.1,61.8,59.7,57,64.2,40.8,48.7,53.5,48.6,50.2
7/12/2017,18:00,38.5,61.9,68.2,65,66.9,58.9,62.9,54.9,61.7,59.9,49.3,53.6,59.2,66.4,64.2,62.2,68.8,47.4,53.5,52.9,51.6,57.3
7/12/2017,19:00,59.6,65.9,71.5,64.4,71.4,63.6,67.6,57.8,62.8,65.1,59.9,56.6,63.8,70.9,71,66.8,71.6,48.6,56.4,48.8,53.9,63.2
7/12/2017,20:00,64.7,73.7,76,74.9,75.3,67.6,73.9,63,69,68.5,66.1,65.7,67.7,74.8,74.8,72.5,77.8,68.6,63.9,66.6,60.3,68.2
7/12/2017,21:00,72.6,80.7,81.4,79.2,79.8,73.8,82.2,66.4,75.6,74.1,73.3,74.6,75.5,80.2,80.2,76.9,84.4,77.1,70.6,75.4,64.9,75.3
7/12/2017,22:00,78.5,81.7,83.1,81.9,81.9,79.3,85,71.5,79.3,78.4,79.8,78.9,78.7,81.9,85,82.8,87.7,80.7,75,78.6,71.1,80.7
7/12/2017,23:00,81.7,83.8,80.9,83.5,82.5,81.4,88.3,73.7,80.9,81.6,82.4,80,80.9,82.4,87.1,84.9,89.3,82.8,76.1,82.3,72.2,81.7
7/13/2017,0:00,83.7,84.9,84.2,84,84.1,83,88.3,74.2,82,83.2,84,82.1,81.9,84,87.6,86,90.9,82.2,79.3,81.7,72.7,82.2
7/13/2017,1:00,84.8,85.9,83.6,85,85.2,85.6,88.8,75.8,84.1,84.3,86.1,81.5,83.5,84,87.1,88.1,92.5,86.2,80.8,83.8,74.9,83.8
7/13/2017,2:00,87.3,85.9,83.6,85,85.2,86.7,88.3,76.4,85.1,85.8,86.6,83.1,83.5,84.5,89.2,88.6,90.9,84.8,81.8,87.3,74.3,85.3
7/13/2017,3:00,88.8,86.4,83,86.6,84.1,87.2,88.3,76.4,85.6,84.2,87.1,84.7,83.5,84,89.2,89.1,91.4,83.7,82.4,85.8,76,86.3
7/13/2017,4:00,88.3,85.4,83.6,85,83,88.7,89.9,77.5,84.6,84.8,88.1,84.7,85,86.1,89.2,89.1,93,86.2,82.9,85.3,76.5,85.8
7/13/2017,5:00,90.3,86.4,84.1,86,84.6,88.2,89.9,77.5,85.6,85.3,89.2,84.2,86.1,86.1,90.2,90.1,95.1,84.7,83.9,85.8,76.5,85.8
7/13/2017,6:00,89.8,85.4,84.6,86,84.6,87.2,89.9,77.5,86.1,86.3,88.1,84.2,86.1,86.1,90.7,86.5,94.6,84.2,83.4,86.3,77,85.3
7/13/2017,7:00,81.7,82.2,84.1,77.6,79.8,83,87.7,68.8,84,84.8,82.9,79.4,79.3,77,88.1,83.3,85.5,81.2,79.8,78.6,76,83.2
7/13/2017,8:00,62,69.9,77.6,72.7,77,80.9,80.6,70.9,78.8,80,73.3,70.8,52.7,72,69.8,74.7,79,76.1,74.5,70,70.5,75.3
7/13/2017,9:00,62,66.5,63.6,67.2,69.8,71.6,72.2,69.3,69.6,76.3,47.7,63.4,49.9,67,67.7,70.8,72.2,69.7,68.4,61.6,63.8,68.8
7/13/2017,10:00,56.7,54.6,63,61.5,60.1,64.3,52.4,63.6,68.5,66.3,45.3,48.3,37.8,63,66.6,64,66.5,64.2,60.5,54.1,58,62.6
7/13/2017,11:00,49,59.7,61.9,57.5,59.5,55.5,58.9,57.3,63.4,59.4,41,41.1,49.3,61.3,62,57,61.3,58,52.3,53,51.6,58
7/13/2017,12:00,52,55.7,62.5,57,58.9,52.6,58.4,52,62.3,58.3,44.7,49,49.9,55.4,62.6,56.5,61.3,54.5,50.7,49.5,49.8,56.8
7/13/2017,13:00,48.4,56.2,61.3,56.3,60,49.5,59.5,53.2,60.5,55.3,43.4,46.6,48.7,55.4,60.9,54.7,57.7,51,48.2,48.2,48,54.4
7/13/2017,14:00,49.6,57.4,65.3,57.5,60.6,50.7,58.9,52.6,60.5,56.5,46.5,49.6,49.9,56.5,50.8,55.3,58.4,51,50,50.6,49.3,55.6
7/13/2017,15:00,48.5,58.5,62.5,59.3,62.4,53.1,59.5,54.4,60.5,57.1,47.7,51.4,55.2,57.2,60.4,58.3,57.8,50.5,50.6,51.8,51,44.2
7/13/2017,16:00,40.3,56.2,65.3,59.8,59.5,51.2,57.8,53.8,58.8,57.1,48.2,50.1,52.2,58.9,47.3,56.5,59.5,48,50,51.1,50.4,49.6
7/13/2017,17:00,41.6,58,63.1,61,64.1,53.6,60.1,54.4,59.9,58.8,47.5,51.9,56.3,62.4,60.2,60.5,68.3,43.8,51.1,53.5,51,48.5
7/13/2017,18:00,35.4,62.5,68.7,65.5,66.9,60.2,63.6,54.9,61.1,61.7,50.6,54.2,61,66.4,67.1,61.6,67.1,46.2,54.7,54.1,51,59.1
7/13/2017,19:00,63.7,68.2,75.4,69.5,72.6,65.4,72.8,60.2,64,66.8,61.6,58.9,67.2,74.3,74.3,69.7,75.1,54.5,60.5,50.6,56.3,63.7
7/13/2017,20:00,72.1,77.4,80.3,78.2,80.3,70.5,80,67,74.5,74.1,71.7,72.4,71.7,79.7,81.8,78,82.3,75,68.4,71.6,65,74.3
7/13/2017,21:00,78.5,81.7,80.3,81.3,81.9,76.6,85,72.6,78.8,79.5,78.2,78.3,76,81.3,85.5,85.5,87.7,81.2,74.5,77.5,70,80.7
7/13/2017,22:00,81.6,83.3,81.4,82.9,81.9,80.3,85.5,75.3,81.5,81.6,80.8,79.9,79.8,82.4,86.1,87,90.4,81.7,76,83.2,72.1,81.7
7/13/2017,23:00,82.7,83.8,82.5,82.9,81.4,81.9,86.6,75.3,81.5,81.6,81.9,81,82.4,82.9,88.1,84.9,90.4,82.2,78.2,84.3,72.7,81.7
7/14/2017,0:00,83.2,84.3,80.9,84.5,84.1,83.5,85.5,76.9,81.5,83.2,81.9,81,82.9,84.5,88.1,86,90.9,83.7,79.7,85.8,72.7,82.2
7/14/2017,1:00,83.7,83.3,82.5,85.5,85.2,84,87.7,77.4,82.5,83.7,82.9,82,83.4,84.5,89.1,87.5,91.4,84.2,80.3,85.8,74.3,83.2
7/14/2017,2:00,85.7,85.4,83,85,84.6,86.1,87.7,76.3,84.5,83.7,85.5,83.6,84.5,85.6,91.7,87.5,92.5,85.2,80.3,84.3,75.4,84.8
7/14/2017,3:00,86.7,84.3,83,85.5,83.5,87.7,88.8,76.9,85.6,86.3,87.1,83.6,85,85.6,89.1,88.6,93.5,86.2,82.3,85.8,76.5,84.8
7/14/2017,4:00,89.8,85.9,84.1,87.1,85.2,87.7,90.4,76.9,85.6,86.8,88.1,86.2,86,85.6,90.7,89.1,95.6,87.2,84.9,86.3,77,86.8
7/14/2017,5:00,91.2,86.4,85.2,87.6,85.7,87.7,91.5,77.4,86.1,86.8,89.7,86.2,86.6,87.1,91.7,89.1,95.6,87.2,84.4,86.8,77.5,85.2
7/14/2017,6:00,90.8,87.4,84.6,88.1,85.7,87.7,91.5,77.4,86.1,87.9,89.1,85.2,87.6,86.6,91.2,89.1,96.7,87.2,84.4,87.8,78.1,86.3
7/14/2017,7:00,85.8,85.4,85.7,80.8,84.1,88.2,89.3,67.1,86.6,86.3,87.1,83.1,80.8,79.7,89.6,84.9,89.3,84.7,81.3,82.7,75.4,84.8
7/14/2017,8:00,67.1,71.5,77.6,76,79.8,83,86.6,73.1,80.9,84.8,79.2,75.1,49.8,76.4,73.7,80.7,84.4,82.7,75.5,71.6,69.4,80.7
7/14/2017,9:00,70.4,73.1,74.3,67.2,70.8,75.5,76.7,69.2,73.4,79,52.3,68.5,55.2,73.2,72.1,69.7,80.1,78.1,70.1,65.5,66.7,74.3
7/14/2017,10:00,59.7,56.8,66.4,66.1,65.7,67.2,57.2,64.1,69,68.5,50,45.9,42,67,69.8,62.8,70,69.7,62.8,58.1,59.7,66.6
7/14/2017,11:00,54.9,60.2,62.5,60.4,62.9,58.4,60,60.8,66.2,61.7,49.3,44.8,48.6,61.8,64.2,58.1,65.4,63,54.1,54.6,54.5,62.5
7/14/2017,12:00,52.6,57.8,62.9,58.6,58.2,53.7,61.2,55.5,63.4,58.8,46.4,51.9,48.6,57.7,64.8,55.9,61.9,56.8,51.2,55.8,49.7,57.9
7/14/2017,13:00,48.2,56.2,62.9,55.6,56.5,50,57,51.3,60.5,55.8,46.4,49.5,48.6,54.7,57.3,57,60,52.6,49.9,49.8,46.1,54.3
7/14/2017,14:00,45.7,54.3,62.9,56.2,55.3,48.1,55.3,49.5,57.5,52.1,42.6,45.8,49.7,56.4,49.6,52.7,55.8,46.7,45.7,46.2,45.4,50.7
7/14/2017,15:00,40.1,56.7,62.4,56.8,58.8,45.5,56.5,45.8,56.9,49.7,41.4,46.4,48.5,57.7,56.7,48.4,55.8,47.8,45.7,47.4,43.5,42
7/14/2017,16:00,33.2,54.3,62.9,58.6,58.8,47.4,52.8,46.4,56.3,50.9,41.9,48.8,50.2,57.7,51.9,50.2,55.8,44.3,44.3,49.8,42.2,48.9
7/14/2017,17:00,35.8,56.1,62.9,60.3,62.8,50.4,58.2,49.5,56.9,53.3,43.2,47,53.8,61.1,59,52.1,60.6,38.8,46.7,51,44.8,46.5
7/14/2017,18:00,35.2,59.5,66.3,62,66.3,54.7,62.3,52.4,58.1,56.9,46.2,51.8,56.7,64.6,61.8,58,64.1,46.7,49.8,52.9,47.8,57.2
7/14/2017,19:00,58.3,65.8,72,66,72.5,61.2,68.7,56,63.9,63.9,57.5,56.5,64.3,70.3,71.5,63.3,71.6,53.2,55.8,57,52,62.5
7/14/2017,20:00,64.1,74.2,75.9,75.4,77.5,66.4,75.5,63,71.2,69,65.5,66.8,69.9,75.3,75.8,70.1,78.9,70.7,63.9,71,59.7,69.8
7/14/2017,21:00,71.4,77.9,77.6,79.2,78.6,72.1,78.3,66.9,75,71.8,69.9,74,74.9,76.9,80.2,76.8,84.4,73.4,69.5,75.4,63.7,73.7
7/14/2017,22:00,74.2,81.2,80.9,81.3,81.4,75.9,82.8,68.6,76.1,75.1,73.8,75.1,77.1,81.3,83.9,79,86.1,78.1,72.8,79.1,64.2,76.4
7/14/2017,23:00,78.4,83.8,81.4,82.9,84.1,79.2,86.1,70.8,78.8,77.8,76.5,78.3,80.3,83.4,86,80.1,88.7,80.7,74.4,80.1,67.7,80.6
7/15/2017,0:00,81.6,83.8,82,83.9,80.8,81.9,86.1,71.4,80.9,79.4,80.3,80.4,81.9,84,87.6,80.1,90.9,80.7,76.6,81.7,68.8,83.2
7/15/2017,1:00,83.2,83.3,82.5,84.5,81.3,82.4,88.2,72,81.4,81.1,82.4,81.5,82.4,85,88.6,82.2,93.5,82.7,76.6,81.7,69.3,81.1
7/15/2017,2:00,85.7,84.8,83,83.4,82.4,83.5,86.6,72,81.9,81.1,83.4,81,83.4,85.6,90.2,81.7,93,81.2,76.6,82.2,69.3,81.7
7/15/2017,3:00,87.3,83.3,84.6,85.5,83.5,82.4,88.2,73.1,80.3,81.6,84,81.5,83.4,85.6,88.6,83.3,93.5,81.7,78.6,84.3,71,82.7
7/15/2017,4:00,86.8,83.3,85.7,87.1,84.6,81.3,89.9,73.1,83,82.7,85,82,81.3,86.1,87.6,83.3,94.6,83.2,76,84.3,71.5,84.2
7/15/2017,5:00,88.3,87.4,87.3,87.1,85.2,80.8,90.4,74.1,84,83.7,86.1,83.6,85,85,89.1,83.3,95.1,85.7,79.2,85.8,72.7,85.8
7/15/2017,6:00,88.8,84.8,87.3,88.1,85.7,82.9,92,74.7,85.6,84.2,87.6,85.2,85,87.1,90.1,85.4,96.2,84.7,78.1,86.8,73.2,86.3
7/15/2017,7:00,83.2,82.8,85.7,80.3,83,81.3,89.9,62.6,83,85.3,84.5,79.9,76.5,77,85.5,81.2,86.6,80.7,75.5,81.7,73.2,85.3
7/15/2017,8:00,61.4,69.9,75.4,73.2,76.5,76.5,83.3,69.2,76.7,80.6,72.8,70.8,46.2,73.7,65.3,67.4,80.6,75.5,71.2,67.8,66.5,76.4
7/15/2017,9:00,59,64.2,63,64.3,65.2,64.8,69.9,60.6,61,70.7,48.8,61.2,47.3,63.4,65.3,61.6,69.3,66.3,63.3,56.4,57.4,67.1
7/15/2017,10:00,49.5,43.1,55.3,56.2,55.8,57.8,45,54.2,59.3,59.3,39.7,36.8,36.5,55.9,59.1,54.6,58.8,56.7,53.5,48,50.9,58.4
7/15/2017,11:00,45.2,46.6,50,46,47.1,48.2,46.1,48.2,54,53.4,37.2,35.5,41.3,50.5,52,48,51.6,50.2,46.9,42.5,46,48.3
7/15/2017,12:00,40.9,51.6,61.9,53.5,57.1,42,55.4,44.1,56.5,44.3,35.3,39.2,45.1,54.3,58,42.5,56,51.6,40.1,49.5,41.2,51.5
7/15/2017,13:00,50.3,53.9,60.7,54,54.8,48.3,57.2,52.1,58.9,56,43.5,48.5,45.7,53,56.2,53.6,56.6,52.2,50.7,49.5,47.5,54.4
7/15/2017,14:00,46,50.9,58.4,51.7,53.6,46.4,53.6,50.3,55.3,51.7,41.6,43.5,45,50.5,45.5,49.4,50.5,45.1,47.6,43.3,46.9,50.2
7/15/2017,15:00,41.6,47.3,55.4,50.4,54.8,48.2,50,48.4,54.1,51.7,42.3,46,46.1,50.5,52,48,53.6,46.8,47,47,46.9,41
7/15/2017,16:00,36.1,55.6,60.1,57.5,57.1,53.8,55.3,50.3,58.8,54.7,44.7,48.3,52.2,55.8,59,51.2,55.9,47.4,50.6,51.1,47.5,51.5
7/15/2017,17:00,39.1,52,54.2,54.5,55.8,51.2,51.7,50.9,57.6,54.7,44.7,45.3,49.1,54.7,55,51.7,57.7,40.1,49.3,48.6,48.1,47.1
7/15/2017,18:00,36.5,52.5,57.6,56.2,58.2,54.2,55.2,53.2,56.4,55.2,46.3,48.2,52.1,56.4,57.3,53.3,61.2,41.2,49.9,47.5,48.1,50.7
7/15/2017,19:00,51.2,56.1,61.2,56.2,57.5,56.6,56.3,53.2,55.8,56.3,50.5,50.6,55,58.7,61.3,53.3,59.3,41.8,51.7,45,49.1,50.7
7/15/2017,20:00,55.4,61.3,65.2,63.1,61.1,57.1,62.2,53.7,59.8,56.9,52.7,55.8,56.7,63.4,63,56.3,62.2,56.6,54,55.1,49.7,55.3
7/15/2017,21:00,60.1,64.7,72.6,71.1,72,61.2,70.4,54.8,65,60.4,58,60.5,60.8,67.4,66.9,61.5,69.3,63.5,57.5,63.8,49,62.4
7/15/2017,22:00,65.3,74.2,76,76,75.9,66.4,76.7,60.1,69.6,66.8,64.9,68.5,68.3,73.6,72.6,67.3,79,71.3,63.9,72.7,53.8,71
7/15/2017,23:00,70.9,75.3,76.6,78.2,75.9,70.4,78.4,63,72.9,69.1,68.3,70.2,71.7,75.3,75.3,66.8,80.6,70.2,66.2,73.8,59.2,72.1
7/16/2017,0:00,71.4,74.8,76.6,76.6,73.7,71,77.3,65.3,72.3,68.5,67.2,68.5,71.7,74.8,77,69.7,81.7,69.7,65.7,71.1,62.1,70.5
7/16/2017,1:00,72,72,76,76,71.4,69.9,76.1,63.5,72.9,70.8,68.8,68.5,71.1,75.3,75.9,71.9,80.6,69.1,61.7,71.6,64.4,70.5
7/16/2017,2:00,74.7,74.8,77.7,76.6,74.2,72.7,77.3,68.1,73.4,73.6,72.2,71.3,71.7,77.6,75.9,76.4,82.3,71.3,67.8,74.4,64.9,73.8
7/16/2017,3:00,75.3,75.3,77.1,77.1,75.9,76.6,77.8,73.7,74,73.6,72.8,72.4,73.8,78.1,80.2,75.2,83.4,74.5,71.2,73.8,71.1,74.3
7/16/2017,4:00,80.1,77.4,80.9,79.2,76.5,77.6,81.2,74.2,77.2,76.8,74.9,74,74.9,79.2,82.3,76.9,86.6,75,72.3,75.9,72.2,73.7
7/16/2017,5:00,82.2,79.1,80.9,80.8,78.1,79.8,82.8,75.3,77.2,77.9,77.6,75.7,79.3,81.8,83.9,79.1,87.7,75.6,74.9,79.1,73.3,77
7/16/2017,6:00,83.7,80.1,82,83.5,78.6,80.8,83.9,75.8,77.2,78.4,80.3,78.3,79.8,80.8,82.9,78.5,90.4,76.6,75.5,80.2,73.8,79.6
7/16/2017,7:00,77.5,79.6,80.9,79.3,79.2,79.8,83.9,67.7,78.8,78.4,77.7,74.6,74.9,76.4,81.3,76.4,86.1,77.1,73.9,76.5,74.9,77.5
7/16/2017,8:00,72.6,67.7,72.7,71.7,74.8,74.9,76.7,74.3,74.5,76.3,73.9,68.6,46.2,71.5,65.4,74.7,77.9,72.9,70.1,70.6,76.6,73.8
7/16/2017,9:00,61.5,68.8,73.8,71.7,72.1,70.6,70,68.2,73,72.5,57.7,62.4,55.3,73.2,65.4,64.1,71.7,70.3,65.7,61.1,67.3,68.8
7/16/2017,10:00,54.4,49.3,64.3,63.3,64.1,62,56.7,62.5,66.3,62.9,44.8,40.6,42.2,65.3,68.3,58.8,63.7,63.2,58.9,58.2,59.8,61.5
7/16/2017,11:00,47.2,55.1,61.5,56.4,57.8,53.8,54.8,56.2,60,58.3,42.8,40.6,46.9,57.3,62.6,51.8,59,55.8,51.9,49.4,51.7,53.9
7/16/2017,12:00,47.2,54,63.7,56.4,55,49.7,59,56.2,61.3,52.4,42.8,48.5,50.6,57.9,63.8,53.1,61.5,55.8,49,54.8,52.3,54.5
7/16/2017,13:00,51.6,59.8,66.6,58.8,60.2,52.1,63.1,55.7,64.1,58.4,47.8,50.9,53.6,57.9,66.1,56.1,62.1,57.6,54.9,54.8,51.1,59.8
7/16/2017,14:00,54.5,58.1,65.4,58.8,56.7,53.9,60.2,55.7,63.5,59.5,49.5,51.5,54.2,59.1,53.5,56.6,57.9,52.3,53.1,52.5,50.5,57
7/16/2017,15:00,46.7,57,62,57.7,57.2,52,56.7,49.7,61.2,56.6,47.7,49,53,57.9,59.2,54.1,57.9,48.8,51.3,51.2,48.2,52.1
7/16/2017,16:00,37.4,53.4,60.2,55.8,57.2,51.4,50.1,52.2,59.5,54.2,45.3,47.2,53.5,56,51.6,52.5,55.5,42.1,50.7,51.2,49.3,49
7/16/2017,17:00,38.7,52.8,57.9,55.2,56.1,53.8,51.3,47.2,57.2,51.2,44.7,44.9,52.9,56.7,56.9,50,57.2,35.3,47.7,49.5,41.9,41.7
7/16/2017,18:00,34.2,57.5,63.7,60.5,63.5,54.9,57.8,47.2,59.5,54.2,44.7,49.6,55.2,62.5,62.1,48,61.4,40.2,48.8,52.4,42.5,50.9
7/16/2017,19:00,56.8,65.4,71.1,66.7,70.4,60.3,65.9,51.4,64.1,61.8,56.5,55.5,63.3,69.8,71,59.5,68.8,51.1,56.6,53.1,50.5,62.1
7/16/2017,20:00,67.1,72.6,76.1,73.9,74.8,66.6,72.8,62,70.8,68,65.6,68.1,67.3,75.4,77.1,70.9,76.2,67,63.5,67.9,57.6,68.8
7/16/2017,21:00,72.1,76.5,76.6,77.2,77.1,71.1,76.7,64.8,73.5,71.9,70.1,70.8,71.2,77.6,79.8,73.6,81.8,71.9,66.8,75.5,59.8,72.1
7/16/2017,22:00,70.4,78.6,77.2,78.8,78.7,73.8,78.4,69.8,75.7,71.3,68.9,73,75,78.7,81.9,72.5,83.4,75.6,71.3,77.1,66.1,71.6
7/16/2017,23:00,73.7,79.7,76.6,78.8,76.5,73.8,77.8,72,76.2,74.1,72.8,71.8,76.1,80.3,84,75.8,80.6,73.4,71.7,75.4,71.6,72.7
7/17/2017,0:00,77.5,78.5,76,78.8,78.7,76,78.9,75.8,77.2,77.9,76,75.1,76.6,79.8,82.9,79.6,83.9,76.6,73.4,78.6,71.1,77
7/17/2017,1:00,80.6,79.1,76.6,80.3,78.7,78.7,81.2,74.8,77.2,78.4,77.7,77.3,77.1,80.2,84,78.5,86.1,78.2,74.5,79.1,73.8,77.5
7/17/2017,2:00,82.7,80.1,79.3,81.4,79.2,78.7,82.3,74.8,78.3,76.8,78.2,77.8,78.7,81.9,85.5,79.6,87.7,79.2,74.9,81.2,76.6,78.6
7/17/2017,3:00,82.7,81.2,79.3,81.9,80.9,80.3,83.9,76.4,79.3,79.5,80.3,78.3,80.3,83.5,86.6,79.6,89.3,79.7,76.6,81.2,73.8,79.1
7/17/2017,4:00,84.8,82.3,80.9,81.3,80.3,83,85.6,75.3,79.9,80.6,83,80,81.9,84.5,88.6,81.2,90.4,80.2,77.6,82.3,76.6,80.7
7/17/2017,5:00,86.3,81.7,82.5,84,82,83.5,85.6,76.9,80.9,81.6,83.5,81,81.4,84,89.2,82.8,90.4,79.7,79.2,82.3,76,82.2
7/17/2017,6:00,87.3,82.8,83.6,85,82.5,84.6,85,76.9,81.4,82.7,83.5,81,82.4,85.1,90.2,83.9,93,79.7,80.8,82.3,75.5,81.2
7/17/2017,7:00,83.8,80.2,83.6,77.7,78.7,83.6,85,68.2,81.4,82.7,82.4,79.5,78.8,74.3,88.1,82.9,88.3,79.2,78.2,77.6,74.9,80.7
7/17/2017,8:00,68.3,68.9,74.4,72.3,72.1,79.3,80.6,71,78.8,80.6,73.9,71.9,52.8,72.1,68.3,77.5,79,77.7,72.3,67.3,72.3,76.5
7/17/2017,9:00,66,67.1,66.6,65.1,70.9,71.1,72.8,68.8,69.1,75.8,56.6,64.1,57.6,68.2,67.8,72,71.7,73,67.9,60,64.5,71.6
7/17/2017,10:00,57.4,51,63.7,61.1,61.9,62.6,52.5,64.8,67.4,66.9,50.8,42.5,46.4,62.5,65.5,61.7,64.8,65.9,60.1,54.8,58.2,62.7
7/17/2017,11:00,53.3,56.9,62.6,57.6,57.3,55.6,59,59.1,62.3,60,46.5,40.6,46.4,60.2,61.5,57.7,59,58,53.6,50.7,55.3,54.5
7/17/2017,12:00,49.1,54.6,63.7,57.1,58.5,51.5,59.6,54.5,60.7,56.6,46,49.7,48.8,58.5,62.1,54.1,61.5,57.5,49.6,51.9,49.3,56.3
7/17/2017,13:00,52.1,58.1,66,58.9,59,49.6,62.6,54.5,63,58.4,47.8,49.1,49.4,59,63.2,57.8,60.9,55.3,51.4,50.8,50.6,57.5
7/17/2017,14:00,54,58.1,63.7,57.7,57.9,51.4,60.8,55.8,62.5,59.6,47.8,51.5,53.6,59,50.6,59,57.9,52.3,53.1,51.9,51.2,54.5
7/17/2017,15:00,47.3,58.1,61.4,58.3,60.7,51.4,57.9,52.8,60.7,54.2,46,50.2,54.7,57.9,59.8,57.1,59.7,50,49.5,50.1,50,44.3
7/17/2017,16:00,35.5,57.5,64.3,59.9,63,53.8,60.8,53.3,63,56.6,49.6,50.2,57,60.8,59.2,58.3,59,48.8,51.9,53.1,51.1,50.3
7/17/2017,17:00,42.4,59.2,63.7,62.2,63.6,58.5,61.3,54.5,63,58.9,49.6,51.4,58.7,63,65.5,60,64.3,41.5,54.8,52.4,52.3,50.3
7/17/2017,18:00,40.5,60.9,65.3,62.2,66.4,61.5,63.6,58,63,60.6,51.8,53.8,59.9,67,66.6,65.3,68.3,47.5,56,56.5,53.5,56.8
7/17/2017,19:00,60.9,67.1,71.6,65,67.5,64.9,69.4,61.5,64.1,64.6,60.5,59,63.9,69.8,73.2,68.1,70,52.8,60,53,56.4,62.1
7/17/2017,20:00,69.4,73.2,75.5,74.4,74.3,68.8,75,65.4,70.7,69.1,67.8,68.6,68.9,75.9,79.8,73.6,77.9,70.8,65.7,68.9,61.6,68.8
7/17/2017,21:00,73.7,77.5,78.2,78.7,77.1,72.8,80.1,68.7,75.1,74.1,73.3,74.1,72.2,78.1,82.4,76.9,82.8,75.6,69.6,72.2,65.6,75.4
7/17/2017,22:00,77.5,78.6,81.5,80.3,78.1,76.1,82.8,70.4,77.8,77.9,77.7,77.9,76.1,80.3,84,80.2,86.1,77.2,73.4,77.1,67.3,76.5
7/17/2017,23:00,79.1,81.2,79.8,81.4,78.7,79.3,85.6,71.5,78.8,77.4,79.3,78.4,77.7,82.4,85,81.2,87.7,80.2,75.1,80.2,68.9,79.2
7/18/2017,0:00,81.7,81.8,82.1,82.4,80.9,80.4,85.6,72.6,79.9,78.5,80.3,78.9,79.8,83.5,87.1,82.3,89.3,80.2,75.1,82.3,70,79.2
7/18/2017,1:00,83.8,82.8,82.6,83.5,80.9,82.5,88.8,74.8,80.4,79.5,82.4,81,81.9,84,88.1,83.4,90.9,81.2,76.7,81.8,72.2,80.2
7/18/2017,2:00,86.8,83.3,83.1,84.5,80.9,83,87.2,75.9,80.4,80.6,83,81,83,83.5,90.2,84.4,93.6,81.8,78.2,83.3,72.2,82.8
7/18/2017,3:00,87.3,82.8,83.6,85.6,82.5,83.5,89.4,76.4,81.5,82.2,84.5,82.1,83.5,84.5,89.2,83.9,93.6,82.8,82.4,83.3,76,82.8
7/18/2017,4:00,88.3,83.8,84.7,86.1,82,85.6,89.9,75.8,81.5,83.2,86.1,82.6,84,85.6,91.7,84.9,93.6,83.8,81.3,84.3,74.9,83.3
7/18/2017,5:00,89.8,84.3,85.2,86.1,84.1,86.7,88.8,75.8,82.5,83.8,87.1,83.7,85.1,86.1,91.2,86.5,94.1,83.8,83.9,85.8,73.2,85.8
7/18/2017,6:00,89.3,85.9,85.2,88.1,84.1,87.2,89.9,75.8,84.6,84.3,87.1,83.7,86.1,86.6,92.2,86.5,96.2,82.8,83.9,86.3,76,84.8
7/18/2017,7:00,85.3,82.8,85.8,78.7,78.1,86.2,88.3,63.8,83.5,84.3,85.1,79.5,81.9,73.2,90.2,83.4,89.4,81.8,79.3,79.2,74.9,83.3
7/18/2017,8:00,64.3,69.9,74.9,72.8,73.2,81.5,84.5,70.4,77.3,81.7,75.6,73.6,45.7,72.7,64.9,74.2,81.8,77.7,74,68.4,70,76.5
7/18/2017,9:00,60.9,64.8,63.7,66.7,62.9,69.4,70.5,64.8,64.6,71.9,51.8,61.8,52.2,67.6,66,65.2,70.6,69.2,64.5,57,59.2,67.2
7/18/2017,10:00,47.6,46.8,61.9,59.2,60,54.2,49.9,57.8,56.9,56.4,39.6,35.5,40,59.5,59,53.9,57,55.5,51.6,47.5,49.1,54.8
7/18/2017,11:00,41.3,53.8,62.5,55.8,57.2,45.5,57.8,49.5,58.8,47.8,36.4,32.9,43.1,55.4,57.9,47.2,50.9,47.2,41.8,48.2,44.8,48.8
7/18/2017,12:00,46.5,49.2,59,52.3,54.2,45.1,53.6,45.2,55.3,52.3,42.8,46.6,45,49.4,55,51,56,50.3,46.3,47.6,44.2,53.8
7/18/2017,13:00,46,50.3,58.4,50.5,54.8,45.1,53,51.5,55.9,51.8,42.8,43,43.8,48.2,52,52.9,55.4,47.4,45.2,44.5,46.9,49.6
7/18/2017,14:00,48.4,53.2,61.4,52.3,57.2,47.1,55.4,50.9,56.5,52.3,44.1,43.6,48.1,53.6,42.5,54.1,53.6,45.6,47,45.2,46.9,49.6
7/18/2017,15:00,44.8,54.5,59.6,54.6,58.3,48.9,55.4,52,57.1,52.3,43.4,47.8,49.8,54.2,56.8,55.9,57.2,44.4,47.6,49.3,49.3,45.3
7/18/2017,16:00,36.7,53.3,58.4,56.3,55.9,50.6,53,52.7,57.6,54.1,45.9,49,50.4,55.3,52.6,55.9,55.9,45.6,50.6,49.3,50.5,50.2
7/18/2017,17:00,38.5,52.6,59.6,58.6,62.9,50.6,54.1,53.8,56.3,54.1,43.3,47.7,49.6,57.7,55.5,55.9,61.2,40,46.2,50.6,49.8,48.3
7/18/2017,18:00,35.2,57.3,67.6,62.1,65.8,53.5,61.8,53,55.1,58.1,46.9,50.6,53.2,61.2,61.3,56.9,64.2,37.5,48.6,56.4,49.1,53.8
7/18/2017,19:00,55.5,63.1,71,65,68.1,55.2,67.6,56.6,60.5,61.7,54.6,53.6,56.7,69.8,68.1,62.8,67.6,46,52.8,57.1,52.1,57.9
7/18/2017,20:00,63.6,74.8,77.7,76.1,77.1,65.4,76.2,60.7,70.7,66.8,65,65.1,69.5,76.5,79.8,69.1,78.4,69.7,62.8,68.9,56.8,69.9
7/18/2017,21:00,75.4,78.6,80.4,80.9,79.8,73.8,82.3,67,76.2,75.2,73.3,73.5,75.5,79.2,83.4,78,84.5,77.2,71.2,75.5,65,78.1
7/18/2017,22:00,78,80.7,80.9,82.4,82.5,77.1,85,71,79.4,76.8,77.1,77.8,76.1,81.3,85,81.8,88.3,79.7,74,80.2,69.4,79.6
7/18/2017,23:00,80.6,82.2,82,84.5,83.6,79.8,86.1,72,79.4,80.1,81.4,81,79.8,81.9,87.6,83.9,89.3,82.8,76.6,81.7,71.1,83.3
7/19/2017,0:00,83.2,82.2,82.5,84.5,85.2,80.9,88.3,73.7,80.4,81.6,83.5,81.6,81.4,83.5,88.1,86.5,89.8,83.3,78.2,82.3,72.2,83.3
7/19/2017,1:00,84.2,84.9,84.7,85,84.1,84.1,88.8,75.8,82,82.7,84,82.6,82.4,84,88.1,86,92,82.8,77.1,84.3,73.3,85.3
7/19/2017,2:00,85.8,84.9,84.1,87.1,84.7,83.5,90.4,76.9,83,84.8,86.1,84.7,83.5,85.6,89.1,87.6,92,83.7,79.2,87.3,73.8,85.8
7/19/2017,3:00,87.3,86.4,84.1,86.6,86.2,86.2,89.3,74.8,83.5,83.2,86.1,83.7,85,85.6,89.7,86,93,85.2,80.3,87.8,73.3,85.8
7/19/2017,4:00,88.3,85.4,84.1,87.1,84.7,84.6,90.4,76.4,84,84.8,87.6,84.2,85,85,90.2,87,94.6,84.8,81.3,87.3,74.9,86.3
7/19/2017,5:00,89.3,84.3,85.2,88.6,84.7,85.1,91,75.8,84.6,85.3,87.6,83.1,85,86.1,91.7,88.6,94.6,85.2,78.7,87.8,75.4,85.3
7/19/2017,6:00,89.3,85.4,85.7,87.6,85.2,85.1,89.3,75.8,84,84.3,85.6,83.1,85.6,86.6,91.2,85.5,94.6,82.2,81.3,85.8,77.1,86.8
7/19/2017,7:00,83.8,81.7,85.2,78.2,80.3,83.5,88.8,67.7,80.4,83.2,81.4,76.8,80.3,68.1,88.1,81.8,89.3,78.2,76.1,79.7,74.9,83.3
7/19/2017,8:00,59.7,67.2,74.9,71.2,72.6,75.5,82.3,65.9,76.2,78.4,71.2,65.2,44.4,70.4,55.7,71.4,78.5,74.5,67.3,64.5,65.5,73.8
7/19/2017,9:00,60.3,65.4,65.4,66.7,63.6,66,72.8,65.9,65.2,71.9,52.4,59.5,55.2,68.2,67.7,63.5,69.4,67,62.3,57,63.3,67.2
7/19/2017,10:00,51.4,50.5,64.9,64,63,59.1,55.4,57.2,65.7,59.3,47,39.4,46.9,63.6,64.9,54,64.9,63.1,56.5,50,51.5,59.2
7/19/2017,11:00,45.2,54.5,62.5,57.1,57.8,50,57.2,48.2,60.6,52.8,45.2,35,46.9,58.4,56.8,52.2,57.2,57.4,49.3,48.9,42.9,50.8
7/19/2017,12:00,45.2,49.3,62,52.9,53.7,49.5,57.2,41.5,58.9,54.2,42.3,46,47.6,51.9,59.8,46,57.9,52.2,47.7,48.9,37.3,53.3
7/19/2017,13:00,44.8,48.6,59.6,49.9,53.1,46.5,53.1,50.9,55.3,51.2,41.8,40,45.1,46.3,52.1,50.6,53,46.3,45.9,44.6,43.8,50.2
7/19/2017,14:00,48.5,58.5,60.8,55.2,58.4,48.4,56.6,52.8,56.5,54.2,45.9,44.2,50.5,54.8,58.5,56,55.5,49.2,47.1,48.3,48.2,53.3
7/19/2017,15:00,46.1,56.3,60.8,57.6,57.8,50.8,57.8,53.9,58.8,55.4,45.3,48.5,51.7,56,57.4,57.8,59.7,49.9,50.1,51.2,50,47.9
7/19/2017,16:00,35.5,49.7,59,54.6,58.3,48.8,51.8,50.3,55.3,50.5,41.6,44.1,49.8,49.9,50.8,53.5,52.3,45,47,47,48.2,49.6
7/19/2017,17:00,40.3,45.9,57.8,52.7,56.6,49.3,49.2,52,49.1,53.5,43.3,48.3,42.2,49.3,44.5,57.6,54.6,40.6,47,47,48.2,47.8
7/19/2017,18:00,33.3,53.2,64.2,58.6,64.1,53.6,59.4,52,58.2,57,46.8,46.4,49.6,60.6,54.8,55.1,63.6,52.6,48,55.3,47.3,53.2
7/19/2017,19:00,50.6,51.3,60.6,52,58.8,54.1,53.9,53,51.5,55.7,49.8,46.4,50.8,55.1,55.9,58.1,56.2,38.1,49.2,41.3,49,53.2
7/19/2017,20:00,53.5,60.7,68.7,66.6,66.3,54.1,64.6,57.2,56.8,58.6,53.2,54.7,54.3,63.4,61.8,61,65.2,57.2,50.9,58.6,50.8,58.4
7/19/2017,21:00,64.7,75.9,78.2,77.1,78.1,65.3,77.8,61.8,69.6,69.1,66.1,68.5,68.3,74.2,77,69.6,77.3,70.8,61.6,71.7,59.2,71.6
7/19/2017,22:00,71.5,79.6,81.5,80.3,79.8,73.8,82.3,66.4,75.1,75.7,75,75.2,75.5,79.2,82.9,76.9,84.5,77.7,69.5,75.5,63.8,76.5
7/19/2017,23:00,75.8,81.2,80.4,80.8,80.3,77.2,85.6,69.3,77.3,76.8,77.1,76.8,77.7,80.3,84.5,79.1,87.2,79.2,72.8,79.2,65.5,79.7
7/20/2017,0:00,79.1,81.2,80.4,81.4,79.8,79.8,85,69.8,78.8,80.1,80.3,78.9,79.8,81.3,85,79.6,87.2,80.7,75.6,80.7,68.3,80.7
7/20/2017,1:00,81.7,81.7,79.8,81.9,77.6,80.4,85,71.5,78.8,79.5,80.3,78.9,80.3,80.8,87.1,79.6,91.4,81.2,73.4,81.7,68.3,81.2
7/20/2017,2:00,83.2,81.2,80.9,82.9,78.1,80.4,86.1,71.5,78.3,80.1,81.4,80,80.9,81.8,82.8,81.2,92,80.7,75.5,80.7,68.3,81.2
7/20/2017,3:00,84.2,77.9,81.4,82.9,78.6,80.9,87.2,72,74.4,81.7,83.5,80.5,81.9,80.2,81.2,81.8,93.5,80.2,74.4,81.7,70,80.2
7/20/2017,4:00,85.8,77.9,82.5,83.4,80.8,82.4,87.2,77,76.6,81.7,84.5,80,82.4,81.3,87.1,81.8,94.1,81.7,76.6,80.1,76,80.7
7/20/2017,5:00,86.8,79,83.6,85.5,78.1,84.1,87.7,77.5,78.2,81.1,83.5,81,79.2,81.8,89.1,84.4,93.5,80.7,79.7,82.2,75.5,82.2
7/20/2017,6:00,87.8,81.1,84.7,86.1,79.2,84.6,89.9,79.1,80.4,82.1,84,81.5,79.7,81.8,89.7,85.5,93.5,82.2,79.2,83.2,76.6,81.2
7/20/2017,7:00,81.1,80.1,83.6,85.1,81.4,85.1,87.2,77.5,82,83.8,81.4,78.9,80.3,79.7,85.5,83.4,90.4,80.7,79.8,82.3,77.1,81.8
7/20/2017,8:00,65.5,77.5,79.8,79.8,75.9,82,81.7,74.3,82,81.1,73.9,74.1,79.3,78.7,84.5,74.7,82.9,77.7,75.6,67.9,71.1,77
7/20/2017,9:00,68.8,68.8,67.1,70,70.4,73.3,76.2,69.9,69.7,76.3,58.8,66.9,60.5,70.9,69.4,68.6,75.1,74,69.1,60.5,63.3,70.6
7/20/2017,10:00,55,54,60.1,60.4,58.8,66.1,50.6,63.1,67.4,67.5,51.2,41.3,50.5,62.4,67.1,63.5,68.4,67,61.2,55.2,58.7,60.9
7/20/2017,11:00,52,52.7,54.2,52.8,53,56.8,54.1,57.9,61.7,60.6,47.7,38,46.9,54.8,55.6,54,57.7,58.6,55.4,45.7,53.4,52.6
7/20/2017,12:00,47.1,46.8,56.7,49.4,48.9,49.5,50.6,47.1,52.2,48,38.5,42.2,42.5,50.7,49.6,49.2,49.8,47.9,46.3,39.5,42.4,42.6
7/20/2017,13:00,35,50.4,57.3,50,47.8,42.7,51.9,40.9,54.2,46.2,34.2,37.5,43.9,48.3,54.5,41.7,52.5,42.7,42,43.5,37.4,46.6
7/20/2017,14:00,45.4,51.7,57.9,50.5,52,44,51.9,44.2,53.5,50,41.7,43.6,46.2,50,35.2,51.2,47.6,43.3,45.2,45.8,42.6,48.5
7/20/2017,15:00,43,51,59.1,53.5,53.1,44,50.7,47.3,52.9,49.3,40.5,45.4,46.8,50,50.2,51.7,51.2,43.3,44,45.2,43.8,39.7
7/20/2017,16:00,30.9,52.8,60.2,55.8,56.7,46.4,53.6,50.9,55.3,50.5,41,46,49.8,56,52.1,52.3,52.4,46.9,45.2,50.6,47.5,50.3
7/20/2017,17:00,37.3,52.8,59,56.4,58.9,48.2,52.3,49,54.7,51,41.6,45.3,48.5,57.2,56.8,52.8,57.7,35.8,46.3,49.3,45.6,41.5
7/20/2017,18:00,33.4,54.4,59.5,56.4,57,52.3,54.7,49,56.4,52.8,42.1,47.6,53.3,58.8,60.8,56.3,60.6,41.8,46.8,50.4,44.2,48.8
7/20/2017,19:00,52.3,57.2,64.7,57.4,64,54.7,58.8,51.2,55.2,54.5,49.2,48.2,56.2,61.1,64.7,58,61,37.4,49.8,47.5,45.3,51.2
7/20/2017,20:00,60.6,69.2,70.3,69.9,70.8,62.3,69.3,56.5,65,63.3,59.2,62.8,64.9,69.2,71.5,68.5,73.8,64.1,59.3,65.5,55,64.2
7/20/2017,21:00,69.2,74.7,75.4,76.5,74.7,68.7,77.2,63.5,71.7,70.7,70.5,70.7,71.6,75.3,78.6,75.2,78.3,70.7,67.3,70.5,60.3,71.5
7/20/2017,22:00,74.7,78.5,79.8,78.1,77.5,73.2,80,65.8,75.6,74.6,73.8,74.6,73.8,77.5,81.3,77.4,84.4,75.5,70.6,74.8,64.3,75.3
7/20/2017,23:00,77.4,81.7,79.3,79.2,78.6,77.1,82.2,66.9,76.7,75.7,77.1,76.2,77.6,79.7,83.4,79.6,88.2,77.6,71.7,78,63.7,76.4
7/21/2017,0:00,81.1,81.7,79.3,80.8,75.3,79.8,84.4,66.3,78.8,77.3,78.2,77.8,78.7,81.8,86,80.1,89.3,79.2,74.4,80.1,63.7,77.5
7/21/2017,1:00,82.7,80.6,78.1,81.3,74.7,79.8,82.2,66.3,78.8,77.8,79.7,78.8,80.3,81.8,87.1,77.9,90.9,79.7,74.4,76.9,63.1,75.8
7/21/2017,2:00,83.7,81.2,80.3,82.4,75.8,80.8,84.4,68,78.8,77.8,78.6,77.8,80.3,81.3,88.6,78.4,88.7,77.6,78.1,80.1,67.1,76.3
7/21/2017,3:00,85.2,82.2,81.4,82.9,81.9,83.5,83.8,69.1,80.3,80.5,80.8,77.8,82.4,85,89.6,80.1,90.3,80.7,79.7,81.7,67.1,80.6
7/21/2017,4:00,86.7,82.2,82.5,85,81.4,82.9,87.2,72,79.8,82.1,84,79.4,82.4,83.9,88.1,83.3,93,79.7,79.2,82.2,69.9,80.6
7/21/2017,5:00,87.8,82.7,84.6,83.9,79.7,84.5,88.8,73.6,80.8,81.1,84.5,79.9,81.8,84.5,89.1,82.8,93.5,80.1,78.6,83.2,72.7,80.6
7/21/2017,6:00,88.8,83.2,84.6,85,83,85.6,87.2,76.4,81.9,84.2,84,82,83.4,85.5,91.2,84.9,94.1,82.7,80.2,82.7,77,82.2
7/21/2017,7:00,82.1,81.2,83.1,83.4,79.8,85.6,85,76.4,83.5,82.7,80.8,78.3,82.9,81.8,88.6,81.7,88.2,80.7,78.7,79.6,77.6,81.2
7/21/2017,8:00,64.3,75.3,79.3,72.2,75.9,79.8,78.9,73.1,80.4,80.6,75.5,71.9,67.8,77.5,84,75.8,79,78.1,73.9,68.9,72.2,75.4
7/21/2017,9:00,63.7,65.9,69.9,65.5,67.5,72.2,73.3,69.8,67.9,76.8,55.3,65.8,59.8,68.7,69.3,68.6,77.4,72.4,69.5,60.5,63.8,69.9
7/21/2017,10:00,58.5,58,63.6,61,59.5,65.4,52.9,64.2,67.3,67.9,45.2,44.8,50.5,62.9,67,65.1,66.5,69.2,61.1,52.9,60.3,62
7/21/2017,11:00,52.5,55.7,62.5,57.5,57.7,57.8,57.2,57.8,61.1,59.9,44.6,36.8,48.6,58.9,60.3,58.1,59.4,57.3,52.9,49.9,52.2,55
7/21/2017,12:00,48.3,52.2,62.5,52.9,57.7,50.7,58.9,51.9,61.8,57.1,43.5,52,50.5,56,62,49.7,57.2,56.9,50.6,49.9,47.9,55
7/21/2017,13:00,51.5,58,64.9,57,57.7,50.7,58.9,55,61.2,56.6,44.1,47.3,51.2,55.4,60.8,57.1,61.4,52.2,50,50.6,51.1,55
7/21/2017,14:00,50.8,58,64.9,57.6,58.3,52,60.1,55.6,61.8,57.7,47.1,48.4,52.9,58.4,46.3,60.7,54.9,52.8,51.9,50,52.3,53.8
7/21/2017,15:00,47.2,58,64.3,58.2,58.3,51.4,57.2,53.2,61.2,55.3,45.3,50.2,54.6,57.2,59.7,59.4,58.4,49.2,51.2,51.8,49.8,47.2
7/21/2017,16:00,35.5,57.5,66.6,60.5,61.9,53.1,59,53.8,60.6,57.1,45.3,50.8,56.4,60.1,59.7,58.8,58.4,48.7,52.4,53.6,51.7,53.9
7/21/2017,17:00,41.1,55.6,64.9,59.9,61.9,54.8,57.2,55.6,57.6,58.9,46.5,49.6,54.6,58.9,56.1,60,63.6,32.7,51.8,51.2,51,45.5
7/21/2017,18:00,37.9,57.4,65.9,61,63.5,53.5,58.9,56.7,58.8,60,46.5,50.7,53.8,62.3,59.6,61.1,63.6,38.8,50.5,56.4,51.7,52.6
7/21/2017,19:00,57.8,61.9,71,65.5,69.2,58.3,65.9,60.8,59.3,62.2,55.2,54.8,54.4,67.5,65.3,64.6,68.8,45,53.5,57.7,55.2,57.9
7/21/2017,20:00,64.7,70.9,73.2,72.2,73.7,65.4,72.2,64.2,69,66.3,62.7,64.6,66.6,72.6,72.6,70.8,76.2,65.3,62.2,66.1,59.2,66.6
7/21/2017,21:00,69.8,78,78.8,77.6,78.7,71,78.9,65.3,72.9,71.9,68.9,72.4,72.7,77,79.7,75.8,81.7,73.9,69,75.4,61.5,73.7
7/21/2017,22:00,77.4,81.7,79.8,80.3,80.3,77.7,82.2,69.2,77.2,77.9,76,76.8,77.1,79.7,83.4,81.8,86.6,79.7,73.9,80.2,68.3,79.6
7/21/2017,23:00,81.1,82.2,79.8,80.8,79.2,79.3,84.5,70.9,78.3,79,79.3,80,78.7,81.3,85,82.3,89.3,79.7,74.5,81.7,68.8,78.6
7/22/2017,0:00,83.7,82.8,81.4,82.4,80.3,80.9,86.1,73.1,79.9,80.1,80.3,80,79.2,82.9,87.1,83.3,90.4,80.2,76.6,81.7,68.8,79.1
7/22/2017,1:00,85.3,83.3,81.4,82.4,78.6,82.5,86.6,71.4,80.9,80.1,81.4,80,81.9,83.4,88.6,83.9,92,80.7,77.1,82.2,68.8,81.2
7/22/2017,2:00,87.3,83.3,81.4,84,81.4,83,86.6,72.5,80.4,80.6,82.4,80.5,81.9,84.5,89.1,83.9,92.5,80.7,79.2,82.8,68.8,81.7
7/22/2017,3:00,87.3,84.3,84.7,84.5,80.8,84.6,87.7,73.6,80.9,80,81.3,81,82.4,84,90.2,83.9,93.5,81.2,79.7,81.7,71.1,82.7
7/22/2017,4:00,87.3,83.8,83,83.9,79.2,84,88.2,78.6,81.9,82.1,82.9,81,82.9,82.9,90.2,84.4,94.6,80.2,81.3,82.2,76.6,82.7
7/22/2017,5:00,89.8,84.8,84.6,86,80.8,86.7,88.2,79.1,83.5,84.3,83.5,81.5,84.5,83.9,92.2,86,95.1,82.2,82.8,83.2,78.7,82.7
7/22/2017,6:00,88.8,84.8,85.7,85.5,80.8,87.7,88.8,78,83.5,84.3,86.1,83.6,84.5,87.1,91.2,86.5,95.1,82.2,82.8,83.2,80.3,84.3
7/22/2017,7:00,85.3,83.3,85.7,78.7,81.4,86.7,87.7,72.1,83.5,84.3,83.5,83.1,81.9,68.7,90.2,83.3,89.8,81.7,80.8,80.2,78.1,82.7
7/22/2017,8:00,66.6,76.5,80.4,73.3,78.1,81.4,83.9,73.7,78.8,82.2,76.1,71.9,51.7,72.6,70.5,77.4,82.3,79.2,75.5,65.1,68.9,78.1
7/22/2017,9:00,63.8,69.9,68.8,69.5,68.1,72.8,74.5,70.4,69.1,77.4,56.5,64.7,60.4,69.8,70.5,68.1,75.1,72.4,69.6,61.1,66.7,70.6
7/22/2017,10:00,61.5,61.5,66.5,62.7,63.6,64.3,55.4,66.5,69.1,68,48.3,46.7,55.8,65.3,67.7,64.1,69.5,66.4,61.1,55.3,59.8,61.5
7/22/2017,11:00,52,56.9,64.9,58.2,57.8,56.2,58.4,59.7,62.9,61.2,42.3,37.5,50.6,59,59.8,58.8,60.2,59.7,54.2,49.5,54.7,55.6
7/22/2017,12:00,51.5,54.6,64.9,54.7,57.8,52.1,60.7,52.6,62.9,57.1,43.6,49.7,51.8,58.4,64.4,54.1,62,59.2,50.7,51.2,49.3,55.1
7/22/2017,13:00,52.7,60.9,64.9,57,58.4,49.5,61.3,57.5,62.9,57.7,45.9,46.1,51.2,57.8,63.2,59.5,61.4,54,53.1,50.6,51.1,56.3
7/22/2017,14:00,54.4,59.8,64.9,59.4,57.8,52,60.2,57.5,62.3,57.7,45.9,49.6,53.5,60.1,45.1,61.2,54.3,51.6,52.4,52.4,52.9,56.3
7/22/2017,15:00,49.1,58.6,63.7,59.9,60.1,52.6,58.4,55.1,62.3,57.1,47.2,53.2,58.1,60.1,62,58.8,61.4,52.2,53.1,53,51.1,53.9
7/22/2017,16:00,35.5,59.2,66.6,61.1,62.4,54.4,59.6,55.6,63.5,58.9,46.5,52,57.6,62.5,61,61.2,61.9,49.3,53.1,54.2,52.3,53.9
7/22/2017,17:00,43,60.9,66.6,63.3,67,57.9,60.7,56.8,65.2,61.2,48.3,54.4,60.5,65.3,66.6,61.8,69.4,43.3,56,55.9,53.5,53.3
7/22/2017,18:00,42.3,62.6,67.6,65,68.6,62.5,64.8,60.3,65.2,62.9,50.6,56.1,63.9,67,68.8,66.9,71.2,49.9,58.3,57,55.3,58.6
7/22/2017,19:00,61.3,65.9,69.8,66.1,69.2,62.5,67.6,63.7,65.7,65.1,59.9,57.2,64.4,70.9,72.6,69.2,72.2,52.2,60.5,54.1,57.6,62.6
7/22/2017,20:00,68.7,72,72.6,72.7,72.5,67.7,72.7,64.2,71.8,69.7,67.2,67.4,70,73.7,77,73.6,76.7,69.7,65.1,66.1,61.6,68.2
7/22/2017,21:00,70.9,75.3,76.5,77.1,74.8,69.9,77.2,66.4,72.9,72.4,69.4,71.8,71.1,76.4,79.1,75.2,81.7,72.9,67.8,71.6,63.8,72.1
7/22/2017,22:00,74.2,79.1,77.6,78.7,76.4,74.3,80,69.3,75.6,74.1,73.8,74,74.9,78.1,81.3,78,83.4,75,70.6,75.4,65.5,75.9
7/22/2017,23:00,75.8,80.1,79.8,80.3,77.6,77.1,83.9,69.3,77.2,75.7,74.9,75.7,76.5,79.7,84,80.2,85.5,76.6,71.2,79.1,67.2,77
7/23/2017,0:00,78.5,83.3,79.8,80.8,77.6,78.7,84.4,70.9,77.7,76.3,77.1,77.8,79.2,81.8,85,78.5,87.7,76.6,72.8,79.1,67.2,79.1
7/23/2017,1:00,80.1,82.8,80.3,82.4,79.2,79.8,85,70.9,79.3,78.4,78.7,78.3,79.2,82.9,86.6,81.8,89.3,78.7,75.5,80.2,68.8,78
7/23/2017,2:00,82.7,83.3,81.4,82.9,78.6,83,86.1,71.4,80.4,79.5,80.3,79.4,81.3,83.4,87.6,80.6,89.8,80.7,77.1,81.2,68.8,80.1
7/23/2017,3:00,84.2,84.3,82.5,84.5,80.3,81.9,87.7,71.4,83,80,83.5,80.5,81.3,83.4,88.6,82.3,91.4,80.7,77.6,81.7,68.8,82.2
7/23/2017,4:00,85.8,83.8,82.5,85.6,82.5,82.4,88.8,73.1,83,82.1,83.5,81.5,83.5,82.9,89.7,82.8,92.5,82.2,77.1,83.2,69.4,82.2
7/23/2017,5:00,86.8,83.3,84.1,85.6,81.4,84,89.3,73.1,84,82.7,85.6,82.6,83.5,84.5,90.7,82.3,93.5,83.2,79.7,83.8,69.4,82.7
7/23/2017,6:00,88.3,84.8,85.7,86.1,81.4,84.6,89.9,73.1,83.5,82.7,86.6,83.7,85,85.6,90.2,82.8,94.1,83.7,79.2,84.8,72.7,84.3
7/23/2017,7:00,82.7,81.7,84.7,79.8,79.8,83,87.2,66.5,83.5,84.3,85.1,80.5,81.4,67.5,88.1,81.8,88.8,81.7,77.2,79.1,71.1,83.8
7/23/2017,8:00,63.8,72.1,77.6,69.5,70.3,78.8,83.9,68.7,77.3,81.1,75.5,71.9,52.3,70.4,59.7,76.3,80.7,76.6,71.7,67.9,66.1,78.6
7/23/2017,9:00,63.8,68.7,68.2,66.7,65.8,71.1,73.9,69.3,68.5,75.7,58.2,64.7,61.1,69.2,67.7,70.8,74,72.9,67.4,62.3,64.4,72.1
7/23/2017,10:00,60.9,63.7,68.2,64.5,62.5,63.7,57.8,65.4,69.1,68,50.1,47.9,55.3,65.3,68.8,65.8,68.9,67,62.3,55.3,60.5,63.3
7/23/2017,11:00,54.4,59.2,66,60.5,63,57.9,62.5,60.9,66.9,61.2,50.1,40,52.3,63,64.4,57.1,64.9,61.5,55.4,51.3,56.5,58.1
7/23/2017,12:00,52.7,58.8,64.9,56.5,61.3,55.1,62.5,55,64.7,59,47.2,51.4,53.6,59.6,65,55.4,62,59.8,53.1,53.7,50.5,57.5
7/23/2017,13:00,53.3,59.8,66.6,60.5,62.5,53.3,62.5,57.5,64.7,60.7,49.6,49.2,53,57.8,63.3,61.9,63.9,55.9,52.6,53.7,54.2,57
7/23/2017,14:00,50.3,56.4,63.8,56.5,57.8,52.1,59.1,56.4,61.9,56,46.7,46.7,54.2,58.5,40.4,58.5,53.7,49.4,51.4,52.5,51.8,50.4
7/23/2017,15:00,47.3,59.8,64.9,60.5,60.1,50.8,60.8,51,63,56,46,51.5,56.4,61.4,62.1,58.5,58.4,52.3,51.4,53.6,48.8,52.1
7/23/2017,16:00,37.5,57,64.9,60.5,63.6,55,59,55.6,61.8,57.7,48.9,51.5,58.7,61.4,60.4,60.1,60.2,48.2,53.7,54.2,52.9,55.7
7/23/2017,17:00,42.9,59.8,66,63.4,65.3,56.7,60.2,56.8,64.6,58.9,46.5,52.6,59.3,64.8,62.7,61.8,64.3,40.3,53.1,53,52.9,46.7
7/23/2017,18:00,41.2,60.3,68.8,65.1,68.7,59.6,63.6,57.9,63.4,61.8,51.2,55.5,58.6,68.7,63.1,64.1,67.7,49.8,57.1,58.2,52.9,60.9
7/23/2017,19:00,61.9,69.3,73.8,68.4,73.7,63,71.1,59.6,69.1,64,60.4,57.8,63.2,74.8,74.3,66.2,74.5,49.8,55.8,61.1,55,64.3
7/23/2017,20:00,71,77.5,78.8,76.6,75.9,71.1,79,67,75.7,71.9,70,71.3,73.4,79.2,83.4,75.8,82.8,74.5,69,71.7,62.7,73.2
7/23/2017,21:00,76.4,79.6,79.3,78.7,78.7,76,81.7,70.4,78.8,76.3,75.5,77.3,75.5,78.6,82.9,81.8,85.5,79.7,73.4,74.9,68.9,77
7/23/2017,22:00,78,80.1,77.6,79.8,77.6,78.2,81.1,72,78.8,77.9,77.7,78.4,76.1,79.2,83.4,81.8,86.6,78.1,75.5,75.9,69.4,77.5
7/23/2017,23:00,78.5,79.6,78.2,79.2,78.6,78.7,82.2,72,78.8,78.4,78.2,77.8,77.6,79.7,84,82.8,87.2,79.7,75.5,80.2,68.8,76.9
7/24/2017,0:00,80.6,80.1,79.8,80.3,79.2,80.9,83.3,72.6,79.9,78.4,79.8,78.9,79.3,80.8,84.5,82.3,87.2,80.2,77.1,80.7,68.8,78.6
7/24/2017,1:00,81.6,81.7,79.8,81.9,80.8,81.9,85,73.6,82,79,79.2,79.4,80.3,81.8,87.1,82.3,87.7,80.7,78.2,81.2,70,79.6
7/24/2017,2:00,82.7,82.2,79.8,82.4,79.8,82.4,85,74.2,81.4,80,80.8,80.5,80.8,83.4,86.6,81.2,88.8,80.7,77.1,81.2,71.6,80.7
7/24/2017,3:00,82.1,82.8,80.3,83.5,80.8,83,86.1,75.3,81.4,81.1,81.9,79.4,80.8,82.9,88.1,80.7,90.9,80.7,76,81.7,74.9,80.7
7/24/2017,4:00,82.1,81.2,80.9,82.4,80.3,80.9,84.4,74.8,80.9,80,81.3,78.9,79.8,82.9,88.1,82.8,87.7,79.2,78.7,80.2,74.9,79.6
7/24/2017,5:00,83.2,81.2,80.9,82.4,79.8,81.9,82.8,75.3,82,80.6,81.9,78.3,80.3,83.5,88.1,82.8,88.8,80.2,78.2,79.6,73.8,79.6
7/24/2017,6:00,83.7,81.2,82.5,82.9,78.1,83,83.9,74.2,82.5,80.6,82.4,79.9,80.8,83.5,89.7,82.3,92,79.2,78.7,79.6,74.9,80.1
7/24/2017,7:00,80.1,79.6,82,77.1,77.6,81.9,83.4,67.7,80.9,81.1,80.3,77.3,79.8,67,86.1,81.2,86.1,78.7,76.6,77,72.2,79.1
7/24/2017,8:00,66,71.5,77.1,68.9,66.9,77.7,79.5,67.7,77.2,79,72.8,70.2,52.8,69.3,60.9,76.4,77.9,74.5,72.3,60.5,67.8,74.3
7/24/2017,9:00,66.5,65.9,71,67.8,68.6,72.7,71.6,66.4,73.4,74.6,65,65.8,61.5,68.1,72.6,70.8,73.4,68.1,68.4,63.9,65.5,69.9
7/24/2017,10:00,61.4,58,68.2,60.4,63.6,62.5,59.5,63,65.7,66.3,53.6,50.2,54,64.2,65.4,64.6,64.2,60.2,59.4,54.6,60.4,62
7/24/2017,11:00,50.7,54.6,67.1,57.6,58.9,51.2,57.2,59,58.2,57.6,48.7,43.5,50.4,62.5,60.4,55.1,56.5,55.6,52.9,47,55.1,50
7/24/2017,12:00,44,58.1,66.6,56.5,57.8,50.6,60.7,52.5,60.6,52.2,40.9,40.4,48.1,62.5,62.6,52.8,57.3,51.6,46.2,49.5,48,53.3
7/24/2017,13:00,50.3,58.1,65.4,58.8,60.7,53.8,61.3,54.4,61.8,60.7,49.5,49.6,50.5,57.2,59.8,59.5,60.8,56.3,53.6,52.4,51.7,56.2
7/24/2017,14:00,50.3,58.6,64.3,58.2,60.1,57.3,58.4,61.5,63.5,61.2,51.8,54.3,53.5,61.3,59.8,63,63.1,55.8,56,53.6,57,59.8
7/24/2017,15:00,60.9,64.3,69.9,65.6,65.3,62.5,66.6,60.2,66.8,65.2,58.2,60.7,60.5,66.5,67.7,69.2,68.8,63.7,61.8,61.1,57,64.4
7/24/2017,16:00,60.9,64.3,69.3,66.2,68.7,64.3,67.7,64.8,66.8,66.3,58.8,60.7,60.5,67.1,68.3,69.2,69.4,63.7,62.3,60.5,61.1,64.4
7/24/2017,17:00,60.9,67.1,71,68.9,68.1,65.4,70.5,64.3,70.2,67.5,61.1,64.7,63.3,69.8,73.2,68.6,72.3,67.6,64.6,62.3,60.4,65.5
7/24/2017,18:00,66,68.2,71.6,68.9,71.5,66.5,71.6,66,70.7,69.7,65.1,66.9,65,70.9,72.1,72,75.1,67.6,66.3,65.1,64.4,68.3
7/24/2017,19:00,65.4,68.2,73.2,70,71.5,67.1,71.6,67.1,68.5,70.2,65.1,65.2,66.7,72.7,73.8,72,71.1,66.4,65.7,64.5,63.8,67.1
7/24/2017,20:00,68.7,74.8,77.1,75,74.3,69.9,76.2,67.6,74.1,68.5,67.2,69.7,70.6,75.9,78.7,73,78.4,72.9,66.2,69.5,64.4,71.6
7/24/2017,21:00,73.2,76.4,78.8,78.7,76.5,72.8,80.1,68.2,75.7,73.6,71.1,72.4,72.2,78.7,79.8,73,81.2,74.5,70.2,73.9,66.1,75.4
7/24/2017,22:00,78,80.2,81.5,80.9,78.7,77.2,83.9,72.1,78.8,77.9,77.2,77.3,76.6,81.9,84,81.8,86.7,79.7,74.5,77.6,70.6,79.1
7/24/2017,23:00,82.2,82.3,82.5,82.4,80.3,80.4,86.1,75.9,81.5,81.7,81.4,81.6,79.3,83.5,86.6,85,88.8,83.3,79.3,80.2,72.8,81.2
7/25/2017,0:00,83.2,82.3,82.5,82.4,79.8,82,86.7,76.9,81.5,82.2,83,81.6,79.8,82.4,87.1,85.5,89.3,84.3,79.8,81.2,76,81.8
7/25/2017,1:00,84.8,82.8,80.9,82.9,80.3,82,86.7,75.3,83,83.2,83.5,82.6,80.3,81.9,86.1,86.5,89.8,83.8,79.8,80.7,74.4,82.2
7/25/2017,2:00,83.7,82.2,82,82.4,80.3,83.6,85,76.4,83.6,83.2,83.5,82.1,80.3,81.9,86.6,85.5,89.3,83.2,80.3,80.7,75.5,81.7
7/25/2017,3:00,83.2,81.7,83.1,82.4,82,84.1,84.4,76.4,81.5,82.7,82.9,81.6,80.3,82.4,86.6,85.5,88.8,82.2,80.3,81.7,74.9,81.7
7/25/2017,4:00,83.2,84.9,84.7,85.1,84.2,84.6,87.2,76.9,82,84.3,82.9,81.6,82.4,81.3,88.1,84.4,88.8,82.2,80.3,83.8,74.4,81.7
7/25/2017,5:00,84.2,83.8,86.3,85.1,84.7,85.6,88.8,76.9,84.6,85.3,83.5,82.6,84.6,83.5,89.2,83.9,90.4,83.8,80.8,83.8,75.5,84.8
7/25/2017,6:00,85.3,84.9,85.2,85.6,84.7,86.7,87.8,76.9,86.1,84.3,86.1,83.7,85.1,84.5,92.2,85.5,92,84.8,82.4,83.3,76,84.8
7/25/2017,7:00,82.2,83.3,85.2,83.5,82.5,85.7,86.1,77.5,85.6,84.3,82.5,82.1,83.5,83,88.7,85.5,87.7,82.3,81.4,82.3,76.6,82.8
7/25/2017,8:00,80.6,79.2,82,80.4,78.7,84.6,81.7,77,84.1,83.3,80.4,78.9,80.9,80.3,86.1,85,83.4,80.8,81.9,78.1,76.6,80.7
7/25/2017,9:00,76.4,72.6,80.4,73.4,74.3,80.4,75.1,74.8,80.9,80.6,74.5,74.7,75.5,77,82.9,81.3,77.9,76.1,75.6,69.5,74.9,76
7/25/2017,10:00,65.5,64.3,74.9,68.4,72.1,70.6,63.7,70.4,71.3,75.8,60,55.6,59.4,69.3,69.4,73.1,72.3,67.6,68.5,64.5,70.1,70
7/25/2017,11:00,59.8,64.3,73.3,66.2,68.7,67.2,65.9,66,69.7,70.8,56,59.6,59.4,66.5,70.5,72,70.1,66.5,63.5,59.4,63.9,64.4
7/25/2017,12:00,58.6,59.8,67.7,58.2,61.9,59.2,61.3,62.6,68,65.8,53.6,59.6,57,59.6,67.8,65.2,68.4,62.1,60.1,57.1,62.8,60.4
7/25/2017,13:00,51.5,55.7,65.3,57.5,60.1,51.4,58.9,59.1,62.9,58.9,46.5,49.1,54.6,54.8,59.7,57.1,56.6,52.2,53.1,50,55.8,54.5
7/25/2017,14:00,49,58,64.8,58.2,62.4,49.4,58.9,55,60.5,54.1,43.4,49.5,53.4,58.4,42.7,53.5,56.6,51.5,49.9,48.8,52.9,53.2
7/25/2017,15:00,47.1,59.1,64.8,59.2,60,48.2,60.7,53.2,62.3,55.3,45.2,52.5,55.7,59.5,61.4,58.1,60.2,52.7,51.1,52.3,49.7,53.2
7/25/2017,16:00,37.2,57.4,66,61,62.3,52.3,59.5,52.5,61.7,58.2,47.5,52.5,57.5,62.4,62.6,60,60.2,48.6,52.3,52.3,50.3,55
7/25/2017,17:00,42.2,58.5,64.8,61,62.3,57.2,58.3,51.3,62.8,58.2,45.1,53.6,59.8,64.1,61.9,56.9,65.9,40.7,54.1,52.9,46.5,50.8
7/25/2017,18:00,38.4,61.9,67.6,63.2,67.5,60.1,62.9,55.4,64,59.8,51.6,55.3,62.6,66.9,68.1,62.7,67.6,45.5,57,58.7,51.4,59
7/25/2017,19:00,62.4,67,74.9,67.8,71.4,63.5,69.8,60.7,64.5,67.4,60.4,60,66.6,70.9,73.7,70.2,72.2,49.7,61,57,58,63.1
7/25/2017,20:00,70.4,75.8,78.2,74.3,74.2,69.9,76.7,66.4,70.7,72.4,70,71.8,71.1,75.9,78.6,77.4,79.5,70.7,69,69.4,64.9,74.3
7/25/2017,21:00,74.7,77.4,78.8,77.6,77.6,75.4,80,70.3,74,76.8,74.9,75.1,73.3,77,81.3,80.1,82.8,77.1,72.8,73.3,69.4,75.9
7/25/2017,22:00,78.5,79.6,78.2,79.2,76.5,77.1,81.2,73.7,78.3,78.4,78.2,78.4,76.6,79.7,83.4,83.9,86.1,79.2,76.1,77.6,71.1,78.1
7/25/2017,23:00,77.9,80.1,80.4,79.8,77.6,78.7,82.8,73.1,78.8,77.3,76.5,75.6,77.6,79.7,83.9,82.3,86.6,79.7,75,75.9,71.1,77.5
7/26/2017,0:00,79,81.7,80.4,80.8,77,81.4,83.9,73.6,80.9,78.9,79.8,80,78.7,81.9,86.1,81.7,88.2,79.7,76.6,78.6,72.2,79.6
7/26/2017,1:00,82.2,84.4,82.5,82.4,79.2,81.9,86.1,73.6,80.9,81.1,80.8,80,79.8,82.4,87.1,84.4,88.2,81.2,77.1,79.7,72.2,80.1
7/26/2017,2:00,83.7,84.4,83.1,85.6,82.5,83,86.7,76.9,83,83.2,82.4,82.6,81.9,84.5,88.1,87.6,89.8,82.7,79.8,81.7,75.4,82.2
7/26/2017,3:00,84.8,83.8,83.6,84,82.5,85.6,87.7,76.4,83.5,84.3,85,83.1,82.9,82.9,88.1,88.1,89.3,84.2,81.3,82.8,76.5,82.2
7/26/2017,4:00,84.8,82.8,83.1,82.9,81.4,83.5,86.6,77.5,83,83.2,85,82.6,81.3,81.8,87.1,87.6,89.3,83.7,81.3,82.8,78.1,82.7
7/26/2017,5:00,85.8,83.8,82.5,83.4,80.8,85.6,86.6,78,83,83.2,84.5,82.1,81.3,81.8,87.1,87.6,89.8,83.7,82.3,82.2,77.6,83.2
7/26/2017,6:00,88.3,83.8,83,83.4,81.4,85.6,87.2,77.4,84,84.2,85.5,82.6,82.9,83.4,88.6,87,92.5,83.2,80.3,82.7,76.5,82.7
7/26/2017,7:00,81.6,81.2,82,78.7,79.7,86.1,85.5,71,83.5,83.7,83.5,80.5,81.4,75.9,87.1,86,85.5,82.7,78.7,79.6,74.9,82.2
7/26/2017,8:00,72.1,74.8,79.3,69.4,68.6,81.4,82.2,71,79.3,81.1,76.6,74,52.8,71.5,63.2,78.5,80.1,78.7,73.4,60.5,72.7,77.5
7/26/2017,9:00,63.7,67,68.1,67.8,69.7,73.3,74.4,71.5,70.7,76.8,59.9,66.9,61.5,68.1,70.5,73,75.1,74.5,68.4,60.5,66.7,72.1
7/26/2017,10:00,61.9,64.2,67.6,63.8,63.5,64.3,58.3,65.9,68.5,70.2,48.8,52.5,55.8,65.2,68.8,67.4,69.4,66.4,61.1,55.8,60.9,66
7/26/2017,11:00,55.5,61.4,66.5,61,60,58.5,64.2,60.8,65.1,64,48.2,40.5,54,62.9,63.2,62.3,64.2,63.6,54.7,54.7,54.5,59.7
7/26/2017,12:00,55.5,56.8,64.8,57.5,56,53.1,60.7,57.3,62.8,59.4,45.2,52.5,52.2,55.9,63.7,60.5,62.5,58.6,53.6,51.8,54.5,56.8
7/26/2017,13:00,52,60.3,66,59.2,57.7,53.1,61.9,56.1,62.8,57.7,45.9,50.8,51.7,55.9,63.7,60.5,63.1,55.6,53,51.8,53.4,57.9
7/26/2017,14:00,53.2,59.7,66.5,59.2,58.3,51.3,62.4,56.8,63.5,57.7,47.7,50.8,55.2,59.5,47.5,61.7,61.4,58.6,51.8,55.9,55.2,56.2
7/26/2017,15:00,49,57.9,64.8,58,58.3,53.7,58.9,57.3,61.7,58.2,47,54.2,55.7,57,62.6,61.7,61.4,51.6,53,54.1,54.6,53.9
7/26/2017,16:00,34.2,54.4,64.8,59.8,60,54.3,58.3,56.1,61.7,58.2,48.8,51.9,56.9,59.5,61.3,60.6,58.9,48,52.3,52.9,52.8,55.6
7/26/2017,17:00,44.7,62.5,66.4,62.1,63.4,59.5,63,59.1,66.8,61.1,50,54.2,61,64.1,67.1,66.9,69.4,43.7,56.5,55.2,55.8,53.2
7/26/2017,18:00,44.1,64.2,69.8,65.5,67.5,64.2,65.3,59.6,66.2,65.7,54.1,59.5,65,68.6,70.4,68.5,72.2,45,58.2,58.8,55.2,60.3
7/26/2017,19:00,64.8,68.1,73.2,67.7,70.2,67.7,69.3,65.3,68.4,67.9,63.9,58.9,67.7,71.4,74.2,73.6,75,47.4,61.7,55.3,59.8,65.4
7/26/2017,20:00,70.3,74.7,75.4,73.8,74.7,71,77.2,68.1,73.9,71.8,68.3,71.2,71.1,76.4,80.2,77.4,81.2,72.3,68.4,67.2,65.4,71
7/26/2017,21:00,74.7,78,78.1,76.5,74.2,74.9,80,70.9,76.7,75.7,73.8,75.7,75.5,78.1,83.4,80.1,83.3,76.6,72.2,72.7,69.4,75.3
7/26/2017,22:00,77.9,79,79.3,77.6,76.4,78.2,81.1,71.4,78.8,76.8,78.2,77.8,75.5,78.6,83.4,81.2,86.6,78.1,75.5,74.8,70.5,77.5
7/26/2017,23:00,79.5,80.1,78.7,78.1,74.7,79.2,82.8,73.1,78.2,77.8,78.2,78.9,77.1,80.8,85,81.7,86.1,78.1,75.5,75.9,68.8,76.4
7/27/2017,0:00,80.6,80.6,78.7,78.7,74.1,80.3,83.9,67.4,78.8,74.5,75.9,76.1,78.2,82.4,86,80.6,86.1,77.1,74.4,75.9,65.4,75.8
7/27/2017,1:00,80,81.7,79.2,79.2,76.9,80.8,82.8,70.8,80.4,76.2,75.9,75.6,79.2,82.4,87.6,77.9,87.7,80.2,76.6,76.9,68.8,76.9
7/27/2017,2:00,81.6,81.7,81.4,80.8,78.6,82.4,84.4,73.1,80.9,77.8,79.7,78.8,80.3,84.5,88.1,79.5,89.8,79.7,78.6,78.5,70.5,78.5
7/27/2017,3:00,85.2,84.8,83,82.4,78.6,83.5,86.1,71.4,80.9,81.6,82.9,79.9,81.9,83.4,89.6,82.8,91.9,79.7,80.8,81.2,69.9,80.6
7/27/2017,4:00,87.2,83.8,85.2,85,80.8,85.1,86.1,73.6,81.4,82.7,83.4,81.5,81.9,85,90.7,84.9,91.9,81.7,80.8,83.2,71.5,82.7
7/27/2017,5:00,88.8,83.8,84.1,85.5,81.9,86.1,87.7,74.1,83,84.8,85,82,81.3,85.6,90.7,87,93,81.2,79.2,82.7,74.8,83.2
7/27/2017,6:00,88.8,83.8,84.6,85.5,81.9,86.1,87.7,75.8,83.5,85.3,85.5,82.6,81.8,86.1,90.7,84.9,93.5,81.7,82.3,84.3,75.9,83.2
7/27/2017,7:00,83.7,82.8,84.1,74.9,79.7,85.1,87.2,68.2,81.4,84.2,82.4,77.8,80.8,77.6,89.1,83.3,87.7,78.1,77.1,79.1,73.8,81.7
7/27/2017,8:00,63.1,72.6,80.9,70.5,70.3,77.1,83.3,66.4,77.2,80,72.8,69.6,53.3,74.8,70.4,74.7,78.9,76.6,70.6,57.6,68.3,78
7/27/2017,9:00,60.7,63.6,69.9,66.1,65.7,72.2,73.3,67,69.6,75.2,57.5,65.2,59.2,67,68.2,69.7,73.9,72.4,65.6,60.4,64.3,68.8
7/27/2017,10:00,61.3,66,71.1,65,65.7,63.7,63.6,64.8,69.1,70.2,51.8,50.7,55.9,64.7,68.2,66.9,70,67.5,61.7,60,61.6,66
7/27/2017,11:00,56.8,61.5,66.5,59.9,59.5,59.1,61.9,60.8,67.4,64.6,48.3,42.5,51.7,61.3,60.9,64.1,66.5,63.7,56,55.9,57.5,59.2
7/27/2017,12:00,50.8,55.7,63.6,57,58.9,54.4,58.9,57.3,62.9,57.6,43.4,50.8,51.1,56,60.3,58.3,61.4,58,50.7,51.2,52.9,58
7/27/2017,13:00,48.4,57.5,64.3,57,58.9,52.6,58.4,56.2,61.2,55.3,43.4,48.5,51.1,52.5,60.3,56.5,60.8,51,49.5,48.2,51.7,53.8
7/27/2017,14:00,47.2,50.3,60.8,52.9,53.7,47.1,54.2,53.8,55.3,54.2,40.4,43.7,48.1,51.2,38.3,55.2,48.3,48,47.1,46.4,51,47.2
7/27/2017,15:00,44,52.6,58.9,51.5,52.3,45.1,52.9,49,54.1,51.7,41,45.3,49.8,55.3,55,53.4,51.8,43.7,44.5,45.1,45.6,47.8
7/27/2017,16:00,30.3,47.8,58.9,55,55.8,50,51.6,48.3,54.6,53.4,43.9,47,50.9,57.6,52,53.4,57,44.3,46.3,50.4,46.1,50.7
7/27/2017,17:00,35.2,57.8,64.8,61,63.5,52.3,58.3,50,59.3,55.2,40.9,49.4,55.1,64.1,63.7,56.3,64.7,53.2,47.4,51.1,48.5,47.1
7/27/2017,18:00,34.5,60.2,67.6,63.2,64,58.9,64.1,51.8,61.7,58.1,48.6,52.4,59.7,65.8,64.2,55.7,66.4,40.7,52.3,55.2,47.9,56.7
7/27/2017,19:00,60.7,67,73.2,67.2,69.2,63,69.3,57.1,65.7,65.1,58.6,58.2,63.2,70.9,72.6,67.3,74.4,49.2,59.3,50,53.2,63.7
7/27/2017,20:00,69.8,74.7,77.1,75.5,74.2,69.9,78.4,65.8,72.9,71.9,68.9,70.7,68.9,76.4,79.1,75.2,77.8,72.9,66.8,69.9,63.8,73.2
7/27/2017,21:00,74.7,78,78.2,78.2,77.6,74.3,80,69.2,76.1,74.6,72.2,74.6,74.4,77.5,81.3,80.7,84.4,76.6,74.4,74.8,64.3,75.4
7/27/2017,22:00,75.3,82.2,82,79.8,79.2,77.1,81.1,68,77.2,75.1,73.8,75.6,77.1,80.8,85,79,85.5,77.6,72.2,77.5,64.3,74.8
7/27/2017,23:00,76.9,82.8,82,81.9,80.3,78.7,83.3,70.8,79.9,76.8,74.9,77.8,79.2,82.4,87.1,80.6,88.8,80.2,74.9,80.7,68.8,77.5
7/28/2017,0:00,81.6,83.8,82.5,81.3,79.7,81.4,86.1,72.5,80.9,80,79.7,79.9,81.3,81.8,89.7,83.9,90.9,81.7,76,82.8,73.2,79.1
7/28/2017,1:00,84.2,84.9,83.1,83.4,81.4,81.9,86.1,74.2,82.5,80,81.3,81,81.9,82.4,87.6,84.4,92.5,81.2,77.1,82.2,71.6,81.7
7/28/2017,2:00,86.8,85.4,83.6,84.5,81.9,84,87.7,75.3,81.9,82.1,82.4,82.1,82.4,84,89.1,84.4,94.6,81.7,78.1,84.8,71.6,82.2
7/28/2017,3:00,88.3,85.4,84.1,85.5,85.7,84,89.3,76.4,82.5,83.7,84.5,84.2,83.4,85,90.7,83.9,93.5,83.7,80.8,84.8,72.7,84.3
7/28/2017,4:00,89.8,84.3,85.2,86.6,83.6,85.6,89.3,75.3,83.5,83.7,87.6,84.7,84.5,85.6,90.7,84.9,94.6,85.2,81.8,85.8,74.9,85.8
7/28/2017,5:00,90.8,84.8,85.7,87.6,84.1,86.6,89.9,76.9,84,84.8,88.6,85.2,85,85,91.2,85.4,95.6,83.2,82.8,86.8,77,85.8
7/28/2017,6:00,90.8,86.4,85.7,86.6,84.6,87.7,90.9,79.1,84.5,84.8,86.1,84.7,84.5,86.1,92.2,85.4,95.6,83.2,82.3,85.8,80.2,86.3
7/28/2017,7:00,85.8,83.3,86.8,78.7,80.8,86.7,88.8,75.9,83.5,85.8,85,81,82.9,78.1,89.7,83.3,92,81.2,78.7,80.7,76.5,85.3
7/28/2017,8:00,69.9,74.8,80.9,71.6,81.4,81.4,84.4,73.1,79.9,82.2,76.6,74.1,58.1,73.2,64.9,76.4,82.8,79.2,73.4,62.2,72.7,80.2
7/28/2017,9:00,65.4,69.8,71,68.9,71.5,73.3,76.2,71.5,72.3,78.4,61.1,68,64.4,69.8,70.5,71.4,76.8,74,68.5,67.2,67.2,72.1
7/28/2017,10:00,62.6,64.3,67.1,65,64.7,66,58.9,65.9,69.6,70.2,53,52.5,57,65.3,68.8,66.9,71.2,70.2,61.1,55.8,61.6,66
7/28/2017,11:00,53.2,60.3,66,61.7,59.5,58.5,61.3,59.6,64.6,62.3,47,40.6,49.8,64.2,60.3,59.3,63.6,62,54.7,52.4,57.6,57.9
7/28/2017,12:00,51.5,58.7,64.8,57.7,59.5,53.2,62.5,55,63.5,58.3,43.5,50.8,52.3,58.4,64.4,54,64.3,58,50,51.9,51.6,56.8
7/28/2017,13:00,51.5,59.1,64.8,58.8,57.2,52.1,59.5,55.6,62.9,57.7,46,48.5,52.3,54.2,60.8,59.5,62.6,56.3,51.3,52.4,51.6,57.4
7/28/2017,14:00,50.8,61.5,66.5,59.9,60.1,53.2,58.9,55.1,62.9,58.3,47.2,50.2,54.6,59.5,44.5,58.9,59,49.9,51.9,53.6,51.6,52.1
7/28/2017,15:00,49,62.6,63.6,59.2,62.9,53.8,60.7,53.8,63.4,57.1,45.9,53.1,59.9,60.7,64.9,59.4,63.7,52.8,53.6,52.4,51,50.9
7/28/2017,16:00,35.5,57.4,67.1,61.5,64,54.9,58.9,55,65.7,59.4,48.8,53.7,61,61.8,63.7,62.3,64.8,49.2,54.7,54.6,51.6,55
7/28/2017,17:00,43.5,61.9,67.1,64.9,65.7,60.2,63,57.8,67.4,61.7,48.2,55.4,62.6,66.4,68.2,64.6,69.4,42,55.9,54,52.8,56.1
7/28/2017,18:00,44,66.5,67.1,65.4,65.7,64.8,66.4,58.4,67.9,63.9,54,57.2,65.5,69.2,71.5,65.1,72.2,43.7,59.9,58.1,53.9,59.6
7/28/2017,19:00,63,67.6,72.6,68.2,69.7,65.8,68.1,61.2,67.9,65.6,58.6,58.8,66,71.4,74.2,70.8,74.4,47.3,61,55.8,58,61.3
7/28/2017,20:00,70.3,76.3,77.6,75.4,77,71.6,76.6,68.1,74.5,71.3,67.7,70.1,71.1,77,80.7,76.8,80.6,71.2,66.7,68.3,62,70.4
7/28/2017,21:00,75.8,77.9,79.2,78.7,79.7,74.9,82.2,69.2,77.2,75.7,75.4,76.2,74.3,79.2,83.4,79.6,85.5,77.1,72.8,74.3,65.4,75.9
7/28/2017,22:00,80.1,81.7,81.4,80.8,80.3,80.3,83.9,71.4,79.3,78.4,78.2,78.3,77.6,80.8,85.5,82.3,87.7,80.2,74.9,77.5,67.7,78.5
7/28/2017,23:00,81.1,82.2,79.8,80.8,80.8,81.4,85,74.7,81.4,80.6,80.3,79.9,78.7,81.8,86,82.8,89.8,81.2,77.1,79.1,72.7,79.6
7/29/2017,0:00,84.2,80.6,80.9,81.3,79.2,82.4,85,74.7,80.9,79.5,82.9,81,79.7,80.8,87.1,83.9,90.4,80.2,77.6,79.1,74.3,80.1
7/29/2017,1:00,86.2,82.2,80.3,82.4,80.3,84,85,76.4,82.5,81.1,81.9,79.9,80.8,82.9,88.1,83.9,92.5,80.2,81.3,80.7,74.3,80.6
7/29/2017,2:00,85.2,82.2,80.9,81.8,79.2,85.6,85,76.9,83,81.1,82.9,81,82.4,82.9,89.6,84.9,91.4,79.7,82.3,81.2,75.4,81.2
7/29/2017,3:00,88.3,82.7,82,83.4,80.8,85.6,86.1,76.3,82.4,82.1,84.5,81.5,82.4,84.5,90.2,84.9,93,82.2,82.8,81.2,75.4,81.7
7/29/2017,4:00,87.8,82.2,82.5,83.4,81.4,85.6,85,78.5,84,82.1,85,82.6,82.4,85,89.6,84.9,93,81.2,83.3,82.2,77,81.7
7/29/2017,5:00,87.8,82.8,83,82.9,81.9,88.2,85.5,79,85.1,82.7,84.5,82.6,83.4,84.5,90.2,84.9,92.5,83.7,82.8,81.7,79.1,82.2
7/29/2017,6:00,89.8,82.8,83.6,82.9,81.9,87.7,85.5,79,84.5,83.2,85.5,83.1,84,85,89.6,84.3,93.5,83.2,84.9,82.7,80.2,83.2
7/29/2017,7:00,85.2,83.3,83,81.9,81.4,87.2,84.4,74.7,85.6,84.2,83.5,80.5,82.9,85,88.6,83.3,88.8,80.7,80.3,78,74.8,81.2
7/29/2017,8:00,69.8,73.2,78.7,72.8,72,81.9,82.2,71.4,79.9,81.6,77.1,75.1,61.5,76.4,72.1,75.8,81.7,77.1,76.6,58.2,71.6,79.1
7/29/2017,9:00,65.4,68.2,68.7,68.8,69.2,73.8,76.7,70.9,70.1,76.3,59.9,69.7,61.5,69.2,71.6,69.1,75.1,72.4,68.4,62.2,66.1,71.6
7/29/2017,10:00,61.4,59,66.5,61,61.8,62.5,55.9,64.8,65.7,68.5,50,46,52.9,64.1,66.6,64,68.3,66.4,60.5,55.8,59.8,63.2
7/29/2017,11:00,53.2,56.9,64.2,58.1,56,55.5,58.9,56.7,60.5,58.8,43.5,36.9,48.1,60.7,58.5,57,60.1,58.5,53.6,50,52.8,53.8
7/29/2017,12:00,49.7,52.8,63.1,55.8,55.4,49.5,59.5,52.5,60,56.5,43.5,50.2,49.2,56.6,61.4,54.6,60.8,56.8,49.4,51.2,48.6,53.8
7/29/2017,13:00,49.7,55.1,61.9,54.6,57.2,48.3,55.9,53.3,59.4,54.1,42.8,44.2,49.2,50.6,57.3,55.9,58.4,51,48.2,50,49.3,53.8
7/29/2017,14:00,48.3,55.1,62.5,55.8,56,45.7,57.2,52.7,57,51.7,41.6,46.6,51.1,54.2,39.6,55.3,54.2,51.6,48.2,50.6,49.9,49
7/29/2017,15:00,44.8,54.5,62.5,55.8,56.6,47,57.2,49,57,53,40.4,47.8,52.2,56.6,55.7,55.3,56,48.6,47,50,48.7,45.5
7/29/2017,16:00,31.7,52.8,65.4,59.3,60.7,52,59,53.3,61.8,55.3,48.2,51.4,55.8,61.3,59.1,58.2,59.6,53.9,50.6,53,51.7,52.6
7/29/2017,17:00,43,62.6,67.7,63.3,66.4,57.8,63,58,64.6,60.6,50.1,55.5,60.4,65.9,64.3,62.9,70,45.2,57.1,51.8,54.7,56.8
7/29/2017,18:00,47.9,66.5,74.9,67.8,70.9,65.4,70.5,63.7,70.2,68.6,58.8,62.4,66.1,74.3,73.2,70.3,74.5,52.2,62.9,64.5,58.7,66.6
7/29/2017,19:00,68.2,74.2,76,73.3,73.7,69.9,76.2,65.9,74,70.2,66.1,66.9,70,75.9,79.2,76.9,78.4,70.8,66.8,58.8,61,66
7/29/2017,20:00,73.7,78,79.3,77.1,75.3,73.8,78.9,70.4,76.2,74.1,73.9,74,73.9,78.1,82.9,80.7,83.9,75.5,72.8,73.3,67.8,74.8
7/29/2017,21:00,76.9,79.1,78.2,78.2,75.9,77.6,81.2,72,78.3,76.8,75.5,76.2,75.5,78.1,84,82.3,83.9,78.7,75,73.8,71.1,77
7/29/2017,22:00,76.4,78.5,77.6,78.2,75.9,77.6,80,72,78.3,76.8,77.2,77.8,76.6,79.2,82.9,79.6,84.5,76.6,74.5,74.3,68.3,75.4
7/29/2017,23:00,76.9,77.4,76,77.1,76.5,78.7,82.3,72.6,77.2,76.3,74.4,75.1,77.1,77.6,82.3,79.6,83.4,77.1,73.9,75.9,71.1,73.7
7/30/2017,0:00,75.3,79.1,77.1,77.1,74.2,78.2,78.9,72.6,78.3,75.7,74.4,74,76.6,77,82.3,76.9,83.4,76.6,73.4,75.4,71.1,75.3
7/30/2017,1:00,76.4,76.9,76.5,77.1,75.3,78.2,77.2,73.1,78.3,76.3,75.5,74.6,76.6,77.5,81.3,76.4,82.8,76.1,73.4,75.4,73.3,73.7
7/30/2017,2:00,76.9,76.9,77.1,77.1,73.7,77.6,77.8,74.2,77.7,75.7,74.9,76.2,76.6,77,81.8,76.9,82.3,76.1,72.8,75.4,71.1,75.4
7/30/2017,3:00,79,76.4,78.8,77.6,77,79.2,78.4,74.2,77.7,76.3,77.1,75.7,77.1,78.1,81.3,80.7,82.3,76.1,77.1,76.5,71.1,75.9
7/30/2017,4:00,81.6,79.1,80.4,79.8,78.7,80.3,82.3,74.8,78.8,79,77.6,77.3,78.2,79.7,84.5,79.6,87.2,78.7,78.2,79.7,71.6,78.6
7/30/2017,5:00,79.1,79.6,81.5,79.8,77.6,82,82.8,75.8,81.5,79,79.3,77.8,79.3,78.1,82.9,80.2,85.6,79.7,77.7,77.6,72.7,77.5
7/30/2017,6:00,80.1,79.6,80.9,80.3,78.1,82,82.8,74.2,80.9,78.4,78.7,78.4,80.3,77.5,83.4,80.7,85.6,79.2,77.7,78.1,72.7,78.1
7/30/2017,7:00,76.9,78,79.3,79.8,76.5,81.4,82.3,73.7,80.4,77.9,76,77.3,78.7,79.2,82.9,79.6,83.4,78.2,76.6,76.5,74.4,75.9
7/30/2017,8:00,66.6,74.8,78.8,73.9,74.2,79.8,76.7,68.2,78.3,76.3,70.1,72.4,74.4,77,80.3,73.6,77.9,74.5,74.5,64.5,67.8,75.4
7/30/2017,9:00,62.6,67.6,68.8,67.8,69.2,71.1,72.2,67.6,67.9,73.6,55.9,65.2,62.8,69.3,69.9,70.3,72.3,70.2,67.3,61.7,63.8,71.1
7/30/2017,10:00,62,62.6,67.1,62.2,63.5,65.4,58.4,64.8,66.8,68,54.7,49.6,54.7,64.8,67.7,68.1,69.4,67,61.7,57.6,61,66.6
7/30/2017,11:00,57.3,59.1,64.2,60.4,60.6,57.8,60.7,59.6,64.6,62.9,48.9,41.2,52.3,62.4,63.2,63.5,63,63.6,55.9,55.3,55.2,60.3
7/30/2017,12:00,51.4,56.3,64.2,58.2,59.5,54.4,60.7,56.1,62.9,58.8,45.9,53.7,52.9,59.6,64.9,60,64.3,59.2,53.6,53.5,53.4,59.2
7/30/2017,13:00,51.4,58.5,65.4,56.4,59.5,52,60.7,55.6,63.5,56.6,47.1,46.1,51.7,56,63.7,61.2,62,55.8,51.8,50.6,54.1,57.4
7/30/2017,14:00,52.7,59.2,65.4,59.9,58.9,53.8,61.3,58,63.5,59.5,48.3,49.1,55.3,59.5,47.5,61.8,59,57.5,53.7,54.1,53.5,52.1
7/30/2017,15:00,50.3,63.2,66,61.1,63,52.6,62.5,57.4,65.2,61.2,50.1,53.8,58.7,61.3,63.7,64.1,64.9,55.2,56,56,55.3,56.9
7/30/2017,16:00,36.2,54,67.7,61.1,64.7,57.3,59.5,59.7,65.7,61.2,51.2,55.5,58.7,64.1,62.6,65.2,63.7,51.1,56.5,60.5,55.8,60.3
7/30/2017,17:00,43.6,60.9,67.7,63.8,65.8,59,61.3,61.4,66.3,64.7,50.7,55.5,59.2,64.7,65.4,66.4,68.3,42.1,58.3,53.5,58.2,55.6
7/30/2017,18:00,42.9,65.3,73.2,66.7,70.9,63.7,67,64.3,68.5,68.6,57,61.2,63.8,70.9,72.1,70.3,72.8,48.7,60.5,62.7,59.8,67.1
7/30/2017,19:00,69.8,74.2,76,74.3,77,69.9,76.7,69.8,72.9,73,68.3,67.4,70.5,76.4,80.8,77.4,81.7,56.8,66.2,70,65.5,70.5
7/30/2017,20:00,76.9,78.5,80.3,79.2,78.6,75.4,81.1,73.1,78.2,78.4,74.4,75.6,74.9,80.2,84.4,84.9,86.6,76.6,74.4,75.9,73.8,78
7/30/2017,21:00,81.1,82.2,80.9,80.8,78.6,78.7,85,75.8,80.4,80.5,80.3,78.9,79.2,81.3,86,87.6,88.8,81.2,77.6,78.6,74.3,80.1
7/30/2017,22:00,82.1,83.8,80.9,81.8,80.8,80.8,85.5,76.3,83,81.6,79.7,80.4,78.7,80.7,86.5,87.6,89.3,80.2,77.1,82.2,72.7,79.6
7/30/2017,23:00,82.7,83.8,82,82.4,80.2,83,85.5,77.4,83.5,82.1,81.3,82.6,80.8,80.7,86,88.1,88.7,81.7,78.1,82.7,73.8,81.7
7/31/2017,0:00,83.7,83.8,83.6,83.4,82.5,84,87.7,76.9,83.5,83.7,82.4,81,80.8,83.4,86.5,88.1,90.4,82.2,80.3,83.8,75.4,83.7
7/31/2017,1:00,85.2,83.3,82.5,83.4,82.5,84.5,86.6,78,84.5,84.8,84.5,83.6,81.3,84.5,87.6,89.1,90.4,84.7,80.3,85.3,76.5,86.3
7/31/2017,2:00,86.8,84.3,84.1,84.5,84.1,85.6,87.7,79.1,85.1,85.3,84.5,84.7,83.4,82.4,88.1,89.1,90.9,85.2,81.8,85.3,77.6,84.2
7/31/2017,3:00,89.3,84.8,85.2,85.5,85.2,86.1,87.7,79.1,85.6,84.8,86.1,84.1,84,84,89.1,90.1,90.9,84.2,82.8,83.8,77.6,85.3
7/31/2017,4:00,87.3,85.9,85.2,86,86.2,88.2,88.8,80.1,87.6,85.8,86.1,85.7,84,85,91.7,88.1,91.4,85.7,85.4,87.3,79.2,86.3
7/31/2017,5:00,86.8,87.9,86.8,86.6,87.8,88.7,89.3,80.7,88.1,86.8,85.5,85.7,86.1,84.5,92.2,90.1,92.5,87.2,83.9,87.8,82.3,87.3
7/31/2017,6:00,86.3,87.4,86.8,87.6,87.3,88.7,90.4,82.2,88.6,86.3,87.6,86.8,88.1,85.6,93.2,88.1,92,87.7,83.9,87.8,80.8,86.3
7/31/2017,7:00,85.3,87.9,86.8,88.6,87.8,88.7,88.8,80.1,89.1,86.8,85.6,84.2,88.6,85.6,90.7,86.5,92,84.7,84.4,85.8,80.8,86.3
7/31/2017,8:00,81.1,84.3,85.2,84.5,86.2,86.7,87.2,79.6,87.6,84.8,80.8,81.6,85,84.5,90.2,82.3,86.1,81.2,81.8,81.2,80.8,82.7
7/31/2017,9:00,71.5,79.6,83.6,80.8,78.6,82,81.7,75.3,84.1,81.1,68.9,74.1,80.9,81.3,85.5,77.4,80.1,74,76.6,76,73.3,78.6
7/31/2017,10:00,67.7,68.2,76.6,70.6,73.2,72.2,71.6,71.5,78.3,76.3,58.2,58.3,63.4,74.2,75.9,74.2,76.2,72.9,69.6,61.1,67.8,72.1
7/31/2017,11:00,61.4,60.9,69.3,63.8,62.4,64.9,64.2,66.5,71.3,69.7,52.4,44.8,57.7,65.3,67.1,66.3,70.6,67.5,60.6,60.5,62.7,65.4
7/31/2017,12:00,54.4,55.7,67.6,61.5,60,57.9,63.6,59.7,67.4,62.3,47.7,54.3,55.8,60.1,65.4,60.5,67.8,60.3,54.8,54.7,58.2,59.2
7/31/2017,13:00,55.6,61.4,68.8,61,62.9,53.1,64.1,57.9,65.7,58.2,46.5,44.9,55.2,57.7,64.9,64.2,64.3,55.7,54.8,56.4,57,62
7/31/2017,14:00,54.4,60.9,69.9,62.1,62.3,55,63.6,57.9,66.3,60,48.8,50.2,56.4,60.1,45.7,60.6,59.5,54.5,54.2,56.4,56.4,53.3
7/31/2017,15:00,54.4,61.9,65.9,62.1,61.7,54.3,63.6,58.5,66.3,60.5,49.3,54.8,58.1,61.8,66,65.2,65.3,53.3,55.9,55.8,56.4,56.2
7/31/2017,16:00,37.3,55.6,68.7,62.1,63.4,56.1,62.4,57.9,64.5,61.1,49.3,53.6,59.2,61.2,62,61.7,63.6,51.6,54.1,55.2,54.5,59
7/31/2017,17:00,42.3,60.8,66.4,62.1,64.6,58.9,61.8,59,65.1,62.8,49.3,56,62,64,65.3,62.9,68.2,42,56.5,49.3,56.3,56.8
7/31/2017,18:00,43.5,64.2,70.4,66.6,69.7,63,68.1,62.5,68.5,66.3,55.2,57.2,64.9,68,70.4,66.8,73.3,46.2,60.5,61.6,56.8,62.6
7/31/2017,19:00,65.3,67.5,71.4,68.2,69.7,67,70.4,64.7,67.8,67.3,62.6,61.1,67.1,71.9,73.7,73.6,74.4,50.8,62.2,52.8,61.5,63.6
7/31/2017,20:00,69.2,73,74.8,73.7,71.9,69.2,73.8,65.2,72.2,70.1,65.4,67.9,71,74.1,76.4,75.7,78.9,67.3,66.1,66.6,60.8,69.2
7/31/2017,21:00,73,77.4,79.8,79.2,78.6,72,81.7,68,75,74,71.6,74,72.1,77.5,79.6,75.7,80.5,75.5,70,73.2,64.2,75.3
7/31/2017,22:00,76.3,77.9,82.5,79.2,79.7,76.5,80.5,70.3,75.5,76.2,76,75.6,74.8,77.5,81.8,78.4,85.5,75.5,72.2,79.6,68.2,78.5
7/31/2017,23:00,77.4,79.6,82,80.3,80.3,77.6,82.2,72,77.2,77.3,76,76.7,76,78.6,81.8,79.6,88.2,76,73.3,80.7,69.4,79.1
8/1/2017,0:00,76.9,80.6,83.1,81.3,80.8,78.1,83.9,72.5,78.8,78.9,77.6,76.7,77.1,80.8,82.9,79.6,87.7,77.1,73.9,80.2,69.9,78.5
8/1/2017,1:00,79,80.1,82,80.3,78.6,78.1,82.2,72.5,78.8,79.5,79.2,78.9,76.5,80.2,81.2,81.7,87.2,78.1,74.9,79.1,70.5,79.6
8/1/2017,2:00,82.1,81.7,82.5,81.9,81.4,80.3,83.3,74.2,79.3,80,79.2,78.3,78.2,81.3,83.4,80.6,87.7,78.6,77.1,80.2,72.2,79.6
8/1/2017,3:00,83.2,83.8,84.1,85.6,83.6,83,86.7,74.7,81.4,81.1,81.9,80.5,81.3,83.5,86.6,81.2,89.8,80.2,78.2,82.8,73.2,80.7
8/1/2017,4:00,80.1,83.8,84.1,84.5,81.4,81.9,85.6,74.7,82,78.4,78.2,78.9,81.9,85.1,88.6,79.6,88.8,78.7,77.6,80.7,74.3,79.6
8/1/2017,5:00,80.1,80.6,84.1,82.4,79.2,80.9,83.4,74.7,79.9,77.9,78.2,76.7,78.7,81.8,86.6,80.7,87.7,76.1,75.5,79.6,72.7,79.1
8/1/2017,6:00,80.1,80.6,83.6,81.4,79.2,80.3,83.4,72.5,78.2,77.9,76.5,75.7,78.7,81.3,84.5,77.9,88.3,75.5,74.4,79.6,72.2,78.6
8/1/2017,7:00,78.5,78.5,85.8,81.4,80.9,79.2,81.7,73.1,78.8,77.9,77.1,75.1,78.2,81.3,81.8,77.9,83.4,75,75,78.6,72.2,77
8/1/2017,8:00,81.2,83.3,86.8,84.6,80.3,80.9,85,77.5,82,79.5,77.7,77.8,82.4,83,86.6,78.5,87.2,78.2,76.1,79.2,76,79.7
8/1/2017,9:00,77.5,81.8,86.3,83.5,79.8,83.6,85,76.4,84.6,82.8,78.8,80.6,82,85.1,85.6,82.9,86.7,82.3,78.3,81.3,75.5,81.2
8/1/2017,10:00,62,68.8,75.5,69.5,71.5,71.7,70,68.2,75.2,72.5,57.7,56.2,70.1,68.7,73.8,70.3,71.2,70.3,68.5,62.3,67.3,66.7
8/1/2017,11:00,55.7,56.4,68.8,62.2,60.7,62,63.7,62.6,68,64.1,50.1,43,53.6,61.9,63.7,61.8,62.5,61.5,56.6,55.3,61.7,58
8/1/2017,12:00,49.1,51.1,64.3,55.9,55.5,54.4,57.3,55,61.2,56,44.2,49,53,54.3,60.4,56.6,60.3,52.3,50.1,48.9,53.5,50.9
8/1/2017,13:00,41.7,48.7,58.5,50.1,50.8,48.5,51.3,48.5,56,48.2,38.7,35.8,48.2,45.2,54.6,46.3,50.2,42.8,45.9,45.3,48.2,49.2
8/1/2017,14:00,39.3,48.1,57.9,50.1,48.4,45.4,47.7,44.3,52.5,47.1,36.9,39,48.2,46.5,41.6,40.8,44.7,39.7,41.7,42.9,45.2,41.1
8/1/2017,15:00,34.2,41.5,52.7,44.6,47.2,42.4,41.7,40.7,47.7,43.5,32.7,37.7,45.3,42.1,44.5,40.2,44.2,35.4,38,39.2,40.9,36.8
8/1/2017,16:00,26.1,43.3,59.1,51.1,52.6,42.4,48.9,45.7,50.7,47.1,36.9,41.3,47.6,51.3,49.3,43.3,50.7,40.9,40.4,44,43.4,42.9
8/1/2017,17:00,31.1,46.8,57.2,51.7,54.8,47.2,50.6,47.4,53,50.6,39.4,43,49.3,49.3,50.3,50,54.2,35.3,44.7,47,45.2,44.7
8/1/2017,18:00,47.2,54.4,59.5,54.5,54.2,51.3,53.5,44.2,54.1,52.4,44.7,50.1,53.4,54.7,57.3,53.6,55.3,46.2,48.8,48.2,47,49.6
8/1/2017,19:00,49,53.9,58.4,55.2,53.6,51.3,53.5,50.4,55.9,52.4,47,49.5,52.8,56,56.8,52.3,54.7,47.4,47.7,48.7,47,50.8
8/1/2017,20:00,51.4,58,67.1,61.6,65.3,52.5,60.2,51.4,55.4,53.5,50.6,52.5,53.5,60.1,57.4,55.2,58.9,50.5,50,54.1,49.2,53.3
8/1/2017,21:00,62.6,65.3,69.9,67.8,68.1,59.6,68.2,54.9,64,61.7,60.5,62.3,61.5,65.8,68.2,62.8,72.2,65.9,59.4,62.7,52.2,64.8
8/1/2017,22:00,62.6,68.7,72.2,70.6,69.2,62.5,69.3,59,64,62.2,61,64.6,63.2,70.9,69.3,65.7,75.1,63.6,61.1,66.1,56.3,64.8
8/1/2017,23:00,64.8,71,74.9,72.8,71.5,64.8,70.5,59.6,65.7,64,62.8,64.6,65.5,72.1,70.4,66.3,76.2,65.3,61.7,70,56.9,66.6
8/2/2017,0:00,64.2,69.9,74.4,72.3,70.4,64.2,71.7,60.8,66.8,63.4,61.6,64.1,64.4,70.4,71.6,64,75.7,63.1,60.5,68.9,57.5,66
8/2/2017,1:00,64.8,67.6,74.4,71.7,68.2,64.8,70.5,60.2,62.2,62.3,61,61.8,63.3,69.3,69.3,57.6,77.9,58.6,58.2,66.7,58.1,64.9
8/2/2017,2:00,66.6,67.1,75.6,72.8,68.7,65.4,71.1,62,65.2,63.5,61.6,61.2,66.2,69.8,73.3,64.6,80.8,62.5,59.4,68.4,59.3,65.5
8/2/2017,3:00,66.6,68.8,76.1,73.4,71.6,65.4,73.4,60.8,66.9,64.1,61,63,66.2,71.6,72.7,64.1,77.9,60.8,60.5,67.9,58.1,67.2
8/2/2017,4:00,68.8,73.8,79.4,77.8,77.1,67.7,77.9,63.1,69.1,65.8,65.1,67.5,69.6,76,73.8,68.6,77.4,67,62.3,73.4,59.3,69.4
8/2/2017,5:00,70.4,77.1,79.9,79.9,78.8,71.7,80.2,64.3,74.7,69.2,69.5,70.8,74,77.7,78.2,69.2,82.4,72.5,66.9,76.6,60.4,75.5
8/2/2017,6:00,73.2,78.1,82.1,79.9,79.9,73.9,81.2,65.4,75.7,73.7,73.4,75.2,76.7,78.2,80.4,71.4,83.4,76.2,70.8,78.7,63.3,78.2
8/2/2017,7:00,73.2,78.6,82.1,80.4,80.4,74.5,80.7,69.4,75.7,74.2,72.3,74.2,76.7,78.8,80.4,73.2,82.9,75.7,68,77.7,67.3,77.1
8/2/2017,8:00,68.3,61.7,76.7,70.7,72.7,71.2,75.7,66.6,71.9,74.2,69.1,66.4,60.6,65.4,61.5,72.6,71.8,69.9,65.3,67.9,67.3,73.9
8/2/2017,9:00,58.1,58.7,65.5,62.3,62.5,63.2,65.5,65,61.3,67.6,51.5,59.1,54.7,59.1,61.5,61.9,66.1,63.2,57.8,56.7,61.2,65.1
8/2/2017,10:00,53.4,54.7,62.6,56,57.9,59.3,50.1,59.9,59.6,61.9,44.8,43.8,47.6,55.5,56.9,58.5,60.3,57.6,54.9,49,56,57
8/2/2017,11:00,51.7,51.1,61.5,53,51.5,57.5,55,57,57.9,59,49.1,49.8,48.2,53.8,55.8,56.6,56.2,51.2,52.6,48.5,55.5,52.9
8/2/2017,12:00,48.7,50,62.2,53,52.1,55.2,52,54,58.5,56.1,47.3,49.8,50.7,47.8,54.1,53.8,53.9,50.1,50.3,47.8,52.5,52.2
8/2/2017,13:00,46.9,45.8,54.5,49.5,47.9,55.2,49.1,52.9,56.2,54.3,46.8,47.5,50.1,46,50.6,52.6,53.3,46.5,49.7,46,50.2,49.9
8/2/2017,14:00,42,45.8,53.8,47.7,47.9,55.2,47.1,50.6,52,50.9,40.2,42.2,47.1,46.6,50,49.1,46.5,44.6,47.3,40.4,47.8,43.1
8/2/2017,15:00,36.2,44,53.3,45.9,46.6,44.3,46.7,47.5,49,45.9,37,40.2,44.7,44.8,47.1,45.8,47.2,37.9,41.8,41.1,44,41.2
8/2/2017,16:00,43.1,47.5,57.3,50.5,50.2,49.7,51.9,48.8,50.1,48.8,41.8,45.5,46.4,50.1,51.6,52,51.2,45.8,45.4,46.6,46.6,48.5
8/2/2017,17:00,47.9,51.6,57.9,54.1,52.5,52.6,54.9,51,52.4,53.6,46.6,49.1,49.3,53,56.3,55.4,57.3,50.5,48.3,47,47.6,51.5
8/2/2017,18:00,50.3,54.5,63.1,57,56.7,53.8,57.2,51.5,54.2,54.7,50.1,52.6,51,56.6,57.4,56.5,57.3,52.8,50.1,51.2,48.7,53.9
8/2/2017,19:00,55,55.7,64.9,60.5,57.8,56.7,58.3,54.5,56.5,57.7,53,55.5,54,57.7,60.3,60.1,59.5,55.7,53.1,54.7,50.5,56.8
8/2/2017,20:00,56.8,58.5,63.6,60.5,58.9,57.3,61.2,58,58.3,58.3,53.5,57.8,56.9,59.4,63.2,61.8,64.8,58,53.6,55.9,54.1,57.4
8/2/2017,21:00,58.5,63.2,72.8,69,67.6,60.9,67.7,55.6,58.8,60.6,58.2,59.5,57.5,65.9,64.8,61.2,68.3,58.6,56.5,60,52.3,61.5
8/2/2017,22:00,61.4,72.2,77.8,74,73.3,63.1,75.8,57.9,65.3,63.5,61.7,64.7,65.7,71.7,68.8,64.7,74.6,67.7,59.5,69.7,54.6,69.6
8/2/2017,23:00,67.7,71.6,80.6,78.4,76.7,68.9,79.1,59.7,70.9,70.4,69.7,71.5,69.7,73.9,76.1,70.4,79.1,73.1,65.3,74.6,57.6,73.4
8/3/2017,0:00,73.3,76.6,82.7,81,81.1,73.5,83.6,64.4,74.2,73.2,72.9,74.3,71.9,76.6,79.9,72.1,83,76.3,69.2,76.7,63.5,78.8
8/3/2017,1:00,76.6,79.3,83.8,83.2,82.7,76.8,84.7,69.5,77.5,77,76.8,79.1,76.8,79.4,80.9,76,86.3,79.4,72.5,80.4,66.3,79.8
8/3/2017,2:00,79.3,80.3,83.2,83.7,83.2,77.9,85.7,70.6,78,78.1,78.4,78.6,76.8,79.4,80.9,77.1,86.8,79.9,74.2,80.9,69.1,81.4
8/3/2017,3:00,79.3,81.9,84.4,84.2,84.3,75.1,85.7,71.7,79.6,79.2,78.9,79.6,78.4,81,80.9,77.6,90,77.9,74.2,81.9,70.8,81.9
8/3/2017,4:00,76.6,81.4,83.2,84.2,82.2,79,85.7,71.1,80.1,76.5,76.8,77.5,80,82.1,84.6,74.9,88.4,79.4,74.7,81.9,70.2,79.3
8/3/2017,5:00,77.1,80.3,84.3,83.7,80.5,75.1,84.7,70.6,79.6,77.6,76.3,77,78.9,79.3,83.6,76,88.4,79.4,71.4,81.4,69.1,80.4
8/3/2017,6:00,76.6,76,83.8,82.6,80.5,74.5,84.1,69.5,78,78.7,77.3,78.1,77.3,78.8,79.3,76,89.5,74.7,69.7,80.9,69.1,80.4
8/3/2017,7:00,75.6,76.6,83.3,78.9,79.4,75.2,81.9,70.6,76.9,77,74.1,77,77.3,74.9,80.4,76,85.8,74.7,70.9,77.8,68.6,78.8
8/3/2017,8:00,66.8,67.4,77.3,70.8,71.2,74.1,75.3,65.1,74.3,73.8,67.6,68.9,69.8,68.9,70.8,69.9,77,68.9,68.2,64.2,65.2,70.7
8/3/2017,9:00,59.9,62.3,64.4,61.8,62,68.6,66.8,64.5,64.8,66.5,57.3,60.4,58.4,62.6,63.4,64.2,66.7,63.9,61.3,56.7,61.8,63.4
8/3/2017,10:00,56.4,58.8,64.4,60,57.9,61.6,62,59.2,62.5,64.3,52.6,53.4,56.1,59.1,61.6,61.4,63.3,61,57.3,51.4,57.1,59.4
8/3/2017,11:00,50.5,46.5,59.2,52.5,52,55.7,53.2,55.8,59.1,57.9,44.9,46.8,47.8,52.6,54.6,53.8,56.8,58.2,52.1,49.6,52.5,51.1
8/3/2017,12:00,42.5,44.6,55,47,47.3,53.4,49.6,50.5,55,51.4,38.9,43.2,47.8,47.2,52.9,49.6,50.2,50.1,47.8,43.6,48.3,47.4
8/3/2017,13:00,41.9,46.4,53.9,46.5,46.8,46.2,49.6,47.5,52.5,45.9,37,34.8,46,40.4,51.1,48.9,48.4,45.3,43,41.1,46.5,44.3
8/3/2017,14:00,42.5,46.4,54.4,48.8,48.4,44.2,49,46.9,51.4,48.3,40.1,39,47.7,42.8,43.4,50.1,47.1,43.9,42.3,42.2,46.5,39.9
8/3/2017,15:00,42.5,51.1,58.6,51.3,52,45.5,52.6,47.5,53.2,50.1,41.8,46.8,50,50.2,53.5,54.3,50.7,45.9,44.8,45.4,47.1,44.3
8/3/2017,16:00,29.9,45.2,56.7,50.6,53.1,47.8,50.7,48.6,54.3,50.1,42.4,44.9,51.2,53.1,54.1,53.6,53,44,46.6,44.7,46.3,47.3
8/3/2017,17:00,34.3,49.7,57.8,51.7,53.1,49.5,50,49.8,51.8,51.1,41.8,44.3,51.2,51.8,55.1,51.2,55.4,42.7,46.6,40.4,46.3,47.3
8/3/2017,18:00,40.5,52.7,58.4,53.4,54.8,51.8,54.1,52.1,51.8,53,46.4,47.8,52.2,55.3,57.9,57.7,57.2,38.9,47,37.9,47.5,49.6
8/3/2017,19:00,53.8,57.9,64.2,57.5,61.2,56.1,58.9,55,57.7,57.7,54.1,53.1,57.5,61.2,63.6,61.7,61.8,45,51.8,47,52.3,55
8/3/2017,20:00,59.6,66.5,68.8,67.8,64.7,60.2,68.8,57.9,62.9,62.3,59.3,60.7,62.7,67.6,71,65.1,70,60.8,57.7,60.5,54,60.8
8/3/2017,21:00,63.1,67.6,68.2,67.2,64.7,65.4,68.8,59,65.7,64.6,62.8,64.1,66.1,67,71.6,69.7,74,65.9,62.3,62.7,56.3,64.9
8/3/2017,22:00,64.8,68.7,69.3,68.9,66.9,66.5,69.3,60.8,66.3,65.1,64.4,64.6,66.1,68.1,72.7,68,72.2,64.7,62.3,66.2,56.3,65.4
8/3/2017,23:00,66.5,69.9,70.4,68.9,66.4,67.1,69.9,61.3,65.7,65.1,63.9,66.3,66.7,70.4,73.2,68,73.3,65.3,62.8,66.7,58,64.9
8/4/2017,0:00,67.6,73.2,76.7,73.9,70.9,68.8,73.9,64.3,67.9,66.3,65,65.7,68.9,73.8,76,67.4,74.5,68.1,65.1,68.9,60.4,66
8/4/2017,1:00,69.8,76.5,78.3,77.8,72.7,69.9,77.9,63.6,69.6,68,67.2,66.9,70,78.2,78.7,68.5,77.9,67.5,63.4,71.1,60.4,67.7
8/4/2017,2:00,70.4,78.1,79.4,78.8,76,71.1,81.2,63.6,73.5,71.4,68.9,69.1,76.1,78.2,78.7,70.3,79.6,73,65.7,74.4,59.8,74.4
8/4/2017,3:00,72.1,77.6,81.6,79.9,77.7,72.8,81.8,66.5,74.6,73.1,74,73,75.6,78.8,81.9,72,82.4,73.5,67.9,77.7,64.5,76
8/4/2017,4:00,75.9,76.5,81.1,81,78.2,73.3,80.7,68.2,75.2,74.2,74,73.6,76.1,77.1,79.8,75.3,83.4,73,70.7,79.3,64.5,76.6
8/4/2017,5:00,77.5,75.9,82.1,80.4,80.4,75,81.8,68.2,74.1,74.2,73.4,73.6,74.5,77.1,80.3,77.6,84.6,73,70.7,78.7,66.7,78.2
8/4/2017,6:00,78.6,77.6,83.8,83.1,82.6,76.1,84.6,69.9,73.5,74.7,72.8,74.1,73.4,77.6,81.3,76.4,86.2,73,71.8,80.8,67.9,79.2
8/4/2017,7:00,76.5,78.6,85.4,79.4,82.1,79.9,86.8,68.2,78.9,79.6,77.8,78,75,78.2,79.8,73.6,84,79.3,74.1,80.3,65.6,82.4
8/4/2017,8:00,66.1,69,79.4,72.4,69.4,74,81.8,64.3,74.1,78.1,73.5,71,64.6,69.4,63.3,75.4,78,76.2,69.7,57.9,64,77.1
8/4/2017,9:00,60.9,65.5,68.4,66.9,66.6,64.4,72.3,64.9,65.8,68,54.9,62.5,58.2,66.6,67.3,65.3,71.3,69.3,63,60.7,61.1,69.5
8/4/2017,10:00,58.1,62.2,68.4,61.8,64.8,58.6,59.6,60.3,63.6,65.9,50.8,50.3,52.5,59.7,63.3,61.8,65.5,64.9,58.4,50.8,54.7,62.8
8/4/2017,11:00,51,54.1,67.8,57.7,61.4,53.3,59.6,58,61.3,60.1,46,43.1,50.7,59.1,60.4,60.8,60.3,61,52.6,56.1,54.7,58.7
8/4/2017,12:00,46.8,49.3,63.8,54.8,55.5,49.7,57.3,55.2,58.4,56.6,44.2,49.6,48.2,52.5,57.5,58.5,57.3,54.7,48.3,49.5,51.3,55.8
8/4/2017,13:00,49.1,55.2,59.6,53,56.1,49,57.9,51.6,57.2,52.4,42.4,39.7,49.4,48.3,58.6,54.8,59,50.6,48.3,48.3,48.8,52.2
8/4/2017,14:00,48.5,52.2,60.3,54.2,55.5,47.8,54.9,52.8,55.4,53.1,45.4,44.4,50,49.5,38.4,54.8,50.7,47.5,46.5,50.1,50,47.3
8/4/2017,15:00,44.2,49.7,59.1,50.5,54.3,47.8,50.7,49.1,53.6,49.4,41.7,44.4,49.3,51.3,52.8,55.4,51.3,46.9,45.9,44.5,46.3,44.2
8/4/2017,16:00,29.7,48.1,62,55.2,55.4,47,53,47.9,55.4,49.9,41.7,44.4,52.2,56.7,53.9,52.3,51.8,46.9,44.5,44.5,44.4,45.8
8/4/2017,17:00,35.4,56.8,63.1,58.8,59.5,51.3,57.2,49,58.8,53.5,43.4,47.7,54,60.7,60.9,54,59.4,36.5,47.6,44.5,45.6,50.8
8/4/2017,18:00,38.3,57.4,65.4,59.8,63,54.2,58.3,47.7,55.8,54,46.3,48.9,52.1,63,58.4,53.3,61.8,37.6,48.1,41.5,42.3,50.1
8/4/2017,19:00,56.7,67.2,74.5,71.2,72.1,58.4,70,54.3,64.1,61.7,55.8,56,61.6,72.1,72.7,64.6,72.3,50,54.8,57.8,52.2,62.1
8/4/2017,20:00,71.1,76.5,77.8,76.7,76,70.6,78.5,68.2,73.5,74.2,71.8,70.3,71.3,77.7,81.4,77,81.2,74.1,68.6,72.3,63.4,73.3
8/4/2017,21:00,74.8,80.2,79.4,78.3,79.3,75.6,80.7,70.4,77.9,77.4,76.1,77.4,77.2,79.3,85.6,81.8,85.1,78.2,72.9,77.1,66.7,76.6
8/4/2017,22:00,78,80.2,79.9,77.7,78.2,77.7,81.8,72.1,77.9,80.1,78.8,77.9,77.7,78.2,84,84,85.6,78.2,75.1,77.1,69.5,77.1
8/4/2017,23:00,79.6,81.8,81,79.8,78.7,79.4,84,73.2,78.9,80.1,78.2,77.9,78.2,78.7,84.5,82.9,88.3,78.2,75.1,79.2,68.4,78.6
8/5/2017,0:00,80.1,81.8,81,81.4,80.4,80.9,87.3,73.2,80.4,81.2,80.9,81.1,79.3,80.3,85.6,83.9,89.4,80.8,76.7,81.3,70.6,80.8
8/5/2017,1:00,82.7,81.8,81.5,83,80.4,83.1,87.3,74.9,79.9,82.8,81.9,81.1,79.3,80.3,87.1,84.5,90.4,81.8,77.2,81.8,72.3,81.2
8/5/2017,2:00,84.8,82.3,83.1,83.5,82.5,83.1,87.3,74.9,81.5,82.8,84.1,81.6,80.9,81.4,87.6,85.5,91.5,82.8,77.7,84.9,72.3,80.7
8/5/2017,3:00,85.8,85.4,83.7,85.6,82,84.6,89.4,75.4,83.1,83.3,84.1,82.7,82.5,83.5,88.1,85.5,92.5,84.3,79.8,84.9,73.3,82.8
8/5/2017,4:00,88.3,87,84.2,85.1,84.2,85.1,89.9,78.1,85.7,84.8,85.6,82.7,84.1,83.5,90.2,86.6,94.1,84.8,80.9,85.9,76,83.3
8/5/2017,5:00,87.3,83.9,85.3,85.6,84.2,85.1,90.5,79.1,85.2,83.8,86.1,83.2,84.1,84,90.7,85,93.6,85.3,81.4,85.9,78.2,84.3
8/5/2017,6:00,83.8,84.4,84.7,85.1,80.9,86.2,88.3,79.7,84.6,84.3,83.5,81.1,84.1,83,89.2,85,91.5,84.8,82.5,82.3,76.6,82.3
8/5/2017,7:00,81.2,81.2,80.9,81.9,80.3,83.6,85.1,78,83,81.7,81.4,78.4,81.9,80.3,87.1,83.9,85.6,81.2,80.3,79.7,77.1,78.6
8/5/2017,8:00,77,72.1,76.6,74.9,76.5,82,77.8,77,79.3,80.6,77.7,76.3,78.8,78.1,82.4,80.2,82.3,77.2,77.7,75.5,77.6,75.9
8/5/2017,9:00,70.4,69.3,75.4,71.7,71.5,75.6,72.8,72.6,77.3,77.9,71.2,69.1,71.7,73.2,73.8,74.7,75.1,71.3,73.4,67.8,73.9,71
8/5/2017,10:00,67.7,63.7,66.5,64.4,64.7,70,60.1,67.6,70.8,71.9,59.4,56.1,58.8,64.1,68.8,69.7,70,68.1,65.7,58.8,66.7,66.6
8/5/2017,11:00,55,52.1,60.7,57.5,57.1,62,56,63.1,65.7,64.1,53.7,42.4,54.1,58.3,60.3,63.5,63.1,62.6,58.8,52.4,59.9,58
8/5/2017,12:00,48.5,49.8,64.3,56.5,56.7,52.6,57.9,56.8,60.6,57.1,47.1,49.6,51.1,56.7,58.6,58.9,57.8,54,52.4,47,53.4,50.2
8/5/2017,13:00,51.5,58.1,64.3,55.3,57.2,51.4,59,53.3,61.8,54.8,48.3,41.3,52.4,54.3,62.1,59.5,61.4,52.3,51.3,50.6,52.3,53.3
8/5/2017,14:00,51.5,58.1,64.9,58.2,60.1,53.2,57.9,54.5,63.5,56.6,47.8,48.6,54.7,57.2,45.8,58.3,56.7,53.5,52.5,51.3,52.3,52.8
8/5/2017,15:00,49.8,58.7,63.7,58.2,61.9,53.8,59.6,54.5,63.5,58.4,50.8,53.8,57.6,59.6,61,60.1,60.8,54.6,53.7,52.5,53.5,55.1
8/5/2017,16:00,36.2,49.9,66,58.2,63,55,59.6,55.1,63.5,58.4,52,52.7,58.8,60.2,61.5,62.5,61.4,44,54.9,53.6,54.2,54.5
8/5/2017,17:00,44.9,59.7,67.2,63.4,63.6,59.1,59.6,58.6,65.2,61.2,51.3,55.6,60.5,64.2,65.5,62.9,67.1,40.3,55.4,49,54.2,56.9
8/5/2017,18:00,49.7,62.6,68.8,65.1,68.2,63.2,64.2,62,66.4,64.1,56.5,58.4,63.4,67.6,68.8,66.9,70,46.3,57.2,47.1,54.7,62.1
8/5/2017,19:00,64.9,71,75,70.6,74.3,66.6,71.7,63.2,68.6,68.6,64,63,69,74.3,77.7,73.2,75.1,55.8,62.9,58.3,59.3,65
8/5/2017,20:00,72.1,77.6,79.4,77.2,77.7,72.8,79.6,67.7,74.1,74.7,71.8,73,74,77.1,80.9,79.2,82.3,74.6,70.8,72.8,65.6,75.5
8/5/2017,21:00,77.5,81.8,81.5,79.8,79.8,77.8,82.9,73.2,78.9,79.6,77.7,75.8,76.1,80.3,86.1,82.9,86.1,78.2,75.1,76,70.7,78.1
8/5/2017,22:00,80.2,82.3,81.5,80.9,79.8,79.9,83.9,73.8,79.9,80.1,79.9,80,79.3,80.8,86.6,86.1,87.7,80.8,76.7,78.7,71.7,79.2
8/5/2017,23:00,81.2,82.3,82,80.3,80.3,80.4,85,74.8,80.4,81.2,80.4,81.1,78.8,80.8,86.6,86.1,88.8,82.3,78.3,78.7,72.8,80.2
8/6/2017,0:00,82.2,82.8,81.5,81.9,81.4,82,85.6,75.4,80.9,82.7,82.5,81.1,79.8,80.8,87.1,85,88.8,82.3,79.3,80.2,73.8,81.8
8/6/2017,1:00,83.2,82.8,81.5,81.9,79.8,83,86.1,75.4,81.5,82.2,83.5,82.1,80.3,81.4,87.6,85.5,89.9,82.3,78.8,82.3,73.8,82.8
8/6/2017,2:00,83.2,82.8,81.5,83,80.3,83,86.1,75.9,81.5,82.7,83.5,82.1,81.4,83,87.6,85.5,89.9,80.8,78.8,83.3,73.8,83.3
8/6/2017,3:00,86.3,83.9,82,84.6,80.9,83,86.1,76.4,83.1,82.7,84,81,82.5,83.5,88.1,85.5,90.9,80.8,79.3,82.8,74.9,82.8
8/6/2017,4:00,87.3,84.4,83.1,85.1,82.5,84.1,86.7,78,82.5,83.3,85.6,82.1,81.9,84,89.2,85.5,92.5,81.8,79.3,83.3,76.6,82.8
8/6/2017,5:00,84.8,83.8,85.2,85.6,82.5,84.6,87.2,80.2,83.6,83.3,83.5,81,81.4,85.6,89.2,83.4,93.6,81.3,81.3,82.8,78.2,82.8
8/6/2017,6:00,83.8,83.3,85.2,85.6,81.4,84.1,87.8,77.5,83,83.3,83.5,80.5,83,84,86.6,83.4,91.5,79.7,80.9,81.8,77.1,82.8
8/6/2017,7:00,80.1,81.2,84.2,83.5,79.8,84.1,84.5,75.9,82.5,81.1,80.4,81.1,81.9,83,86.1,81.2,88.8,78.2,81.4,80.7,75.5,80.7
8/6/2017,8:00,75.4,77,80.4,78.2,77.6,79.9,80.7,74.2,80.4,79.5,73.9,74.7,77.2,78.7,81.3,78.6,79,74,74.5,76.6,71.7,77.1
8/6/2017,9:00,68.3,68.8,73.2,66.7,66.4,72.2,71.7,70.4,70.7,76.9,59.4,67.5,65.1,68.2,71,71.4,73.9,71.9,69,62.8,65.6,70.5
8/6/2017,10:00,63.1,62,67.1,62.1,61.8,66,60,66.5,66.2,69.1,54.2,51.9,55.2,63.6,68.3,64.6,68.9,67,62.9,57,61,65.5
8/6/2017,11:00,53.8,59.8,66,60.5,60.1,59.1,59.6,60.2,63.4,62.3,46.5,37.6,51.7,61.9,62,63.5,65.4,61.4,55.9,53.5,58.7,56.8
8/6/2017,12:00,47.8,54.6,64.9,57.1,58.4,55,59.6,54.4,64.6,56.5,45.2,50.2,51.7,56.7,64.4,58.2,63.8,59.8,49.3,54.2,51,57.5
8/6/2017,13:00,53.3,58.1,64.9,55.2,56.7,53.8,59,55.6,62.3,55.3,48.3,42,53.6,53.7,61.5,60.1,63.2,53.5,53.7,53,52.9,58
8/6/2017,14:00,52.8,57.5,64.9,57,56.7,53.8,57.2,55.6,61.8,57.8,47.8,49.1,55.3,54.3,45.1,58.9,57.3,52.3,52.5,54.2,53.5,54.5
8/6/2017,15:00,49.7,57.5,61.3,56.4,57.2,52.6,57.2,56.3,61.8,57.2,47.8,52,55.3,57.8,59.8,60.7,59,49.9,53.6,51.8,52.3,53.9
8/6/2017,16:00,34.9,48.1,61.9,59.3,59.5,53.1,58.4,55.6,62.3,57.2,48.8,52.6,57.5,59.5,60.9,58.8,60.2,52.2,52.4,50.6,53.5,55
8/6/2017,17:00,41,56.2,64.3,60.5,61.8,57.3,58.4,56.8,63.5,58.3,50.6,53.7,58.1,61.8,62,60.6,64.8,52.8,53,46.5,53.5,53.3
8/6/2017,18:00,52,60.8,69.4,65,67.5,60.8,63,59.1,64,62.3,54.1,57.8,59.8,64.1,65.9,66.4,70.6,46.3,55.9,47.6,54.7,60.3
8/6/2017,19:00,64.8,65.9,71.5,67.8,68.6,63,67.6,64.2,65.1,67.4,61.6,62.4,62.6,68.7,70.9,73.1,73.3,51,61.7,56.5,59.9,63.7
8/6/2017,20:00,68.7,73.7,76,74.3,74.2,68.8,75,68.2,71.2,70.2,67.8,69.1,68.9,74.2,77.5,75.8,78.9,70.2,67.3,71.1,63.8,71.6
8/6/2017,21:00,74.2,74.2,74.8,72.7,74.8,73.8,75,68.7,74.5,76.3,76,74.6,73.3,74.2,80.2,79.6,82.8,74.4,70.1,73.2,67.2,74.8
8/6/2017,22:00,74.7,76.4,77.1,76,73.6,73.8,77.2,70.9,75,73.5,73.3,72.9,73.3,76.4,80.2,79.6,81.7,73.9,70.6,74.3,70,73.7
8/6/2017,23:00,75.3,79.6,78.8,78.7,77,74.3,81.1,68.6,76.1,74.6,73.3,74.6,74.4,78.1,81.8,79,84.4,76.1,71.7,75.4,67.1,75.3
8/7/2017,0:00,79.6,82.3,80.4,80.8,80.3,78.7,85,70.3,79.9,78.4,78.2,77.3,78.2,80.8,84.5,80.7,86.6,79.2,75,80.2,68.8,78
8/7/2017,1:00,81.6,83.8,82.5,83,80.9,81.4,85.6,73.1,82.5,81.6,81.9,80.5,79.8,81.9,86,86,89.8,82.8,77.1,82.8,71.6,82.8
8/7/2017,2:00,84.8,84.3,82,83.5,81.9,84.1,87.7,75.8,83,82.2,84,82.6,81.4,82.9,87.1,87,92.5,84.3,79.8,81.7,74.4,82.8
8/7/2017,3:00,86.3,85.9,83.1,84,81.9,83,88.8,75.8,83.5,83.7,86.1,83.1,81.9,82.4,89.1,87.6,93,84.3,80.3,83.8,74.9,83.8
8/7/2017,4:00,87.8,85.9,83.6,85,83,85.1,88.8,76.4,84,84.8,86.1,84.2,83.5,84.5,90.7,88.6,93.5,84.7,81.3,85.3,74.9,83.8
8/7/2017,5:00,89.3,84.8,84.1,87.1,83,86.1,89.3,77.5,83.5,86.3,87.1,84.2,83.5,84,91.2,88.6,94.1,85.7,81.8,85.8,74.9,84.8
8/7/2017,6:00,90.3,85.9,84.7,86.1,84.1,86.7,89.3,78,84.5,84.8,88.1,84.7,84.5,85.6,92.2,87.6,95.1,84.2,84.4,85.8,78.7,85.8
8/7/2017,7:00,86.3,83.3,85.2,79.8,81.4,86.1,89.9,75.8,85.1,85.8,86.6,80.5,84,82.4,90.7,86.5,91.4,83.7,80.8,82.3,77.1,84.3
8/7/2017,8:00,74.8,75.3,81.5,74.4,73.2,83,84.4,70.3,79.9,83.8,80.3,75.7,68.3,75.9,81.3,80.2,82.8,80.2,78.7,67.8,70.5,80.7
8/7/2017,9:00,71,70.9,80.4,70.6,68.1,74.4,77.9,71.5,72.9,79,63.9,69.7,64.4,74.8,73.2,75.3,77.3,73.4,70.7,64.5,66.7,75.4
8/7/2017,10:00,64.9,66,73.3,66.7,67.5,67.7,64.8,67.6,71.3,72.5,55.3,56.6,57,68.7,72.2,68.6,71.2,69.7,64.5,58.8,63.3,66.6
8/7/2017,11:00,58.6,62.6,67.7,62.1,61.9,59,64.3,63.1,69.7,65.8,47.2,38.9,52.9,64.2,64.3,64.7,68.9,64.8,57.7,56,57,61.5
8/7/2017,12:00,50.9,52.2,67.1,59.3,58.3,56.8,63.1,58.5,66.9,61.3,47.2,53.8,54.8,59.6,64.3,61.2,66.1,60.4,55.4,53,54.7,59.2
8/7/2017,13:00,51.5,58,65.3,57,56.6,53.2,60.1,56.8,64.6,56.6,47.7,45.5,52.3,54.2,64.3,59.5,67.3,53.5,52.4,52.4,53.5,55
8/7/2017,14:00,53.3,56.3,66.5,58.8,58.9,52,59.6,55.1,62.9,57.7,47.2,49.7,52.9,54.2,42.7,59.5,59,52.2,51.9,51.9,52.9,53.4
8/7/2017,15:00,50.3,59.7,66.5,58.1,58.9,52.6,59,55.6,62.9,58.9,47.7,54.3,57.6,58.9,61.4,60.6,63.7,53.9,54.2,51.9,52.3,55
8/7/2017,16:00,34.2,47.5,66.5,60.5,61.8,53.1,57.8,55,61.8,57.1,46.5,51.4,58.1,60.1,57.4,59.5,60.7,53.3,51.8,51.2,52.3,55
8/7/2017,17:00,38.7,59.1,67.7,63.3,64.7,57.3,60.1,56.1,62.3,59.4,50.1,53.1,59.3,64.2,63.7,58.8,65.4,45.7,53,49,52.3,55
8/7/2017,18:00,51.4,63.2,69.3,63.3,68.1,61.3,64.2,61.5,64.6,64.1,56.5,56.6,62.7,66.4,67.7,66.3,70.6,43.9,57.7,45.2,57,60.3
8/7/2017,19:00,63.1,65.9,71.5,67.2,70.3,63.6,68.2,63.1,66.8,65.7,61.6,60.6,65,69.2,71.6,71.9,72.8,48,60.5,55.3,58.7,62
8/7/2017,20:00,69.3,72.6,75.4,73.2,73.1,68.2,73.8,67,71.2,70.7,68.3,69.1,67.8,73.1,75.9,75.8,78.4,68,66.2,69.9,64.4,69.9
8/7/2017,21:00,73.6,76.9,77.6,77.1,75.9,72.1,78.9,68.7,74.5,74.1,70.5,73.5,73.3,76.4,79.7,77.4,83.9,72.9,68.9,74.3,64.9,73.7
8/7/2017,22:00,77.9,78.5,77.1,79.8,77,76,78.4,69.2,75.6,75.7,73.9,75.7,76,78.1,82.3,78.5,87.2,75.6,72.8,78.1,65.4,75.3
8/7/2017,23:00,80.6,79.1,78.7,77.6,78.1,77.1,79.5,69.8,77.2,76.8,74.4,76.8,76.6,79.7,85,79.6,90.4,77.1,71.7,77,66.6,74.8
8/8/2017,0:00,81.6,80.1,82.5,81.9,80.3,77.6,81.7,71.4,78.3,76.2,75.4,76.8,77.1,81.3,85.5,79.6,90.4,77.1,73.9,80.2,66.6,76.4
8/8/2017,1:00,84.2,82.8,82.5,82.4,79.8,79.8,85,72.5,78.8,76.2,77.1,77.3,78.7,82.4,87.1,77.9,89.8,76.6,76.6,80.2,67.1,76.9
8/8/2017,2:00,83.7,82.2,83.6,84,81.9,81.9,85.6,71.4,80.4,78.9,77.6,77.8,80.3,82.9,88.1,79,92,78.7,74.4,81.7,69.9,79.1
8/8/2017,3:00,84.7,81.7,84.1,83.4,80.8,83.5,86.6,72.5,80.9,81.6,80.8,79.9,81.9,82.9,88.6,84.4,92.5,80.7,76.6,82.8,70.5,81.2
8/8/2017,4:00,87.3,82.7,84.1,85,81.9,85.1,88.2,75.3,80.9,83.7,82.4,81.5,82.4,84,91.2,84.9,92.5,82.2,76.6,83.8,71.6,82.7
8/8/2017,5:00,87.8,83.8,85.2,84.5,83.5,86.1,89.9,76.4,83,81.6,84.5,82.1,82.9,86.6,91.7,83.3,94.6,82.2,81.3,83.8,74.9,83.3
8/8/2017,6:00,89.3,84.3,85.7,86,83.5,87.2,89.3,77.4,85.1,81.6,84.5,83.7,84,84.5,91.7,85.4,94.6,83.2,81.8,84.3,76,83.8
8/8/2017,7:00,86.3,82.2,86.2,78.1,81.9,87.2,88.8,76.9,83.5,83.2,83.5,78.9,82.9,82.4,91.2,84.4,90.4,79.2,79.2,81.7,74.9,83.3
8/8/2017,8:00,70.4,74.3,79.8,71.6,70.3,82,83.9,68.1,77.2,80.1,77.1,73,65.5,68.1,69.4,73,82.3,75.6,73.4,55.3,68.8,75.9
8/8/2017,9:00,62.5,67,65.9,66.7,64.6,70.5,73.3,68.7,68.5,74.6,59.4,64.6,60.4,63.5,66.5,63.4,74.5,69.2,65.7,56.4,64.9,67.7
8/8/2017,10:00,58.5,58,63.6,59.8,57.6,61.3,57.7,65.3,63.4,66.3,51.1,46,51.7,58.9,61.9,61.7,65.9,63.1,58.8,48.7,61.5,58.5
8/8/2017,11:00,51.3,51.5,62.5,54,54.8,53.1,53.5,59.1,59.4,59.4,43.5,33.4,47.5,56,55.6,57.6,60.8,56.8,51.2,49.4,54,52
8/8/2017,12:00,42.9,47.6,64.9,55.2,56.6,48.3,58.4,55,59.4,53,39.9,46,48.2,55.5,58,51.7,59.7,52.8,45.8,49.4,49.3,53.9
8/8/2017,13:00,48.5,55.7,62.5,53.5,57.8,48.3,56.7,52.2,60.1,53,42.3,40.1,50,51.2,59.2,56,61.5,50,47.7,50.1,49.3,52.7
8/8/2017,14:00,47.8,55.1,64.3,55.2,56.6,47.1,54.8,51.5,58.3,54.2,43,44.3,50.5,49.5,36.5,52.3,56.7,46.3,47.7,47.6,47.5,47.2
8/8/2017,15:00,44.1,55.1,63,55.2,56,49,56.6,50.3,58.8,53,43,49,52.8,54.8,59.8,54.1,58.4,49.8,48.8,47,46.8,52.6
8/8/2017,16:00,31.6,45.7,63.7,57.6,58.9,49,56,49.6,57.7,53.5,45.9,49,55.8,56.6,56.9,54.1,56.7,45,47,49.5,48.7,53.9
8/8/2017,17:00,36.1,49.7,60.2,56.9,57.7,53.7,54.8,53.8,57.7,55.3,46.4,49,54.6,57.8,56.2,56.4,60.7,40.8,50.6,42.8,49.2,48.9
8/8/2017,18:00,43.3,55.6,62.4,57.5,57.1,53.7,57.7,54.3,57.7,54,47.5,49.4,54.6,60.6,60.2,58.1,61.2,37,49.3,35.2,48.5,49.5
8/8/2017,19:00,55.5,60.8,67.6,60.3,64,57.8,62.3,51.2,59.3,58.7,54,52.4,59.2,63.4,65.9,61,66.4,41.3,53.5,48.7,47.8,55.6
8/8/2017,20:00,64.8,64.7,73.2,68.8,69.7,62.5,68.1,62.5,63.3,66.2,61.5,63.4,60.9,69.2,68.1,70.2,72.8,64.2,60.5,62.7,58.6,63.1
8/8/2017,21:00,67,75.3,76.6,76,75.3,66.4,76.7,62.5,70.7,68.4,66,69.1,70,74.2,77,71.3,80.6,70.7,65,70.5,60.3,70.4
8/8/2017,22:00,74.2,80.1,77.6,79.2,78.1,73.2,79.5,67,74,75.2,73.9,75.7,75.5,77.6,80.8,78,85.5,75.6,70.6,77,64.9,75.4
8/8/2017,23:00,80.1,81.2,79.3,79.8,79.8,77.1,82.8,71.4,76.7,77.9,77.6,77.8,77.1,79.2,82.9,81.8,87.7,77.6,75,81.2,67.7,78.6
8/9/2017,0:00,82.7,83.8,80.4,81.9,83.6,78.7,85,73.1,78.8,79.5,77.6,79.4,79.8,80.8,86.1,83.3,90.4,80.7,75.5,82.8,68.8,79.1
8/9/2017,1:00,85.2,84.9,82.5,83.5,83.6,80.3,87.8,73.6,80.9,81.1,80.3,80.5,82.4,82.9,87.6,86,92.5,81.7,76.6,84.8,69.9,80.7
8/9/2017,2:00,87.3,84.3,83.1,85,80.8,81.9,87.8,73.6,79.9,82.2,82.9,81.6,82.9,83.4,89.1,84.9,95.1,84.2,77.7,84.8,72.2,81.7
8/9/2017,3:00,88.3,83.8,84.1,85,82.5,82.4,87.8,75.8,80.9,83.2,85,82.6,83.5,84,89.7,86,95.1,83.2,81.3,84.3,74.4,82.7
8/9/2017,4:00,89.8,84.3,84.1,85,81.4,85.1,88.8,75.3,81.4,83.2,86.1,84.2,84.5,84,90.2,84.9,95.1,84.2,83.4,84.8,75.4,83.8
8/9/2017,5:00,90.3,84.8,84.1,85.5,83,86.6,90.4,76.9,83,83.7,87.6,84.2,85,84,93.2,86.5,95.6,83.2,83.9,85.8,77,84.3
8/9/2017,6:00,90.3,85.3,84.6,87.1,85.7,87.1,89.9,78,84.5,84.8,87.1,84.7,86.1,83.4,92.2,87,95.1,84.2,83.3,86.3,77,84.8
8/9/2017,7:00,87.3,84.8,86.2,80.8,83,86.6,89.3,76.3,83.5,86.3,87.1,82.6,85.6,82.9,90.2,85.4,93,81.7,80.8,84.3,75.5,85.3
8/9/2017,8:00,75.3,74.3,83.6,74.4,68.2,83,87.8,70.9,81.5,83.7,82.4,77.3,68.9,68.2,66,80.2,86.1,80.2,76.6,61.1,72.7,80.7
8/9/2017,9:00,71,70.9,69.9,68.9,70.3,72.7,79,70.9,72.4,78.4,64.4,69.7,65.6,71.5,67.6,73.6,79.6,74.5,69,64.4,67.3,73.8
8/9/2017,10:00,63.1,64.3,69.9,65,67,66.6,64.2,64.8,68.5,71.9,58.2,53.7,54.6,64.7,68.8,67.4,71.7,71.9,63.4,58.2,60.4,66.6
8/9/2017,11:00,55.5,58,63.6,58.1,61.2,60.3,60.1,59,65.1,65.8,50.6,38.2,53,59.5,60.8,61.7,66.6,65.3,55.9,54.1,56.4,60.3
8/9/2017,12:00,44.7,52.2,68.8,57.6,57.2,52.5,61.9,49.5,63.5,57.7,45.2,50.2,51.7,55.4,63.2,55.2,64.9,60.9,50,53,45.5,56.3
8/9/2017,13:00,52,58,64.8,56.5,58.3,53.9,59.6,52.7,62.9,57.7,48.3,43.2,52.3,54.2,61.4,59.5,64.4,52.2,53.7,51.8,51.1,57.4
8/9/2017,14:00,50.8,54.5,63.6,57.5,56,50.8,58.4,52.7,62.9,56,44,47.2,54.1,50,40.2,57.1,59,53.5,50.7,51.8,50.5,52.7
8/9/2017,15:00,44.8,56.8,63.6,55.8,56.5,51.4,56,52.1,59.4,53.5,44,48.3,55.8,54.8,56.2,56.5,58.4,48.6,49.5,48.8,49.8,53.2
8/9/2017,16:00,32.8,42.1,61.3,55.8,60,49.4,54.2,50.8,58.2,53.5,44,48.3,54,55.4,53.2,52.2,56,45,48.2,49.4,47.4,49.6
8/9/2017,17:00,36.1,55.6,64.2,60.4,62.3,54.2,56.5,52,61.1,56.5,46.5,50.8,58.1,60.7,59.7,55.9,62.4,38.4,51.2,47.6,48.6,51.4
8/9/2017,18:00,48.4,62,69.3,62.7,66.4,58.4,62.4,56.7,61.1,60,53,54.9,59.2,67.6,65.4,61.7,68.3,43.9,54.2,39.7,51.6,56.2
8/9/2017,19:00,60.8,65.3,71.5,67.2,68.6,63.1,67.6,62.6,65.1,65.7,59.3,60.1,65,70.3,71.6,69.2,71.7,48.1,58.3,57.6,59.3,61.4
8/9/2017,20:00,67.6,71.5,74.9,72.7,74.2,67.7,75,64.8,70.1,69.6,67.2,69.7,68.3,72.6,75.9,74.1,77.8,69.2,65.7,71.6,61.5,69.9
8/9/2017,21:00,73.1,76.9,77.1,76.6,75.3,72.2,78.9,68.1,73.4,73.5,71.1,74,73.3,75.9,78.6,78,81.7,74.5,69.5,73.2,65.5,73.2
8/9/2017,22:00,76.3,78.5,78.8,79.8,78.1,75.4,81.7,69.2,75,76.3,74.4,76.2,75.5,78.1,81.3,78.5,86.1,75.6,71.2,77,66.6,77.5
8/9/2017,23:00,78.5,81.2,80.9,80.3,80.3,77.1,84.5,72.6,78.3,79,77.1,77.8,76.6,80.2,82.9,81.8,87.7,78.7,74.5,80.2,68.8,78.6
8/10/2017,0:00,82.7,82.8,80.9,81.4,79.8,79.8,83.9,72.6,79.3,80.1,78.2,77.8,79.8,81.3,86.6,82.8,87.7,78.7,75,82.2,69.4,81.2
8/10/2017,1:00,84.8,81.7,82,84,81.9,81.4,85,73.7,80.4,80.6,80.8,80.5,80.3,81.3,87.6,82.8,90.4,79.7,76.6,81.2,71.1,81.2
8/10/2017,2:00,85.8,83.3,83.6,84.5,84.7,81.4,87.2,74.2,81.5,81.6,82.9,81.6,80.8,82.4,87.6,84.9,92.5,80.7,78.2,84.8,72.7,81.2
8/10/2017,3:00,87.8,85.9,84.1,85.6,86.3,83.5,89.4,75.8,81.5,83.2,84.5,82.6,83.5,82.4,88.6,84.4,94.1,83.2,79.8,87.3,74.4,82.7
8/10/2017,4:00,88.8,85.4,85.2,86.6,86.3,83.5,91,76.4,83,83.7,86.1,84.7,85.6,83.4,91.7,84.9,94.6,83.2,82.9,87.3,75.5,85.8
8/10/2017,5:00,89.3,85.4,85.2,87.6,86.8,85.6,91,77.5,83.5,85.3,88.7,85.8,86.1,84,91.7,86.5,95.1,84.2,83.4,87.8,74.9,85.3
8/10/2017,6:00,91.2,85.4,86.2,87.1,85.2,85.6,91,77.5,82.4,86.9,86.1,85.8,86.6,85,90.7,86.5,97.7,82.2,82.8,88.3,77.1,84.8
8/10/2017,7:00,86.8,83.8,86.8,81.9,82.5,85.6,90.4,75.3,81.4,85.8,85.6,82.6,84.5,81.8,89.7,84.4,94.1,81.2,79.7,83.3,77.6,84.8
8/10/2017,8:00,74.3,69.9,82.6,72.2,71.4,79.2,84.5,70.3,77.7,83.2,77.7,74.1,67.3,66.4,66,76.9,82.3,75.6,72.8,60.5,72.8,79.7
8/10/2017,9:00,68.8,69.3,67.6,67.8,67.5,71.1,76.2,69.8,72.4,77.4,62.2,68,63.3,66.4,68.2,68,76.8,71.3,67.3,62.8,67.2,72.2
8/10/2017,10:00,59.7,59.7,68.8,63.4,61.2,63.7,61.9,65.4,69.1,68.6,50.6,52,53.5,62.5,67.2,64.1,68.9,65.3,59.5,54.7,61.1,63.2
8/10/2017,11:00,53.8,59.2,69.4,61.7,61.9,54.9,63.1,60.3,64.1,61.8,46.5,35.2,51.2,61.9,63.8,60,62,56.8,54.2,56,53.4,56.3
8/10/2017,12:00,48.6,54,69.4,60.5,60.2,54.9,63.1,54.4,65.8,60.1,47.2,53.3,53.6,60.2,65,59.6,65.6,60.4,54.8,52.5,48,58.7
8/10/2017,13:00,52.7,58.1,67.1,57.6,57.7,51.4,61.3,57.5,64.1,57.7,48.3,45,54.2,54.3,65.5,61.3,64.9,55.2,54.3,53.6,51.8,56.3
8/10/2017,14:00,52.1,56.8,65.4,58.8,57.2,52.6,59.5,54.5,61.8,57.7,45.3,47.8,56.5,54.3,40.3,58.8,56.6,51.1,53.7,54.1,51.8,53.4
8/10/2017,15:00,45.4,58.5,66.5,57.5,57.2,50.8,58.4,52.7,60.6,55.9,45.9,50.8,55.8,58.4,60.9,55.3,59.6,49.3,51.8,50.6,49.9,56.8
8/10/2017,16:00,32.9,46.9,65.3,58.2,63,50.8,55.4,52,58.8,55.3,46.5,50.2,54.6,58.9,56.9,57.1,60.2,46.8,49.4,49.4,50.5,52.1
8/10/2017,17:00,36.1,52.1,65.9,62.8,65.2,53.1,57.2,53.8,60,57.7,47,49,56.9,61.8,56.9,57.1,63.1,39.7,49.4,51.2,48.6,50.2
8/10/2017,18:00,48.4,63.7,71.1,65,66.9,59,64.2,57.9,64.6,61.7,53.5,56.1,59.8,68.1,68.2,62.3,70.6,43.3,54.7,39.8,52.2,58
8/10/2017,19:00,63.7,70.4,74.3,71.1,72.6,64.8,71.6,61.3,69.1,68,62.2,62.9,68.9,72.6,75.9,69.7,75.6,46.8,60,60.5,57.5,66.6
8/10/2017,20:00,71.5,75.9,77.6,76,75.3,69.4,77.3,67.6,72.4,72.4,67.8,70.2,71.7,77.6,78.1,76.4,80.6,70.8,67.9,71.1,63.8,71
8/10/2017,21:00,74.2,80.7,79.8,79.2,78.7,74.4,80,70.3,75.1,74.6,73.9,74.6,74.9,79.7,82.3,80.2,83.3,75,72.8,75.4,66.1,75.3
8/10/2017,22:00,77.4,82.3,83.6,81.9,80.9,76,84.5,70.3,77.2,79,77.6,79.4,78.2,81.3,85,82.8,88.2,78.7,73.9,78.6,68.8,80.2
8/10/2017,23:00,81.1,84.4,82.5,82.4,80.9,80.3,86.1,73.1,80.9,80.6,79.3,80,80.3,81.9,87.1,86,92,81.8,77.1,82.8,71.1,81.2
8/11/2017,0:00,85.3,84.9,84.1,84,81.9,83,86.6,75.8,80.9,81.6,81.9,82.6,81.9,83.5,88.1,84.9,92.5,83.3,77.7,82.8,70.5,82.2
8/11/2017,1:00,86.8,86.9,83.1,84,82.5,84.6,88.3,75.3,83.5,83.2,84,83.7,82.9,84,89.7,84.9,94.6,83.7,79.2,84.8,72.7,83.3
8/11/2017,2:00,87.8,85.4,84.7,85.6,81.9,84,88.8,75.8,84,83.2,85.6,84.7,83.5,84.5,90.2,85.5,94.1,84.2,82.3,85.8,72.2,83.8
8/11/2017,3:00,89.3,86.4,86.3,86.1,83.6,84.5,89.9,76.4,84,83.2,86.6,84.2,85.6,85,90.7,88.1,96.2,83.2,83.9,86.3,73.2,84.3
8/11/2017,4:00,90.3,84.8,85.2,87.1,84.1,85.6,90.9,76.9,83,84.8,88.1,84.7,85,84.5,91.2,88.1,95.1,84.8,80.8,86.3,74.4,85.3
8/11/2017,5:00,89.8,84.8,86.8,87.1,85.2,86.6,90.9,77.5,83.5,85.3,89.7,85.2,86.1,85,90.2,87,96.2,84.8,82.8,87.3,76.5,85.8
8/11/2017,6:00,91.7,85.9,87.8,88.1,84.7,86.6,92,78.5,83,86.3,89.2,86.2,86.1,85,91.7,88.6,97.7,85.2,84.4,88.3,76,86.8
8/11/2017,7:00,87.8,86.4,88.4,84.5,85.2,87.2,91.5,76.9,83.5,87.9,88.1,84.7,84,85,91.2,89.1,94.6,83.7,81.8,85.3,77.1,87.3
8/11/2017,8:00,79.6,78,84.7,76.6,74.2,84.6,88.8,72,81.5,86.9,83.5,79.5,72.8,70.9,64.3,84.9,87.7,81.2,77.1,67.9,72.2,84.3
8/11/2017,9:00,74.8,71.5,72.2,70.6,69.8,74.9,79.5,72.6,75.1,82.2,62.8,71.9,67.3,70.4,72.1,76.9,81.2,77.2,72.3,66.2,70,77.6
8/11/2017,10:00,63.1,64.8,73.8,66.7,69.2,66.6,67.7,67.6,70.7,73,55.4,58.9,57.6,68.2,68.8,69.2,71.7,70.8,65.7,59.4,63.3,68.3
8/11/2017,11:00,56.2,59.2,69.3,62.2,61.8,56.7,63.1,61.3,68,64,50.1,38.9,53.5,64.8,65.5,61.7,67.8,65.3,58.3,56.5,58.2,61.5
8/11/2017,12:00,49,53.4,69.3,59.3,58.9,53.8,62.4,57.4,65.2,58.8,45.3,52.5,55.3,60.7,65.5,57.6,63.7,60.9,54.2,52.4,53.5,59.8
8/11/2017,13:00,50.2,57.4,67.6,57,60,51.4,60.1,55,63.5,56.5,45.3,43.6,53.5,55.4,62.6,54.6,61.9,52.8,52.4,52.4,50.5,55.6
8/11/2017,14:00,50.2,56.8,66.5,58.7,60,50.1,61.3,52.6,61.8,57.1,48.9,48.5,54.1,53,38.4,55.8,60.2,52.2,51.2,52.9,49.8,53.9
8/11/2017,15:00,44.7,56.8,68.3,58.7,62.4,47.6,60.1,52.6,62.3,55.2,46.5,50.8,53.4,60.7,59.2,56.4,62.6,48,50,49.4,49.8,55.6
8/11/2017,16:00,34.8,45.7,65.3,59.8,62.4,50.6,57.1,53.2,59.9,56.5,48.2,52.5,55.7,61.8,56.1,61.2,58.3,48,51.2,51.1,50.4,52
8/11/2017,17:00,36.7,55,64.8,62.7,65.2,54.2,60.7,55.5,62.8,58.2,48.2,53.1,59.8,65.2,60.3,60,64.8,40.2,52.9,54.7,51,55.6
8/11/2017,18:00,51.3,63.6,71.5,68.3,70.3,60.7,67.6,58.4,66.8,64,57.6,56.6,64.4,69.2,69.9,65.1,73.4,44.4,57.6,42.8,54.6,63.2
8/11/2017,19:00,65.3,68.7,72.6,70.5,72,64.8,70.4,62.5,67.9,68.5,63.3,62.3,67.2,73.1,74.8,70.8,75.6,45.6,62.3,59.9,58.7,63.7
8/11/2017,20:00,71.4,76.4,78.7,77.1,77.6,70.4,80,67.6,74,72.9,70.5,71.8,72.2,78.6,80.2,77.4,82.8,72.4,69,70.5,63.2,72.6
8/11/2017,21:00,76.3,79.1,79.8,79.2,82,75.4,82.2,70.3,78.3,76.8,74.9,76.8,75.5,80.2,84,81.2,86.1,77.1,74.4,75.4,66.6,76.4
8/11/2017,22:00,79,81.7,84.2,81.3,81.4,77.6,85,73.7,79.3,80.1,78.2,80,77.6,83,85.5,83.9,89.3,79.7,75.5,80.2,69.4,80.1
8/11/2017,23:00,81.6,85.4,84.2,83.4,83,80.9,87.2,74.8,82.5,81.1,80.8,81.6,80.3,83,87.6,87,90.9,81.7,77.7,82.8,71.1,82.2
8/12/2017,0:00,85.2,83.8,83.6,84.5,81.9,82.5,88.8,75.8,83,82.2,83.5,82.6,82.4,83.4,88.1,86.5,93.5,83.2,78.7,85.3,73.2,82.2
8/12/2017,1:00,86.8,85.4,84.7,85,81.9,84.1,88.2,74.8,83,84.3,84.5,83.1,82.9,84.5,89.7,86.5,93.5,84.2,80.8,82.8,72.1,83.8
8/12/2017,2:00,88.3,84.8,85.7,86.1,81.9,85.1,89.3,76.4,83.5,84.8,86.1,83.6,84.5,85.1,89.1,86.5,94.1,84.2,81.8,85.3,72.7,85.3
8/12/2017,3:00,90.3,86.9,85.2,86.6,82.5,85.6,90.4,76.4,85.1,84.8,87.1,84.7,85,85.1,90.7,88.1,95.1,84.7,83.4,86.3,74.3,86.8
8/12/2017,4:00,90.3,87.9,85.7,87.6,83.6,85.6,92,76.4,85.1,86.3,87.6,86.8,85.5,86.6,91.2,90.1,95.6,86.7,83.4,87.3,74.9,86.8
8/12/2017,5:00,92.7,86.9,86.2,89.1,84.1,88.2,92.6,78,85.6,87.9,89.7,86.8,86.6,85.5,92.2,90.6,96.1,87.2,84.9,88.3,77,87.3
8/12/2017,6:00,92.7,87.9,87.3,88.6,85.7,87.7,93.6,79.1,85.6,87.9,89.7,87.2,87.1,88.2,92.2,90.6,96.7,87.2,85.4,88.3,78.6,87.8
8/12/2017,7:00,89.3,87.9,88.4,88.6,87.3,87.7,91.5,79.1,84.5,87.9,89.7,85.7,86.6,87.2,91.7,90.1,95.1,84.7,83.4,86.8,79.2,87.8
8/12/2017,8:00,81.7,84.9,86.3,86.1,85.2,87.7,88.8,79.6,84.5,87.4,84.5,81.6,77.6,85.6,85.5,84.9,90.4,83.7,81.8,82.8,78.7,86.3
8/12/2017,9:00,73.2,82.3,84.1,83.5,82.5,85.1,84.5,78,86.6,83.7,77.7,77.3,83.5,82.9,88.6,79.6,83.9,80.2,80.3,80.2,77.1,79.1
8/12/2017,10:00,68.8,68.2,74.3,73.8,76.5,73.3,73.4,73.7,79.3,77.9,65,63.5,67.8,73.2,76,74.2,77.9,75.6,71.7,65,69.4,73.8
8/12/2017,11:00,61.4,60.3,71.6,64.4,65.8,64.9,65.4,66.5,72.9,69.1,54.2,40.7,59.3,66.5,68.3,66.4,71.7,69.2,61.1,60.5,63.8,65.4
8/12/2017,12:00,48.4,48,67.7,55.7,58.3,57.3,59,60.8,64,60.6,47.6,53.7,52.2,59.6,62,58.8,63.1,58.6,55.4,53.5,57.6,56.2
8/12/2017,13:00,46.5,55.7,66,54.1,57.7,48.9,59,54.4,61.2,52.3,42.8,40,53,53,60.4,52.3,57.8,47.5,48.8,52.4,50.5,52.1
8/12/2017,14:00,49.7,56.9,67.7,59.3,61.8,49.5,59.6,54.4,61.8,55.3,47.1,47.3,55.3,55.4,42.7,56.6,59,51.1,50.1,51.8,52.9,53.9
8/12/2017,15:00,46,58.7,66.5,58.7,63.5,51.4,60.1,55.1,63.5,58.3,48.9,52.6,58.7,62.5,61,58.9,62.6,55.2,54.8,51.2,51.1,57.4
8/12/2017,16:00,36.1,50.5,65.9,60.4,64.7,54.3,58.9,55.6,64.6,58.3,48.9,53.7,60.4,64.1,62.6,60,63.2,54.6,54.2,48.2,52.9,54.5
8/12/2017,17:00,38,52.1,65.3,64.4,68.6,58.4,61.3,57.9,66.8,61.2,51.2,54.3,63.3,65.8,63.2,60,68.3,40.2,57.1,54.7,54.6,56.2
8/12/2017,18:00,53.8,64.3,72.1,66.7,70.9,61.3,66.5,60.2,67.9,64.6,56.5,57.8,64.4,72.1,71,65.8,71.1,43.9,57.6,44.5,54.6,62.1
8/12/2017,19:00,68.2,74.8,77.6,73.8,78.1,68.3,75.6,64.8,71.9,71.4,66.1,66.3,72.8,77.6,79.2,74.2,79.5,52.2,65.1,65.1,61,69.4
8/12/2017,20:00,75.3,82.8,81.4,81.3,83.6,74.9,82.8,72,78.3,76.3,75.5,77.3,79.2,80.8,85.5,82.3,88.8,78.1,73.9,79.1,67.8,78
8/12/2017,21:00,82.1,83.8,82,81.8,81.4,78.7,83.9,74.2,82.5,80.6,81.9,82.6,82.9,82.4,87.1,86.5,90.9,83.2,78.2,83.2,71.1,82.2
8/12/2017,22:00,84.7,84.3,82,82.4,80.8,81.9,86.6,76.4,82,82.7,82.9,85.2,81.3,82.4,88.1,89.6,92,81.7,78.7,83.2,72.7,84.8
8/12/2017,23:00,84.7,84.3,82,83.9,84.1,83,87.2,76.4,83,83.2,82.9,82.6,83.4,83.4,89.1,87.6,93.5,83.7,80.3,86.3,72.1,83.8
8/13/2017,0:00,82.7,83.3,82,82.4,82.5,83,84.4,78,83,82.7,83.5,81.6,82.9,81.8,88.6,85.5,90.4,82.7,79.7,83.8,76,82.2
8/13/2017,1:00,82.2,82.8,82,84,80.8,83,84.4,77.5,84,81.6,81.9,81.6,83.4,84.5,88.1,84.4,88.8,81.7,80.3,81.2,78.1,81.2
8/13/2017,2:00,83.2,81.7,82,82.4,82,83,82.2,79.1,83.5,82.2,81.3,81,81.9,82.9,86.6,83.3,85.5,80.2,80.8,81.2,77.6,79.6
8/13/2017,3:00,82.7,81.2,81.4,82.4,80.3,83.5,83.3,78,83,81.6,80.8,81.5,81.9,82.4,86.6,83.9,86.1,78.1,81.3,79.1,76,80.7
8/13/2017,4:00,86.3,82.2,82,82.4,79.2,84.6,83.9,76.4,83.5,81.6,83.5,83.1,82.9,82.4,88.1,86,87.7,80.2,80.8,80.7,77,80.7
8/13/2017,5:00,88.8,84.3,83.1,83.4,80.8,85.1,86.6,78,84,82.7,85,82.6,84,84,90.7,86,90.9,82.2,83.9,82.2,78.1,81.7
8/13/2017,6:00,88.3,84.9,84.7,86.1,80.3,86.6,87.2,78.5,84.5,83.7,84.5,82.1,84,84,90.2,85.4,93,81.2,84.4,82.8,77.6,82.2
8/13/2017,7:00,84.2,82.2,82,82.9,79.8,85.1,82.8,78,84.5,82.2,81.9,83.1,82.9,82.4,87.6,84.4,88.2,80.2,81.8,79.6,77.6,80.1
8/13/2017,8:00,77.4,79.6,80.3,78.7,78.6,84.1,80.6,75.8,83.5,80,78.2,77.3,80.8,80.2,83.9,80.1,82.8,78.1,79.2,77,77,76.9
8/13/2017,9:00,69.3,74.2,77.6,74.9,75.3,76.1,73.9,73.1,78.3,76.8,66.2,70.8,72.8,75.4,77,75.8,76.2,71.8,72.8,70.6,73.8,72.7
8/13/2017,10:00,62.6,66.5,71,65.5,66.9,68.3,64.7,69.3,72.3,73,57.1,62.4,58.1,67.5,69.3,70.8,71.6,69.2,66.2,61,66.7,67.1
8/13/2017,11:00,57.9,55.1,65.9,58.6,60.6,61.5,59.5,64.2,67.9,64.6,48.8,41.8,53.5,61.8,63.1,62.8,65.4,63.1,59.4,55.8,59.8,62
8/13/2017,12:00,46,49.7,66.5,57,58.3,53.1,58.3,56,62.9,56.4,44,50.7,50.5,57.8,62,57.6,58.9,55.6,53,52.4,52.8,54.4
8/13/2017,13:00,49,57.4,63.6,52.8,56.5,50.8,57.2,50.8,61.1,54.1,44,43,53.5,54.2,62,54.7,60.2,51.6,52.4,50.6,49.8,54.4
8/13/2017,14:00,48.4,55.6,63.6,55.2,57.7,48.3,57.2,51.4,61.1,54.1,44,45.9,54.1,54.2,39.6,52.8,58.9,48.6,48.8,50,48.6,50.7
8/13/2017,15:00,42.8,58,64.8,57,58.3,48.8,58.9,50.2,61.1,55.3,44.6,49.5,54.6,58.9,56.2,54.6,61.3,49.2,50,51.7,49.8,56.2
8/13/2017,16:00,36,46.2,67.1,59.2,62.3,53.1,57.8,53.8,62.9,58.2,47,53.1,58.1,62.4,60.8,59.4,62.5,50.4,54.1,50.5,52.8,54.4
8/13/2017,17:00,37.9,52.7,64.8,63.3,66.3,57.8,60,57.3,65.1,60.5,50.6,54.8,61.5,64.7,60.3,61.7,65.9,56.2,58.2,55.3,52.8,54.4
8/13/2017,18:00,51.9,61.9,67.6,63.8,67.4,61.3,61.7,61.9,65.1,65.1,56.4,56.5,62.1,65.8,67.1,66.9,69.9,44.4,58.8,43.9,57.5,60.2
8/13/2017,19:00,64.2,69.8,73.2,69.9,72,64.2,69.8,64.2,67.9,68.5,62.1,61.1,65.4,73.7,74.2,71.3,74.4,51.5,62.8,61.6,61.5,66.5
8/13/2017,20:00,73.1,79.6,79.8,78.7,80.3,71,81.1,69.2,77.2,75.7,71.6,74.6,73.8,79.7,83.4,79.6,85,76.6,71.2,76.4,66.6,75.9
8/13/2017,21:00,79,82.2,81.9,80.8,78.6,77.1,83.9,74.2,78.8,80.5,78.2,79.9,77.6,80.8,86.6,84.9,89.3,81.7,76,78,73.8,81.7
8/13/2017,22:00,81.6,83.8,81.9,81.3,79.7,80.3,85.5,75.3,80.9,81.6,80.8,82,79.2,80.8,86.6,85.9,89.8,81.7,77.6,81.2,73.2,81.7
8/13/2017,23:00,82.1,83.8,81.4,82.4,81.9,81.9,86,76.9,82.4,82.6,81.8,82.6,80.3,82.3,87.6,88.1,91.4,83.7,79.7,81.7,74.3,82.2
8/14/2017,0:00,84.2,84.8,83,82.4,81.3,83.5,86.6,77.9,83.5,84.2,82.4,82,82.9,81.3,87.6,88.6,90.9,83.2,80.2,84.8,75.4,82.7
8/14/2017,1:00,84.2,85.3,84.1,85,83.5,84.5,86.6,76.3,85,84.7,84.5,85.2,82.9,82.4,88.1,87,89.8,83.2,79.7,86.3,76.5,83.2
8/14/2017,2:00,83.7,86.9,85.2,85.5,84.1,85.1,88.8,78.5,86.1,84.2,84,83.1,84,85,90.2,85.9,90.4,81.7,83.9,85.3,78.6,82.2
8/14/2017,3:00,83.2,84.3,83.6,85,84.1,85.1,87.7,80.1,86.1,83.2,83.5,82.6,85,85,89.6,85.4,89.3,83.2,83.4,83.8,80.7,82.7
8/14/2017,4:00,83.2,83.3,84.7,85.6,81.4,85.1,86.6,78,85.6,83.2,83.5,82.1,83.4,85.6,90.7,84.9,87.7,81.2,82.9,83.2,78.6,82.2
8/14/2017,5:00,81.1,82.2,83.1,84,82.5,83.5,86.1,76.3,84.5,81.6,81.9,79.4,82.9,81.8,89.1,82.8,88.2,80.7,81.3,82.2,74.8,80.1
8/14/2017,6:00,77.9,80.6,78.7,77.6,75.8,80.8,81.7,73.6,82.5,77.8,76.5,75.6,81.3,81.3,88.1,79.5,83.9,78.6,78.1,76.4,71.5,75.3
8/14/2017,7:00,76.8,75.8,76.4,75.4,74.1,79.7,76.6,72.5,78.7,77.8,76,76.1,75.4,76.9,81.8,80.6,80,73.8,76,73.7,72.1,74.7
8/14/2017,8:00,74.2,73,75.3,73.7,72.5,78.1,74.9,71.9,77.1,76.2,73.2,71.8,76,74.1,80.2,76.8,77.2,72.3,73.8,71.6,71,71.5
8/14/2017,9:00,68.1,70.3,73.1,69.9,71.4,75.4,72.1,69.7,75.5,72.9,67.7,66.7,72.7,70.8,76.4,72.4,73.3,65.7,71.6,67.7,69.9,67.6
8/14/2017,10:00,59.6,65.3,73.1,66.6,68,66.4,65.2,66.9,71.7,71.8,62.7,60.6,63.8,67.5,69.2,67.9,67.6,62.4,64.4,62.7,64.3,61.3
8/14/2017,11:00,59,60.3,68.7,62.1,66.3,60.7,64.1,62.4,66.1,64.5,49.2,39.8,55.7,65.8,68.8,65.7,67.6,63,58.7,60.5,58.5,58.4
8/14/2017,12:00,47.7,48.6,67.6,58.6,60,53.6,61.2,57.8,66.1,59.3,46.8,54.8,56.9,59.4,67.7,58.1,66.5,61.9,54.1,55.3,53.3,60.2
8/14/2017,13:00,52,58.5,67,55.8,57.6,52.5,60.6,51.2,65.1,58.2,45.8,46,54,55.3,65.3,58.1,64.2,53.8,53.5,52.9,49.7,57.9
8/14/2017,14:00,56.1,59.6,66.4,58,58.2,54.2,61.7,57.8,65.1,59.3,49.3,53,56.9,55.3,46,64.6,65.4,57.3,55.8,57.5,56.2,57.9
8/14/2017,15:00,49.5,62.4,64.1,59.1,59.9,56,61.2,58.4,65.1,59.3,52.3,55.9,59.1,61.8,60.8,65.7,66.4,53.3,58.1,51.7,56.2,59
8/14/2017,16:00,42.2,49.8,65.8,60.3,60.5,57.1,60,57.8,65.6,60.5,51,54.1,60.3,61.2,63.6,61,62.4,52,57,49.9,55,56.7
8/14/2017,17:00,35.9,51.4,61.8,62,62.8,60,59.4,59,65,62.2,51.6,54.8,60.8,63.4,59,62.7,67.6,37,59.3,56.3,56.2,54.9
8/14/2017,18:00,52.4,63,68.7,65.4,66.8,63.5,64,60.7,67.8,65.1,56.4,56.5,64.3,69.2,69.8,66.2,72.2,43.2,59.9,43.8,56.2,60.2
8/14/2017,19:00,66.4,70.9,73.1,69.9,70.2,67.6,72.7,65.8,71.7,69.6,64.9,64.5,69.3,73.6,75.8,74.6,77.8,54.4,66.1,64.3,62,67.1
8/14/2017,20:00,73,77.4,78.7,77,74.7,72,78.3,71.4,74.4,75.1,72.7,72.8,72.7,78,81.2,79.5,83.3,74.4,72.7,71.6,68.2,73.7
8/14/2017,21:00,77.9,79.5,79.2,79.2,76.4,77,81.1,73.1,78.2,77.3,76.5,78.3,76.5,78.6,83.9,84.9,84.9,78.1,76.5,77,72.7,76.9
8/14/2017,22:00,79.5,80.6,80.9,78.1,76.4,79.7,81.6,73.6,79.8,78.4,78.1,79.4,78.1,79.7,84.9,84.9,87.1,79.1,77.1,77.5,73.2,78
8/14/2017,23:00,78.4,81.1,80.3,79.2,78.1,80.3,82.8,75.2,80.9,80,79.2,77.2,78.7,79.1,85.5,84.9,84.4,79.7,77.1,80.1,72.1,78
8/15/2017,0:00,77.4,79.5,80.3,79.2,78.1,79.7,81.1,74.7,80.9,77.8,75.4,76.7,79.2,79.1,84.9,82.2,83.3,78.1,77.6,79.6,71.5,77.4
8/15/2017,1:00,75.2,78.4,79.2,79.2,78.1,78.7,80,73,79.8,76.7,76.5,74.5,77.5,80.2,83.9,79,83.8,76,74.9,78.5,69.3,76.3
8/15/2017,2:00,73.6,79,80.3,81.3,78.6,78.1,81.1,73.6,79.3,77.3,75.9,73.9,77.5,78.6,82.8,76.8,82.8,76,74.9,76.4,70.4,75.3
8/15/2017,3:00,77.4,81.2,83.6,81.8,80.8,79.7,82.8,74.1,80.3,77.3,77,76.1,78.1,80.7,84.4,82.8,83.8,77.6,77.1,78.5,72.1,77.5
8/15/2017,4:00,80,84.3,83,82.9,82.4,82.4,85.5,74.1,84,81.6,81.3,81,83.4,82.3,89.6,84.9,88.7,82.7,79.7,81.7,75.4,81.7
8/15/2017,5:00,82.1,84.3,84.6,83.4,81.9,83.5,86.6,73.5,84.5,82.1,81.3,83.1,82.9,84,90.1,85.9,88.7,82.7,81.8,82.2,74.3,82.7
8/15/2017,6:00,83.2,84.8,85.2,84.5,82.5,84.5,87.1,75.8,85,83.2,82.4,82,84,83.4,89.1,86.5,87.1,82.7,81.8,81.7,76.5,83.2
8/15/2017,7:00,81.6,84.8,85.7,84.5,81.9,84.5,87.7,74.7,84.5,84.2,82.4,82,82.9,83.4,89.1,84.9,88.7,82.2,80.8,82.7,74.8,84.3
8/15/2017,8:00,80.6,81.2,84.1,81.3,79.7,83.5,83.3,74.7,84,83.7,79.7,81.5,81.9,80.2,86,84.4,86.1,79.7,78.7,76.4,73.2,81.2
8/15/2017,9:00,77.9,74.7,80.3,76,73.6,81.4,76.1,73,81.9,82.1,77.1,75.6,77.6,76.4,80.7,82.2,80,76.1,77.6,68.3,72.6,76.9
8/15/2017,10:00,71.9,69.2,74.3,70.4,70.3,79.2,71.5,68.6,78.2,77.8,72.2,72.3,71.6,69.7,74.8,72.9,75.6,71.2,73.8,67.7,69.3,70.9
8/15/2017,11:00,61.2,63.5,71,64.3,63.9,66.3,62.9,66.3,70.6,66.7,58,59.4,59,68,66.4,61.5,62.3,62.3,60.9,62.1,64.2,60.7
8/15/2017,12:00,51.1,64.7,69.2,64.3,65.2,58.1,65.2,64.1,68.9,63.2,52.1,52.3,60.8,65.2,68.7,60.9,68.1,65.2,55.6,59.3,62,59.5
8/15/2017,13:00,60.7,59.5,66.4,59.7,64,65.9,65.2,61.2,70.1,66.8,60.4,58.2,60.8,62.8,68.7,69.1,64.7,61.9,63.9,57.5,59,63.7
8/15/2017,14:00,53.1,57.8,64.6,56.7,60.5,60.7,57.5,61.8,67.2,62.2,55.7,53,59.7,57,47.9,63.9,63.5,61.9,56.9,54.6,58.5,60.7
8/15/2017,15:00,51.8,57.2,65.2,56.2,59.9,59.5,57.5,55.9,64.9,62.2,51,52.3,60.2,59.3,58.4,61.5,62.3,53.8,56.9,49.8,54.3,57.2
8/15/2017,16:00,40.3,48.5,64.1,57.9,61,57.7,55.2,57.1,64.4,58.6,50.4,51.8,60.8,59.3,61.8,60.4,59.3,50.8,55.1,51.5,52.6,54.3
8/15/2017,17:00,34.6,51.3,61.8,61.4,61.6,58.8,56.9,58.8,65.5,61.6,51.6,54.1,62,62.2,59.5,62.1,67.5,40.6,57.5,52.8,56.2,54.8
8/15/2017,18:00,56.6,61.2,66.9,62.5,65.7,63.5,62.8,61.8,66.6,64.4,57.5,57.6,63.1,66.8,68.1,67.3,70.9,41.8,61,41.9,57.3,59
8/15/2017,19:00,65.2,66.8,69.7,67.1,67.9,66.9,68,64.6,68.9,68.4,63.2,62.8,67.6,71.3,73.1,72.9,73.8,45.4,64.4,60.9,61.4,64.7
8/15/2017,20:00,71.9,73,73.6,71.5,69.6,70.9,73.2,69.1,72.8,71.8,69.9,70.6,72.1,74.1,78,76.8,77.7,69.6,69.4,69.3,66.5,69.2
8/15/2017,21:00,74.7,75.2,74.8,73.7,71.3,73.7,76,69.7,74.4,73.4,72.7,72.3,72.6,75.8,80.2,78.4,80.5,72.8,72.7,69.3,67.6,72.5
8/15/2017,22:00,77.3,75.2,75.9,75.4,72.4,75.9,76,71.4,74.4,74.5,73.7,73.9,74.3,76.3,81.2,79.5,82.7,73.3,72.7,71.5,67.6,73.6
8/15/2017,23:00,76.3,75.2,75.3,74.3,70.7,77,76,71.9,75.5,75.1,75.4,76.1,73.7,75.2,80.7,78.4,82.7,74.4,74.3,72,68.2,73.6
8/16/2017,0:00,74.7,74.6,74.7,73.7,70.7,77,76,72.5,76.6,76.2,74.3,73.9,74.3,74.7,79.6,76.8,80,71.1,73.2,73.1,69.3,73.6
8/16/2017,1:00,74.7,74.6,74.7,73.7,74.1,75.9,75.4,73,76.6,75.1,73.2,72.8,73.7,74.7,79.6,79,79.4,72.8,72.7,73.1,72.6,73.6
8/16/2017,2:00,75.7,74.6,75.3,74.3,74.1,77.5,76.6,73.5,76.6,76.2,75.4,73.9,74.8,74.7,79.6,78.4,80,73.8,74.9,74.8,73.2,73.6
8/16/2017,3:00,75.7,75.7,77,75.4,74.7,77.5,77.1,73,76.6,75.1,75.4,73.9,75.3,75.2,79.6,78.4,81.1,75.4,75.4,75.3,71.5,74.2
8/16/2017,4:00,75.2,76.3,76.4,75.9,75.2,78.1,77.7,71.9,77.1,76.7,75.4,73.4,77,75.8,81.2,78.4,80.5,74.4,74.3,74.8,70.3,74.2
8/16/2017,5:00,75.2,76.8,77,75.9,73,78.1,77.1,71.3,78.2,75.6,74.8,73.4,77,76.9,81.8,77.8,80.5,75.4,73.8,74.2,69.8,73.6
8/16/2017,6:00,75.7,75.7,76.4,74.8,74.7,78.1,76,70.1,77.6,74.5,73.7,73.9,75.9,75.8,80.1,76.7,79.4,73.8,74.3,73.1,69.2,73.1
8/16/2017,7:00,74.6,74.1,74.7,74.2,71.2,75.3,73.7,70.1,76,74.5,71.5,71.7,75.3,75.8,79.1,75.1,77.7,72.2,72.1,70.3,68.7,71.4
8/16/2017,8:00,69.1,70.2,71.9,69.8,68.4,74.8,70.2,66.8,73.8,71.1,68.1,66.1,71.5,71.3,74.1,71.7,74.3,68.9,69.9,67.6,68.1,67.5
8/16/2017,9:00,63.4,64.6,68.5,65.3,66.7,69.1,66.8,65.1,72.7,69.4,62.5,63.8,69.3,66.8,69.7,67.2,68.6,62.8,66.6,61.9,65.2,62.9
8/16/2017,10:00,52.8,60,63.3,60.7,59.7,64,62.1,63.3,64.8,64.3,55.5,56.8,60.7,61.5,65.1,61.3,62.1,59.4,57.3,53.7,61.2,58.8
8/16/2017,11:00,51,48.8,58.6,56,56.8,55.7,55,59.3,62,59,47.9,44.9,54.3,54.4,57.6,55.5,58.7,54.1,54.3,48.3,55.4,54
8/16/2017,12:00,44.3,39.8,62.3,55.6,54.6,54,49,54,56.7,54.3,44.2,46.8,47,55.8,55.9,54.3,54.4,49.5,51.4,45.9,53,52.2
8/16/2017,13:00,45.6,52.5,63.4,51.5,56.9,52.3,56.4,50.5,60.4,53.9,41.2,43.3,52.1,50.4,60.1,50.1,60,52.6,51.4,51.6,48.8,54.2
8/16/2017,14:00,51.3,56,63.4,55.6,59.3,51.7,56.4,57.2,62.2,56.3,48.6,48.2,54.4,54.6,42.3,62.2,60.6,50.2,53.4,52.2,56.2,54.8
8/16/2017,15:00,50,59,64.6,57.4,61.1,52.3,58.8,57.2,64.4,58.7,50.4,54.8,57.3,60.5,54.9,59.8,62.4,53.8,54.6,51.6,55.7,57.8
8/16/2017,16:00,42.8,50.9,64.6,58.5,61.6,57.1,57.5,58.4,67.9,59.8,50.4,53.5,59.7,61.1,61.8,62.7,64.7,53.8,57.5,49.8,56.8,57.8
8/16/2017,17:00,37.8,52,62.3,61.4,62.8,58.8,59.9,58.9,67.9,61.6,52.2,55.3,62.6,64.5,61.8,63.3,69.3,45.5,58.7,53.9,56.2,56
8/16/2017,18:00,56.6,62.9,69.2,64.8,68,64.1,64.6,61.2,66.7,63.8,58,58.8,63.1,66.2,70.9,68.5,71,43.7,61,44.4,57.9,61.3
8/16/2017,19:00,66.9,68,73.1,68.7,71.9,65.8,69.2,66.4,69.5,68.4,63.7,62.2,67.6,70.2,73.6,72.4,76.1,50.8,63.8,63.2,62.5,64.7
8/16/2017,20:00,71.9,73.5,75.3,73.2,73,70.3,74.9,69.1,71.7,71.8,69.3,70.6,70.4,73,78,76.8,78.8,69,69.9,68.8,67.6,70.9
8/16/2017,21:00,74.7,74.6,75.9,74.8,73,73.1,75.5,70.8,72.2,73.4,71.5,72.3,71.5,75.2,79.6,77.3,81.6,69.6,70.5,69.3,68.7,72
8/16/2017,22:00,75.2,75.8,80.3,77.6,74.7,75.3,78.8,69.7,73.9,74.5,73.8,75,73.7,77.4,81.8,79.5,83.8,72.8,72.2,73.1,68.2,73.6
8/16/2017,23:00,80,80.1,80.9,80.2,78.1,78.1,82.8,70.8,78.2,77.3,75.9,76.1,78.1,78.5,82.8,81.1,87.1,76.5,74.3,78.5,69.8,77.4
8/17/2017,0:00,82.6,81.1,81.4,81.3,78.6,79.7,82.2,71.9,78.2,77.8,75.4,77.2,80.3,80.7,85.5,79.5,90.3,78.1,76.5,80.1,69.3,77.4
8/17/2017,1:00,82.1,82.2,82.5,83.4,78.6,81.8,83.3,73,78.7,78.3,77,77.2,79.7,81.8,88.1,80.1,89.8,79.6,75.9,80.1,72.1,77.4
8/17/2017,2:00,84.2,81.6,83,83.4,79.7,82.4,84.9,74.7,81.9,78.9,79.2,78.3,80.8,82.8,89.1,80.1,91.4,76.5,78.6,80.1,69.8,77.4
8/17/2017,3:00,85.7,82.2,83.5,83.9,79.1,84.5,86.6,72.4,82.4,78.3,80.2,78.8,81.8,82.8,86.5,81.1,93.5,78.6,78,80.1,68.7,77.9
8/17/2017,4:00,86.7,82.7,83.5,83.9,80.8,83.4,86.6,73.5,82.4,77.8,80.2,79.3,81.3,83.9,89.1,83.2,92.5,78,79.6,81.1,72.6,78.4
8/17/2017,5:00,86.7,83.2,84.1,84.9,80.8,86.1,88.2,76.3,83.4,78.9,81.3,79.3,82.3,84.4,89.1,83.8,91.9,78.6,81.7,82.7,74.2,80
8/17/2017,6:00,86.7,83.2,84.6,85.5,81.8,86.6,88.2,75.2,84.5,80.5,81.8,79.8,82.3,86.1,90.1,84.3,93.5,79.1,80.2,83.7,75.9,81.6
8/17/2017,7:00,85.2,83.2,84.1,81.8,80.8,86.6,86,75.2,82.9,82.1,81.3,78.2,81.3,83.4,90.6,83.8,91.9,77,79.6,80.1,74.8,81.6
8/17/2017,8:00,75.2,66.9,80.8,70.4,65.7,79.2,82.2,70.3,80.3,80.5,77,75.1,74.3,71.9,59.6,80.6,81.1,76,74.3,64.9,73.7,78.5
8/17/2017,9:00,69.2,67.5,78.1,60.2,70.2,76.5,73.2,70.3,76.6,76.8,64.9,69.6,68.9,67.4,70.9,75.7,77.8,73.3,71.1,63.2,72.1,73.1
8/17/2017,10:00,63,65.8,70.3,63.7,65.1,69.3,66.4,66.9,71.7,72.3,55.2,62.8,57.4,65.1,66.4,69,72.8,68.5,66.1,60.9,64.8,67.6
8/17/2017,11:00,61.3,58.3,65.8,59.7,61,60.7,61.1,63.5,68.4,66.2,50.5,49.3,55.1,59.9,64.7,65.7,69.4,66.3,60.5,55.7,60.3,61.3
8/17/2017,12:00,48.9,40.5,66.4,56.2,54.7,58.4,58.2,58.4,63.9,59.3,46.9,52.4,53.3,55.8,60.7,62.8,63.6,60.1,52.8,51,55.7,56.7
8/17/2017,13:00,49.4,53.1,67,52.2,56.4,51.2,56.4,52.4,61.6,54.6,43.3,44,52.1,51.7,61.3,58.7,59.4,52.1,52.8,49.8,51.5,54.8
8/17/2017,14:00,48.2,57.8,64.1,55.7,55.3,49.3,57,54.3,61,53.3,44.5,46.5,52.7,54.7,40.7,57.5,55.2,50.3,50.4,49.2,52.1,54.8
8/17/2017,15:00,44.6,59,66.4,58,59.4,51.8,57.6,53.7,61.6,57,47.5,53.6,57.4,61.2,56.1,59.9,61.3,50.3,51.7,50.5,50.2,54.3
8/17/2017,16:00,40.9,52.1,68.1,60.9,62.3,54.2,59.4,56,63.9,59.3,51,54.8,60.3,62.3,62.5,61.1,63,52.7,56.4,49.3,53.9,56.1
8/17/2017,17:00,36,52.1,62.9,62.6,63.4,58.3,60,57.2,66.8,62.2,52.2,55.9,62.6,66.9,62.5,63.4,67.6,41.9,57.5,56.9,55.7,58.4
8/17/2017,18:00,54.2,61.8,69.8,64.3,63.9,63,64.6,61.2,64.4,65.1,56.4,55.9,64.3,66.9,67,65.6,70.4,44.3,58.1,46.9,57.4,60.8
8/17/2017,19:00,64.1,69.2,74.8,70.5,71.4,66.4,71.6,64.7,69.5,67.9,64.3,64.5,67.1,73.6,74.8,73.5,75,55.5,63.9,62.7,60.8,65.3
8/17/2017,20:00,72.5,76.9,79.2,77,77.5,71.5,78.3,69.2,74.5,74.6,71.6,72.9,73.2,78.6,81.3,76.8,81.1,71.8,70,72.7,66.6,74.8
8/17/2017,21:00,76.3,79.6,80.3,79.7,79.7,76,80.6,73.1,77.2,77.9,76.5,76.7,76,79.7,82.9,81.2,85.5,76,72.8,76.4,70.5,77.5
8/17/2017,22:00,80.1,79.6,81.4,78.7,76.9,79.2,81.7,74.7,79.8,80,79.2,79.9,77.1,78.6,85,85.5,88.8,78.6,77.6,78.6,73.2,79.6
8/17/2017,23:00,80.1,79.6,80.8,79.7,77.5,79.2,81.1,75.8,77.7,78.4,78.6,78.3,77.1,78.6,85.5,85.5,84.9,77,76.5,76.9,74.3,78.5
8/18/2017,0:00,78.9,82.7,83,81.8,80.2,81.3,85.5,73,80.3,78.9,78.6,78.3,78.6,80.7,86,82.7,87.7,78.6,75.9,80.1,72.6,80.6
8/18/2017,1:00,83.2,84.3,84.1,83.9,81.9,81.9,87.7,72.4,82.4,81.6,81.8,81.5,82.4,83.4,86,84.9,90.3,81.2,78.1,84.3,70.9,82.7
8/18/2017,2:00,85.2,85.9,85.2,85.5,84.1,84.5,88.2,75.2,83.5,83.2,82.9,82,84,84.5,87.6,85.4,93,82.7,80.8,86.3,72.6,83.7
8/18/2017,3:00,86.7,87.9,85.2,86,84.1,84.5,89.3,77.9,85,84.2,84.5,84.1,86,86.1,89.6,88,95.1,85.2,82.3,87.8,75.9,84.2
8/18/2017,4:00,88.2,86.9,85.7,86.6,86.2,87.1,88.8,77.4,85,84.8,86.6,84.6,87.1,85,91.7,89.1,95.6,84.7,83.8,86.8,77,87.3
8/18/2017,5:00,88.8,87.4,85.2,86.6,84.1,87.1,88.8,78.5,84.5,86.8,88.1,85.7,86,86.6,92.2,88,95.1,85.7,84.3,86.8,78.1,87.3
8/18/2017,6:00,90.7,87.9,86.2,87.1,84.6,87.1,89.9,80.6,86.1,86.8,89.1,85.7,87.1,87.1,92.2,88,96.7,84.7,83.3,87.3,80.2,87.8
8/18/2017,7:00,88.3,85.8,87.3,86.6,86.2,88.2,89.9,80.1,86.1,85.8,86.1,85.2,85.5,84.5,91.2,87.5,95.6,84.2,82.8,83.8,80.2,86.3
8/18/2017,8:00,77.9,80.1,84.7,82.4,83.5,84.6,85.5,74.2,85.1,84.8,79.8,81,79.2,81.3,81.2,80.6,87.7,82.2,79.2,77,77.5,82.7
8/18/2017,9:00,73.1,74.2,80.9,74.9,76.4,77.1,77.8,75.8,79.9,80.5,67.8,74.6,71.7,75.3,74.3,78.5,80.1,77.6,73.8,67.2,71.1,78
8/18/2017,10:00,64.8,67.6,73.2,64.9,66.9,69.3,69.3,70.3,74.5,75.2,61,65.7,59.8,67.5,71.5,73,75.1,71.8,67.3,61.6,66.1,69.9
8/18/2017,11:00,59.6,61.9,69.3,61.5,60.6,60.7,61.8,63,69.5,65.7,52.9,51.8,54.6,64.7,68.2,63.9,65.3,64.1,59.3,55.8,56.8,62.5
8/18/2017,12:00,48.3,45.5,67,58,57.6,54.8,60,57.2,65.6,59.9,48.1,54.1,52.8,60,63.1,60.5,64.8,59.6,55.2,52.8,54.5,59.6
8/18/2017,13:00,51.9,56.2,67.6,53.3,59.4,51.2,60.5,56,63.3,56.4,46.9,47.7,52.8,54.7,62.4,58.6,62.4,53.8,51.7,52.8,52.1,56.6
8/18/2017,14:00,51.2,57.8,67,58,57,51.2,58.8,56.6,63.9,56.4,47.4,48.3,56.3,58.8,43.1,60.5,61.2,51.3,53.5,52.8,54.5,57.2
8/18/2017,15:00,45.2,60.2,67.6,58.6,59.4,51.7,58.2,54.8,62.7,58.1,46.8,52.3,58.6,60,56.7,58,61.8,53.2,52.2,52.8,53.8,55.5
8/18/2017,16:00,37.8,49.7,66.4,60.3,61.7,53.5,57,56,62.2,58.1,49.2,53.5,58.6,61.7,60.2,59.8,60.6,52.1,51.6,49.3,52,54.3
8/18/2017,17:00,34.7,51.5,64.7,64.3,64.6,57.7,60,54.8,65.6,60.4,49.8,54.1,62,66.9,61.9,61,66.4,56.7,54.6,54.6,53.2,55.6
8/18/2017,18:00,56,63.6,71.5,66.6,69.2,60.6,66.4,58.9,69,64.5,56.4,58.2,64.3,72,70.4,64.5,71.6,51,59.3,51.7,55.7,61.4
8/18/2017,19:00,67.6,71.4,74.8,71.6,71.4,67,72.1,61.8,71.7,70.7,64.9,66.8,68.8,74.2,78.1,71.3,76.7,55.6,65,66.1,60.3,67.1
8/18/2017,20:00,73.1,77.4,79.8,77.6,77.5,72.1,79.4,70.3,76.7,77.9,73.3,74.5,74.4,80.2,82.3,80.6,84.4,75.5,71.7,74.8,68.3,74.8
8/18/2017,21:00,78.4,81.2,81.4,79.7,80.3,77.1,82.8,74.2,79.8,81.6,78.2,79.9,77.6,80.8,85.5,85.4,87.7,79.7,76.6,77.5,70.5,79
8/18/2017,22:00,81.6,83.3,83.6,80.2,78.6,80.3,83.9,76.3,80.9,82.1,81.3,81,80.8,81.8,86.6,86.5,88.2,79.1,79.2,79.1,73.7,80.1
8/18/2017,23:00,82.1,83.8,82.5,81.3,80.2,81.4,85.5,76.3,82.5,82.7,80.8,81,81.3,82.9,87.1,87.5,89.3,79.7,79.7,81.7,74.8,81.1
8/19/2017,0:00,83.7,83.3,82.5,81.8,79.7,83.5,86.1,76.8,82.5,81.6,82.4,83.1,81.3,80.7,88.1,88.6,89.3,81.7,81.3,80.1,75.9,80.6
8/19/2017,1:00,83.2,83.8,83.6,82.4,80.2,84,86.1,76.8,84.5,83.7,83.9,81.5,82.4,81.3,87.6,85.9,90.3,82.7,80.8,81.2,74.8,82.2
8/19/2017,2:00,86.2,83.8,83.6,82.9,80.2,84.5,86.1,78.5,83.5,83.7,83.9,83.1,81.3,82.4,87,88,89.8,82.7,82.8,81.7,76.4,83.2
8/19/2017,3:00,87.2,84.8,83,83.9,80.8,84.5,87.2,77.9,83.5,85.3,86,83.6,82.4,82.4,88.6,88.6,91.9,82.7,82.3,82.2,76.4,83.7
8/19/2017,4:00,88.2,84.3,83,82.9,81.3,86.6,86.1,78.5,85.6,87.3,86.6,84.1,84,82.9,88.6,89.6,90.9,84.7,82.8,83.7,79.6,83.7
8/19/2017,5:00,87.8,84.3,83,82.4,81.3,87.2,85.5,78.5,85.6,85.3,86,83.6,84,82.9,88.1,90.1,89.3,80.6,84.4,83.2,78.6,84.2
8/19/2017,6:00,86.7,83.8,82.5,83.4,81.3,86.6,84.4,79,85,84.2,86,83.1,84,81.8,88.1,88,89.8,83.2,83.9,82.7,78.6,83.2
8/19/2017,7:00,84.2,81.7,83,82.9,80.8,86.6,82.7,76.8,84.5,84.2,84.5,79.9,82.9,81.8,87,85.4,87.7,81.7,82.3,80.6,76.9,81.1
8/19/2017,8:00,80.6,80.1,81.4,79.7,79.1,85.1,82.2,74.7,82.4,81.1,79.2,77.8,80.8,79.7,86.5,82.8,82.8,76.5,79.7,78,76.4,78.5
8/19/2017,9:00,72.5,73.6,76.5,74.3,74.1,80.3,74.9,69.1,75,78.4,66,72.3,74.9,75.3,78.6,74.1,76.1,74.4,76.5,64.9,69.9,73.7
8/19/2017,10:00,63.5,61.8,70.9,67.7,65.7,66.9,68.1,66.4,70.6,71.8,58,63.3,58.5,67.4,68.7,69.6,76.1,67.9,67.2,58.6,64.2,64.8
8/19/2017,11:00,57.1,57.8,64.6,59.1,59.3,58.8,57.5,60,66.7,62.8,51.6,48.7,52.1,61.1,62.4,61.5,66.4,63.5,58.1,55.7,57.3,59
8/19/2017,12:00,45.7,41.8,64.1,55.6,56.4,53.5,57.5,56,62.2,55.1,46.9,51.8,52.7,58.8,63,56.9,59.3,56.7,51.6,49.9,51.4,54.3
8/19/2017,13:00,53,51.9,62.8,49.7,55.2,51.2,57,54.3,60.4,55.1,48.7,47.6,51.5,51,60.7,59.3,62.4,52,52.8,49.9,51.4,55.4
8/19/2017,14:00,48.8,55.5,64.7,56.2,55.2,49.9,58.2,54.3,60.4,54.5,47.4,46.4,51.5,58.2,41.1,57.5,58.7,50.8,52.2,50.4,51.4,54.8
8/19/2017,15:00,42.6,56.1,63.5,55,56.4,49.9,56.4,53.7,59.2,54.5,48.6,49.9,55,58.8,53.6,58.6,57.6,47.2,51.6,50.4,50.8,53
8/19/2017,16:00,36.5,46.1,63.5,57.3,59.3,51,58.2,54.2,61,56.3,48,51.2,56.7,60.5,59.6,58,58.8,51.4,53.3,48,52,53
8/19/2017,17:00,31.4,45.4,61.8,60.3,63.4,56.5,58.2,55.4,62.1,58.6,48.6,52.3,58.5,62.8,60.7,59.2,64.6,37.5,53.3,53.4,53.2,53.7
8/19/2017,18:00,51.8,60.1,69.2,64.9,66.8,61.2,65.2,60.1,65.6,61.6,56.3,55.8,64.3,70.3,69.8,64.5,69.8,40.1,58.1,49.3,56.2,60.7
8/19/2017,19:00,66.4,71.4,73.7,72.1,71.4,67,72.1,64.1,71.2,69.6,64.3,65.1,69.4,75.3,78.1,73,77.2,55,64.4,66.1,60.8,66.5
8/19/2017,20:00,75.8,77.9,78.7,77,74.7,73.2,78.3,70.3,76.1,76.2,74.3,75.6,74.9,78.6,84.5,80.1,83.3,76.6,73.3,73.2,67.7,75.3
8/19/2017,21:00,78.4,79.5,79.8,78.1,75.8,77,80.5,74.2,77.7,78.4,78.1,77.2,75.4,77.5,83.4,82.8,84.4,78.1,76,74.8,71,76.9
8/19/2017,22:00,80,80.1,80.9,79.7,77.5,80.3,82.2,74.7,78.2,79.4,79.2,79.4,78.1,79.7,83.9,83.3,88.2,78.1,77.6,76.4,72.7,79
8/19/2017,23:00,81.1,80.1,80.3,79.7,77.5,80.8,82.8,75.8,79.8,80.5,79.7,78.8,77.6,79.7,83.9,84.9,87.7,78.6,77.6,77.5,72.7,78.5
8/20/2017,0:00,82.7,80.1,79.2,78.6,76.4,82.4,82.8,75.8,79.8,81.6,80.8,81,78.1,79.1,83.9,85.9,88.2,79.6,78.6,78,73.7,80.1
8/20/2017,1:00,81.6,79,78.7,78.6,76.4,82.4,81.1,75.8,80.3,81.6,80.2,79.3,77.5,78,82.8,84.4,85.5,78.1,79.2,79.1,75.9,78.5
8/20/2017,2:00,79.5,78.4,78.1,77.5,74.7,81.3,81.1,76.8,78.7,80.5,79.7,79.3,78.1,78,82.8,83.3,85.5,77,77.6,79.1,73.7,78.5
8/20/2017,3:00,80,78.4,78.1,77,74.7,81.3,80.5,76.8,79.3,80,79.2,77.2,77.5,77.5,82.3,81.7,83.8,76.5,78.6,78.5,74.2,77.4
8/20/2017,4:00,78.4,78.4,78.1,78.1,75.2,81.3,79.4,75.2,79.3,78.9,78.6,76.7,78.1,78,82.8,82.8,83.3,77.6,77,76.9,73.2,76.3
8/20/2017,5:00,79,79,79.2,78.6,75.2,81.9,79.9,74.7,79.8,79.4,78.6,76.1,77.5,76.3,82.3,83.8,84.4,77.6,78.1,76.9,72.6,77.4
8/20/2017,6:00,79.5,77.9,79.2,78.1,75.2,81.3,80.5,74.7,80.3,78.3,79.2,77.8,78.6,79.7,82.8,81.1,82.2,77,78.1,77.5,73.7,78
8/20/2017,7:00,79,77.9,79.2,78.1,75.8,80.3,79.9,75.8,79.8,79.4,78.6,77.2,78.1,78,82.8,80.6,83.3,76.5,77.1,76.9,73.7,76.9
8/20/2017,8:00,75.8,76.8,78.1,77,75.2,80.8,77.1,75.2,79.3,78.4,76,75.6,78.7,76.9,80.7,79.5,80,76,76.5,75.3,74.8,75.3
8/20/2017,9:00,72,74.1,76.5,74.8,73.6,79.7,76.6,73.6,78.7,76.8,73.8,71.8,76,75.8,79.1,77.4,77.2,73.3,74.4,71.6,72.6,73.7
8/20/2017,10:00,65.8,70.3,74.2,68.2,69.6,74.3,70.9,70.8,76.6,74,67.2,65.1,73.2,70.8,75.3,71.9,72.2,69.6,70,64.9,69.3,69.2
8/20/2017,11:00,63.6,58.5,69.2,63.2,67.4,67.1,64.1,66.9,71.2,67.3,56.4,57.7,61.5,66.3,68.1,63.9,68.1,64.6,63.3,56.8,64.2,58.3
8/20/2017,12:00,48.8,40.6,64.6,56.8,59.3,59.5,60,59.5,64.4,59.8,49.8,55.3,56.3,58.2,61.3,58.7,61.7,59.5,57,51,58,56
8/20/2017,13:00,49.5,55.5,65.8,53.3,57.6,52.4,60.6,54.2,63.9,56.4,47.5,48.8,54.6,55.3,64.2,54.5,65.4,55,52.3,51,50.9,55.5
8/20/2017,14:00,50.7,53.1,61.8,56.2,54.6,53,55.8,54.9,62.2,55.1,49.3,45.3,53.8,57,44.7,58.7,58.8,50.8,54.1,52.8,52.7,54.2
8/20/2017,15:00,44,56.1,60,54.4,54.6,50.5,54.6,54.9,61,56.3,48.7,51.8,56.8,58.7,56.1,60.5,59.4,49.7,53.4,50.4,53.3,52.5
8/20/2017,16:00,35.3,46.8,64.1,59.1,59.3,52.3,55.8,54.9,62.2,56.3,49.8,51.8,58.5,59.9,60.8,61,58.2,49.7,52.8,48,53.3,54.3
8/20/2017,17:00,35.3,50.2,67,63.7,65.1,60,62.3,58.9,65.6,62.2,51.7,57.1,63.7,66.9,62.4,63.9,69.9,46.1,59.3,56.3,56.8,54.3
8/20/2017,18:00,56,65.8,72,67.1,69.1,65.8,66.9,64.1,69,67.9,63.2,61.7,67.1,70.8,71.4,70.2,76.1,49.7,63.8,58.1,59.7,63.1
8/20/2017,19:00,69.2,73.6,74.8,72.1,70.8,69.8,73.2,68.6,71.7,72.3,68.8,68.4,71,74.7,78,78.5,80.6,59.5,68.3,66.6,67.1,70.4
8/20/2017,20:00,74.7,77.4,76.4,75.9,74.7,73.7,77.2,71.4,75,75.1,74.3,75,74.8,76.9,82.3,80.1,83.3,72.8,72.7,72.1,69.3,74.2
8/20/2017,21:00,77.9,78.4,78.7,77,75.2,75.3,78.8,74.7,76.6,77.8,77.6,76.1,76.5,78,83.9,83.3,84.9,76,74.4,75.3,71.5,76.9
8/20/2017,22:00,80,78.4,78.7,77.5,76.4,78.7,80.5,74.7,78.2,78.9,79.2,77.8,77.6,78.6,83.4,84.4,87.7,77,76.5,76.9,71.5,77.4
8/20/2017,23:00,80,79,78.1,77.5,74.7,79.2,79.4,75.2,79.3,79.4,79.7,79.3,78.1,78,82.8,83.8,86.6,77.6,75.4,77.5,73.2,78.5
8/21/2017,0:00,79.5,77.4,77,76.5,74.1,78.7,79.4,73,78.7,78.9,78.1,77.8,75.9,76.9,82.8,81.7,84.4,76,76.5,76.9,72.6,75.8
8/21/2017,1:00,77.9,77.4,76.4,78.1,73.6,79.2,79.4,74.1,78.7,77.8,77.6,77.2,77,76.9,83.4,80.1,82.8,74.4,76.5,75.9,72.6,76.4
8/21/2017,2:00,77.9,76.3,75.9,75.9,73,78.7,78.3,71.9,79.8,77.3,77,76.7,76.5,78.6,81.2,79.5,80.5,73.8,75.4,75.3,73.2,74.2
8/21/2017,3:00,77.4,75.2,75.9,75.4,71.3,79.2,78.3,72.5,77.7,77.3,75.9,75,75.4,75.2,81.2,79,81.1,74.4,76.5,74.8,72.1,74.7
8/21/2017,4:00,76.3,75.2,75.3,75.4,71.3,78.1,75.5,73.1,77.7,76.7,76.5,75,75.9,75.8,82.3,78.4,80.5,73.9,75.4,72.6,72.1,74.2
8/21/2017,5:00,76.8,76.3,75.9,74.8,72.4,78.1,76.6,71.3,78.2,76.2,75.9,75,75.4,75.2,81.8,79,80,73.9,76,72.6,70.4,73.6
8/21/2017,6:00,75.8,75.8,76.4,74.3,71.3,77.5,76.6,71.9,77.7,75.1,74.8,73.4,77,75.2,81.8,78.4,80.5,73.9,74.3,72.6,70.4,73.6
8/21/2017,7:00,74.7,75.8,76.4,74.8,71.9,77.5,74.9,71.9,77.7,75.1,74.3,72.8,75.4,75.2,80.7,76.8,78.9,72.3,73.3,71.5,71.5,73.1
8/21/2017,8:00,72.5,71.4,73.6,72.1,70.2,77,73.2,70.8,76,74.6,71.6,71.8,74.3,72.5,78,73.5,75.5,72.3,71.6,68.8,71,70.3
8/21/2017,9:00,65.3,65.8,70.3,66.5,65.1,72.1,69.8,67.5,73.3,71.2,64.9,65.1,67.1,69.1,70.3,67.3,71.6,68.5,68.9,62.7,65.4,67.6
8/21/2017,10:00,65.3,60.1,70.9,63.1,60.5,67,64,66.9,69.5,69.6,60.9,63.3,59.1,62.3,68.7,69,69.9,66.3,65.5,58.6,62.5,65.3
8/21/2017,11:00,64.2,65.3,70.3,65.4,63.4,67,68.7,64.6,69.5,67.3,59.8,61.1,60.9,68.6,72.6,67.9,69.9,65.2,63.9,60.9,62,63
8/21/2017,12:00,50.7,42.6,66.3,60.9,59.9,59.5,61.1,60.1,66.7,62.2,52.8,57,55.1,59.4,65.3,61.6,65.3,60.7,56.4,56.3,56.8,60.7
8/21/2017,13:00,53.1,54.3,64.1,53.9,54.7,54.2,58.2,56,63.9,57.5,49.3,51.3,54.5,52.2,61.9,58.1,63.6,53.2,52.3,51,55,56.7
8/21/2017,14:00,50.1,54.3,61.8,55,54.1,51.8,55.8,54.9,61.6,54,47.5,45.9,54,54.7,45.4,56.9,57.7,50.9,51.7,51.6,53.3,54.3
8/21/2017,15:00,45.8,56.1,62.4,56.2,54.7,51.8,55.2,54.3,61.1,55.8,46.9,50.6,56.2,58.2,57.9,59.3,55.8,51.5,54.1,49.8,53.3,53.1
8/21/2017,16:00,39.1,47.9,64.1,58.6,60.5,54.2,57.7,56.1,62.7,57,51.7,53,59.1,61.1,60.8,59.8,61.2,52.1,54.7,49.8,53.9,55.5
8/21/2017,17:00,34,46.7,64.6,60.9,62.8,57.1,58.2,59.5,64.4,59.9,50.5,54.1,61.5,62.8,60.8,62.8,66.4,41.4,57,54,55.6,54.9
8/21/2017,18:00,54.8,59,66.3,63.1,63.9,62.4,62.9,61.2,66.7,63.3,56.9,57,63.1,66.8,70.3,63.3,70.4,40.1,59.9,51.6,58,58.4
8/21/2017,19:00,65.8,70.8,72,69.9,68.5,64.7,69.2,64.1,75,67.3,64.3,62.8,69.3,72.5,74.2,70.7,74.4,45,63.2,63.8,62,65.3
8/21/2017,20:00,72.5,76.8,77,75.4,73.6,70.9,76.6,69.1,75.6,72.3,72.2,72.9,73.2,75.3,80.2,77.9,81.1,70.1,69.4,71.6,67.7,73.1
8/21/2017,21:00,77.4,78.5,78.1,77,74.7,74.9,78.3,72.5,75.6,75.1,75.4,75.6,75.4,78.6,82.8,80.1,82.8,72.8,72.7,73.2,70.5,75.9
8/21/2017,22:00,80.6,79.6,83.1,80.8,78.6,77,80.5,74.2,78.2,77.8,79.7,77.2,76,80.2,84.9,83.3,88.2,75,74.9,79.6,71.6,78
8/21/2017,23:00,84.7,80.6,82.5,82.4,80.3,78.1,84.4,76.9,78.2,82.7,82.9,82.1,78.1,80.7,87,85.5,90.9,77.1,76,81.2,75.4,81.2
8/22/2017,0:00,86.8,80.6,83.1,82.9,80.8,84,86.1,78.5,80.9,82.7,83.5,82.6,82.4,80.7,88.6,88.1,93.5,81.7,80.3,83.8,76.5,82.2
8/22/2017,1:00,88.8,82.7,83.6,83.9,81.9,83.5,86.1,77.4,82.4,83.7,85,83.1,82.4,83.9,89.6,87,92.5,80.7,82.9,84.3,75.4,82.7
8/22/2017,2:00,89.8,83.8,84.1,84.5,82.5,85.6,87.7,77.4,83.5,84.2,86.1,83.6,82.9,84.5,89.6,88.6,95.6,82.2,83.9,86.3,74.8,82.2
8/22/2017,3:00,89.8,84.8,84.6,85.5,83.5,87.1,89.3,80.1,83.5,83.2,87.1,85.7,84,84.5,90.7,87,95.1,82.2,85.4,85.8,77.6,85.8
8/22/2017,4:00,90.2,84.8,84.1,86,84.1,87.6,88.8,80.7,83.5,84.8,87.6,84.7,85.5,87.6,91.2,88,97.2,82.7,84.9,87.8,77.6,85.8
8/22/2017,5:00,91.2,86.9,85.1,86.5,82.4,89.2,89.9,81.7,85,84.2,88.1,85.2,86,86.1,91.2,88.6,96.7,83.2,84.9,86.8,79.1,85.8
8/22/2017,6:00,91.2,87.4,85.7,87,85.1,89.7,89.3,81.7,86.6,84.8,89.7,85.7,86.5,86.6,92.2,89.6,96.7,83.2,85.9,87.3,79.1,87.3
8/22/2017,7:00,89.2,84.8,86.2,85,82.4,89.7,89.3,80.1,86,84.2,88.1,84.1,86.5,85,93.2,88.6,96.1,80.6,83.8,84.8,80.2,84.8
8/22/2017,8:00,79,79.6,86.2,80.8,85.2,87.2,87.2,79.6,85.6,85.8,83.5,79.4,82.9,77,62.6,81.2,90.4,81.7,78.7,81.7,81.8,85.8
8/22/2017,9:00,74.2,68.2,78.7,74.9,78.1,78.2,81.2,78,82,82.2,68.4,74.1,72.2,73.2,73.2,76.4,83.9,78.7,73.9,68.4,74.4,77.5
8/22/2017,10:00,65.9,61.9,72.1,64.9,66.3,70,67,71.5,74,73,61,65.8,58.1,62.9,66.5,71.9,73.3,71.3,67.9,56.9,67.2,66.5
8/22/2017,11:00,58.4,59.7,70.4,60.4,62.3,60.8,63,62.4,66.2,61.7,50.5,50.1,51.6,62.9,63.1,61,66.5,61.9,57.1,54.6,58,58.5
8/22/2017,12:00,47.7,46.8,68.8,59.8,60.6,55.5,64.2,59.6,66.8,58.2,48.3,54.3,53.5,60.6,66.6,57.6,67.2,61.4,54.8,52.9,55.8,57.9
8/22/2017,13:00,54.4,57.4,68.2,58.1,60,54.9,61.2,59.1,65.7,60,50.6,54.8,54.6,57.7,67.7,62.3,67.2,58,55.9,53.5,56.4,59.7
8/22/2017,14:00,51.3,55.6,65.3,56.9,58.3,53.1,59.5,56.7,64.5,58.2,51.7,46,56.4,58.3,50.3,61.7,58.3,51.6,54.2,53.5,54.5,57.3
8/22/2017,15:00,48.4,62,67.1,59.8,63.5,53.1,61.8,57.3,65.1,58.8,53,56.6,59.3,63.5,62.6,64.6,64.2,56.3,54.2,53.5,56.3,56.7
8/22/2017,16:00,41.1,54.4,67.1,61,64.6,56.7,58.3,59.1,66.3,60,53,55.5,61.5,63.5,63.7,64.1,61.9,53.3,57.1,51.8,57.5,56.7
8/22/2017,17:00,36.7,51,68.2,63.8,65.2,60.2,59.5,58.4,67.4,62.3,52.3,54.8,64.4,67,62.6,64.1,69.4,43.9,57.7,58.7,56.4,56.2
8/22/2017,18:00,57.3,60.8,69.3,66.7,68,64.8,65.9,63.1,69,65.1,60.5,59.5,65.5,69.8,70.4,67.5,72.8,43.2,61.7,57,58.7,62
8/22/2017,19:00,67.6,70.9,74.3,71.6,72,67.7,71.6,67,71.8,70.2,66.7,65.7,70,72.5,75.9,73.6,76.7,57.4,66.8,65.5,62.6,66.5
8/22/2017,20:00,72.6,76.9,78.2,76.5,76.4,71.6,77.2,70.9,76.1,74.1,71.6,72.4,73.8,77,80.2,79.1,81.2,72.3,71.7,71.6,66,73.2
8/22/2017,21:00,75.3,80.1,79.8,79.2,78.6,76,78.4,72,79.3,76.3,73.8,76.7,77.1,79.7,82.9,81.8,85.5,76.6,74.4,78.6,67.7,75.9
8/22/2017,22:00,78.5,81.2,80.3,80.8,79.2,78.7,79.5,73.6,79.9,78.4,77.1,77.8,79.8,79.7,85,82.8,87.2,77.1,76,79.6,69.9,77.5
8/22/2017,23:00,80.1,83.3,82.5,82.9,79.2,80.3,82.8,75.3,80.9,80.6,78.7,80.5,80.8,82.9,85.5,84.4,88.2,79.7,77.1,82.2,71.6,79.6
8/23/2017,0:00,82.7,83.3,81.4,82.4,79.7,82.4,83.9,76.3,83.5,81.6,80.8,82.1,82.4,81.3,87.1,86.5,90.4,81.2,79.2,81.2,74.3,81.2
8/23/2017,1:00,85.2,82.2,82,83.4,81.4,83,85,78.5,81.9,82.1,82.9,82.6,81.9,81.3,86,87,89.8,81.7,80.3,82.7,76.5,82.2
8/23/2017,2:00,85.2,82.2,82.5,81.8,79.7,84.6,84.4,78.5,81.4,82.1,83.5,82.6,81.9,81.3,86.6,88.1,88.8,81.7,80.3,83.3,77.6,82.7
8/23/2017,3:00,87.3,82.2,83.1,82.9,80.9,85.6,83.3,79.6,84,83.7,85.5,84.2,81.9,81.8,86,89.1,87.2,79.7,83.4,82.2,77.6,82.2
8/23/2017,4:00,85.2,82.2,83.1,82.9,81.4,86.7,83.9,80.7,84.6,84.3,85.5,84.2,82.9,82.4,87.6,88.1,88.2,81.2,85.9,83.3,78.1,82.2
8/23/2017,5:00,84.2,83.3,83.6,82.9,79.8,86.1,86.1,79.1,84,83.7,84,83.1,82.4,82.9,87.6,87,88.2,80.7,84.4,82.2,78.1,82.7
8/23/2017,6:00,84.8,83.3,82.5,82.9,80.3,86.1,85,79.6,85.1,82.7,83.5,82.6,82.9,82.9,88.1,86.5,88.2,81.7,81.8,82.2,78.1,82.2
8/23/2017,7:00,82.7,82.2,83.1,82.9,80.3,85.1,84.4,79.1,84,83.2,81.9,81.6,82.9,81.8,86.6,85.5,87.7,82.2,81.8,81.2,78.7,81.7
8/23/2017,8:00,80.1,81.7,81.4,80.8,78.1,84.1,83.3,77.4,83,82.7,80.8,79.9,82.4,79.7,86.6,83.9,85.5,79.7,80.3,78.1,75.9,80.1
8/23/2017,9:00,76.4,76.9,79.2,77.6,76.4,83,77.8,75.8,83,80.6,77.1,76.2,78.7,77,82.3,80.2,82.8,78.7,78.2,74.8,74.3,78
8/23/2017,10:00,70.9,69.8,75.4,70.5,70.8,78.2,72.1,73.1,78.8,75.7,70,69.1,73.8,70.9,75.9,75.8,75,72.9,75.5,68.3,72.7,71.6
8/23/2017,11:00,62.5,63,70.3,63.8,68,65.9,67,67,74,70.2,61,62.9,61.5,65.2,72,69.6,68.2,67.4,66.2,57,64.9,67.6
8/23/2017,12:00,54.4,46.2,70.3,62,62.9,60.8,63.5,63.6,69.6,63.4,54.7,58.9,58,61.2,68.2,66.8,67.6,63.6,58.8,58.1,62.7,63.7
8/23/2017,13:00,56.7,57.8,69.3,59.8,60,58.4,62.9,61.3,67.3,61.7,52.8,53.6,58,57.7,64.2,63.4,65.3,59.6,57.6,56.9,59.2,59.1
8/23/2017,14:00,54.3,60.2,67,59.8,59.3,57.2,62.4,60.2,66.2,59.3,52.3,47.8,59.2,61.2,56.2,63.4,61.8,55,59.4,55.7,57.4,59.6
8/23/2017,15:00,46.5,59.6,65.8,60.3,60.5,56,59.4,57.8,65.6,59.3,51.7,54.8,60.3,62.3,63.6,64.6,62.4,53.3,55.8,54,56.8,57.3
8/23/2017,16:00,37.3,52,67,62,64,58.9,58.8,58.3,66.7,61.1,53.4,56.5,63.2,64,65.9,62.7,63.5,55.6,57,51,56.2,58.4
8/23/2017,17:00,38.5,63.6,72.1,67.7,68.6,62.4,64.7,60.1,71.8,64.5,54,58.8,69.4,72,74.3,66.8,71.6,48,61,59.9,56.8,58.4
8/23/2017,18:00,60.7,69.7,76.5,71,69.7,69.3,71.6,66.4,73.4,69.6,64.9,65.7,72.2,74.2,77.5,71.3,78.4,59.7,67.8,64.4,62.6,66
8/23/2017,19:00,72.5,76.3,78.1,75.4,73.6,73.2,77.2,70.3,76.1,76.2,71.6,71.2,74.9,77.5,81.8,80.1,82.2,71.2,71.7,72.1,67.1,71.5
8/23/2017,20:00,77.9,79.5,79.8,79.2,75.3,77,81.6,73.1,78.2,80,78.1,76.7,77.1,80.7,85.5,84.4,84.9,77.1,76.5,75.3,72.7,76.4
8/23/2017,21:00,81.6,81.7,81.4,81.3,79.1,80.3,83.3,76.3,80.9,82.1,79.7,79.9,79.2,81.3,86.5,85.9,85.5,79.6,78.1,78,74.8,78.5
8/23/2017,22:00,80.6,81.2,84.1,82.4,78.6,80.3,82.8,77.4,81.9,82.1,79.7,80.4,80.3,83.4,86.5,85.9,88.7,80.2,78.6,79.6,74.8,79.6
8/23/2017,23:00,81.6,82.7,82.5,82.4,80.2,82.4,85,76.8,83.5,82.1,80.3,81,80.3,80.7,88.1,86.5,88.7,80.2,80.2,81.7,75.9,81.1
8/24/2017,0:00,81.1,83.2,81.4,82.9,80.8,81.9,84.4,76.8,84,82.7,80.3,79.9,82.4,81.3,86.5,84.9,89.3,82.7,80.2,81.7,75.4,80.6
8/24/2017,1:00,81.6,82.2,81.4,81.8,79.1,83.5,84.4,77.4,83,82.7,80.8,80.4,81.8,81.3,87.6,85.4,87.7,83.2,81.8,79.1,76.4,81.6
8/24/2017,2:00,81.6,81.6,80.8,80.8,77.5,84,82.2,76.8,83.5,81.6,80.8,79.9,81.8,79.6,86.5,84.3,86.6,80.1,80.8,81.1,77.5,80.1
8/24/2017,3:00,81.6,80.6,80.8,80.8,79.1,83.5,83.3,76.8,83,81,80.2,79.3,81.8,81.3,87,83.3,86.6,79.1,80.2,80.6,77,79.6
8/24/2017,4:00,81.6,81.1,80.8,79.7,78,82.9,82.2,77.4,82.4,81,80.2,79.9,80.8,80.2,87.6,84.3,85.5,78.6,80.2,79.6,78.1,80.1
8/24/2017,5:00,82.1,81.1,81.4,80.2,78,82.9,82.2,75.8,83,81.6,80.8,80.4,82.4,82.3,87.6,84.3,86,79.1,80.2,79.1,75.9,79.6
8/24/2017,6:00,80.5,80.6,81.9,80.8,77.5,83.5,83.3,75.8,83,81.1,80.3,78.8,81.3,80.7,87.6,83.8,85.5,79.1,79.7,79.1,75.9,79.6
8/24/2017,7:00,80,80.6,81.9,81.3,78,82.9,81.6,76.3,83,81.1,78.6,78.8,81.3,80.7,87,81.7,86.1,79.6,78.6,78,75.4,79
8/24/2017,8:00,77.4,79.5,80.8,80.2,76.9,83.5,81.6,75.8,82.4,79.4,77,77.2,80.8,78.6,85.5,81.7,82.8,78.6,77.6,76.9,73.7,77.4
8/24/2017,9:00,74.7,76.8,79.7,77,76.4,80.3,80.5,75.2,81.4,78.9,74.3,74.5,80.3,78.6,84.4,80.1,80.6,75.5,75.5,73.2,73.7,75.3
8/24/2017,10:00,68.6,73.6,77.5,74.8,72.5,78.1,75.5,72.5,79.3,75.6,69.9,69,76,75.3,80.2,76.3,75,71.8,72.7,71,71,72
8/24/2017,11:00,66.4,65.9,73.7,67.6,68.5,69.9,70.4,67.5,76.1,69,61,61.1,67.1,69.7,74.8,69.6,67.6,67.9,67.2,62.7,66.5,67.6
8/24/2017,12:00,52.5,45.5,72.6,61.4,62.8,63.6,65.2,64.1,71.2,61.6,51.7,57.7,60.4,62.9,69.8,62.2,67,65.2,61,59.8,61.4,63.1
8/24/2017,13:00,55.5,58.5,68.7,60.3,59.9,57.7,60.6,59.5,69,60.5,51.7,54.2,58.7,57,66.5,65.7,63,55,56.4,54.6,58,57.8
8/24/2017,14:00,51.9,59,67,58.6,57.6,56.1,58.2,57.2,66.8,58.2,48.2,44.8,59.2,60.6,59.7,60.5,60,52.7,54.7,55.2,55,56.7
8/24/2017,15:00,45.9,60.8,67,59.1,58.8,54.8,60,56.6,65.6,57,50,53,59.7,61.7,65.3,59.8,59.5,53.8,54.7,54,55,56.7
8/24/2017,16:00,38.5,53.7,68.1,61.5,61.7,58.3,59.4,60.7,66.7,62.2,52.2,57.1,62.6,64,65.3,65.1,64.7,54.4,57,54,58,57.3
8/24/2017,17:00,38.5,50.8,68.1,64.3,65.1,62.5,61.1,61.9,67.9,64.5,52.8,56.5,66,65.7,63,66.2,69.9,45.5,59.3,56.9,58.6,58.5
8/24/2017,18:00,58.3,65.8,73.1,70.5,69.1,67.6,69.8,64.1,71.7,67.3,62.1,62.2,70.5,74.8,76.4,68.5,74.4,54.4,65,62.1,60.3,64.8
8/24/2017,19:00,71.4,76.9,79.8,74.3,73.6,73.2,76.6,69.2,76.1,74.6,71.6,72.4,74.9,75.8,81.3,78.5,81.2,71.8,73.3,72.1,67.1,73.7
8/24/2017,20:00,77.4,78.5,80.9,79.7,76.4,76.5,81.7,74.2,78.8,77.8,75.4,77.8,78.2,80.8,85.5,82.8,84.4,78.1,76,75.4,72.7,76.9
8/24/2017,21:00,80.1,80.6,81.4,80.3,78.6,79.2,82.2,75.3,81.4,79.5,78.2,78.9,78.2,81.3,86,84.4,86.6,78.1,78.2,75.9,72.7,77.5
8/24/2017,22:00,82.7,82.2,83.6,81.3,79.7,81.4,83.9,76.4,82.5,80.6,80.8,80.4,79.7,81.3,85,84.9,88.8,79.7,78.7,78.6,73.2,79.6
8/24/2017,23:00,81.6,82.2,82.5,81.3,80.3,82.4,83.3,76.4,83,81.6,80.8,81.5,81.3,80.8,85.5,84.9,88.8,79.2,79.2,81.7,73.2,81.2
8/25/2017,0:00,81.6,81.2,82,81.3,79.7,83,82.8,76.9,82.5,81.6,80.8,80.4,80.8,81.3,84.4,85.5,88.2,79.2,79.7,81.7,74.3,81.2
8/25/2017,1:00,82.1,81.2,82.5,81.3,80.3,83.5,81.7,77.4,81.9,81.6,80.3,80.4,80.8,80.2,85,84.4,87.1,79.7,79.7,81.7,74.3,79.6
8/25/2017,2:00,81.1,81.2,82,80.8,80.3,83.5,83.9,77.4,82.5,81.6,81.3,81,81.9,81.3,85,84.4,86.6,78.6,79.7,80.2,77,80.1
8/25/2017,3:00,81.6,81.2,83.1,81.3,79.2,83.5,82.2,76.9,82.5,81.1,80.8,81,81.9,81.3,87.1,82.8,85,79.7,80.8,81.7,77.5,80.6
8/25/2017,4:00,82.1,81.2,82.5,81.3,79.7,83.5,82.8,77.4,83,81.6,80.3,81,82.4,82.9,86,83.9,85.5,80.2,80.3,80.7,75.4,81.7
8/25/2017,5:00,82.1,82.8,82.5,81.8,80.8,85.1,83.3,76.9,83.5,82.1,81.9,81,82.4,82.4,86,83.9,86.1,80.7,81.3,81.2,75.9,81.2
8/25/2017,6:00,82.7,83.3,84.1,82.9,80.8,85.6,83.9,76.9,84,82.1,81.9,81.5,82.9,83.4,87.6,83.9,86.1,81.2,80.8,81.2,76.5,81.7
8/25/2017,7:00,82.7,82.2,83.1,83.4,79.2,86.1,83.9,76.9,85.6,81.6,80.8,81,83.4,83.4,86,83.9,86.6,82.2,80.3,80.7,75.4,80.1
8/25/2017,8:00,79,81.7,82,80.8,77.5,83.5,81.1,76.3,83,81.1,77.6,77.8,81.9,81.8,86,82.3,84.4,78.1,78.7,77.5,76.5,78.5
8/25/2017,9:00,74.2,74.7,80.3,76.5,77,80.3,76.7,74.2,82,77.9,72.8,73.5,80.3,79.2,81.8,78.5,78.4,74.4,76,73.2,74.9,73.7
8/25/2017,10:00,63.1,71.5,79.3,73.8,74.2,74.4,72.2,72.6,77.7,74.1,66.1,65.8,73.3,75.9,77.6,71.3,72.8,71.8,70.1,67.8,71.6,68.2
8/25/2017,11:00,63.7,64.8,76,68.9,69.2,66,69.3,69.2,72.9,69.7,57,58.9,63.8,70.4,71.6,69.1,69.4,68,63.9,60.5,67.8,61.4
8/25/2017,12:00,52,53.4,71,65.6,66.4,62.5,64.2,65.9,71.3,61.7,53,57.2,62.2,64.1,68.8,64,68.3,64.8,60,60.5,62.7,63.2
8/25/2017,13:00,53.8,58,71.6,59.8,62.9,58.4,61.9,61.9,69.1,61.2,50,56.1,60.5,60.7,66.6,61.1,65.4,60.3,58.2,57,59.8,59.2
8/25/2017,14:00,53.3,60.3,68.8,60.5,61.8,56.8,60.1,60.3,66.8,59.5,50.6,47.3,59.9,61.3,60.3,63.6,61.4,56.3,56.5,56,58.7,55
8/25/2017,15:00,47.9,60.3,69.4,62.2,65.8,56.2,63.1,59.7,68,61.2,51.2,55.6,64,63.6,65.5,60.7,62,54,58.3,54.2,57.6,59.2
8/25/2017,16:00,40.5,59.7,71.1,64.5,67,60.9,61.3,60.3,68,62.9,51.2,55.6,64.5,65.9,66.6,63.5,66.6,55.2,58.9,58.2,57.6,59.2
8/25/2017,17:00,40,52.8,72.7,67.8,69.2,63.1,65.4,62,70.7,67.5,53.6,57.2,67.8,71.5,66,65.2,72.3,49.3,61.2,61.7,59.3,59.8
8/25/2017,18:00,60.8,68.2,76,70.6,73.2,67.7,70.5,66,72.9,70.3,62.2,63.5,71.7,75.9,76.5,70.3,77.3,55.8,65.7,61.7,61.6,66.1
8/25/2017,19:00,73.2,77.4,77.6,76,75.3,71.6,76.7,69.8,76.7,75.2,71.1,71.3,76.6,79.7,82.4,79.6,81.7,68.6,71.2,71.1,66.7,73.2
8/25/2017,20:00,78,80.7,80.9,80.8,79.2,76,81.2,74.2,78.8,79,77.1,77.3,78.7,81.3,85.5,83.9,86.1,77.1,75,75.4,71.1,77.5
8/25/2017,21:00,80.1,82.8,82.5,81.4,82,79.8,83.4,76.4,80.9,81.7,78.7,81,79.8,83.5,87.1,86,87.2,80.2,78.2,78.1,72.7,79.6
8/25/2017,22:00,81.1,83.8,84.1,81.9,82,81.4,83.9,77.5,81.5,81.7,79.3,81.6,81.9,83.5,87.1,86,88.8,79.7,80.3,80.7,74.4,81.7
8/25/2017,23:00,84.2,83.3,84.1,82.9,82,83,83.9,77.5,82.5,81.7,81.9,82.6,82.4,83.5,87.6,86,89.8,80.7,79.8,80.7,74.9,81.2
8/26/2017,0:00,84.8,83.8,85.2,84,80.3,84.6,85.6,80.2,83,83.2,84,83.7,82.9,84.5,88.1,88.1,89.8,81.2,80.8,81.7,76.5,82.8
8/26/2017,1:00,86.8,85.9,84.7,85.1,83,85.6,86.1,79.6,84.6,84.8,85.6,84.7,84,85.6,90.2,88.1,90.4,82.8,81.9,83.3,77.6,84.8
8/26/2017,2:00,87.8,83.8,85.2,85.6,83,86.2,86.7,80.2,86.1,84.3,85.6,84.7,84.5,84.5,88.6,88.6,90.4,82.2,82.9,84.3,78.1,84.3
8/26/2017,3:00,89.8,85.4,85.8,85.6,84.1,85.6,87.8,81.2,87.1,84.8,86.6,85.2,85.6,86.7,90.7,89.1,90.9,84.3,83.9,85.8,78.7,84.8
8/26/2017,4:00,90.8,86.4,85.8,86.1,85.2,87.7,88.3,81.2,86.1,86.4,86.6,86.3,86.1,86.7,91.2,89.6,91.4,84.8,84.9,84.8,79.2,85.3
8/26/2017,5:00,91.2,86.9,88.4,86.6,86.3,88.7,89.4,81.2,86.6,85.3,89.2,86.8,87.1,86.7,91.7,88.6,94.1,84.8,86.9,87.3,80.8,85.8
8/26/2017,6:00,91.7,87.5,87.3,87.1,85.7,89.8,88.8,81.7,87.6,87.4,89.2,87.3,87.6,86.7,91.2,90.1,96.2,85.7,87.5,87.3,80.3,86.3
8/26/2017,7:00,89.8,87.5,87.3,86.6,85.2,89.8,88.8,83.3,88.2,86.3,87.1,87.3,87.6,86.7,91.7,90.1,92,85.2,86.5,86.8,81.8,86.3
8/26/2017,8:00,83.2,73.2,86.3,80.4,84.7,88.3,85.6,78,86.1,86.9,84,81.6,82.5,81.9,82.4,85.5,87.7,83.8,83.4,80.7,80.8,86.3
8/26/2017,9:00,74.3,68.2,81,72.2,78.2,80.9,79.5,77,82,82.2,67.9,76.3,72.8,76.5,76.5,79.6,81.2,78.7,77.2,72.2,73.3,78.6
8/26/2017,10:00,70.5,60.9,77.2,66.2,71.5,73.9,70,73.8,75.7,76.9,61.7,68.1,63.4,70.4,72.2,73.1,75.7,75.1,70.2,63.4,68.4,71.1
8/26/2017,11:00,62.1,62.1,71.7,62.8,64.8,63.2,65.5,68.2,69.7,68.7,53.1,56.2,55.3,64.2,66.6,67.6,68.4,69.3,62.4,57.7,62.8,63.8
8/26/2017,12:00,44.3,37.4,70.6,60.5,60.7,57.5,60.8,59.1,64.6,57.8,45.4,53.3,54.2,60.8,62.7,53.7,63.8,58.1,54.9,55.4,54.7,57.5
8/26/2017,13:00,46.7,56.4,70.6,59.9,61.3,49,59.6,56.4,63,54.8,42.5,50.4,53,62,63.9,53.7,61.5,53.5,51.4,52.5,53,54.5
8/26/2017,14:00,48.6,61.6,70.6,60.5,63,50.9,62,55.8,64.7,57.2,45.4,48,56,63.1,59.3,57.8,59.7,55.3,52.6,56,51.8,58.7
8/26/2017,15:00,43.7,58.7,69.4,62.8,64.2,53.3,62,56.9,64.7,59.6,47.2,54.4,59.4,64.8,62.7,61.3,57.9,50.6,53.7,56,54.1,59.8
8/26/2017,16:00,33.8,59.2,72.2,64,68.2,56.3,63.7,56.9,65.3,59.6,49,55.6,61.1,67.6,61.5,59.5,59.6,51.2,54.9,60,54.7,59.8
8/26/2017,17:00,35.6,46.9,75,70.7,73.2,60.3,66,60.3,69.2,65.8,51.3,58.5,66.8,73.3,63.8,67,73.5,44.1,59,62.3,57.6,63.3
8/26/2017,18:00,55.7,67.2,72.8,73.9,74.9,64.4,71.7,64.9,70.3,68.7,60.6,61.9,67.3,74.3,72.8,66.4,75.7,49.5,60.7,64,60.5,66.7
8/26/2017,19:00,69.9,74.8,82.1,77.7,80.9,68.9,77.3,67.7,74.6,72.5,67.9,67.5,71.8,79.2,79.2,75.9,82.3,55.8,64.6,71.7,65.1,71.1
8/26/2017,20:00,78,82.8,84.7,84.1,85.3,73.9,86.2,75.4,79.9,80.1,77.2,80.6,77.7,84.1,86.1,84.5,88.3,78.2,74.5,82.3,72.8,82.3
8/26/2017,21:00,83.8,84.9,86.9,86.1,87.4,79.9,87.8,79.1,85.7,83.8,82.5,83.2,82.5,86.7,89.7,89.2,92.5,82.3,80.4,86.4,76.6,83.8
8/26/2017,22:00,84.8,86.5,87.9,87.1,86.9,83.1,88.8,81.8,85.2,87.4,86.7,87.3,83.6,86.7,90.7,91.2,94.6,83.8,80.9,87.4,79.8,87.4
8/26/2017,23:00,86.3,88,89.5,89.7,89.5,85.2,90.5,82.3,87.2,87.9,85.6,87.8,85.1,87.8,91.7,90.7,95.1,85.3,83.5,89.4,80.3,87.9
8/27/2017,0:00,87.3,90,89.5,89.7,89.5,87.8,91.5,82.3,88.7,87.9,86.7,88.3,87.7,89.3,92.2,92.2,96.2,86.8,86,89.4,79.8,87.9
8/27/2017,1:00,87.3,89.6,88.9,90.7,90,88.8,91.5,84.4,89.2,87.9,87.2,88.9,87.7,89.8,92.2,91.7,95.2,86.3,86,89.9,81.3,87.4
8/27/2017,2:00,89.8,87.5,88.4,89.7,89.5,88.3,89.9,82.3,88.7,87.9,88.7,88.3,88.2,87.8,91.7,91.7,95.7,86.3,84,89.3,79.8,87.4
8/27/2017,3:00,90.3,88.5,88.4,89.7,89.5,88.3,89.4,83.9,88.2,87.9,89.7,89.4,88.2,87.2,91.7,92.2,94.6,86.3,85.5,88.9,81.9,87.4
8/27/2017,4:00,90.3,89.6,88.4,90.7,90.6,90.3,91.5,84.4,89.2,89.5,90.7,89.4,89.7,87.7,92.2,92.2,94.6,88.7,87,91.3,81.3,87.8
8/27/2017,5:00,93.7,89.6,87.9,90.2,91.6,89.3,92.1,84.4,89.2,90,91.7,89.9,88.7,87.7,92.7,92.7,95.1,88.7,86.5,89.8,82.4,88.8
8/27/2017,6:00,92.8,89.6,91,89.7,90.6,89.8,91,83.9,89.7,90.5,92.2,91.4,89.2,88.8,94.2,93.2,95.1,88.2,88,90.3,82.9,90.3
8/27/2017,7:00,91.8,90.6,90.5,90.2,90.6,90.3,92.1,84.9,89.7,91,91.7,89.4,89.2,89.8,93.2,95.2,94.6,88.2,87.5,91.8,83.4,89.3
8/27/2017,8:00,87.3,89.5,90,92.2,91.1,91.3,92.1,87,90.2,91.5,88.7,87.8,89.7,88.8,92.7,92.7,94.6,89.2,87,90.3,86,89.8
8/27/2017,9:00,80.2,86.5,88.4,88.7,87.9,87.3,90.5,81.8,89.7,87.9,75.6,81.1,85.6,87.7,90.7,84.5,89.4,85.3,83,84.9,79.8,86.4
8/27/2017,10:00,72.7,67.2,80.4,70,77.1,77.3,76.2,75.9,80.5,81.2,64,73.6,66.8,72.7,77.2,77,82.9,79.3,73.5,69.5,71.2,76.6
8/27/2017,11:00,62.1,63.3,73.9,64,68.2,65.1,67.7,67.2,72.5,69.2,52,57.9,57.1,68.2,66.1,67.6,71.2,67.6,62.4,58.3,62.2,63.8
8/27/2017,12:00,51.5,45.2,75.5,65,70.4,58,67.1,62.6,69.7,62.4,51.3,58.5,57.6,67.6,68.3,60.7,69.4,65.4,58.4,61.1,59.3,65
8/27/2017,13:00,55,60.3,74.4,63.8,68.7,56.2,65.4,60.9,68.6,62.9,48.3,58.5,58.8,68.1,66,62.9,71.2,58.1,57.8,60.5,57.6,63.8
8/27/2017,14:00,50.9,60.9,72.2,62.2,64.7,53.8,64.8,58.5,65.7,58.3,47.7,51.4,56.4,64.8,60.9,60,60.8,54.6,53.6,58.2,55.2,56.3
8/27/2017,15:00,46.6,62,69.3,62.2,66.9,55,63.1,56.8,66.3,61.2,49.5,55.5,61.1,65.3,62.1,61.7,61.4,52.8,54.2,60.5,54.7,61.5
8/27/2017,16:00,35,58.6,69.9,63.8,68.1,55.5,61.3,57.9,66.3,61.8,48.9,57.8,61.1,65.3,61.5,61.1,63.7,57.5,56.6,59.4,56.4,59.8
8/27/2017,17:00,36.2,45.1,72.7,66.1,69.3,59.7,63,59.1,68,62.3,48.9,56.7,64.5,68.2,61,62.3,69.4,44.6,57.1,63.4,55.2,60.9
8/27/2017,18:00,56.2,60.9,72.7,70,72.6,62,66.6,63.2,68.6,66.3,57.1,60.2,65.6,71.5,67.7,61.7,72.3,41.5,60.1,61.7,57.6,62.1
8/27/2017,19:00,66,73.2,78.2,74.4,76.5,67.2,70.5,66.5,70.7,69.1,62.2,65.2,69.5,74.3,73.8,70.8,76.2,50.5,63.4,68.9,61.6,67.2
8/27/2017,20:00,72.6,80.2,81.5,80.3,81.4,72.2,80.6,72.1,76.2,73.6,70.6,75.7,75.5,80.3,81.9,77,86.7,75.1,70.7,77.6,67.3,78.1
8/27/2017,21:00,76.9,81.8,81.5,82.4,80.9,76.1,81.7,74.3,78.8,76.3,75.6,78.9,78.8,81.9,82.4,79.1,87.7,74,74,79.7,70.6,79.7
8/27/2017,22:00,79.6,81.8,82.6,81.4,79.2,77.2,82.9,75.4,79.4,77.9,73.9,77.3,79.8,83.5,84.5,78.6,88.8,76.7,74,79.7,70,77.6
8/27/2017,23:00,80.6,81.8,82.6,82.4,82.5,78.2,82.9,75.9,79.9,79.6,75,78.9,79.3,83.5,85,78,90.4,76.1,74.5,82.3,70,79.7
8/28/2017,0:00,82.7,82.3,83.1,84,83.1,79.3,84.5,75.3,80.9,79,78.2,79.5,80.3,83.5,86.1,80.7,91.5,77.2,75.1,83.8,72.8,81.8
8/28/2017,1:00,84.2,84.9,84.2,84,82.5,80.9,85.6,77,80.9,79.5,78.8,80.5,80.9,84.6,87.6,81.8,93,77.7,77.2,85.3,71.7,82.8
8/28/2017,2:00,86.3,84.9,85.2,86.1,83.1,80.9,87.2,77.5,83.6,81.2,81.4,82.6,81.9,86.1,86.1,84.4,94.1,79.7,77.2,85.3,73.3,83.3
8/28/2017,3:00,86.8,85.4,85.8,86.1,83.1,81.4,87.2,76.9,83,81.7,81.9,83.2,83.5,86.1,87.6,81.8,95.1,79.7,77.2,85.3,73.8,83.8
8/28/2017,4:00,87.3,86.9,86.8,87.1,82.5,84.6,88.8,78,84.6,83.8,82.4,82.6,84.5,86.7,90.2,84.9,95.1,82.8,79.8,85.8,75.5,84.3
8/28/2017,5:00,88.3,89,90.5,89.7,91.1,85.1,91.5,79.1,85.1,85.3,86.6,85.8,85.6,87.7,90.7,86.5,95.6,84.8,81.9,89.3,76,87.8
8/28/2017,6:00,89.3,92.1,90.5,92.7,90.6,86.7,94.2,80.7,86.6,85.3,87.6,86.8,89.2,90.3,91.2,86.5,97.2,87.2,82.9,92.8,79.2,89.3
8/28/2017,7:00,89.3,92.1,92.1,91.2,89.5,88.2,94.7,80.2,88.2,87.9,89.2,89.3,88.2,90.8,92.2,88.6,97.2,88.2,82.9,93.3,78.7,92.7
8/28/2017,8:00,80.7,71.7,88.4,80.9,89,85.7,91.5,75.9,86.7,87.9,85.1,85.3,82.5,80.9,64.4,82.4,93.6,86.3,79.8,82.9,75,87.9
8/28/2017,9:00,70.5,67.2,83.7,76.7,78.7,77.8,84.6,74.9,82.1,81.7,65.1,75.2,72.4,76.6,76.1,72.6,84.6,78.2,71.8,70.2,70.1,79.2
8/28/2017,10:00,63.8,60.4,77.2,64.5,68.7,67.3,70.6,68.8,75.7,73.1,56.6,65.3,60,67.7,71.2,66.5,78,71.4,63.6,58.3,63.4,68.4
8/28/2017,11:00,55.2,58.7,72.2,61.8,62.5,59.3,64.4,60.9,68.7,62.5,44.8,53.9,53.1,63.7,64.5,59,65,62.1,56.2,53.7,55.3,58.7
8/28/2017,12:00,41.8,38.2,71.7,60.6,57.8,52.8,60.8,53.9,65.4,53.7,40,50.3,52.5,59.1,62.8,50.1,61.5,58.8,51.5,54.2,50,55.2
8/28/2017,13:00,46.2,51.1,68.9,57.1,57.8,49.8,58.5,52.2,61.4,54.3,41.9,48.6,48.9,55.5,58.3,51.8,62.7,51.2,47.9,50.7,47.6,55.2
8/28/2017,14:00,41.8,51.6,64.3,54.1,55.4,45.4,53.7,49.8,55.4,48.8,39.9,43.8,48.2,53.7,51.7,47.5,51.9,45.2,45.4,50.7,47,49
8/28/2017,15:00,35.4,48.6,60.8,50.4,53.6,44,50,46.7,52.4,47.4,40.4,44.8,48.7,50.6,49.8,48.7,49.4,45.6,43.5,50,43.8,48.3
8/28/2017,16:00,27.8,48,61.9,52.8,57.7,44.6,48.7,47.3,51.1,48.1,38.6,45.4,48.7,52.4,49.1,49.3,55.5,42.7,43.5,51.1,45.1,49
8/28/2017,17:00,28.4,39.6,65.9,58.7,64.1,47.6,54.1,49,55.3,52.9,41,45.4,52.8,57.7,51.5,49.3,60,37.8,46.4,55.9,46.2,51.4
8/28/2017,18:00,43.3,57.4,67.1,61.5,65.2,53,57.1,52,55.9,55.2,46.9,48.9,55.7,62.3,58.5,53.5,62.4,34.5,49.3,55.3,48.6,53.2
8/28/2017,19:00,57.9,65.9,73.8,71.1,74.8,57.8,67.6,55.5,62.8,62.8,57,59.5,63.3,68.7,67.1,63.4,71.1,52.2,55.9,65.6,53.9,65.4
8/28/2017,20:00,64.2,72.6,75.4,74.4,73.7,63.1,71.6,62.5,68.5,66.8,63.3,67.4,67.8,72.6,72.1,67.4,77.3,63.6,61.1,70.6,58.7,69.4
8/28/2017,21:00,65.3,73.2,76,75.5,71.4,66.6,72.2,64.2,69,68,63.9,68,68.9,74.3,75.4,68,77.3,64.8,62.8,70,61,67.7
8/28/2017,22:00,67.6,73.7,78.8,75.5,73.2,65.9,75,65.3,69,68.6,65.6,68,68.9,75.9,75.4,69.2,81.8,63.1,62.8,70.6,61.5,69.4
8/28/2017,23:00,69.3,75.3,79.3,77.1,73.2,68.3,76.2,65.3,70.2,69.1,65.6,68,70.6,76.5,78.2,68.6,82.9,67.5,63.5,73.3,60.4,69.9
8/29/2017,0:00,70.4,74.8,78.8,77.7,74.2,68.3,76.7,65.3,71.8,70.2,67.3,69.7,71.1,77.6,78.2,70.9,82.9,66.9,64.5,74.9,63.3,71.6
8/29/2017,1:00,73.2,76.9,80.9,78.7,74.2,71.6,79,68.7,72.9,72.5,70,73,72.8,79.2,81.4,72.5,85,69.2,65.7,75.4,63.8,73.2
8/29/2017,2:00,75.9,78,81.5,80.3,77,74.4,80.1,69.9,74.6,74.1,72.3,73.6,73.3,80.3,80.3,75.3,86.7,70.8,66.8,77.6,64.4,74.9
8/29/2017,3:00,77.5,79.6,84.7,82.4,83.1,73.8,83.9,70.4,75.1,75.8,75.6,74.6,75.5,80.3,79.2,75.3,88.8,71.9,68.5,79.7,66.1,77.6
8/29/2017,4:00,78,82.8,85.2,84.6,83.1,75.5,86.1,71,77.3,75.8,75,76.2,77.7,81.9,82.9,76.4,89.3,74,70.2,84.3,67.3,80.7
8/29/2017,5:00,78.5,84.4,86.3,85.6,83.1,77.1,87.8,72.1,79.4,77.9,77.1,78.9,81.4,84,86.1,76.9,90.9,77.7,71.7,84.8,68.4,81.8
8/29/2017,6:00,82.2,85.9,86.8,87.1,85.2,78.8,88.3,73.2,80.9,81.7,81.4,81.6,82.5,84.5,87.6,81.3,92,80.2,75.6,85.9,70,84.8
8/29/2017,7:00,81.7,85.9,86.8,86.6,85.2,80.9,91,74.3,82.5,81.7,81.9,82.1,82.5,83.5,87.6,81.8,90.4,80.2,76.1,85.4,72.3,84.3
8/29/2017,8:00,71.6,60.4,85.3,70.1,74.9,77.2,86.2,70.4,79.9,80.1,77.2,74.7,79.4,74.9,60.5,73.1,86.7,77.2,69.6,66.8,69.5,80.2
8/29/2017,9:00,63.8,58.6,76.7,67.4,67.6,70.6,73.4,67.7,73.5,71.4,58.3,65.8,65.1,67.6,65,66.4,75.1,69.8,65.2,61.2,63.9,68.4
8/29/2017,10:00,56.3,52.2,69.4,57.6,58.9,60.9,62.5,61.4,65.3,64.1,51.9,55.6,51.2,60.2,61,59.5,66.6,62.6,57.2,51.9,57,59.8
8/29/2017,11:00,47.3,49.9,61.5,51.8,51.4,50.9,55,52.1,56,56,41.8,46.1,47.2,50.7,54.6,52.5,57.3,52.3,46.5,46.5,48.7,49.2
8/29/2017,12:00,35.5,35.7,62.7,51.3,49.7,43.5,51.5,49.2,51.9,45.2,36.3,40.7,42.8,52.6,48.7,45.2,48.9,43.9,41.7,41,45.2,42.3
8/29/2017,13:00,39.4,47,62.7,50.1,52.6,43,52.1,45,53.2,47.2,37,41.4,44.7,50.2,51.8,44,52.7,44.7,41.2,45.4,40.2,47.4
8/29/2017,14:00,39.4,49.3,62.1,50.7,53.8,43,49.6,47.6,52.6,46.5,37,41.4,45.9,50.8,49.3,45.2,49,43.5,41.8,47.1,44.1,44.9
8/29/2017,15:00,35.6,46.4,59.2,49.5,52,43,47.8,45.1,50.2,46.5,37,42,47.7,48.3,48.8,45.9,45.9,39.8,41.2,46,42.8,47.4
8/29/2017,16:00,26.8,42.8,57.4,48.3,48.4,43.6,45.9,44.5,49,46.5,36.3,40.8,45.2,47.8,46.4,45.9,48.4,37.4,41.2,42.9,42.8,43.6
8/29/2017,17:00,26.8,34.7,57.4,50.5,53.1,44.1,46.5,41.2,49,47,35,39.5,46.3,50.7,46.8,45.9,51.2,34.8,41.7,45.9,38.9,44.2
8/29/2017,18:00,42.3,43,54.8,48,50.6,47.1,46.5,47.4,49,50,42.3,44.8,45.6,49.3,48.4,50,50.5,34,45.9,43.9,43.3,46.6
8/29/2017,19:00,46.4,49,60.7,54.5,58.2,45.7,51.7,46.6,47.4,46.1,43.9,45.2,46.6,55.3,52.5,48.5,52.8,38.8,44.5,49.3,42.4,47
8/29/2017,20:00,47.5,61.3,68.8,67.2,68.6,50,61.2,46.6,54.7,47.8,44.4,51.2,56.3,63.5,61.9,47.7,63,52.1,48.1,55.2,43.5,51.2
8/29/2017,21:00,53,70.4,71.5,71.1,69.2,54.8,70.4,54.3,60.5,57,52.2,58.2,63.8,68.7,68.2,58.7,71.7,61.4,52.3,65.5,50.9,62
8/29/2017,22:00,60.2,72,73.2,73.3,72.6,60.8,71.6,59,62.8,63.4,60.4,64.6,66.1,70.9,73.8,64.6,75.6,64.2,58.8,68.9,55.7,63.7
8/29/2017,23:00,63.1,73.1,73.8,74.4,71.5,63,73.9,59,64,64,61,66.3,66.6,72.6,75.4,64,76.7,64.2,60,71.7,55.7,67.7
8/30/2017,0:00,65.9,73.7,74.9,73.8,72.6,65.4,73.9,59.6,66.2,65.1,63.9,66.9,67.2,75.9,76.5,65.7,81.8,63.1,60.5,71.1,56.3,68.2
8/30/2017,1:00,67.6,74.8,78.8,76.6,78.2,65.9,77.3,61.9,67.9,67.4,65,68.5,70,75.4,77,69.2,81.8,68.1,61.1,75.5,58,70.5
8/30/2017,2:00,72.1,80.2,81.5,80.9,79.8,69.4,82.3,63.6,71.3,69.7,70.6,72.4,73.3,79.2,80.3,68.5,85,71.3,66.3,80.8,60.3,77.6
8/30/2017,3:00,74.2,80.7,80.9,81.9,80.4,71,84.5,71.6,73.5,72.5,72.3,72.4,76.1,80.3,81.3,67.4,86.7,72.4,66.8,81.3,67.8,79.2
8/30/2017,4:00,75.8,81.2,81.5,83.5,83.1,70.4,84.5,70.4,75.7,73.6,73.9,76.3,77.7,79.2,81.3,73,89.9,76.7,66.8,81.8,69.4,79.7
8/30/2017,5:00,74.7,81.8,82.1,84,81.4,72.1,86.2,71,77.3,75.2,78.2,76.3,79.3,80.3,80.2,70.2,90.4,74.6,66.8,82.8,66.7,80.7
8/30/2017,6:00,76.3,82.3,83.1,85.1,81.4,72.6,85.6,69.3,76.7,75.2,73.3,76.8,79.3,80.3,82.4,71.9,91.5,75.1,68.9,82.3,65.5,80.7
8/30/2017,7:00,75.9,80.2,84.2,83.5,80.9,74.9,86.7,66.4,78.3,74.1,71.1,75.7,79.9,78.1,80.8,71.3,90.4,74,66.8,79.2,65,79.7
8/30/2017,8:00,64.9,59.2,82.1,67.4,71,68.2,81.8,58.4,73,70.8,66.2,66.4,72.3,71.1,54,62.3,82.9,67.6,61.1,61.2,58.7,74.9
8/30/2017,9:00,52.7,51,71.7,60.5,62.5,59.7,69.4,57.3,64.6,62.9,47.7,56.7,58.8,62,59.2,52.3,68.4,61.5,52.4,57.2,50.4,65
8/30/2017,10:00,47.2,48.7,66,56,56.2,53.9,57.3,52.7,59,57.2,40.5,50.3,47.7,56.2,57,48.8,59.7,55.2,48.4,45.9,48.7,54.5
8/30/2017,11:00,43,48.7,62,52.4,53.2,47.3,53.8,47.3,57.3,51.3,41.8,45,47.2,51.9,54.1,48.8,54.4,52.3,44.1,47.8,43.3,49.8
8/30/2017,12:00,38.8,37.4,57.9,48.2,47.8,44.2,48.9,48.7,53.1,48.9,41.8,45,43.3,47.1,51,49.6,54.4,48.8,44.8,44.7,43.3,49.1
8/30/2017,13:00,38.8,41.4,52.5,44.5,42.3,42.3,44.6,44.4,48.9,43.9,36.9,40,41.5,43.3,46.8,47.7,49.5,40.2,40.4,38.5,41.5,41.5
8/30/2017,14:00,33.4,41.4,50.7,40.7,39.1,37,42.1,40,43.9,39.4,33.1,35,39.5,42,41.9,40.7,41.3,36.5,36.5,38.5,38.3,37.2
8/30/2017,15:00,30.1,38.2,47.5,40,39.8,37,39.5,37.4,42.6,40.1,32.4,36.2,40,42,41.9,42,40.1,35.1,35.9,37,34.3,38.3
8/30/2017,16:00,21.7,36.3,46.3,39.3,40.9,37,39.5,36.7,41.9,39.4,31.8,34.9,40,40,39.8,40,43.1,31.3,35.2,36.4,35,36.3
8/30/2017,17:00,23.1,28.9,50.6,43.1,44.6,38.8,37.6,38.6,41.9,38.7,30.5,34.9,40.6,42.5,40.6,39.3,42.4,27.5,33.9,38.2,35.6,36.3
8/30/2017,18:00,37.8,43.1,54.3,47.4,49.4,42,44.5,40.5,45.1,43.7,37.3,39.3,43.8,45.6,47.3,43.1,48.7,29.5,38.3,43.8,36.9,40.2
8/30/2017,19:00,44.6,50.3,59,53.4,54.8,46.4,49.3,44.1,53.1,48.7,43.4,44.1,46.7,52.4,52.1,50.5,52.9,38.8,42.1,46.3,40.6,45.8
8/30/2017,20:00,49.5,57.9,60.6,59.2,58.2,50.7,55.9,46.6,53.5,51.1,50,53.1,54,55.8,59.1,51,61.8,51.6,48.2,54.1,41.8,54.3
8/30/2017,21:00,52.5,60.2,64.7,62.6,62.3,54.9,58.8,47.7,55.3,53.4,52.9,56,55.1,62.9,62.6,56.4,64.8,53.3,52.4,57.5,44.8,53.7
8/30/2017,22:00,52.5,63.6,72.7,70.6,72.7,55.4,65.3,50.1,57.6,51.5,50.5,54.1,58,62.9,64.8,53.9,67.6,55.6,51.8,60.4,45.4,57.3
8/30/2017,23:00,53,71.5,71,75,66.9,55.4,68.8,48.8,66.3,55.1,52.8,58.2,66.7,68.7,71,55.1,71.6,60.3,53.5,63.3,46.6,57.8
8/31/2017,0:00,57.8,71,72.1,75.5,68.6,57.7,69.9,51.9,65.2,58.7,57,60.6,65.6,72.1,73.2,57.5,72.8,60.3,54.7,65,47.9,62.5
8/31/2017,1:00,60.8,69.9,73.3,76.1,68.1,58.9,72.3,53.7,65.7,60,57.5,60,66.2,72.1,67.1,59.3,75.1,63.1,54.7,65.6,50.3,63.2
8/31/2017,2:00,63.1,71,73.8,77.8,66.4,58.3,73.9,55.5,65.7,60.5,58.7,61.7,66.2,70.4,63.6,62.8,79,62.6,54.1,67.8,52.2,64.3
8/31/2017,3:00,64.2,73.7,74.4,77.2,69.8,62.4,75.6,67.7,67.4,60.5,59.8,62.3,67.8,71.5,69.3,61,79.6,61.4,57,66.1,63.4,63.1
8/31/2017,4:00,67,70.4,77.2,76.6,70.9,65.9,73.9,72.7,67.4,70.3,67.3,65.8,67.2,72.1,74.9,71.5,81.2,65.9,59.9,75.5,69.6,71.7
8/31/2017,5:00,74.3,74.3,77.7,78.8,74.3,70,75.6,70.5,71.3,72,72.9,73.6,71.7,75.9,77.6,75.9,85.1,69.7,68,76,68.4,75.5
8/31/2017,6:00,77.5,77,79.3,80.9,73.8,70.4,80.1,70.5,74.1,74.2,75,74.1,72.2,75.9,78.7,75.9,87.8,71.9,67.4,76.6,67.3,76
8/31/2017,7:00,77.5,75.9,79.9,80.9,74.3,71.6,79,70.5,72.4,74.8,74,73.1,73.9,74.3,80.8,74.8,86.7,70.3,66.3,76,69,76
8/31/2017,8:00,60.9,63.8,76.1,66.7,68.2,68.9,75.1,63.7,71.9,66.9,61.7,60.2,70.1,66.5,53.5,57,76.9,62.1,57.1,57.8,61,67.3
8/31/2017,9:00,49.1,65.5,72.9,65.7,66.6,56.8,71.8,65.5,70.4,60.7,47.2,53.3,65.2,66.5,69.5,55.9,69.1,61.6,48.9,61.3,61.7,63.4
8/31/2017,10:00,44.9,47.7,64.4,54.9,53.2,55.2,54.4,50.3,60.2,57.3,41.9,49.3,50.2,53.3,54.8,49.6,58,53.6,47.3,44.8,45.7,54
8/31/2017,11:00,33.5,39.2,59.3,47.8,49.2,38.4,47.2,43.1,52,47.1,29.3,36.5,39.9,45.3,44.4,38.3,47.2,42.1,32.7,41.1,41.5,42.4
8/31/2017,12:00,31.1,31.3,54.5,45.9,43.7,36.1,44.8,40.1,44.8,39.1,30.9,36.5,37.4,43.5,40.9,36.5,41.6,39.8,34.2,38,35.2,39.3
8/31/2017,13:00,31.8,37.3,52.1,43.5,40.6,34.1,43,36.5,43,37.8,30.2,33.4,34.7,40.5,41.6,35.2,42.2,34.7,32.9,36.7,34.7,37.3
8/31/2017,14:00,27.8,35.4,49.1,40.4,38.8,29.4,37.3,34.5,39.2,34.6,27.6,30.8,32.7,38,37.3,35.2,37.2,30.3,28.3,34.8,30.1,31.4
8/31/2017,15:00,23.9,36.6,49.6,42.8,42.4,26.7,39.2,31.2,36.6,31.9,23.5,28.8,32,40.4,36.6,29.9,34.6,32.1,26.3,36.7,28.7,35.4
8/31/2017,16:00,21.3,33.3,50.2,40.8,41.1,35.3,38.5,34.4,39.6,38.4,31.3,33.8,38.4,39.1,39.6,37,41.4,31.5,33.5,37.2,29.3,37.3
8/31/2017,17:00,23.7,34.2,54.9,46.9,51.9,37.1,44,32.4,41.5,34.9,28.1,33.8,40.8,45.2,40.7,31.7,47,39.5,33.5,41.5,31.3,40.9
8/31/2017,18:00,30.8,43.8,50.1,51.2,42.9,41,59.4,31.8,45.3,34.4,31.9,34.4,83.1,45.7,43.6,31.1,40.1,33.9,35.5,38.4,30,35.3
8/31/2017,19:00,25.9,35.7,46.5,42,39.3,37.7,56.5,25,63.4,40.9,25.8,33.7,83.1,91.1,79,24.9,72.2,36,32.1,42.3,23.8,43.1
8/31/2017,20:00,30.5,51.2,48.3,46.9,45.5,30.2,49.6,27,52,30.2,24.4,29,63,84.4,59.9,28.2,54.9,36.4,25.9,46.6,24.5,41.1
8/31/2017,21:00,33.7,50.4,56.1,48.7,49.5,29.5,52,31.5,36.8,33.5,27.6,29,47.3,79.5,42.2,30.8,54.9,32.3,26.6,45.2,27.1,43.6
8/31/2017,22:00,52.2,56.9,63.1,60.4,56,42,57.8,56.9,52.4,44.4,41,44.7,58.8,71.1,50.3,53,63.1,54.5,41.5,54.1,52.4,47.1
8/31/2017,23:00,57.5,65.4,66.5,65.6,61.3,50.7,64.2,59.2,56,57.8,54.9,54.3,62.8,80.4,66.6,61.3,68.9,55.2,48.2,57,54.8,58.7
9/1/2017,0:00,62.1,65.4,68.8,66.2,62.4,57.3,66.6,59.2,58.3,60.1,55.3,58.9,63.9,84.7,71.6,61.8,75.2,58.6,54.2,62.8,54.8,60.3
9/1/2017,1:00,61.5,67.7,71.1,69.6,68.7,58.4,68.3,64.4,61.8,62.4,61.7,62.4,66.8,84.7,72.7,68.7,76.3,62.6,57.1,67.9,60.1,63.8
9/1/2017,2:00,66.1,71,73.4,72.8,69.9,63.8,71.7,67.3,64.7,65.9,64.5,65.8,70.1,85.8,73.8,69.8,79.6,66.5,61.2,70.1,62.3,67.8
9/1/2017,3:00,71.7,73.3,74.5,73.9,69.9,68.4,75.1,71.1,68,69.3,68,67.5,71.8,85.2,77.1,71,82.4,68.2,63.6,71.7,66.9,69.5
9/1/2017,4:00,74.4,73.8,75.6,76.7,71,68.8,77.9,71.1,72.5,70.4,71.3,68.7,72.9,88.9,79.8,73.8,84.6,68.7,66.9,73.9,69.1,72.3
9/1/2017,5:00,75.4,75.4,77.8,78.3,73.3,71.2,79.1,70,71.9,70.9,71.8,72.6,75.6,87.3,80.4,73.8,86.7,69.3,68.6,75.6,68.6,73.4
9/1/2017,6:00,76.5,77.6,78.3,79.4,76.6,72.2,81.3,71.1,73.6,72.1,74.1,72.6,76.7,84.7,80.4,73.2,88.3,71.5,68,77.2,68.6,72.8
9/1/2017,7:00,74.4,77.6,80,79.9,75,72.2,80.7,70,71.3,72.1,72.4,70.4,75.7,85.2,79.8,73.2,87.3,68.8,65.8,76.1,68,73.9
9/1/2017,8:00,67.3,59.4,77.3,64.1,66,68.4,74.7,60.4,68.1,71,65.2,64.8,71.3,78.9,48.2,63.6,83.6,65,59.5,55,60,68.5
9/1/2017,9:00,44.9,45.9,68.5,52.4,55.7,54.5,64.4,46.7,62,58.4,40.5,46.7,57.3,66.9,58.5,43.2,64.5,53,45.2,50.9,46.3,55.2
9/1/2017,10:00,30,35.4,58.1,45.3,43.8,35,47.8,37.3,49,43.2,30.5,35,43.7,57.1,43.9,36.9,48.4,43.3,32.7,35,38.2,38.4
9/1/2017,11:00,28.9,40,59.9,49.6,53.4,35,48.6,32.2,41.5,35.7,25.4,28.1,39.3,52.7,47.2,34.4,38.4,37.1,30.8,41.3,29.9,31.3
9/1/2017,12:00,32.6,34.4,58.1,49.6,49.8,38.7,49.6,41.5,47.9,45.4,35.3,41.5,42.5,52.7,45.8,41.6,53.4,46.6,38.8,44.2,37.9,46.9
9/1/2017,13:00,38.1,42.2,52.7,46,45.6,36.6,46.6,40.8,44.8,41.6,33.8,36.5,38.5,45.4,43.9,43.5,49.1,40.3,36.7,40.5,37.2,43
9/1/2017,14:00,31.1,30.7,41,33.3,33.2,32.6,32.8,37,36.4,33.2,30.1,28.7,34,34.5,33.2,37.7,33.2,28.9,30.9,32.1,34,30
9/1/2017,15:00,22.4,25.6,37.2,30.8,32,26.7,27.6,29.3,29.2,27.9,24.9,26.2,30.6,31.4,27.3,33.2,30,23.5,24.3,27.6,26.7,27.4
9/1/2017,16:00,17.9,27,45.4,35.9,39.4,28,33.5,28.6,30.7,31.3,25.6,27.5,31.4,36.6,30,28.6,31.2,24.2,25.6,32.2,25.4,31.4
9/1/2017,17:00,23.1,31.2,47.8,40.2,44.9,32.5,37.2,32.4,34.5,35,27.3,31.2,35,39.5,37.4,34.3,39.5,27.5,31.4,36.6,31.2,32.6
9/1/2017,18:00,33.3,35.6,51.9,45.1,44.9,34.4,41.5,34.2,35.7,36.9,34.2,34.3,36.2,45.2,38.6,40.6,39.5,29.9,32,37.1,30.4,39
9/1/2017,19:00,36.4,45.5,59.1,52.9,54.3,38.2,46.9,36.6,40.1,39.3,37.3,39.2,42.5,51.9,47.3,38.5,46.8,39.4,35.2,44.6,33.6,40.9
9/1/2017,20:00,42.1,57,64.9,63.4,60.8,42.7,57.3,39.8,47,43.8,41.6,44.8,49.9,63.2,54.5,43.7,56.7,43.2,39,57.2,36.2,51.6
9/1/2017,21:00,47.8,62.7,66,65.1,61.3,50.2,62,46.7,55,53.1,50.2,55.1,58.3,67.7,65.1,54.2,66.1,54.7,47.1,60.1,43.8,57.5
9/1/2017,22:00,52.7,63.3,68.4,66.3,60.2,52.1,63.7,50.4,56.1,55.5,52,55.6,60,68.3,67.3,47.4,73,53,46.6,61.8,46.3,58.1
9/1/2017,23:00,52.1,63.8,68.4,67.4,61.4,52.6,65.5,50.4,56.7,55.5,50.1,56.2,60.6,71.8,31.5,53,71.9,55.9,48.4,61.8,46.3,57.5
9/2/2017,0:00,46.4,62.7,68.9,66.8,60.2,34.2,66.1,47.8,52.5,53.1,42.7,48.4,60,64.3,32.1,52.3,74.7,51.7,38.3,61.8,45.1,57
9/2/2017,1:00,45.2,62.7,68.3,65.7,62,31.5,66.1,44.1,55.5,46.9,40.2,45.4,60.6,66.6,28.9,43.5,73.6,49.9,33.1,61.8,41.2,58.7
9/2/2017,2:00,52,65.5,70.6,68.5,64.3,53.2,66.6,55.7,58.4,56,53.7,58.5,57,68.8,58.6,52.9,72.4,56.4,52,62.3,52.4,58.7
9/2/2017,3:00,56.2,66.1,70,69.6,64.8,53.7,70.1,57.5,58.4,57.8,56,57.9,58.7,72.8,59.1,55.9,75.2,56.9,52.6,64.1,54.2,61
9/2/2017,4:00,60.3,67.8,71.7,70.7,64.8,54.3,70.1,56.2,60.1,59.5,58.3,60.8,61.1,72.8,64.3,58.2,74.7,57.5,53.1,64.6,52.3,63.3
9/2/2017,5:00,63.2,68.9,74.5,72.9,69.4,59.7,74,57.4,61.9,61.3,61.7,61.3,65.1,72.8,67.8,61.8,79.7,59.2,52.4,67.4,54,65.6
9/2/2017,6:00,66.6,72.8,76.2,75.6,69.9,64.3,77.4,59.1,64.2,60,60.6,64.2,68.5,75.5,69.4,64.7,83,63.8,56,72.3,55.3,67.8
9/2/2017,7:00,66.6,73.3,77.3,75.6,70.5,65.5,78,60.3,64.2,63.6,62.8,64.2,70.8,75,68.8,63.5,82.4,62.6,54.7,69.1,57.6,70.1
9/2/2017,8:00,53.9,55.8,73.5,60.6,62,61.5,70.1,56.9,61.3,61.9,58.3,57.4,62.9,62,47.6,55.4,69.6,59.8,55.5,51.3,54.8,64
9/2/2017,9:00,50.4,50.5,62.7,55.3,56.1,56.9,62.6,56.3,57.9,58.4,46.7,54.5,56.1,56.2,53.5,54.9,64.4,57,52,50.8,52.3,57
9/2/2017,10:00,48.6,41.5,56.2,48.8,50.8,50.2,50.1,54.6,52.5,52.5,43.7,45.6,46,50.8,52.9,53.6,56.2,51.1,45.3,40.5,50.6,49.2
9/2/2017,11:00,43.6,41,53.9,47.6,49.7,47.9,48.4,51.7,50.1,48.2,41.8,41.3,43.5,47.8,46.4,51.9,53.8,48.2,43.5,44.8,47,46.2
9/2/2017,12:00,34.9,39.3,50.3,44,44.3,42.3,43.6,46.9,47.2,45.3,38.2,40.2,41.7,42.9,47,46.5,51.5,45.3,39.2,41.7,42.1,41.8
9/2/2017,13:00,36.9,37.2,47.3,37.8,37.5,38.5,36,38.8,42.9,41.6,35.7,35.9,38.5,39.8,42.1,42.2,44.1,38.5,34.9,34.1,37.7,36.7
9/2/2017,14:00,28.4,32.8,43,35.2,32.5,34.6,32.2,33.7,38.5,34.6,30.6,31.9,35.2,39.3,35.2,34.5,37.6,34.6,32.8,31.5,31.3,30.1
9/2/2017,15:00,22.3,34.7,48.5,38.5,38.8,30.6,35.5,30.5,32.5,29.3,25.5,25.4,33.1,35.9,36.5,31.2,31.9,26.9,27.5,28.8,30.6,26.5
9/2/2017,16:00,15.7,29.1,46.8,37.2,38.3,29.9,33.7,29.2,35.9,27.9,24.8,25.4,37.8,37.2,29.9,28.6,33.9,24.4,26.2,33.5,28,30.9
9/2/2017,17:00,19.5,33.5,50.3,42.2,41.8,33.9,39.2,29.9,36.6,33.3,27,30.8,37.8,41,38.9,26.6,35.8,29.6,29,35.5,28,31.5
9/2/2017,18:00,29.6,36.6,52.2,45.3,45.5,29.8,43,31,31.9,29.8,26,28,35.1,46.7,45.2,27.1,42.9,24.7,25.5,39.2,28,37.4
9/2/2017,19:00,38.1,51.1,61.5,55.9,56.2,41.1,53.8,40.2,46,40.3,38.2,43.2,47.7,53.8,51.8,41.6,52.5,45.3,38,51.4,37.9,48.5
9/2/2017,20:00,47.4,57.6,66.8,64.1,59.7,47.9,60.3,47.5,52.6,50.8,47.9,50.9,54.2,59.2,60.6,49.5,61.5,50.6,46.7,59.6,43.5,57.6
9/2/2017,21:00,52.3,62.8,59,62.9,57.3,54.6,62,49.2,56.8,53.7,52.6,56.3,59.6,59.7,63.4,54.9,66.2,57.7,52.1,58.3,45.9,58.2
9/2/2017,22:00,56.4,61,60.8,61.7,54.9,56.3,59.6,51,58,56.7,55,57.5,59.6,62.6,67.4,56.7,69.6,56.6,53.3,56.5,46.5,57.5
9/2/2017,23:00,57.6,60.4,62,61.7,56.1,55.7,60.2,51.7,59.2,55.6,52.6,56.3,59.6,65.6,66.3,55.5,73.7,56.6,51.5,57.8,47.6,57
9/3/2017,0:00,59.4,60.4,63.8,62.3,56.7,55.7,62.6,53.4,59.7,55.6,52,55.7,59.6,68.4,64.5,53.1,74.8,57.2,50.3,57.8,49.4,56.4
9/3/2017,1:00,54,61.6,65,61.7,57.3,55.7,62.6,52.3,58,54.3,53.2,54.5,60.7,68.9,65.1,57.3,73.1,54.2,47.8,59.5,50.1,58.2
9/3/2017,2:00,56.4,59.2,68.4,67.5,57.9,52.6,63.8,52.9,55,54.9,52,52.7,60.1,66,56.2,56.7,74.2,54.2,49,58.9,49.5,59.4
9/3/2017,3:00,57.6,58.1,69,64,61.4,56.2,65.6,53.4,50,58,54.9,55.7,57.7,65.4,53.2,54.2,74.2,54.8,49,62.4,48.8,60
9/3/2017,4:00,57,60.4,64.3,65.1,60.8,52.6,66.1,48,52.4,54.9,54.9,50.9,55.3,64.2,56.9,51.3,69.1,49.3,45.9,63.6,47,53.4
9/3/2017,5:00,57.5,60.4,67.2,65.1,61.4,53.2,64.3,50.4,53.2,55.5,54.9,53.3,54.8,63.7,58.7,53.7,61.5,50,49,64.2,48.8,53.4
9/3/2017,6:00,54,59.3,65.6,68.6,63.7,52.1,65,51,51.9,56.1,54.9,53.3,54.2,67.8,59.3,51.8,66.2,49.4,48.3,64.2,48.8,54.6
9/3/2017,7:00,50.3,62.8,63.8,66.9,64.4,50.2,66.2,47.4,55.6,54.9,51.4,50.9,56.5,67.8,59.3,50.6,66.2,48.8,46.5,60.2,47.6,54
9/3/2017,8:00,48.6,62.4,62.1,63,63.3,50.9,60.3,47.4,51.3,51.9,47.8,47.3,51.8,63.3,57,47,61.6,45.8,45.9,57.3,45.8,49.2
9/3/2017,9:00,40.6,43.5,54.6,47.2,48.1,46.6,51.5,43.2,47.2,46.5,40,43.2,45.3,50.9,47.5,42.8,46.5,44,43.6,40.5,41.5,44.3
9/3/2017,10:00,36.8,38.5,46.8,39.1,38.3,41.7,39.9,40.8,42.2,40.9,35.2,38.3,39.7,40.5,42.7,36.5,44,41,36.8,29.9,37.9,38
9/3/2017,11:00,34.9,33.6,45.6,36.6,36.4,41.1,39.3,40.2,39.2,39.7,34.5,33.3,38,38.1,39.1,39.1,40.5,37.2,36.8,33.6,37.9,34.7
9/3/2017,12:00,31.9,42.2,50.9,45.3,41.9,35.4,44.8,42.7,41.1,38.5,35.9,33.3,38.6,46,47.6,39.7,41.6,39.2,33,36.2,41,37.4
9/3/2017,13:00,36.8,45.9,52.8,46.6,45,39.2,46.6,39.7,45.4,41.6,36.5,40.2,43,44.8,47.6,41.6,46,41.7,39.9,42.4,37.3,43.2
9/3/2017,14:00,41.4,48.2,55.8,51.4,48.6,43.6,51.5,45.9,48.4,47.2,40.2,42,47.2,52.1,51.8,47.7,49,43.5,46.7,44.9,44.2,46.9
9/3/2017,15:00,38.3,50,57.5,53.8,52.8,46.2,52.7,47.6,50.9,50.8,42.6,46.3,50.2,52.7,54.8,54.4,53.3,43.5,46.1,48.5,46,49.9
9/3/2017,16:00,30.1,44.7,59.3,54.9,55.7,49.2,55.7,51.2,53.3,52.1,45,45.8,51.3,54.4,54.2,53.3,55,46,47.3,49.6,50.2,53.6
9/3/2017,17:00,45.7,47.7,61,58.9,58,55.7,55.7,53.5,57.9,56.1,48.5,52.2,56.5,60.3,61.6,58.5,62.7,49,53.8,52.6,51.9,51.8
9/3/2017,18:00,55.8,61,65.6,64.1,63.8,58.1,62,59.9,60.2,61.4,55.5,54.5,60.1,67.2,67.3,64.8,67.3,48.3,58,59.6,56.6,58.8
9/3/2017,19:00,67.8,68.4,70.1,69.6,67.1,95.1,69.5,62.8,67.1,66.5,64.1,66.5,70.3,70,80.5,69.9,74.1,72.6,73.7,65.8,62.9,66.2
9/3/2017,20:00,68.4,70.6,71.2,70.2,66.6,95.5,70.1,65,68.1,68.2,66.3,68.8,69.1,69.4,75.6,73.2,74.7,70.4,69.8,68,62.9,69
9/3/2017,21:00,70.1,71.1,72.3,71.8,69.4,97,72.9,66.7,68.1,69.8,68.5,68.8,68.6,70.5,76.1,73.2,75.8,71,69.3,69.1,65.2,70.7
9/3/2017,22:00,72.8,73.3,72.9,71.8,70,96,74.7,67.8,70.4,70.4,70.2,70.4,71.3,73.9,78.3,74.3,77.4,71.5,69.3,70.2,66.3,70.1
9/3/2017,23:00,71.1,75.5,74,75.2,72.8,95,75.2,69,72,72.6,71.3,70.4,73,74.5,79.3,75.4,79.7,74.2,71.4,73.5,67.5,71.8
9/4/2017,0:00,73.3,74.4,74,75.7,72.2,95.5,75.2,69.5,72.6,74.3,73.5,71,73,75,79.3,76.6,79.1,72.6,70.3,73.5,67.5,71.8
9/4/2017,1:00,72.8,74.4,74.6,74.6,71.1,95.5,75.8,72.3,72,75.9,74.1,72.1,73,74.5,79.9,78.2,79.7,72,72.5,72.9,71.9,74
9/4/2017,2:00,75,74.4,75.1,74.6,70.5,95,74.6,72.8,73.1,75.9,75.7,73.7,73.5,75,79.3,79.3,79.7,72,73.6,74,68.6,74.5
9/4/2017,3:00,78.7,74.4,74.6,75.7,76.1,96.5,75.8,73.9,75.3,83.9,83.7,78.1,73.5,73.9,79.9,83,81.9,75.2,80.6,77.2,73.5,78.2
9/4/2017,4:00,87.5,86.1,84.4,89.8,84.9,96.5,91.1,76.6,82.2,90.6,88.3,85.9,84.2,93,92.3,89.8,92.1,85.9,85.6,86,71.3,84
9/4/2017,5:00,84.4,83,84.4,91.8,86.5,96,87.3,73.3,83.2,86.5,87.3,84.9,80.5,92,90.3,86.7,89.4,80.4,85.6,84,74,82.4
9/4/2017,6:00,84.4,84,84.9,89.8,82.7,95,87.3,76.6,81.1,85.5,86.8,80.7,80.5,91,91.4,86.2,91.6,79.4,79.4,82.4,75.7,81.4
9/4/2017,7:00,85.4,85.1,85.4,91.9,81.6,95.5,88.4,76.6,81.7,85,84.2,81.8,82.6,90.5,91.9,84.6,89.5,78.9,83.1,80.3,76.8,81.9
9/4/2017,8:00,76.1,76.8,82.2,80.6,76.1,97.5,84.7,74.4,80.6,83.9,80.6,79.1,80.6,84.8,84.2,78.7,83.6,77.9,81.6,68.1,73.6,79.8
9/4/2017,9:00,72.9,61.1,76.3,72.5,70.6,96,75.3,70.6,77.5,78.1,66.5,70.5,69.8,76.2,76.8,73.3,79.2,74.2,73.6,64.8,69.7,75.7
9/4/2017,10:00,64,60.5,77.4,73.6,72.3,88,73,67.3,73.2,73.8,61.9,62.7,68.1,76.8,76.2,68.9,70.3,68.9,65.4,53.9,61.3,69.2
9/4/2017,11:00,58.2,63,72.4,66.4,65,82.9,70.8,61.6,70.5,65.6,58.6,57.6,60.3,70.1,66.9,62.6,70.9,68.9,62.6,60.8,58.4,64.7
9/4/2017,12:00,51.8,62.3,70.2,61.9,63.8,78,67.3,61.1,67.7,67.2,56.2,55.9,58.5,67.2,69.7,68.9,65.7,66.7,62,58.5,56.7,64.7
9/4/2017,13:00,57.7,61.7,69.1,61.9,62,76.4,63.8,58.8,67.1,64.9,55.1,58.1,60.2,67.2,67.9,64.3,65.1,61.7,61.5,57.3,57.3,64.7
9/4/2017,14:00,54.7,57.7,68.4,65.2,63.2,75.8,62.7,60.5,67.1,63.1,60.1,54.6,62.9,70.6,66.8,67.7,68.5,62.8,63,59.6,57.8,62.3
9/4/2017,15:00,61.1,67.3,72.3,68,66,67.4,70.1,65,70.4,68.8,63,59.7,66.4,68.9,73.4,71.6,72,67.7,64.2,60.8,60.1,67.9
9/4/2017,16:00,62.8,63.5,68.5,67.5,64.9,66.8,66.2,65,70.9,68.8,63,62.6,66.4,69.5,73.4,71.6,71.3,66.1,63.1,61.3,61.2,64.5
9/4/2017,17:00,55.8,65,71.2,68.6,66.6,66.2,66.8,64.4,68.7,65.4,60.1,56.9,65.2,68.3,69.6,67.1,70.2,60,61.9,62.9,59.5,62.2
9/4/2017,18:00,62.7,66.7,71.8,69.6,67.1,67.4,66.8,64.9,69.8,67.1,63.5,59.1,68,71.1,73.9,69.3,71.3,65,64.7,64.6,61.7,63.4
9/4/2017,19:00,66.6,71.1,72.2,71.8,68.2,69,71.8,67.2,71.4,68.7,66.3,64.2,69.6,73.3,76.6,72,75.2,68.3,65.8,66.3,63.4,66.2
9/4/2017,20:00,73.8,75.4,75,73.4,70.5,72.3,73.4,69.4,73,72,70.2,69.8,72.9,76.6,80.9,75.9,77.4,73.1,69.1,69.6,64.5,70.6
9/4/2017,21:00,73.8,77.1,75.6,74.5,69.9,74.5,76.2,69.9,74.6,73.7,73.5,73.1,73.4,77.1,80.9,77,79.1,74.1,72.4,72.3,67.4,74.4
9/4/2017,22:00,77.6,78.1,76.7,75.6,71.6,77.2,77.9,71.6,75.2,75.9,75.6,74.7,75.1,78.2,83,78.7,82.9,75.1,74,74.4,67.9,74.4
9/4/2017,23:00,79.1,80.8,77.8,78.3,73.2,78.3,79,72.2,76.8,76.4,76.1,76.3,76.7,79.8,84,79.7,84.6,76.7,74,76.6,70.2,76.1
9/5/2017,0:00,80.2,80.8,79.4,78.8,76.1,80.5,80.7,73.2,78.9,77.5,77.7,77.4,77.8,81.4,86.1,81.8,86.7,78.3,75.6,78.7,70.7,79.2
9/5/2017,1:00,83.3,81.8,81,80.4,76.6,81.5,84,74.3,78.9,79.1,81.5,80.1,78.8,83,86.6,83.5,88.9,80.8,78.8,81.3,71.2,80.8
9/5/2017,2:00,85.3,81.3,82.1,82,77.7,82,84.6,75.4,79.9,80.7,83.1,80.1,79.9,83.5,88.2,83.5,89.9,79.8,79.9,80.8,72.3,81.3
9/5/2017,3:00,85.8,81.8,82.6,83,79.9,85.7,86.2,74.9,80.5,80.1,83.1,80.6,79.9,84.1,88.2,84,91.5,79.8,81.9,81.3,73.4,82.9
9/5/2017,4:00,86.8,83.4,82.6,83,77.7,84.7,85.1,75.4,82,82.3,84.6,81.6,80.9,84.6,90.7,86.1,92,81.3,82.9,82.8,73.9,83.9
9/5/2017,5:00,86.3,87,84.2,83.5,81.5,85.7,86.7,76.5,82.6,82.8,85.1,83.2,82.5,85.7,90.7,87.1,91,83.8,82.9,84.9,77.2,84.3
9/5/2017,6:00,88.8,85.4,85.3,84.6,82.6,87.8,88.3,77.6,85.2,83.3,86.2,83.2,84.6,85.1,91.8,87.1,93.6,84.8,82.9,84.4,77.2,85.4
9/5/2017,7:00,89.3,83.9,85.3,84.6,82.1,88.3,88.3,78.1,83.6,83.8,85.1,83.2,82.5,84.1,92.3,87.6,94.1,82.8,82,83.9,77.7,83.9
9/5/2017,8:00,79.7,69.4,85.3,75.6,77.2,84.7,86.2,73.3,81.6,84.4,83.6,80.1,79.4,77.1,66.7,82.9,85.1,79.8,79.4,74.5,74.5,82.9
9/5/2017,9:00,72.2,67.8,77.2,72.4,73.9,76.2,80.2,74.4,77.9,81.3,70.2,75.3,67.4,72.7,74.4,79.8,81.9,77.3,73.5,68,71.3,78.7
9/5/2017,10:00,69.4,62.8,76.7,69.1,69.4,72.9,71.2,71.1,73.1,74.8,63,64.9,61.3,71.7,73.4,74.3,76.9,74.7,67.6,52.7,65.7,71.8
9/5/2017,11:00,61.7,62.2,73.4,66.8,66,65.7,68.9,66.1,72.6,66.6,59,58,60.2,68.3,68.4,67.6,72.4,70.9,63,61.2,61.7,66.8
9/5/2017,12:00,51.6,63.9,71.2,64.1,64.8,62.3,67.2,63.8,70.4,63.1,58.4,61.5,57.8,67.2,71.8,67.1,70.2,66.6,60.2,63,59.4,66.2
9/5/2017,13:00,55.8,65,71.8,62.9,64.8,58.1,64.9,60.4,68.1,65.3,56.1,56.3,58.4,63.8,69.6,66.5,69.6,64.4,59.6,61.2,58.9,62.8
9/5/2017,14:00,51.6,58.2,68.4,60,63.2,58.1,61.4,60.4,65.3,62.5,54.9,51.6,58.4,62,60.5,63.7,65,61.6,56.1,56.7,58.3,58.8
9/5/2017,15:00,44.4,57,67.8,60,63.7,55.7,60.3,57.5,64.2,59.6,52,54.5,58.4,62.6,62.2,59.6,59.8,55.4,54.9,54.9,55.4,55.8
9/5/2017,16:00,34.5,43,67.8,60,60.8,57.5,57.9,57.5,63,59.6,54.9,55.1,58.9,63.1,62.2,59,65.1,57,53.8,56.1,53.6,55.8
9/5/2017,17:00,49.8,46.5,71.2,66.3,67.1,58.6,63.8,57.5,65.3,61.9,53.7,55.1,62.9,68.3,61.1,61.9,68.5,49,56.2,60.1,54.2,51.2
9/5/2017,18:00,64.4,63.8,74,70.7,71.7,65,68.9,63.3,70.4,68.2,61.2,63.7,67.5,73.9,73.9,69.3,76.4,48.3,63.6,66.9,59.5,66.8
9/5/2017,19:00,70.6,72.8,76.7,74.6,72.7,71.2,74.6,68.9,74.2,73.2,68.5,69.3,72.9,76.6,78.3,76.5,80.2,67.1,68.1,69.6,65.7,70.1
9/5/2017,20:00,72.7,76,76.1,74.6,73.8,72.3,72.8,68.2,75.2,74.8,70.2,73.1,74.6,78.2,80.9,77,81.3,71.4,71.4,71.7,65.1,71.7
9/5/2017,21:00,76.5,75.4,77.2,76.1,74.4,75.7,75.1,69.4,74.6,74.2,71.8,72,73.4,78.2,81.4,75.9,84,72,70.8,73.9,65.6,71.7
9/5/2017,22:00,75.9,75.9,78.9,75.6,72.7,76.2,76.8,68.2,74.6,73.1,71.8,73.1,74,80.4,82.5,74.8,86.2,72.5,71.9,73.9,65.6,70.6
9/5/2017,23:00,77,76.5,79.4,77.7,73.8,76.2,78.5,68.8,75.2,72,72.9,73.1,74,83.1,83,74.2,84.5,72.5,72.4,74.4,66.7,71.6
9/6/2017,0:00,79.1,77,79.9,78.3,75.4,76.2,79.6,70.4,76.2,72.5,73.4,72.5,74.5,83.6,85.1,75.3,86.7,71.3,71.8,76.6,69,73.8
9/6/2017,1:00,79.1,78.1,80.5,79.3,74.3,77.7,81.2,70.4,72.9,73.6,74.5,73,74.5,83.6,85.1,75.8,86.7,73.5,71.8,76.6,70.6,73.3
9/6/2017,2:00,80.7,78.1,80.5,78.8,74.8,78.3,80.7,72.7,73.4,75.8,75.6,74.7,76.1,84.1,84.5,75.8,87.2,74.1,75.6,77.6,71.1,74.9
9/6/2017,3:00,81.7,76.9,82.1,80.9,74.3,79.8,81.7,73.2,74,76.9,78.2,76.8,77.7,84.1,84.5,79.6,89.4,76.7,74.5,78.7,70.6,76
9/6/2017,4:00,84.3,80.2,83.1,81.4,76.5,82,84,73.7,73.4,78.5,79.3,77.4,77.7,84.1,84.5,80.7,91.5,77.2,77.2,79.7,73.3,77
9/6/2017,5:00,83.8,80.2,82.6,81.9,77.6,83,84.5,73.7,77.2,78.5,79.8,78.4,78.8,83.5,86.6,80.7,92.5,76.7,77.7,80.2,73.3,77.6
9/6/2017,6:00,86.3,81.2,83.7,81.4,80.3,84.1,85,74.3,78.3,78.5,81.4,77.9,80.4,84,88.7,83.4,93.6,76.7,79.8,82.8,72.3,81.2
9/6/2017,7:00,86.8,81.7,84.7,82.4,79.8,84.1,84.5,77.6,79.3,81.7,80.4,79.5,79.8,84,86.1,82.3,93.1,77.2,78.2,81.8,78.2,82.3
9/6/2017,8:00,79.7,63.8,83.7,74.5,76.1,83.6,82.9,75.4,77.3,80.7,76.6,74.7,76.6,76,60.4,77.5,86.7,76.7,75.6,61.2,75,78.1
9/6/2017,9:00,64.9,65.5,75.6,69.6,70.5,72.3,76.3,71.6,74.1,74.7,61.7,68.1,65.2,72.2,68.3,68.1,77.4,71.9,68.6,64.1,70.2,71.7
9/6/2017,10:00,62.1,54.2,73.9,64.6,65.4,67.3,66.1,67.2,69.7,69.8,53.7,59,57.2,67.7,66.1,64.1,70.1,64.9,61.8,48.4,61.1,64.5
9/6/2017,11:00,57.5,58.2,68.3,60.6,60.2,61.6,62,62.7,67,60.8,49.6,50.4,55.5,62,63.4,62.5,66.7,62.7,56.6,56.1,58.3,62.2
9/6/2017,12:00,46.2,58.2,65.4,58.9,59.6,56.3,60.2,58.6,64.2,55.5,47.2,52.7,53.6,60.2,63.4,59.6,64.4,60.4,53.8,53.1,54.7,56.3
9/6/2017,13:00,49.1,56.3,66.6,58.2,62.5,55,57.8,56.8,62.9,57.2,47.2,53.2,54.1,58.4,58.6,60.7,63.7,54.7,55.4,54.1,53.5,56.3
9/6/2017,14:00,47.2,55.1,65.4,58.2,57.7,53.2,54.1,55,60.6,57.2,46.5,45.5,54.7,56.5,53.4,57.7,60.7,51.1,52,54.1,52.9,53.8
9/6/2017,15:00,39.1,55.1,63,55.1,57.1,51.3,52.9,52,59.4,54.1,45.8,50.1,55.8,55.4,56.9,54.1,58.9,51.1,49.3,53.5,49.1,54.3
9/6/2017,16:00,29.7,43.2,64.2,58,60,53.1,56.5,53.1,60,57.6,51.1,52.5,56.9,59.5,59.1,60.5,63,52.1,53,56.4,51.5,54.3
9/6/2017,17:00,50.7,43.8,67.6,62.1,64,57.2,57.7,54.9,62.2,59.9,51.1,53.6,60.4,62.4,58,59.9,67.1,43.9,53.5,58.7,52.7,48.5
9/6/2017,18:00,60.2,61.4,70.4,67.2,69.2,62.5,65.3,60.2,65.7,64,58.7,57.8,64.4,69.2,69.3,66.8,72.8,43.3,59.9,66.7,56.3,62
9/6/2017,19:00,64.8,70.4,73.8,71.1,73.2,67.1,69.9,64.2,68.5,69.1,63.3,64.1,68.9,72.6,75.4,69.7,78.4,59.7,64.5,71.7,60.4,66.6
9/6/2017,20:00,70.4,75.3,76,76.6,74.8,71.1,73.9,68.1,71.8,71.3,67.2,70.2,71.7,76.5,78.7,73,81.2,69.7,67.9,74.4,64.4,71.6
9/6/2017,21:00,72.1,75.9,76.6,76.6,75.4,70.5,75.6,68.1,72.9,73,68.9,71.3,72.8,77.6,80.3,73,83.4,69.2,67.3,75.4,66.7,72.7
9/6/2017,22:00,75.8,76.4,77.7,77.1,73.1,72.2,76.7,68.7,74.5,74.1,70.6,72.9,73.8,78.6,82.9,74.1,86.1,72.9,69,74.9,65.5,72.7
9/6/2017,23:00,77.4,76.4,78.2,77.6,74.2,75.4,77.8,68.1,74.5,71.9,71.6,72.4,74.4,79.2,82.4,75.8,85.5,72.4,71.2,77,67.1,73.2
9/7/2017,0:00,79,78.5,79.3,79.8,75.3,75.4,80.6,70.3,75.6,72.4,73.8,74.6,75.5,81.9,85,75.2,87.7,72.4,72.3,76.4,69.4,74.3
9/7/2017,1:00,80.1,80.1,80.3,80.3,77.6,77.1,82.8,73.1,75,72.9,75.4,74.6,73.8,82.4,85.5,76.3,85.5,72.4,72.3,79.1,71.6,76.9
9/7/2017,2:00,82.7,81.2,82,83.4,77.6,79.7,85,72.5,77.2,73.5,75.4,75.1,74.9,82.4,84.4,77.9,89.8,72.9,76.5,80.1,72.1,78.5
9/7/2017,3:00,83.2,81.7,83.6,82.9,78.6,81.3,85.5,72.5,77.2,74.6,78.1,76.2,77.6,83.4,86.5,79,91.9,73.9,76.5,82.2,71,80.6
9/7/2017,4:00,85.2,82.2,83.6,83.4,79.2,82.4,85.5,74.7,79.3,77.3,80.3,77.8,77.6,83.4,88.1,81.7,92.5,76.6,77.1,83.8,72.1,81.7
9/7/2017,5:00,86.8,82.7,84.1,84.5,81.3,84,88.8,74.1,80.3,77.8,82.4,79.9,80.8,83.9,89.1,82.8,94.1,77.1,78.7,83.8,72.6,83.8
9/7/2017,6:00,87.8,83.8,84.1,85,79.1,85.6,88.8,74.1,81.4,81.1,82.4,83.1,81.3,85,89.1,83.8,95.6,78.1,79.2,84.8,74.3,83.8
9/7/2017,7:00,87.8,83.8,84.6,85.5,80.8,84.5,88.2,75.3,83,80,81.8,79.4,81.3,85.6,90.2,84.3,96.2,77.1,79.2,84.8,75.4,83.2
9/7/2017,8:00,75.8,64.8,82.5,70.5,74.2,84.1,85.5,70.9,80.4,79.5,78.7,76.2,76.5,75.9,62.6,76.3,90.4,72.9,74.4,56.4,72.7,77.5
9/7/2017,9:00,66.5,63.6,74.9,67.8,68.6,72.2,75.6,68.7,74,75.7,63.9,68.5,65.6,69.2,69.3,69.7,77.9,70.2,67.8,64.4,69.4,72.7
9/7/2017,10:00,63.1,49.8,69.9,61.5,61.8,69.4,65.9,64.8,69,69.1,57.1,60.7,52.8,63.5,63.6,65.1,70.6,66.9,61.7,47.6,61,63.7
9/7/2017,11:00,53.8,54.5,67.6,57,58.3,58.5,58.9,59,62.8,58.2,47,46.6,49.9,59.5,58.5,60,61.3,59.1,55.3,52.9,54.6,56.2
9/7/2017,12:00,42.3,52.1,61.9,52.2,56.6,50.7,54.8,51.9,59.4,51.8,45.9,49.6,47.4,55.4,55.6,54.1,58.9,55.7,50,50,48.6,55
9/7/2017,13:00,44.1,51.5,63.1,52.2,53,46.4,52.3,51.9,55.9,50.5,41.1,45.3,48.6,53.6,55,51.7,54.1,51,46.4,49.3,47.5,50.1
9/7/2017,14:00,39.7,53.2,61.8,53.4,54.8,45.1,52.3,49,55.3,49.2,42.2,41.7,49.8,54.8,50.8,49.8,54.7,46.7,44.4,49.9,45.5,49.6
9/7/2017,15:00,36.5,50.3,62.5,52.8,55.9,44.4,50,49.6,55.3,51,40.9,47.1,50.9,54.8,55.6,50.3,54.1,46.2,45.7,51.7,46.7,52
9/7/2017,16:00,25.9,36.5,60.7,51.6,54.7,46.3,48.1,45.3,55.9,49.8,42.2,45.3,49.1,52.9,52.1,49.8,54.1,45.5,46.3,49.8,43,47.1
9/7/2017,17:00,45.2,40.1,64.8,58,62.3,51.2,52.9,50.7,57,53.4,43.9,47.7,55.1,61.8,47.3,53.3,61.8,37,48.7,56.4,46,42.8
9/7/2017,18:00,56.7,57.3,69.3,64.9,64.6,58.4,61.8,55.4,62.8,60.5,54.6,56.5,62.7,68.1,68.8,63.4,70.5,46.8,57,60.4,50.9,57.9
9/7/2017,19:00,61.8,68.7,72.6,68.8,69.7,63,69.8,57.7,66.8,65.1,60.4,61.7,66,70.9,73.2,66.2,73.9,59.6,62.2,67.2,54.4,64.8
9/7/2017,20:00,67.5,74.2,74.3,73.8,73.1,67.6,72.7,65.2,70.7,70.2,67.2,70.2,71.1,75.9,78.6,73,78.4,67.5,66.7,70.5,59.7,69.9
9/7/2017,21:00,71.4,76.4,75.4,74.9,72.5,71.6,74.4,67,72.3,72.4,68.8,71.3,72.2,78.6,81.3,73,80.6,71.8,69,74.3,62,70.4
9/7/2017,22:00,70.8,74.7,74.8,74.3,71.4,70.4,75.5,67.5,71.7,69.6,67.1,69,71.6,77,81.3,70.7,81.1,71.2,67.2,71.6,64.3,69.2
9/7/2017,23:00,75.2,74.2,75.9,75.4,74.2,71.5,75.5,70.9,70.6,72.3,69.4,70.7,71,79.2,79.1,73.5,82.8,68.5,67.8,74.3,68.2,72.1
9/8/2017,0:00,76.3,75.8,78.7,78.7,74.7,74.9,78.3,70.9,72.8,72.9,73.3,73.4,73.8,78.6,79.1,76.3,82.8,72.3,71.7,76.4,68.8,72.1
9/8/2017,1:00,77.4,76.3,80.3,79.7,78.1,76.5,78.9,70.3,73.3,77.3,76.5,75.1,74.3,78.6,80.7,77.9,82.8,72.8,71.7,81.7,69.3,79.1
9/8/2017,2:00,83.2,82.2,82.5,81.3,78.6,78.7,83.9,72.5,77.7,79.5,79.7,78.9,78.2,80.7,84.4,80.6,90.9,79.2,73.8,82.8,69.3,79.6
9/8/2017,3:00,85.7,82.2,84.1,84,80.8,79.2,86.1,72.5,77.1,80,82.4,81.5,81.4,82.3,86.5,82.8,92.5,79.2,76,82.8,71.1,81.7
9/8/2017,4:00,87.3,80.6,84.7,85,81.9,80.8,85.5,75.3,78.2,81.6,84,82.1,78.7,83.4,88.1,81.7,94.1,81.2,77,85.3,73.8,82.7
9/8/2017,5:00,87.3,83.2,85.7,85.5,84.1,83.5,89.3,75.8,79.3,82.1,86.1,83.6,81.9,83.4,89.6,82.8,94.1,79.7,80.2,85.3,73.8,84.3
9/8/2017,6:00,89.3,83.8,86.2,86.5,86.2,85.1,87.1,76.3,80.8,83.2,84,83.1,81.3,84.5,89.6,84.4,96.1,80.2,79.7,85.8,74.3,85.3
9/8/2017,7:00,88.8,84.3,86.8,86,84.6,85.1,88.2,76.9,81.4,82.7,85,83.7,81.8,85,90.1,84.4,96.1,81.2,80.2,84.8,76.5,84.3
9/8/2017,8:00,79.6,68.8,87.4,74.4,80.9,82.4,86.7,75.8,82,83.2,81.3,78.9,78.7,78.7,69.4,80.2,87.7,80.2,76.6,81.2,78.1,82.8
9/8/2017,9:00,71.5,72.6,83.7,78.2,75.9,77.7,79,75.8,78.8,80.6,74.4,74.6,73.4,79.2,78.1,75.8,84.5,77.6,73.4,74.9,74.4,78.1
9/8/2017,10:00,69.3,57.5,73.2,68.9,68.1,71.6,70,70.9,74,73,59.9,66.3,67.3,72.1,72.7,73.1,75.7,70.8,67.9,50.1,67.2,67.8
9/8/2017,11:00,61.4,57.5,69.9,60.4,61.8,64.9,61.8,64.8,68.5,64.1,55.9,51.4,57.6,63.6,65.4,67.5,70.1,64.7,58.8,58.8,60.4,60.9
9/8/2017,12:00,47.2,57.5,67.1,58.2,60.7,57.9,60.1,57.3,64,53.6,48.3,53.7,54.1,61.9,64.9,58.8,63.1,59.1,54.2,56.5,52.8,57.4
9/8/2017,13:00,50.3,58.5,67.1,58.8,58.9,53.2,59.5,50.8,64,59.5,49.5,52,55.9,60.1,62.6,58.8,63.1,57.5,53.7,56.5,53.5,59.2
9/8/2017,14:00,45.4,57.4,65.3,56.3,58.3,52.5,58.3,53.8,62.9,57.1,46.5,47.2,55.9,58.9,59.7,58.3,60.1,52.2,53,54.6,51,55.6
9/8/2017,15:00,44.8,53.3,64.2,55.1,57.1,52.5,55.4,53.8,61.7,57.6,47,50.1,57.5,58.9,60.3,55.9,57.7,50.4,52.3,54.6,50.4,55.6
9/8/2017,16:00,30.4,40.8,64.2,58,60,54.9,57.1,55,61.7,58.2,49.4,52.5,58.6,60.6,59.7,58.8,61.3,53.9,55.3,56.4,51.6,55.6
9/8/2017,17:00,53.1,43.2,67,61.5,64,57.2,57.7,56.7,62.8,61.1,51.7,53.1,61.5,64.1,53.9,60.5,66.4,42,55.9,58.1,52.2,55
9/8/2017,18:00,58.4,56.2,69.8,65.5,67.5,60.7,63.5,59,67.9,63.4,57,57.8,63.2,69.2,68.7,62.8,71.1,45.6,59.4,61.6,53.9,61.4
9/8/2017,19:00,67,71.4,76,72.7,74.2,65.9,73.3,63.6,70.1,69.6,65,67.4,70.6,74.8,77.5,73.6,77.8,66.3,66.2,70,59.8,67.7
9/8/2017,20:00,76.9,76.4,78.1,76.5,74.8,73.2,78.3,70.3,73.9,75.7,73.8,75.1,73.2,77.5,81.3,80.7,83.9,75,73.3,72.7,67.2,74.8
9/8/2017,21:00,77.4,79.6,81.4,79.2,78.1,76,80.6,70.9,77.2,77.3,76,76.7,76.5,78.6,83.9,82.3,87.2,77.1,74.4,75.9,67.7,76.9
9/8/2017,22:00,80.1,79.6,81.4,78.7,78.6,78.2,81.7,73.6,79.3,78.9,80.3,79.9,76,80.2,86.6,83.9,89.3,79.2,76.6,79.6,70.5,79.6
9/8/2017,23:00,83.7,81.2,80.9,81.3,77.5,80.9,84.4,73.6,78.8,80,80.8,79.4,77.1,82.4,86,83.9,89.8,77.6,77.6,78.5,71.1,79.6
9/9/2017,0:00,85.2,81.7,82.5,82.4,80.3,81.4,85,74.8,79.3,78.4,81.3,79.9,79.2,83.4,88.6,82.8,92.5,79.2,79.2,82.7,71.6,81.2
9/9/2017,1:00,86.2,83.8,83,83.4,80.3,83,86.6,73.6,81.4,81.1,83.4,82.6,80.8,83.9,89.1,83.3,94.1,81.7,79.2,83.2,71,82.7
9/9/2017,2:00,87.3,82.7,84.1,82.9,79.7,85.1,86.1,75.8,81.9,83.2,86.1,83.6,81.9,85,89.6,86.5,95.1,83.7,82.3,84.3,73.8,84.2
9/9/2017,3:00,89.2,83.8,83.1,82.9,79.2,85.6,85.5,75.8,83,82.7,86.6,84.2,82.4,82.4,88.6,88.1,94.1,83.7,83.9,82.7,75.9,83.8
9/9/2017,4:00,86.3,80.6,83.6,80.8,77.5,85.6,83.3,77.5,83.5,83.7,84,82.1,81.9,80.2,89.7,84.9,91.4,81.2,83.4,82.7,75.4,82.7
9/9/2017,5:00,82.7,79.6,83.6,79.7,76.4,84.6,82.2,76.9,81.9,82.1,81.9,80.4,80.3,79.7,86.5,83.3,89.3,79.7,82.9,79.6,76.5,79.6
9/9/2017,6:00,83.2,78.5,80.8,78.6,75.8,85.1,81.1,75.8,81.4,78.9,80.3,79.9,79.7,78.6,85.5,81.7,87.1,78.6,81.3,77.5,75.9,77.5
9/9/2017,7:00,80.1,77.4,78.6,77.6,75.2,84.6,80,74.7,80.3,77.8,79.7,76.7,78.1,77.5,84.9,80.6,86.1,77,79.2,76.4,73.7,76.4
9/9/2017,8:00,76.3,75.8,78.6,74.8,74.1,81.4,76.6,73,79.3,77.3,74.9,72.9,76.5,74.7,81.2,77.9,78.3,75.5,76,73.7,73.2,73.7
9/9/2017,9:00,69.2,68.6,74.8,71.5,71.3,77.6,71.5,71.4,75.5,76.2,67.2,67.3,71.6,73.1,77.5,74.1,73.3,71.2,73.3,67.7,72.1,70.4
9/9/2017,10:00,66.4,50.9,70.3,65.4,66.8,72.1,65.8,69.2,70.6,71.3,55.8,63.4,59.1,68,65.3,68.5,73.3,69.1,68.4,48.1,64.3,65.3
9/9/2017,11:00,58.4,54.8,65.8,56.2,59.3,63,58.8,63.5,66.1,61.7,51.1,46.5,52.7,60.5,64.2,65.1,65.9,63,59.9,55.7,58,61.3
9/9/2017,12:00,42,52.6,62.9,52.1,54.6,49.8,53.4,54.2,59.2,49.1,41.3,46.9,47.3,57,59.6,53.9,54.5,53.1,50.4,46,48.4,48.7
9/9/2017,13:00,43.9,52,61.8,53.3,52.3,47.5,53.4,43.2,58.7,52.2,43.2,44.6,47.9,55.8,57.8,49,56.4,51.5,48.6,46.8,44.1,52.4
9/9/2017,14:00,43.3,49,59.5,49.1,53.5,45,49.8,45.2,53.9,49.7,39,41,48.4,54,52,49,54.1,43.6,46.2,46.2,44.1,47
9/9/2017,15:00,34.5,47.2,59.5,52,54.6,43.1,51,43.9,53.3,47.2,38.3,42.1,49,55.8,53.6,45.4,48.4,41.1,43.7,47.4,41.6,48.1
9/9/2017,16:00,21.5,33.8,60.1,52,55.2,45.5,50.4,43.3,53.3,46.6,39.5,42.7,49,55.2,51.2,47.3,52.8,44.2,43,48,40.4,45
9/9/2017,17:00,42.5,38.7,64.1,57.3,60.5,46.1,53.4,48.8,49,53.3,45,46.4,52,60.5,43.5,52.7,58.1,50.2,45.5,54.5,45.4,51.3
9/9/2017,18:00,48.6,50.8,66.3,60.9,62.3,52.9,57.5,47.5,59.2,56.9,48.6,51.8,56.7,64.5,63,51.9,62.3,40.7,49.7,56.3,46.5,55.5
9/9/2017,19:00,60.1,65.2,72,68.2,67.4,58.8,66.9,57.1,63.9,61.6,58,60.5,62.6,69.7,70.9,66.2,69.8,59.5,58.1,62.1,54.4,63.6
9/9/2017,20:00,69.2,76.4,80.4,78.7,77.6,67,78.9,66.4,72.3,71.8,71.1,72.9,71.6,78.6,78.6,75.2,81.2,73.4,66.7,77,64.8,75.3
9/9/2017,21:00,78,81.2,81.5,82.9,82.5,75.4,82.3,73.1,77.8,79.5,78.2,79.4,78.7,81.3,85.5,84.4,88.8,79.7,76.6,82.8,70,79.6
9/9/2017,22:00,82.7,83.8,81.5,84,83,79.3,85,76.4,79.9,80.1,80.3,82.1,80.3,82.9,88.6,86,92,81.2,77.1,84.3,72.2,81.7
9/9/2017,23:00,84.8,83.8,82.5,83.4,83,80.9,85.6,75.8,80.9,81.1,81.9,82.1,81.3,82.9,88.1,84.9,94.6,81.7,76.6,86.8,71.6,83.8
9/10/2017,0:00,85.8,85.4,82.5,85.5,81.4,80.9,87.2,77.5,81.4,81.6,81.9,82.1,82.4,84.5,89.7,84.9,93.5,83.2,77.7,85.8,73.8,83.8
9/10/2017,1:00,85.8,84.9,83.6,85,84.1,83.5,88.2,77.5,82.5,82.7,83.5,83.6,82.9,85,89.7,84.9,94.1,84.2,80.3,86.8,73.8,84.3
9/10/2017,2:00,86.8,85.9,84.7,86.6,83.6,83.5,87.7,77.5,83,81.6,84,84.2,82.9,86.1,90.7,83.9,94.6,82.2,80.3,86.8,75.4,84.8
9/10/2017,3:00,86.8,85.4,85.2,86.6,83.6,84,89.3,76.9,83.5,81.6,84,82.6,82.4,85.6,89.1,85.5,95.1,81.7,77.6,85.8,74.9,83.2
9/10/2017,4:00,86.2,85.4,85.2,86,83.6,83.5,89.3,76.9,84,81.6,84.5,82.6,83.4,83.9,88.1,83.8,94.1,81.7,79.2,85.8,77,84.8
9/10/2017,5:00,85.3,83.8,85.7,86.6,81.9,81.9,89.3,76.3,81.9,80.5,82.9,81,84.5,83.9,86,82.8,96.2,81.2,73.2,85.8,77,85.3
9/10/2017,6:00,86.2,83.2,86.8,87.6,81.9,79.7,90.4,77.4,81.9,81.6,83.5,81.5,84.5,83.9,81.7,82.8,96.2,81.2,73.2,86.8,73.2,84.2
9/10/2017,7:00,85.7,83.8,86.8,87.1,81.9,79.7,90.4,76.9,79.2,83.2,84.5,83.6,83.4,83.9,85.5,81.7,96.2,81.2,72.7,84.8,77,85.3
9/10/2017,8:00,69.8,61.9,82,66.6,76.5,78.2,84.5,69.8,78.8,77.3,76.6,72.4,76.6,74.2,64.2,69.6,84.5,75.5,70.6,49.5,69.9,79.6
9/10/2017,9:00,58.4,64.2,76.5,67.1,65.8,63.6,71.6,64.7,66.7,68.4,55.2,61.7,59.9,67.5,68.8,59.2,70.5,62.4,57.5,55.8,63.2,67.1
9/10/2017,10:00,49.4,45.1,68.1,57.5,60,57.1,60.6,58.4,60.5,56.9,43.3,51.8,48.5,59.4,53,54.5,61.8,59.6,51,43.3,51.4,57.3
9/10/2017,11:00,42.7,43.5,60.7,48,49.4,46.8,49.8,52.5,50.9,50.4,37.9,34.8,41.2,48.6,48.3,46.6,52.2,49,45,45,44.8,48.9
9/10/2017,12:00,30,39.9,60.7,49.3,48.4,38.7,49.4,44.6,43.6,41.2,31,37.9,36.7,50,44.1,39.8,41.1,41.2,36.8,42.7,39.2,42
9/10/2017,13:00,33.4,42.4,54.2,46.7,48.4,39.6,46.2,40.4,46.9,43.1,33,37.9,40.1,46.3,47.2,37.4,47.5,40.1,39,45.1,36.1,42.8
9/10/2017,14:00,31.5,38,48.6,41.1,40.3,36.3,40.6,44.2,42.5,40.6,31.6,32.4,37.5,42.4,39.1,38.2,41.1,33.7,35.7,37.6,39.5,39.4
9/10/2017,15:00,28,33.6,48.6,38.6,43.8,32.9,36.8,37.2,39.2,37.9,30.2,33.4,37.5,42.4,36.5,36,37.9,31.6,33.7,36.8,33.5,36.2
9/10/2017,16:00,26,33.6,58.4,49.2,53.6,38,46.8,39,42.9,42.2,33.8,38.9,41.7,50.5,42.2,42.8,46,40.4,37.5,45,35.3,43.2
9/10/2017,17:00,42.7,46.1,66.5,58.6,61.2,48.2,56.5,47.1,53.4,53.4,46.3,48.8,51.6,62.4,49.1,52.7,58.2,40.4,47.5,55.2,43.6,51.9
9/10/2017,18:00,57.3,63.2,69.3,67.3,66.4,57.9,65.4,57.8,62.9,63.5,55.3,58.4,62.2,67.1,67.2,64,70.6,55.8,57.7,65.6,54.5,64.9
9/10/2017,19:00,60.3,68.2,73.3,71.2,72.6,63.1,67.6,60.2,65.2,64,60.5,63.5,65.6,70.4,70.5,62.8,72.8,67,61.2,68.9,55.8,63.7
9/10/2017,20:00,61.9,69.3,72.7,71.7,67.5,63.7,69.4,60.8,65.2,61.7,58.7,62.4,65.6,70.4,72.2,61.1,72.8,62.5,59.4,66.7,55.8,62.6
9/10/2017,21:00,65.3,75.3,77.6,74.4,73.1,63,75.6,65.3,67.3,67.9,65,66.3,68.3,76.4,77,71.9,73.9,68,63.4,71.7,60.4,69.3
9/10/2017,22:00,73.1,80.7,79.8,80.3,79.2,72.7,81.2,72,75.1,74.6,72.8,76.8,76.6,79.7,82.4,79.6,84.5,76.6,72.8,79.1,67.2,77
9/10/2017,23:00,75.3,76.9,79.3,80.8,80.9,74.4,81.2,73.7,75.1,75.2,75.5,77.3,73.8,80.3,79.7,76.4,87.2,72.9,72.3,80.7,72.2,78.1
9/11/2017,0:00,73.2,75.3,78.8,78.2,76.5,67,78.9,70.4,66.8,71.3,71.7,70.8,71.1,75.9,57.1,75.2,82.8,64.7,67.4,77.1,68.3,73.2
9/11/2017,1:00,73.2,74.2,77.6,76,73.2,57.6,77.3,70.4,61,70.2,67.8,67.4,63.2,74.8,65.8,72.5,75.6,63,54.5,76.5,67.2,72.7
9/11/2017,2:00,75.3,75.8,78.8,78.2,75.3,70.5,78.9,71.5,71.3,73,72.2,72.4,72.2,75.9,75.9,73,82.8,73.4,68.4,78.1,68.3,75.4
9/11/2017,3:00,74.2,76.4,79.3,78.7,75.3,72.7,81.2,70.9,72.9,71.9,72.8,72.9,73.3,78.1,78.1,74.1,84.5,70.2,69,77,70,73.8
9/11/2017,4:00,76.4,76.9,79.8,78.7,76.5,73.2,81.7,69.8,72.9,71.9,73.3,72.9,72.8,78.7,80.2,73.5,85.6,70.8,68.4,78.1,68.8,74.8
9/11/2017,5:00,77.4,79.1,81.4,80.8,75.3,73.2,81.7,70.3,75.1,73.6,73.8,74.6,75.5,80.3,81.8,74.7,87.7,74.5,68.9,78.1,67.7,77.5
9/11/2017,6:00,79.6,80.2,82,81.9,76.5,75.4,81.7,69.8,76.1,75.2,77.1,77.3,76.6,81.9,84,77.4,89.3,74.5,72.8,77.5,66.6,77.5
9/11/2017,7:00,82.7,78.5,83.1,81.4,75.9,76,83.4,70.3,75,76.8,76,76.8,77.1,81.9,81.3,78.5,88.8,74,72.3,78.6,69.4,77.5
9/11/2017,8:00,71,58,78.8,63.8,70.3,74.9,80.1,67,75,75.8,72.3,71.9,73.9,72.6,58.6,70.3,78.4,72.9,69,53.6,67.2,73.2
9/11/2017,9:00,60.9,57.4,68.8,62.1,62.3,69.4,68.2,63.6,67.9,69.7,59.4,63.5,61,63.6,63.7,66.4,68.8,64.2,64,55.9,58.7,66
9/11/2017,10:00,55.6,53.2,64.1,56.9,57.6,58.9,60.1,59,57,61.7,53,54.2,49.8,58.9,57.3,57.6,60.1,54.4,54.7,49.9,56.2,56.8
9/11/2017,11:00,50.8,50.3,57.2,52.2,50.6,53,54.8,53.7,54.1,58.3,50,45.4,50.4,51.1,55.6,49.7,53.5,49.7,48,48.2,50.3,52.6
9/11/2017,12:00,38.4,36.9,50,43.1,44.1,44.4,43.2,45.9,46.2,44.3,35.4,39.2,40.1,45,45.4,41.1,46.9,42.5,41.9,41.5,41.8,42.8
9/11/2017,13:00,31.4,45.7,59.7,47.6,49.1,37.5,50.1,41.7,49.5,41.9,31,37.5,42.7,48.3,48.6,39.4,48.9,43.9,35.8,45.9,37.4,45.4
9/11/2017,14:00,36.2,48.7,59.7,51.1,50.2,41.6,50.7,46.8,51.3,46.4,39.4,38.8,45.1,50.6,49.8,45.2,53.2,45.1,42.3,47.1,44.5,49.1
9/11/2017,15:00,38.5,42.5,58.4,46.2,51.3,46.4,49.4,52.1,51.8,49.9,43.5,47.2,49.9,52.4,51.5,51.2,52.4,45.1,48.3,48.2,48.7,49.1
9/11/2017,16:00,24.5,34.1,58.4,50.5,52.5,46.4,48.8,51.5,51.2,49.9,42.8,44.7,46.2,52.4,49.7,51.7,50.5,45.1,44.5,47.5,47.4,47.1
9/11/2017,17:00,43.4,38.3,58.4,52.8,54.8,47.5,51.2,52,52.3,52.9,43.3,44.7,51,54.2,38.3,52.2,55.3,38.4,45.1,50.5,47.4,46.5
9/11/2017,18:00,50.7,52.1,64.2,59.8,60,53,57.7,52,55.8,54,49.9,50.6,53.9,62.5,60.3,55.2,63,48.5,50.5,54.6,50.3,56.1
9/11/2017,19:00,58.4,67.7,73.3,70.6,72.1,58.9,70,54.8,62.3,62.8,57.5,61.2,63.9,71,69.9,62.2,71.7,63.6,59.4,67.3,51.4,63.2
9/11/2017,20:00,63.7,75.9,75.5,77.2,77.1,66,76.8,63.1,68.5,70.3,65.1,69.7,71.2,74.3,77.6,70.8,80.1,71.4,66.8,74.4,59.8,70.6
9/11/2017,21:00,72.1,78.6,77.2,78.8,79.3,70.6,78.5,67.1,72.4,73.1,69,71.9,74,76.5,81.4,73.1,84.5,74.1,67.9,78.2,63.3,74.4
9/11/2017,22:00,73.8,80.2,82.1,80.4,79.3,74.5,80.1,66.5,74.6,74.7,72.9,75.8,76.1,79.3,83.5,75.9,85.6,76.7,71.3,76.6,64.4,77.1
9/11/2017,23:00,75.4,82.3,82.1,81.4,82,76.6,84,68.2,76.2,76.9,77.2,78.4,78.3,80.3,84.5,75.9,87.8,77.7,73.5,80.8,65,80.8
9/12/2017,0:00,79.1,83.9,84.2,84.1,83.7,78.8,86.7,71,78.4,79.6,81.5,80,79.9,80.8,86.6,81.3,89.9,80.8,75.1,84.4,70.1,82.3
9/12/2017,1:00,81.2,84.9,84.2,85.6,84.7,79.9,88.3,73.8,79.4,80.1,82.5,82.7,81.4,81.9,87.1,81.8,90.9,82.3,76.7,84.9,72.8,84.4
9/12/2017,2:00,83.8,86,85.8,86.1,86.3,82.6,90.5,76.5,81.6,81.7,83.6,84.3,82.5,83.6,87.6,82.9,93.6,82.8,77.8,86.4,73.4,85.9
9/12/2017,3:00,86.3,87.5,87.4,87.2,87.9,84.1,91,77.6,83.1,82.8,85.6,86.8,84.1,85.7,89.2,85,94.1,86.8,80.9,87.9,74.5,87.4
9/12/2017,4:00,87.3,89.6,90,90.7,90.6,85.7,93.7,79.2,84.1,85.9,87.7,86.8,86.7,85.1,91.2,87.6,95.1,87.2,82.5,89.9,78.2,89.4
9/12/2017,5:00,88.3,90.1,90,90.2,89.5,86.7,95.3,79.7,86.7,86.9,91.7,90.4,86.7,86.7,90.2,90.2,97.2,90.1,84,92.3,78.2,90.8
9/12/2017,6:00,90.8,90.6,88.4,90.7,89,90.3,93.7,81.8,87.2,92,92.2,89.9,89.2,87.8,91.7,94.3,97.2,90.1,86,91.8,81.9,90.8
9/12/2017,7:00,90.8,90.1,89,91.2,87.9,90.3,94.7,81.2,88.2,89.5,91.7,90.4,89.2,86.2,92.7,93.2,97.2,88.7,87,89.9,80.3,90.3
9/12/2017,8:00,87.8,88,88.4,90.2,88.5,89.3,92.6,79.7,87.7,89.5,87.2,87.3,87.2,85.1,92.7,90.7,96.2,87.2,87.6,88.9,79.8,88.8
9/12/2017,9:00,82.8,82.9,86.9,84.1,83.1,84.7,86.7,80.2,85.2,87.4,81.5,82.7,83.1,78.2,88.2,85.5,90.4,83.8,80.4,83.3,76.1,87.4
9/12/2017,10:00,74.3,71.6,80.4,71.8,76.5,81,76.2,76.5,78.9,81.7,65.2,74.7,66.9,73.2,73.3,79.2,82.9,79.8,74,66.2,70.1,77.6
9/12/2017,11:00,65,68.8,77.7,67.3,70.9,67.8,71.7,70.5,74.1,74.2,57.8,50.4,61.1,69.8,74.4,72,78,75.1,68,66.2,65.1,69.5
9/12/2017,12:00,53.9,66.1,76,67.9,70.4,62.7,70.6,65.4,72.4,68.6,56,60.8,61.1,69.3,73.3,70.4,74,71.4,63.5,65.1,61.6,68.3
9/12/2017,13:00,55,63.7,72.7,64.5,66.9,60.3,66.6,64.3,69.1,66.9,54.8,57.8,56.4,65.3,70,68.1,72.3,64.3,60.6,61.7,61.6,65.5
9/12/2017,14:00,47.2,62,70.5,59.8,65.2,56.8,61.2,59.7,64.6,62.3,51.2,49.6,56.4,63,63.2,59.4,67.1,58.1,57.1,59.9,56.9,60.3
9/12/2017,15:00,44.8,50.4,68.8,57.5,64.1,55.5,58.3,57.9,64.1,62.3,50.6,56.1,56.9,61.3,62.1,60,64.3,55.2,55.3,59.3,56.4,61.5
9/12/2017,16:00,34.8,42.1,68.2,60.4,62.3,56.7,58.9,57.9,63.4,61.7,53,55.5,57.5,61.8,61.4,62.9,63.6,58,54.2,58.7,56.9,58
9/12/2017,17:00,54.9,42.6,69.9,62.6,66.3,59,60,60.8,64.5,62.8,53.5,56,59.8,62.9,46.2,63.4,70.5,45,55.9,61.6,56.3,59.6
9/12/2017,18:00,62.5,57.3,71.5,66.6,68.6,62.5,63.5,64.2,66.2,66.3,60.5,60,63.2,69.2,70.4,68.5,73.9,47.4,61.1,67.2,60.4,63.7
9/12/2017,19:00,68.7,72,76,72.7,73.1,66.5,72.7,67.6,70.7,71.3,67.8,68.5,68.9,75.4,77,75.8,77.8,68,66.8,68.9,65.5,70.5
9/12/2017,20:00,74.2,77.4,80.4,78.2,75.3,72.1,81.2,70.3,76.1,76.8,75.5,76.8,74.4,78.6,82.4,80.7,85.5,77.1,72.8,74.9,67.7,77.5
9/12/2017,21:00,77.4,80.7,81.4,80.8,79.8,76,82.8,73.6,78.3,80.1,78.2,79.4,77.1,79.7,84.5,83.3,87.2,78.7,76.1,78.1,71.6,79.6
9/12/2017,22:00,78.5,83.3,84.2,84,82.5,79.2,85,74.8,80.9,81.1,80.8,80.5,80.3,81.3,85,86.5,90.4,81.2,78.7,82.8,73.2,80.7
9/12/2017,23:00,81.6,83.8,83.1,85.6,83.6,82,87.2,77.5,82,83.2,83.5,81.6,82.4,86.1,89.7,86,92.5,85.2,80.3,85.8,74.4,83.3
9/13/2017,0:00,83.7,85.4,83.1,85.6,82.5,83,85.6,78.5,84.6,84.8,83.5,83.7,83.5,87.7,88.6,87,92,85.2,80.8,85.8,75.4,82.7
9/13/2017,1:00,84.8,85.9,84.7,86.1,84.7,84.1,87.2,77.4,84,83.7,84,82.6,84,87.2,88.6,85.4,92,85.7,81.3,85.8,76,83.3
9/13/2017,2:00,84.2,87.4,84.7,87.6,85.2,84.1,87.7,79.6,85.1,83.7,85.5,83.6,84,87.2,88.6,86,92.5,84.7,82.3,86.3,79.2,84.8
9/13/2017,3:00,85.8,85.4,85.2,88.1,86.2,86.1,87.7,82.2,85.1,83.7,86.1,85.2,82.9,87.2,89.7,87,94.1,83.2,83.4,86.3,82.3,83.8
9/13/2017,4:00,85.2,85.9,85.7,87.6,86.2,86.1,87.2,80.1,84.5,83.7,86.1,85.2,85,85.1,88.1,87,94.1,84.2,84.4,86.3,81.2,84.8
9/13/2017,5:00,85.7,84.3,85.7,86.6,86.2,85.6,88.3,82.2,85.6,84.8,85,84.2,85,86.1,89.1,87.5,92.5,85.7,84.4,87.3,83.9,85.3
9/13/2017,6:00,85.7,87.4,85.2,87.6,83,87.2,89.3,81.7,86.1,85.3,84.5,83.6,86.1,86.6,89.7,86.5,90.4,85.2,84.4,85.8,79.1,85.3
9/13/2017,7:00,84.7,84.9,84.1,84.5,80.8,85.6,85.5,79,85.6,83.2,82.9,83.6,85,84.5,88.6,85.4,89.3,83.7,81.8,82.2,78.6,82.2
9/13/2017,8:00,79,80.1,82.5,82.4,80.2,81.9,80,76.8,83,82.7,78.7,78.9,81.3,81.3,85.5,81.2,83.9,79.7,79.2,78,77,78.5
9/13/2017,9:00,73.1,74.2,79.8,76.5,75.8,80.3,76.6,73.6,79.8,77.8,70.5,70.2,74.8,78.6,80.7,76.3,78.9,74.4,76,73.2,74.3,73.7
9/13/2017,10:00,68.1,69.2,78.2,71.6,75.3,73.2,72.7,68.6,72.3,73.4,59.8,63.4,65.4,76.4,76.4,74.6,75,68.5,68.3,66.6,67.7,70.9
9/13/2017,11:00,58.9,65.3,74.8,67.7,69.1,67.1,68.7,64.1,70.1,65.6,54.5,50,65.4,72,74.2,67.3,69.3,67.4,63.3,63.3,60.2,61.9
9/13/2017,12:00,50.6,60.2,70.3,63.2,65.7,61.9,67.6,60,70.7,66.2,52.8,56,63.8,66.3,71.5,61.6,67.6,65.8,61,58.7,59.1,64.8
9/13/2017,13:00,49.4,60.2,66.9,59.2,62.8,54.7,60.5,58.3,65,58.6,48.6,52.9,56.2,62.3,65.3,62.8,65.3,58.5,56.3,58,55.5,61.9
9/13/2017,14:00,44.5,58.9,65.8,56.7,59.2,52.3,60.5,54.2,65,57.4,50.9,45.7,56.2,61.7,63,55,63.5,54.3,55.1,55,51.4,56.5
9/13/2017,15:00,41.3,48.4,64,55,56.9,51.6,59.3,54.7,60.9,55.5,47.3,50.4,56.2,60.5,59.4,57.9,61.6,51.3,52.1,53.3,51.9,54.1
9/13/2017,16:00,28.1,41.1,66.3,57.2,61.6,52.8,59.8,53.5,61.5,58,49.7,52.8,59.6,64,61.8,57.3,61,57.8,53.9,56.2,50.6,58.3
9/13/2017,17:00,53.5,47.2,68.6,63.1,65.1,59.3,59.8,59.4,65.5,62.1,53.2,57,62.5,68.6,49,63.2,69.8,46.6,58.6,59.7,54.2,54.8
9/13/2017,18:00,64.7,64.1,73.7,69.3,69.6,64.6,66.9,61.7,69.4,67.8,63.2,63.3,68.2,73.6,75.8,70.1,75,51.4,65.5,66,59,67
9/13/2017,19:00,71.9,76.8,78.7,74.8,74.1,70.3,74.9,67.4,73.3,73.4,71,70.1,73.2,78,81.2,77.3,80,70.6,69.4,71,66.5,72
9/13/2017,20:00,77.9,77.4,80.3,77.5,76.9,74.8,79.4,73.6,75.5,77.3,77.6,77.2,75.9,76.9,82.3,82.8,85.5,74.9,76,75.9,72.1,78
9/13/2017,21:00,75.7,77.4,78.6,77,73,75.3,78.3,72.5,75.5,75.1,77,76.1,75.3,79.1,83.9,79.5,84.4,74.9,73.2,73.1,70.9,74.7
9/13/2017,22:00,80,79.5,82.5,80.8,75.8,77,79.9,70.7,77.7,77.2,76.4,76.6,77.5,81.8,85.4,80,89.3,77,73.8,79.6,68.1,76.9
9/13/2017,23:00,82.1,80.6,81.4,81.3,76.4,78.6,83.3,71.9,78.2,79.4,79.2,79.9,77,81.8,86,82.2,89.3,77,75.4,78.5,70.3,77.9
9/14/2017,0:00,84.7,80.6,81.9,81.8,77.5,80.8,83.3,74.1,78.7,81,80.8,80.4,77.5,82.8,85.4,82.7,91.9,76.5,77,82.2,72,80.6
9/14/2017,1:00,86.2,80.6,82.4,82.3,77.5,81.8,82.1,74.6,80.8,80.5,81.8,80.9,74.7,83.4,85.4,82.7,93.5,79.1,79.6,82.7,73.1,81.1
9/14/2017,2:00,86.7,80,81.8,80.7,78,83.4,82.1,77.3,80.2,79.9,83.4,81.4,78,85,85.9,83.8,92.5,78.5,80.2,84.2,75.3,82.7
9/14/2017,3:00,86.7,82.1,81.3,82.3,76.3,83.9,84.3,76.2,81.3,81,84.4,82,80.2,83.4,89.1,85.9,94,79.1,80.7,84.7,76.9,83.7
9/14/2017,4:00,87.7,82.6,82.9,82.8,77.9,85,85.4,76.8,82.9,82.1,85.5,83,81.3,85.5,91.2,85.9,94.6,80.6,81.7,86.3,79.1,83.7
9/14/2017,5:00,89.2,83.2,82.9,84.4,79.6,87.1,86,78.4,83.9,82.1,85.5,84.1,82.3,85.5,92.2,86.4,94.1,80.6,83.8,84.7,79.1,84.2
9/14/2017,6:00,89.7,84.8,84.6,84.9,79.6,86.6,87.1,76.8,85.5,82.1,86,83,83.9,87.1,92.2,86.4,96.2,80.1,82.8,85.8,78,84.7
9/14/2017,7:00,86.7,84.2,85.1,86,80.2,88.1,88.2,77.9,83.4,82.1,86,84.6,80.7,86,91.1,86.4,90.8,78.5,83.8,84.2,79.6,83.7
9/14/2017,8:00,75.2,63.5,82.4,72,72.9,84,81.6,73.5,79.7,80.5,79.1,77.7,77,76.9,61.8,78.4,82.2,75.4,78.6,56.8,75.8,77.9
9/14/2017,9:00,68,64.6,74.7,68.7,66.1,74.2,74.9,69.6,71.6,73.9,66.5,71.1,63.1,66.8,70.8,71.2,76.6,70,70.5,61.4,69.2,72
9/14/2017,10:00,65.2,60.5,68.5,61.8,59.8,71.5,63.3,64.5,68.2,68.9,60.8,65,53.1,67.3,64,68.4,70.4,65.6,62,56.8,58.9,64.1
9/14/2017,11:00,56.4,57.1,66.3,57.8,56.3,58.7,63.9,58.7,62.6,59.7,48.4,40.7,53.6,62.2,63.5,62,57.4,58.2,54.4,54.4,54.2,58.2
9/14/2017,12:00,46.8,59.4,67.4,59,59.2,57.6,62.2,54,64.3,58.6,50.9,55.2,57.8,63.3,65.7,59.7,61,58.9,57.4,51.5,51.8,58.8
9/14/2017,13:00,46.2,58.8,65.1,56.7,56.3,54.6,59.8,55.2,64.3,57.9,46.7,49.8,57.8,62.8,63.5,58.5,60.4,59.5,53.7,52.7,52.4,55.3
9/14/2017,14:00,45.1,57.7,66.3,57.3,58,52.2,61,54.7,63.8,56.8,48.5,47.4,58.4,62.2,62.9,52,58.7,51.3,52.6,55,52.4,54.6
9/14/2017,15:00,44.4,56,66.3,54.9,57.5,52.8,58.1,55.8,62,58,49.1,51.7,58.4,61.6,64.1,58,58.7,53,53.9,55.6,54.3,58.3
9/14/2017,16:00,43.2,51.9,67.4,58.5,61.6,54.6,58.1,57.6,64.9,58.6,52,49.9,62.5,64.5,66.4,60.3,61.1,56,55.1,56.8,54.3,57.1
9/14/2017,17:00,48.6,48.2,66.2,60.1,61.6,58.1,61.6,57,64.9,57.9,50.8,55.2,60.7,64.5,57.1,60.9,65.1,59.4,57.4,55.6,53.1,55.9
9/14/2017,18:00,59.9,57.6,66.8,61.8,61.6,59.9,60.3,61.1,65.4,61.4,59,56.9,61.2,65,65.1,66.6,68.6,57.2,60.3,59.1,57.2,60
9/14/2017,19:00,64,66.2,69.6,66.9,64.4,61.6,67.3,62.8,66.6,64.9,63,63.8,64.1,68.4,71.3,70.6,71.4,64.5,62.5,63.1,61.3,64.6
9/14/2017,20:00,66.2,69.6,71.9,69.8,69,65.1,70.8,65.1,68.8,67.7,65.9,66.6,65.8,71.8,74.1,72.3,74.3,67.3,65.4,67,62.4,68
9/14/2017,21:00,68.5,68.5,73.6,72.1,71.3,69.1,70.8,68.5,70.5,69.4,68.7,68.3,68.1,73,75.8,74,76.6,68.4,69.9,70.4,65.9,69.8
9/14/2017,22:00,72.4,70.2,78.7,73.2,73,70.3,73.7,70.2,71.6,73.4,72.1,70.6,68.7,73,70.7,77.3,81.1,70.6,68.8,72.6,68.7,73.1
9/14/2017,23:00,71.3,74.1,80.3,76.5,78.6,71.4,77.7,71.3,68.2,74.5,71,72.3,70.4,73,73,75.1,81.1,74.9,68.8,77.5,69.9,74.2
