Location:,MIA_H17_197,MIA_L16_154,MIA_L17_55,MIA_L18_106,MIA_M16_182,MIA_M17_167,MIA_M18_186,MIA_VH15_195,MIA_VL15_89,MIA_VL16_57,MIA_VL18_81
7/1/18 0:00,89.7,80.9,87.1,84.5,93,90,91.3,97.7,86.5,86.3,85.8
7/1/18 1:00,89.7,80.4,87.7,86.6,94,92.1,91.8,98.7,89.7,88.3,87.4
7/1/18 2:00,89.7,82.6,88.7,87.6,93,92.1,93.8,98.2,90.2,88.8,88.4
7/1/18 3:00,89.7,84.1,90.3,89.2,94.5,92.6,93.2,98.7,90.7,90.4,88.4
7/1/18 4:00,88.8,83.7,90.9,88.2,94.5,92.1,93.2,98.2,88.1,88.9,88
7/1/18 5:00,86.8,80.9,81.3,78.8,90,88.5,67.4,93.3,75.9,63.3,71.4
7/1/18 6:00,88.8,79.8,55.8,79.3,82.6,82.7,72.7,91.3,82.4,59.2,65.3
7/1/18 7:00,71.7,71.5,52,67.2,74.5,72.9,54.1,71.2,65.7,51.5,60
7/1/18 8:00,66,67,52.4,60.7,71.1,72.2,60.9,60.3,62.8,44.8,53.5
7/1/18 9:00,62.1,61.7,54.7,65.9,63.7,65.5,58.7,60.9,73.7,57.2,53.9
7/1/18 10:00,61.6,53.6,78.9,70.9,57.8,63.1,59.8,62.8,87,78.3,91.1
7/1/18 11:00,59.3,51.4,56.5,57,58.7,63.8,56.7,55.4,73.4,60,91.1
7/1/18 12:00,50.8,50.9,53.6,53,52.3,60,57.3,53.3,58.6,49.5,70.6
7/1/18 13:00,56.9,55.4,51.2,60.2,61.9,58.4,58,62.6,60,45.8,58.1
7/1/18 14:00,59.8,50.6,52.6,56.7,57.8,60.2,56.3,59.2,58.2,46.7,54.7
7/1/18 15:00,66.5,50.6,56.6,54.2,58.9,59.5,63.1,66,60.5,55.4,55.2
7/1/18 16:00,65.9,55.1,59.4,58.2,60,61.8,63.6,66,60.9,56.4,59.1
7/1/18 17:00,70.9,62.3,64.1,64.6,69.2,68.1,66.3,70.3,66.8,62.8,64.4
7/1/18 18:00,72,66.9,68.2,69.2,72.1,72.1,71.4,78.7,70.1,68.6,68.4
7/1/18 19:00,75.2,68.7,71.1,72,76,74.9,72.5,81.3,72.9,71.3,71.8
7/1/18 20:00,79,70.4,70.5,74.3,76,74.9,73.6,84.5,75.2,71.9,75.2
7/1/18 21:00,78.5,70.4,72.2,74.9,78.8,76.6,76.3,87.1,76.3,73,77.4
7/1/18 22:00,79.4,72.6,74.5,75.9,80.9,78.8,77.9,89.7,78,74.7,77.4
7/1/18 23:00,83.6,71.5,76.2,76.4,84.2,78.2,78.9,90.2,80.7,75.7,78.4
7/2/18 0:00,85.7,73.7,78.4,77.6,84.7,80.4,81.6,90.2,80.7,79,80.6
7/2/18 1:00,87.7,75.9,81.8,80.8,84.7,83.2,83.2,92.2,83.3,82.2,81.7
7/2/18 2:00,90.2,76.5,85,82.9,88.4,84.2,84.7,93.2,86.6,83.8,83.8
7/2/18 3:00,89.7,78.2,85,85.6,88.4,84.2,85.2,93.2,88.1,84.8,84.3
7/2/18 4:00,91.7,78.7,85,86.7,87.8,84.7,84.2,93.7,86,83.8,82.8
7/2/18 5:00,83.2,79.9,76.3,74.9,80,78.9,54.2,84.6,74.2,65.9,67.4
7/2/18 6:00,65.9,72.7,55.6,67.2,73.3,68.8,54.7,72.2,68.6,62.5,60.5
7/2/18 7:00,67.8,68.2,46,64.8,68.8,69.3,52.9,63.8,69.1,55.6,58.1
7/2/18 8:00,66,65.9,50.1,63.1,63.1,67.2,62.1,64.4,62.3,53.8,54.7
7/2/18 9:00,58.7,63.6,54.9,55.5,62.6,64.3,58.7,60.3,56.4,50.3,52.2
7/2/18 10:00,56.8,53.4,50,51.1,56.5,63.1,58.7,54.8,56.4,48.3,50.3
7/2/18 11:00,51.4,45.4,45.7,52.3,49.7,54.6,52.5,50.6,53.9,45.8,46.6
7/2/18 12:00,51.4,40.9,56.6,50.6,59.8,60,55.4,51.9,53.9,53.6,58.6
7/2/18 13:00,44.8,40.9,48.8,48.7,54.7,57,58.4,49.4,55.6,44.7,54.5
7/2/18 14:00,46,40.9,48.1,55.4,60.5,53.9,54.4,53.6,56.9,36.6,49.5
7/2/18 15:00,58.9,44.2,53.6,51.7,54,57.6,57.2,58.8,57.5,50.7,52
7/2/18 16:00,69.3,44.2,56.5,59.4,65.2,60.4,65.3,67,61,54.8,57.4
7/2/18 17:00,68.6,60.5,65.4,67.5,66.3,65.1,65.8,72.1,68.4,64.6,63.2
7/2/18 18:00,70.3,63.5,67.1,69.8,68.6,70.4,69.1,75.9,70.2,68,66.7
7/2/18 19:00,73,66.3,69.4,72.1,70.4,71.6,70.8,77.5,73,70.2,70.1
7/2/18 20:00,74.7,68.7,71.1,70.9,74.9,74.4,73,80.8,71.8,71.9,71.3
7/2/18 21:00,77.4,69.2,71.1,72,74.3,72.1,73,82.9,74.1,71.3,71.3
7/2/18 22:00,77.9,69.8,73.3,72.5,76,74.3,75.2,83.9,74.6,75.2,75.1
7/2/18 23:00,80,70.9,75.6,73.7,82.6,74.3,81.1,86.6,75.1,77.3,77.3
7/3/18 0:00,80,73.7,80.1,75.9,85.3,79.9,82.2,88.2,78.5,78.4,79
7/3/18 1:00,82.6,75.4,80.6,78.6,86.3,81,83.7,90.7,80.7,81.6,80.6
7/3/18 2:00,82.1,75.9,81.2,80.8,82.6,80.4,80.5,88.7,82.8,82.2,81.7
7/3/18 3:00,82.1,74.8,83.9,83,82.6,81.5,81.1,88.1,84.5,84.3,84.3
7/3/18 4:00,83.2,77.1,70.9,80.2,82.6,81,92.4,93.8,79,70,70.5
7/3/18 5:00,89.3,74.3,69.9,71.3,80.4,74.3,74.4,90.3,67.1,59,56.1
7/3/18 6:00,86.7,68.5,61.4,74.7,75.4,74.8,79.9,92.8,76.8,69.1,70.6
7/3/18 7:00,74.7,60.3,50.2,60.5,67.8,64.4,70.7,89.8,59.3,58.4,59.9
7/3/18 8:00,61.8,61.7,48.8,60.1,64.1,61.1,58.9,67.7,60.4,50.7,61.6
7/3/18 9:00,59.1,78.8,53.5,58.3,75.5,75.6,72,72.2,64.4,54.7,55.6
7/3/18 10:00,53.8,66.9,53.5,55.4,97.9,68.6,83,84.9,59.9,50.7,55
7/3/18 11:00,63,53.3,57.4,64,98.8,61.8,72.7,72.2,67.7,56.2,62.5
7/3/18 12:00,72,61.7,55.2,54,90.6,80.5,67.1,72.8,59.6,52.8,53.6
7/3/18 13:00,73.7,60,56,54,77.1,68.2,63.5,62.9,59.6,51.8,51.4
7/3/18 14:00,49.6,42.8,49.8,55.8,62.9,59.3,61.3,59,54.4,45.2,50
7/3/18 15:00,60.5,44.6,50.3,53.4,58,52.6,61.8,63.4,56.7,46.2,49.4
7/3/18 16:00,67.4,52.5,55.7,59.3,65.1,58.5,63.4,67.4,60.2,55.1,55.4
7/3/18 17:00,70.8,59.2,63.5,62.8,67.4,63.9,66.3,74.7,65.4,64.5,62
7/3/18 18:00,76.2,61.5,67,68,73.1,68,70.7,78.5,67.2,66.8,66
7/3/18 19:00,80.5,62.2,68.2,69.2,77,74.3,73.5,79.6,70.6,67.9,72.9
7/3/18 20:00,82.6,63.2,68.6,67.8,80.3,76.5,76.2,82.8,68.8,70.6,76.2
7/3/18 21:00,76.1,67.2,72,84.3,75.8,73,73.4,79.6,77.7,72.1,67.6
7/3/18 22:00,77.7,71.3,70.8,89.6,75.8,72.4,73.4,81.7,84.3,71.6,70.4
7/3/18 23:00,81.4,75.2,70.8,88,79.1,74.7,75.5,82.7,83.2,72.1,69.2
7/4/18 0:00,83.5,75.2,78.2,87,81.8,80.8,79.3,84.8,85.9,78.2,74.9
7/4/18 1:00,86.1,78.6,78.7,89.1,85.1,80.8,80.9,89,85.9,78.8,76
7/4/18 2:00,88.1,78.6,81.5,88,87.2,82.4,83.5,90.1,84.8,80.9,79.3
7/4/18 3:00,89.1,76.3,82.7,88,86.6,82.4,83.5,89.5,85.3,82.5,80.4
7/4/18 4:00,90.1,77.4,83.2,88,87.7,83.5,83.5,91.6,85.8,84.1,82.1
7/4/18 5:00,82.6,68.4,73.2,74.7,81.4,75.3,55.6,85.6,72.3,62.3,60.8
7/4/18 6:00,69.3,69.7,53,66.4,72,66.3,55.1,71,65,56.5,55
7/4/18 7:00,70.4,69.7,50.7,65.3,71,69.3,54.6,68.8,65,54.3,55.7
7/4/18 8:00,60.9,62.8,55.3,61.3,63.5,64.7,60.8,59.5,59.8,50.7,51.5
7/4/18 9:00,59.3,58,48.1,54.8,60.6,60,59,57.3,59.2,45.8,47.8
7/4/18 10:00,57.5,55.7,47.5,54.1,56.5,58.8,58.5,56.7,52.6,45.8,44.1
7/4/18 11:00,69.8,65.8,55.3,60,68.7,68.1,68.1,72.1,61,58.2,53.7
7/4/18 12:00,73.1,68.6,71.7,69.8,76,72.7,70.8,75.9,68.4,70.8,65.6
7/4/18 13:00,81.7,77.7,63.6,75.5,87.4,77.2,79.5,90.7,73.6,64.7,66.8
7/4/18 14:00,84.8,83.7,64.3,74.9,89,82.7,85.8,91.8,70.2,60.1,68.6
7/4/18 15:00,77.5,80.4,64.7,73.7,89.5,81.7,86.9,97.4,71.8,64.6,66.2
7/4/18 16:00,73.6,78.8,67.6,72.7,91.2,82.7,83.3,97.4,70.7,67.4,65
7/4/18 17:00,72.4,80.6,87.9,91.1,90.5,68.9,82.2,97.4,83.6,84.9,88.7
7/4/18 18:00,71.7,79.5,95.9,89.5,77.9,73.5,72.1,94.6,83.1,89.2,89.3
7/4/18 19:00,77.1,77.9,94.9,86.9,79.6,75.1,74.4,96.6,83.6,87.1,89.3
7/4/18 20:00,79.8,76.7,96,85.8,80.7,75.1,76,97.1,83.6,89.3,91.5
7/4/18 21:00,79.8,77.4,95.5,89.6,83.9,76.3,76.5,97.1,86.4,88.3,89.9
7/4/18 22:00,83.4,79.6,95,91.7,83.9,81.8,79.2,97.1,89.6,89.3,91.5
7/4/18 23:00,85.1,83,96.6,91.7,87.2,85.2,81.9,97.6,90.7,90.8,92.6
7/5/18 0:00,88.6,83,95.6,92.2,90.3,87.3,85.6,98.6,91.2,90.8,94.1
7/5/18 1:00,88.2,86.7,97.2,92.8,89.9,87.8,85.1,98.2,93.3,91.4,94.1
7/5/18 2:00,87.2,87.2,97.2,92.8,91.9,89.4,88.2,97.7,90.7,92.4,95.6
7/5/18 3:00,90.7,86.2,97.7,92.8,94,88.9,89.7,98.2,91.8,91.9,96.2
7/5/18 4:00,90.2,84.6,96.2,93.3,94,88.4,89.7,97.7,90.7,91.9,95.6
7/5/18 5:00,81.2,82,88.3,83,85.8,82.7,63.4,95.9,80.2,74.9,81.3
7/5/18 6:00,69.4,74.9,61.1,73.9,79.5,74,60.4,82.5,71.5,63.7,65.2
7/5/18 7:00,66.6,68.1,55.6,63.6,72.3,67.1,63.8,71.1,61.6,56.6,57.5
7/5/18 8:00,65.5,68.1,53,59.6,67.1,65.4,65.4,66.1,56.9,50.1,55.2
7/5/18 9:00,60.4,66.5,60.8,62,68.3,67.8,65.4,66.7,64.1,57.4,55.2
7/5/18 10:00,57.9,58.1,56.8,58.2,61.3,62.3,60.8,62,60.4,48.4,59.4
7/5/18 11:00,67.1,59.4,46.1,59.5,64.1,61.8,67.5,68.2,56.2,42,47.7
7/5/18 12:00,68.6,66.9,62.4,67,73.2,71,72,74.8,65.5,62.9,63.9
7/5/18 13:00,68,63.3,64.1,67,69.7,68,65.7,71.9,66,62.9,62
7/5/18 14:00,73.7,70.4,63,66.4,85.3,72.7,79.1,85.7,64.9,63.4,63.2
7/5/18 15:00,73.7,72.7,68.3,71,81.6,76.7,78,85.1,73.1,68.6,70.2
7/5/18 16:00,72.6,69.3,67.7,71,77.7,74.4,75.3,84.1,70.8,69.1,69.1
7/5/18 17:00,74.1,69.3,71.7,71,79.9,74.9,76.9,87.7,71.8,71.9,73
7/5/18 18:00,74.7,65.6,70.5,67.4,79.3,73.2,76.3,88.7,71.8,71.9,71.8
7/5/18 19:00,71.9,66.9,72.8,68,75.4,71.4,71.8,85.6,69.5,72.4,68.3
7/5/18 20:00,75.8,70.9,73.3,73.2,74.8,74.3,74.1,85,74.1,73.5,72.9
7/5/18 21:00,80.1,76,74.5,77.1,79.8,78.2,76.8,87.6,76.8,74.6,74.6
7/5/18 22:00,85.3,77.2,77.3,79.8,82.6,81.6,80,90.2,79.6,76.3,77.9
7/5/18 23:00,91.4,70.7,77.3,81.9,75.2,75.8,80.8,82.7,80.7,77.3,77.9
7/6/18 0:00,97.3,94.7,73.6,84.8,92.8,94.9,98,97.5,78.2,75.4,77.1
7/6/18 1:00,97.8,95.3,71.9,84.3,93.9,94.9,98,98.6,75.4,72.7,73.2
7/6/18 2:00,97.8,92.8,71.9,75,93.4,94.9,99.5,99.1,73.1,72.1,72.6
7/6/18 3:00,97.8,82.2,73.6,75.6,94.9,93.4,99.5,98.6,75.4,72.7,72.6
7/6/18 4:00,98.3,83.4,74.8,76.7,94.4,93.4,99.5,99,75.4,73.8,72.6
7/6/18 5:00,96.9,79.1,73.8,72.4,89.9,85.2,98.7,99,73.4,72.9,71.7
7/6/18 6:00,95.6,78.7,69.4,71.5,83.1,80.4,99.2,97.8,71.8,68,67.9
7/6/18 7:00,84.8,72.1,65,69.3,78.9,78.5,76.7,90.4,66.8,60.2,62.8
7/6/18 8:00,74.8,67,54.2,63.6,70.5,67.2,70.5,80.4,61.6,51.3,53.9
7/6/18 9:00,68.8,65.3,51.8,61.9,63.6,64.8,65.9,70.5,60.5,46.5,50.9
7/6/18 10:00,66.7,55.8,53.7,58.4,56.5,62.4,58.5,64.3,58.1,46.5,46.7
7/6/18 11:00,62.8,50.3,43,56.5,52.1,58.9,53,58.5,58.6,40.7,45.8
7/6/18 12:00,56.9,57.6,51.8,61.2,53.6,56.4,59.6,56.7,60.4,48.2,50.1
7/6/18 13:00,61,54.1,58.3,51.1,57.1,60.6,60.8,60.2,62.2,56,55.2
7/6/18 14:00,52,45.4,55.8,54.7,50.9,48.9,48.8,54.7,59.7,53.5,52
7/6/18 15:00,65.4,53.3,46.1,51.2,53.9,55.7,56,63.6,52,40.5,42.6
7/6/18 16:00,69.2,65.3,52.1,58.8,64.1,64.6,63.6,66.4,56.1,49.1,50
7/6/18 17:00,71.9,64.6,60,64,68.1,68.6,66.3,70.9,66.1,61,60.3
7/6/18 18:00,75.2,67.5,61.7,68.1,70.4,72.1,69.1,78.6,66.1,59.8,62
7/6/18 19:00,82.1,66.3,66.2,67.2,70.9,71.5,70.3,83.4,68.2,66.5,65.3
7/6/18 20:00,71.8,63.8,66.2,66.1,69,67.9,67.8,75.2,64,65.3,62.9
7/6/18 21:00,72.3,63.8,65,66.1,68.4,67.2,67.8,75.7,65.8,65.3,62.9
7/6/18 22:00,74.5,62.6,65.6,66.6,67.8,68.4,68.9,77.9,66.3,64.2,61.7
7/6/18 23:00,79.9,64.9,64.9,64.9,69.6,67.2,68.9,81.2,67.5,64.2,61.1
7/7/18 0:00,80.4,66,64.9,66,70.7,69,70.1,83.8,66.9,64.2,59.3
7/7/18 1:00,85.6,69.6,65.5,68.3,73.5,73,72.2,85.4,68.7,66.5,65.2
7/7/18 2:00,86.6,70.7,68.5,70,76.3,74.2,75.6,85.9,69.2,68.2,64.6
7/7/18 3:00,87.6,72.4,70.8,68.9,77.4,74.7,77.2,87.5,71.5,70.4,66.9
7/7/18 4:00,87.2,70.1,72,68.9,75.8,70.2,76.1,88.6,70.9,71.1,68.2
7/7/18 5:00,79,69,65.2,65.7,69.7,65,57.3,77.5,64.9,60.5,57.9
7/7/18 6:00,67.1,70.3,55.6,65.7,69.2,65.9,51,71.6,64,57.8,56.3
7/7/18 7:00,67.1,65.2,47.6,59.5,65.3,61.8,43.3,64.8,58.1,49.5,51.5
7/7/18 8:00,64.3,64.7,51.3,53.6,61.2,62.9,60.3,67.7,57,50.2,48.4
7/7/18 9:00,59.8,62.3,69.3,74.2,55.6,63.3,54.9,64.9,74.1,74.6,87.4
7/7/18 10:00,58.1,75,58.6,78.8,61.1,81.7,57.8,58.5,65.3,67.7,66.3
7/7/18 11:00,54.5,53.5,55.3,63.6,53.5,61.8,57.3,54.3,52.6,53,54
7/7/18 12:00,52.7,53.5,89.2,57.7,48.6,57.6,56.7,58.5,53.1,88.3,77.8
7/7/18 13:00,59.1,57.6,85.6,60,58.8,59.3,62.5,63,64.4,81.6,72.4
7/7/18 14:00,51.5,47.9,65.5,52.3,57.1,58.9,57.3,60.8,52,58,56.2
7/7/18 15:00,63.6,52.2,54.7,52.8,54.6,60.1,59.6,63.5,52.6,48.7,52.5
7/7/18 16:00,63.6,47.3,52.8,54.1,56.3,59.3,59.6,68.2,52.6,48.7,50.7
7/7/18 17:00,69.8,63.5,58.8,61.7,65.2,65.1,65.2,68.2,62,58.7,63.2
7/7/18 18:00,74.2,65.2,69.8,64,69.8,69.8,66.9,76.5,67.2,70,70.5
7/7/18 19:00,74.2,68,70.9,67.9,71.4,71.4,70.2,77.5,68.3,70.6,68.8
7/7/18 20:00,75.2,70.4,71.4,69.1,74.2,72.6,70.8,81.2,71.1,71.7,72.8
7/7/18 21:00,79,68.4,76.6,70.1,75.3,73.1,71.3,80.2,72.8,77.2,75.5
7/7/18 22:00,75.6,70.2,77.7,73.5,76.4,74.8,72.3,81.7,76.1,76.6,76.1
7/7/18 23:00,77.7,71.9,78.8,75.7,77.5,75.3,74,82.8,76.6,77.7,76.6
7/8/18 0:00,80.9,71.4,81.6,77.4,78.6,77.6,75.1,85.4,80,81.5,78.3
7/8/18 1:00,82.5,74.7,83.8,79.6,80.8,78.1,75.6,85.9,81.6,83.1,81
7/8/18 2:00,83.5,76.9,83.8,81.7,82.4,80.8,77.8,85.9,83.2,84.7,82.6
7/8/18 3:00,85.6,79.2,86.5,83.4,84,82.5,79.9,88.1,85.3,85.2,85.3
7/8/18 4:00,86.1,79.2,83.8,82.3,84,83,80.5,89.1,83.8,83.6,82.6
7/8/18 5:00,81.6,77.1,75,75.9,79.3,78.2,60.4,82.4,76.3,73.5,70.7
7/8/18 6:00,73.2,74.9,67.2,72.2,75.5,75,55.8,75.6,74.1,71.9,67.9
7/8/18 7:00,74.3,68.8,56.9,67.1,69.9,69.9,56.9,73.8,64.5,63.7,63.9
7/8/18 8:00,64.3,65.8,53.6,57.8,63.6,62.4,62,65.4,60.4,51.3,52.6
7/8/18 9:00,59.8,65.3,46.3,52.3,60.1,61.8,60.2,61.5,58.1,44.6,47.1
7/8/18 10:00,62.2,55.2,50.6,53.6,58.8,57.6,59.6,59.6,52.6,46.3,47.1
7/8/18 11:00,55.1,50.8,47.5,50.5,57.1,61.8,59,57.3,55.1,42.1,46.5
7/8/18 12:00,48.7,41.4,43.8,50.5,48.5,53.8,55.5,53.6,50.2,42.7,48.4
7/8/18 13:00,59.2,49.7,43,47.5,52.1,55.2,56.7,56.6,47.1,38.9,43.9
7/8/18 14:00,66,50.3,44.3,45.4,59.5,61.2,59.6,64.2,51.4,40.8,43.9
7/8/18 15:00,69.3,45.4,49,44.7,61.2,60,61.9,69.3,50,44.2,46.2
7/8/18 16:00,68.2,37.7,49.6,57.6,57.5,55.7,61.9,67,52.5,48.5,49.9
7/8/18 17:00,74.2,62.9,58.7,65.8,66.3,64.5,68.6,72.6,64.4,57.5,56.6
7/8/18 18:00,74.2,67.1,67.6,70.4,74.4,73.3,73.6,76.5,70.1,67.9,65.5
7/8/18 19:00,75.3,67.6,71.1,72,74.9,73.9,76.4,82.4,72.4,71.9,71.3
7/8/18 20:00,75.3,68.1,75.1,74.3,77.2,74.4,75.2,83.5,76.3,74.7,74.1
7/8/18 21:00,74.2,66.3,77.3,73.7,75.5,74.4,74.7,80.8,77.5,76.3,75.2
7/8/18 22:00,74.2,65.7,76.7,72.5,75.5,73.7,73.6,81.8,74.6,76.8,75.7
7/8/18 23:00,77.9,68.1,77.3,72,74.8,73.2,74.1,83.9,76.3,75.7,74.6
7/9/18 0:00,78.5,73.3,77.8,77,77.6,78.8,77.4,86.6,75.7,76.8,73.4
7/9/18 1:00,81.1,74.9,78.3,80.2,80.9,82.1,78.5,89.7,79,78.9,76.8
7/9/18 2:00,84.2,75.5,80.6,81.9,81.4,81.6,79.5,89.7,81.1,81.1,79.5
7/9/18 3:00,85.2,78.2,81.1,81.3,83.6,82.1,80.6,91.2,82.8,81.1,80
7/9/18 4:00,87.3,77.6,82.8,81.3,83.6,82.1,80.6,91.2,82.3,83.2,79.5
7/9/18 5:00,79.1,75.5,74.6,76.6,77.2,76.1,57.1,80.4,74.7,67.7,71.9
7/9/18 6:00,73.8,70.4,59.2,68.8,72.8,71.7,61,73.4,69.8,62.5,63.5
7/9/18 7:00,70,64.7,48.3,58.3,66.6,66.5,49.5,65.6,57.5,52.5,50.2
7/9/18 8:00,64.4,56.8,48.8,54.3,64.2,61.8,60.9,59.2,58.5,47,46
7/9/18 9:00,59.2,55,38.8,48.1,60.7,55.1,56.8,58.5,50.8,38.2,42.8
7/9/18 10:00,58,45,43.2,46.9,52.9,57.1,55,56.7,47.2,43.2,36.6
7/9/18 11:00,52.8,42,43.7,46.9,51.7,47,55,51.8,50.3,45.7,43.4
7/9/18 12:00,48,40.9,47.4,47.5,44.8,55.2,54.4,52.5,49.7,47.5,47.1
7/9/18 13:00,44.8,43.5,71.1,53.4,47.8,53.3,53.1,53.8,52.5,64.6,86.4
7/9/18 14:00,49.7,44.7,59.5,48.6,57.6,54,48.3,49.5,50.2,57.7,71.2
7/9/18 15:00,62.5,44.7,51.2,44.9,52.2,54,54.4,61.9,47.7,47.6,64.5
7/9/18 16:00,65.9,40.3,47.9,50.4,57.6,57.6,61.3,63.5,50.2,46.3,48.3
7/9/18 17:00,69.3,55.6,55.7,55.1,67,65.2,65.8,71,55.5,54,54.2
7/9/18 18:00,67.5,60.4,59.9,60.5,69.8,65.7,68.1,70.3,61.4,59.8,58.4
7/9/18 19:00,69.1,64,63.5,65.7,69.2,66.9,67.5,76.4,64.3,63.9,61.3
7/9/18 20:00,74.1,64.6,66.4,66.9,71.5,69.2,68.6,80.8,68.4,66.8,65.5
7/9/18 21:00,78.4,66.3,68.2,68,72.6,72.1,73,81.2,67.8,69,67.2
7/9/18 22:00,80,68.6,69.3,69.7,77.1,72.7,73.6,83.9,69.5,69.6,70.6
7/9/18 23:00,82.6,70.3,71,71.4,76,73.8,73,85,72.9,71.8,72.9
7/10/18 0:00,84.7,71.5,73.9,73.7,78.2,76,75.7,85.5,74,74,74.5
7/10/18 1:00,84.7,72.6,75.5,73.7,79.3,74.9,76.3,87.6,75.7,77.3,76.2
7/10/18 2:00,85.2,72.6,77.8,73.7,79.3,77.7,76.8,89.7,77.8,78.4,76.7
7/10/18 3:00,87.7,72.6,77.8,74.7,81.4,79.3,78.3,89.7,77.8,78.4,77.3
7/10/18 4:00,88.2,72,80.1,76.4,83,79.8,79.4,90.7,78.4,80,78.4
7/10/18 5:00,82.7,70.9,77.3,70.4,78.2,76.6,56.5,85.2,72.4,74.7,70.7
7/10/18 6:00,69.3,67.5,79.1,65.9,69.9,65.9,51.2,71.6,67.4,79,74.1
7/10/18 7:00,64.2,62.8,60.5,67.1,62.3,62.2,53.8,63.6,66.8,66.5,61
7/10/18 8:00,68.8,65.3,47.7,53.5,64.7,67,60.2,73.3,57.5,53.1,53.9
7/10/18 9:00,77.6,67.6,48.1,54.7,66.5,69.3,66.5,73.3,55,49.9,46
7/10/18 10:00,70.7,68.8,50.6,63.5,65.4,68.8,63.7,66.1,63.3,53,48.4
7/10/18 11:00,60.9,57.1,50.1,51.3,49.8,62.5,55.7,57.9,58.6,51.3,46.1
7/10/18 12:00,64.8,64.1,63.6,86.6,59.5,68.8,60.2,66,73.4,64.6,58.5
7/10/18 13:00,69.5,94.8,75,92.8,92.5,95,96.2,95.7,86,74,73.5
7/10/18 14:00,50.3,87.9,59.2,88.3,93.6,87.5,94.8,97.3,75.9,56.8,71.8
7/10/18 15:00,67.6,76.7,66.5,75.4,77.8,79,76,94.4,71.9,66.2,68.4
7/10/18 16:00,75.3,80.8,83.6,77.9,76.9,74.2,77.7,94.4,80.4,87.1,89.8
7/10/18 17:00,93,89.7,91.7,92.6,91.3,93.4,91.1,96.6,92.1,90.7,97
7/10/18 18:00,95,92.8,86.9,92.1,91.3,93.4,90.2,97.6,88.4,91.2,94.4
7/10/18 19:00,94,86.5,89.1,95.7,91.3,92.4,90.7,98.1,90,81.8,91.9
7/10/18 20:00,95,90.2,90.2,88.6,92.4,91.4,90.7,99.6,86.3,87.2,90.9
7/10/18 21:00,95,87.6,90.2,91.1,90.9,90.9,90.7,99.1,89.6,88.2,94.5
7/10/18 22:00,95,86,91.4,91.7,89.8,89.4,87.1,98.6,88.5,88.8,93.1
7/10/18 23:00,94.5,86,90.8,91.1,90.3,89.4,88.2,99.1,89.1,88.3,94.1
7/11/18 0:00,96.4,85,89.7,92.2,92.4,89.9,91.2,100,90.1,87.7,92
7/11/18 1:00,94,85.6,91.8,93.7,92.4,90.4,90.7,100,90.1,89.3,90.5
7/11/18 2:00,95.5,87.7,91.4,93.7,93.9,89.9,90.7,98.6,90.7,90.8,90
7/11/18 3:00,95,87.2,91.9,93.7,93.4,90.4,91.7,100,91.7,89.3,90.5
7/11/18 4:00,94.5,85.1,91.4,93.7,92.9,89.9,90.7,99.6,90.2,88.8,90
7/11/18 5:00,89.2,83.6,84.5,82.4,84.7,82.6,46,98.3,77.5,76.9,73
7/11/18 6:00,74.9,79.3,56.9,73.3,80.5,76.8,54.3,90.8,70.9,65.4,61.1
7/11/18 7:00,70.5,73.8,53.8,63.6,70.5,71.2,58,83.6,66.2,56,59.2
7/11/18 8:00,68.2,70.4,57.9,61.9,71.1,63.5,60.8,81.4,57.6,56,53.4
7/11/18 9:00,62,90.9,57.3,70.5,63.6,65.9,56.2,67.1,67.9,61.2,60.4
7/11/18 10:00,58.6,75.5,70,73.9,54.7,60.7,55.1,64.4,91,78.5,91.6
7/11/18 11:00,58.1,64.9,53.8,58,51.1,61.3,54.5,60.9,73.1,52.6,78
7/11/18 12:00,60.1,66.9,62.7,62.6,63,61.7,55.4,61.3,68,56.8,63.3
7/11/18 13:00,84.2,90.7,89.6,96.6,64.7,73.1,65.2,72.7,97.7,89.7,89.3
7/11/18 14:00,90.2,94.4,83.1,94.8,90.4,100,97.2,98.7,98.3,82.5,87.3
7/11/18 15:00,89.3,85.2,73.8,82.9,88,99.2,98.3,98.7,96.9,68.3,81.7
7/11/18 16:00,90.9,73.2,58.6,76.4,82.6,100,81.1,98.7,96.9,57.4,63.6
7/11/18 17:00,87.1,82.5,62.2,82.4,79.7,97.6,79.9,99.1,96.9,60.3,70.5
7/11/18 18:00,91,75.1,78.8,84.3,78.4,94.9,78.6,96.1,98.8,76.6,78.7
7/11/18 19:00,95.9,74.5,80.3,84.8,80.6,98.5,81.8,96.1,99.3,78.1,77.6
7/11/18 20:00,96.4,75.1,77.5,86.9,82.3,96.5,81.8,96.1,99.8,76.5,77.6
7/11/18 21:00,96.9,73.4,78.1,84.3,80.7,96.5,81.3,95.1,99.8,75.4,77
7/11/18 22:00,96.9,79,78.1,82.2,85,98,84.5,96.6,98.8,77.1,79.3
7/11/18 23:00,95.9,77.9,80.9,85.3,83.9,97.5,84.5,97.6,99.3,79.8,79.8
7/12/18 0:00,97.3,79.6,80.4,85.9,85.6,98.6,85,97.6,98.8,80.3,81.5
7/12/18 1:00,97.9,78.5,80.4,87.5,86.6,93.5,87.6,98.1,99.3,83,83.1
7/12/18 2:00,97.9,80.7,82.6,88,87.2,92.5,86.6,99.1,99.3,83,84.1
7/12/18 3:00,98.3,80.1,84.8,87,88.7,92.5,88.1,98.1,98.8,84.1,83.1
7/12/18 4:00,95.5,78.5,82.1,88,85.6,86.2,84,98.1,98.3,83.6,84.2
7/12/18 5:00,91.1,78,73.8,79.1,81.9,82.5,79.9,95.7,95.3,70.7,72.2
7/12/18 6:00,86.7,74.2,70.4,75.3,78.2,79.8,75.7,90.7,91.7,70.2,70.6
7/12/18 7:00,79.2,71.5,56.5,68.8,71.6,77.3,68.2,79.9,70.1,61.2,59.8
7/12/18 8:00,68.8,70.5,59.1,66,71.2,77.9,69.4,75.6,68,56.7,57.6
7/12/18 9:00,64.3,62.9,51.3,69.4,63.1,67.6,62.6,68.3,70.3,46,52.8
7/12/18 10:00,56.8,54.4,60.8,53.2,56.5,56.9,56.7,59,58.8,58.9,57.5
7/12/18 11:00,55.2,53.3,80.2,50.5,49.4,62.4,55,54.3,58.1,75.3,60.3
7/12/18 12:00,56.2,55.7,56.2,61.9,58.2,62.4,62.1,67.1,60.5,62.5,58.1
7/12/18 13:00,51.5,51,56.7,65.3,58.2,61.2,58.9,62.5,64.5,54.3,52.2
7/12/18 14:00,57.9,47.2,66,59.6,56,58.9,57.5,64.3,73.1,54.3,57.5
7/12/18 15:00,68.8,54,61.3,57.1,57.8,65.9,65.4,70.5,60.4,55.9,54.5
7/12/18 16:00,66.2,62.9,59.5,65.3,69.4,64.4,67.7,71.2,67.3,61.2,60.2
7/12/18 17:00,70.5,65.9,93.8,67.7,75.7,70.6,71.6,77.3,75.4,90.7,96.9
7/12/18 18:00,70.5,63,90.2,74.5,71.7,65.9,67.1,78.3,78.2,88.2,96.5
7/12/18 19:00,77.6,63,93.9,75.1,74,67.1,69.9,81,81.5,85.6,95.5
7/12/18 20:00,80.3,62.4,92.9,75.1,75.7,67.7,72.7,82.7,80.4,88.2,97.1
7/12/18 21:00,82.9,62.4,91.3,77.3,76.2,70.1,72.7,85.3,83.7,86.2,91
7/12/18 22:00,83.4,65.3,92.3,78.4,79,71.2,76.6,87.4,84.8,87.2,87.9
7/12/18 23:00,85.5,64.8,91.3,80.6,80.2,74.1,77.1,89.5,85.8,85.6,88.9
7/13/18 0:00,85.5,69.5,90.7,82.7,81.2,75.8,78.7,90,86.3,88.2,87.9
7/13/18 1:00,84.9,72.9,92.3,83.8,81.8,79.1,77.6,91,88,90.3,88.4
7/13/18 2:00,88,74,90.2,83.8,82.9,81.3,80.3,91,88,87.7,83.6
7/13/18 3:00,88,72.9,86.4,83.2,85.6,83.5,81.3,92.6,90.1,87.2,83.6
7/13/18 4:00,92,74.1,87,83.8,87.2,82.9,83,93.6,89.6,87.2,81.4
7/13/18 5:00,84.6,70.7,78.3,71.9,78.1,74.2,38.4,83.9,67.3,71.3,62.6
7/13/18 6:00,69.8,70.7,51.9,64,72.7,69.2,46.9,76.6,60.9,63.4,59.1
7/13/18 7:00,62.4,59.7,45.2,55.2,58.6,59.2,42.5,58.3,55,55.3,55
7/13/18 8:00,51.8,56.1,48.2,51.7,54.5,55.6,45.3,53.7,53.9,52.4,56.2
7/13/18 9:00,50.8,54.9,48.2,48.7,49,53.2,44.1,50.2,54.5,56.6,56.2
7/13/18 10:00,55,52.5,43.2,49.3,46.6,48.9,47.2,52.5,49.7,46.4,40.5
7/13/18 11:00,57.4,58.1,43.8,48.7,57.6,61.8,57.8,66.5,47.8,47.6,51.4
7/13/18 12:00,88.8,61.8,40.7,57.8,59.4,64.7,60.8,65.4,55.7,43.2,45.3
7/13/18 13:00,67.8,66.5,49.7,87.8,60.7,72.1,65.4,66,65.6,48.5,52.4
7/13/18 14:00,72,85.2,47.6,89.3,91,75.4,97.7,91.2,72.4,50.5,75.1
7/13/18 15:00,76.4,69.8,49.1,61.8,86.3,66.5,97.7,94.9,57.4,47.5,53.1
7/13/18 16:00,68.1,59.8,62.9,61.8,83,63.9,85.8,92.8,59.7,63.9,71.2
7/13/18 17:00,76.7,74.8,69.2,76.4,84.1,74.2,84.6,94.2,74.5,68.9,73.3
7/13/18 18:00,78.8,78.1,71,76.9,84.6,76.5,85.1,95.2,69.9,72.9,72.8
7/13/18 19:00,82.5,75.9,74.9,78.6,85.1,75.9,87.2,96.2,74.5,75.6,76.7
7/13/18 20:00,84.1,73.6,76.7,78.6,86.7,77.6,87.7,97.6,77.3,78.4,79.4
7/13/18 21:00,84.1,76.9,79.4,80.7,88.3,79.8,89.2,98.7,79.5,80,81.1
7/13/18 22:00,86.1,79.2,82.8,82.3,90.4,81.4,90.3,98.2,82.2,81,83.7
7/13/18 23:00,87.6,80.8,82.2,83.9,91.9,84.2,92.3,98.7,83.8,84.2,85.9
7/14/18 0:00,90.2,83,86.6,85,93,85.8,92.3,98.2,86,86.3,85.9
7/14/18 1:00,91.2,83,88.3,87.6,94,86.8,93.8,99.1,88.7,87.4,87.5
7/14/18 2:00,91.2,81.9,86.6,88.1,93.5,85.8,92.3,98.2,86.5,86.8,87.5
7/14/18 3:00,89.1,80.8,87.7,88.1,92.4,85.2,90.7,99.1,88.6,88.3,86.9
7/14/18 4:00,89.6,80.8,83.8,86.6,92.4,82.5,87.7,99.1,88.1,83.7,83.2
7/14/18 5:00,83.1,78.6,76.7,77,81.4,77.7,53.6,96.3,73.6,75.7,70.1
7/14/18 6:00,72,71.9,53.8,68.7,73.2,72.1,52.9,87.3,66.8,62.8,62
7/14/18 7:00,63,62.6,45.9,55.8,56.8,60.4,47.2,63.5,56.8,55.9,53.7
7/14/18 8:00,63.6,59.1,46.4,54.6,51.3,54.9,46.5,53,54.9,52.3,52.5
7/14/18 9:00,55.4,56.8,42.6,49.9,49.5,52.5,48.3,48.7,53.2,48.7,48.9
7/14/18 10:00,54.4,52.7,43.8,52.3,55.8,52.5,57.2,60.6,52,43.9,47
7/14/18 11:00,55,51,48.1,53,60.5,52.1,60.7,62.5,58,47,46
7/14/18 12:00,53.9,47.8,46.9,51.8,64.1,57,63,59.5,56.9,47,46
7/14/18 13:00,54.5,52.7,51.8,53.7,61.3,62.4,63.6,68.2,56.9,49.4,47.8
7/14/18 14:00,55.6,52.2,49.5,57.2,55.4,58.9,59.7,59.6,58.1,48.3,57.4
7/14/18 15:00,63,48,55.9,57.8,66.4,65.2,65.8,67.5,61,51.9,53.8
7/14/18 16:00,65.8,48.5,58.8,60.6,69.2,66.9,68.1,70.3,62.7,59.4,59.7
7/14/18 17:00,69.2,61.1,65.3,65.7,69.8,68,69.1,72,66.1,63.3,63.8
7/14/18 18:00,70.2,61.6,65.8,66.2,71.4,70.9,70.2,75.3,67.7,66.2,65.5
7/14/18 19:00,72.9,60.3,65.8,65.6,72,71.4,70.2,81.7,68.3,67.3,66.6
7/14/18 20:00,73.4,61.5,65.1,66.2,72.5,71.4,70.7,84.4,66.5,65.5,64.2
7/14/18 21:00,75.6,59.6,65.7,63.8,77.5,68.5,75.6,83.8,67,66.1,65.9
7/14/18 22:00,79.3,63.8,68,66.1,80.8,73.1,76.7,86.5,68.2,69.5,68.8
7/14/18 23:00,80.4,67.3,68.6,70.2,81.9,75.9,79.9,88.5,71,70.6,72.2
7/15/18 0:00,84.1,71.4,76,74.1,84,78.1,81.5,90.6,73.3,77.3,73.3
7/15/18 1:00,87.1,71.4,75.5,74.6,86.2,80.3,84.1,91.6,76.1,75,75.5
7/15/18 2:00,87.6,71.8,79.4,75.7,88.3,80.8,85.1,92.1,80,78.8,78.3
7/15/18 3:00,87.6,74.1,77.7,77.4,87.7,81.9,86.1,92.6,81,79.3,78.3
7/15/18 4:00,88.6,75.8,76,80.7,88.8,82.4,85.6,92.1,83.2,77.7,77.7
7/15/18 5:00,79.4,71.3,71,68,78.2,73.2,42.2,84,64.4,68.5,65.1
7/15/18 6:00,65.8,68.5,46.4,62.3,69.8,63.9,41.5,73.3,62.1,56,58.7
7/15/18 7:00,64.7,66.8,48.3,58.9,65.8,63.4,42.4,63.1,59.8,55.4,56.2
7/15/18 8:00,57.9,62.8,46.3,54.1,58.7,56.9,50.2,56.6,58.5,49.5,56.2
7/15/18 9:00,57.3,61.7,40.8,54.1,52.1,61.7,49.7,56,53.8,39.1,50.8
7/15/18 10:00,56.2,58.8,46.8,50.6,49.2,58.2,52,59.5,54.5,47,47.2
7/15/18 11:00,50.7,50.3,46.8,49.5,52.1,54.5,53.1,53,52.8,46.4,47.8
7/15/18 12:00,46.5,47.9,53.6,53.5,46.8,52.6,51.3,53,55,49.4,47.8
7/15/18 13:00,46.5,45.2,53.6,54.7,47.9,53.2,53.7,54.7,59.2,51.2,50.2
7/15/18 14:00,50,40.8,51,51.7,47.9,52.6,50.6,53,55,49.9,49.5
7/15/18 15:00,54.7,45.8,50.5,50.5,50.9,52,53,58.2,51.4,46.3,47.7
7/15/18 16:00,60.6,49,46.7,50.5,53.9,54.5,57.7,61.1,49.5,45.1,49.5
7/15/18 17:00,64,59.2,55.2,60.6,62.2,61,62.9,65.1,58.5,57.5,55.5
7/15/18 18:00,66.3,60.4,59.3,61.7,66.9,65.1,65.7,70.9,61.4,62.2,62.6
7/15/18 19:00,68,65.2,62.9,66.9,69.2,65.1,68,71.9,68.4,62.8,63.8
7/15/18 20:00,72.5,70.4,70,73.2,69.2,69.2,67.4,75.3,72.9,71.3,70.7
7/15/18 21:00,71.9,67.4,69.3,69.7,69.7,71,68.5,77.4,71.2,70.2,70.7
7/15/18 22:00,76.2,70.9,70.4,71.5,73.7,72.1,69.6,81.2,73.4,71.3,72.9
7/15/18 23:00,79.4,73.7,71.6,73.1,74.8,72.7,72.4,83.4,74,72.9,72.3
7/16/18 0:00,80,70.3,71.6,74.2,76.4,73.7,74,84.4,74.6,71.8,71.2
7/16/18 1:00,81,74.8,72.1,76.4,74.2,72.6,72.3,83.8,77.3,71.8,75
7/16/18 2:00,82,74.8,72.1,75.8,75.8,72.6,74.5,86.5,75.6,71.2,73.3
7/16/18 3:00,83.6,72.5,70.3,74.7,78.6,74.2,76.2,85.4,76.7,71.7,73.9
7/16/18 4:00,81,72.5,69.7,71.9,79.2,74.2,75.6,87,75.6,71.2,75
7/16/18 5:00,84.2,72,69.7,69.7,76,72.1,74.1,83.5,65.6,70.7,72.9
7/16/18 6:00,85.4,73.2,51.9,69.3,69.9,68.8,51.7,72.1,64.4,55.4,61
7/16/18 7:00,68.3,69.8,47.9,61.9,63.6,63.5,44.4,64.3,58.1,53.2,61
7/16/18 8:00,61.4,61.7,49.6,54.2,57.7,61.7,56.1,59,57.6,54.3,53.4
7/16/18 9:00,65.5,63,51.2,61.4,61.9,64.3,62,65.5,58,45.9,51.5
7/16/18 10:00,65.5,64.3,71.8,55.6,57.2,62.5,61.5,66.6,59.4,71.8,67.3
7/16/18 11:00,59.9,60,91.4,57.6,57.8,61.2,60.8,64.4,63.3,80.7,75.8
7/16/18 12:00,48.5,48.5,73.4,48.9,46.2,54.6,55,53.6,55.2,56.7,60
7/16/18 13:00,53.9,48.5,51.3,50.1,47.4,55.2,52.7,55.6,50.9,44.7,53.4
7/16/18 14:00,59.8,53.6,57.7,52.5,64.7,63.6,58.9,64.7,51.5,56.5,58.6
7/16/18 15:00,64.8,62.3,75.1,61.1,69.3,66.9,63,68.2,66.7,74.7,74.7
7/16/18 16:00,67.1,61.7,71.7,64.7,69.3,67.5,67.6,72.1,68.4,70.2,75.2
7/16/18 17:00,70.3,64,75.7,65.8,72.7,70.4,67.6,75.4,66.2,74.7,73.5
7/16/18 18:00,73.1,67.5,73.4,68.1,75.5,71,70.3,78.7,70.8,71.3,73.5
7/16/18 19:00,77.4,69.8,72.8,69.2,74.3,72.1,71.4,82.9,70.8,72.5,76.9
7/16/18 20:00,78.4,70.4,72.2,71.5,75.4,73.3,72.5,84,71.3,73,77.4
7/16/18 21:00,80.6,71.5,72.8,73.7,76.5,73.3,74.7,85.6,74.6,72.4,77.9
7/16/18 22:00,83.2,73.8,74.5,74.8,79.8,75.5,76.3,86.6,76.8,75.2,78.4
7/16/18 23:00,84.2,75.4,77.9,75.4,80.9,77.7,78.4,88.1,76.3,79,80.6
7/17/18 0:00,85.2,77.1,80.1,77.1,84.7,77.7,80,89.7,78,79.5,81.7
7/17/18 1:00,87.8,76.5,81.2,78.1,85.2,79.3,81.6,90.2,79.6,81.6,82.2
7/17/18 2:00,87.8,78.7,82.8,80.2,86.8,81.6,82.1,91.2,81.2,83.7,82.7
7/17/18 3:00,87.3,92.9,82.3,80.2,87.4,79.3,83.2,91.2,82.8,82.2,83.8
7/17/18 4:00,88.7,89.3,82.3,78,86.8,80.9,82.1,92.2,85,83.7,82.7
7/17/18 5:00,86.3,83.6,72.9,69.8,83.2,77.7,58.3,89.2,68,70.3,66.4
7/17/18 6:00,77.5,79.3,56.7,68.8,75.5,73.9,55.3,79.3,65.8,62.5,59.4
7/17/18 7:00,69.4,72.1,51.5,61.4,71.1,69.4,56.4,72.2,62.8,54.3,60.5
7/17/18 8:00,67.1,64.6,46.5,54.3,61.3,65.9,58,67.2,55.2,48.4,55.8
7/17/18 9:00,66.1,68.2,51.8,54.3,61.3,65.3,63.2,66,57,51.3,55.8
7/17/18 10:00,64,61.9,49.5,53.7,56.7,64.9,62.7,66.7,53.4,49.5,44.9
7/17/18 11:00,60.5,55.3,48.3,48.9,53.1,60.7,60.4,59.8,51,48.9,49.3
7/17/18 12:00,58.1,54.3,46.4,49.6,53.1,61.4,60.4,58.6,51.7,47.7,48.5
7/17/18 13:00,57,57.2,63.7,59.5,49.4,63.5,58,70.7,62.2,65.2,81.1
7/17/18 14:00,61,53.6,77.6,75.6,57.8,58.2,58.6,61.5,68.2,64.4,68.6
7/17/18 15:00,64.3,63.6,68.3,67.7,63.5,62.9,61.3,67.7,65.7,65.3,66.2
7/17/18 16:00,69.9,65.9,73.5,61.9,67,69.4,65.3,69.3,62.2,68.6,69.1
7/17/18 17:00,69.9,68.2,75.1,69.9,70.9,68.6,69.2,74.3,70.8,76.3,74.6
7/17/18 18:00,71.4,66.9,74.5,68.6,73.2,69.8,69.2,76.5,69,71.3,70.7
7/17/18 19:00,74.2,68.7,76.8,69.3,74.3,71.6,71.4,80.3,70.2,76.3,77.4
7/17/18 20:00,76.3,72.7,78.5,72.7,77.7,75,74.2,82.9,73,79,79.6
7/17/18 21:00,81.6,72.7,81.9,74.9,80.4,77.2,77.4,86.1,74.6,81.2,81.2
7/17/18 22:00,84.3,74.9,78.5,74.9,82.1,76.6,79,87.1,76.3,78.5,79.6
7/17/18 23:00,84.3,75.4,80.1,77.1,82.6,78.8,79.6,88.2,76.8,78.5,81.2
7/18/18 0:00,86.2,73.7,81.2,78.2,83.6,78.8,80,89.2,78.5,81.7,81.2
7/18/18 1:00,87.8,76.5,81.8,79.2,84.7,79.9,81.6,89.7,79.6,81.7,81.7
7/18/18 2:00,90.2,77.1,80.1,79.2,86.3,81.6,82.7,91.2,80.1,82.7,80.6
7/18/18 3:00,95.1,75.3,81.8,80.2,86.8,79.9,83.2,91.7,80.1,83.2,81.1
7/18/18 4:00,96.1,78.7,82.9,79.2,86.8,80.9,83.7,92.2,81.7,82.7,81.7
7/18/18 5:00,94.7,77.1,72.9,74.9,85.8,81.6,76.5,90.8,72,71,69.7
7/18/18 6:00,85.5,76,55.1,66.6,76.2,71.7,51.9,76.1,63.5,59.1,64.7
7/18/18 7:00,76.1,73.3,54.3,59.7,66.5,64.8,48.8,69.4,59.4,57.8,61.8
7/18/18 8:00,62.8,66.5,49.6,51.9,59.5,62.4,52.2,61.5,54.8,47.8,56.8
7/18/18 9:00,63.8,65.3,50.2,52.5,54.2,61.8,51,58.5,49.2,47.2,54
7/18/18 10:00,60.5,61.9,45.8,53.8,49.2,59,51,57.4,56.9,44.2,48
7/18/18 11:00,56.3,57.9,45.2,54.4,52.5,60.8,56.9,59.9,69.9,42.3,47.4
7/18/18 12:00,52.8,52.9,85.6,59.6,51.1,56.5,53.4,56.8,68.1,84.3,78.1
7/18/18 13:00,62,61.9,95.5,68.6,62.4,63,62,64.3,74.5,89.3,94.4
7/18/18 14:00,64.2,69.6,93.8,84.8,89.9,84.7,92.8,76.5,78.2,89.3,96.9
7/18/18 15:00,95.6,89.3,92.9,90.4,90.4,100,98.1,98.2,78.2,92.4,96.6
7/18/18 16:00,93.4,74.9,90.3,87.2,86.4,100,97.3,98.2,77.4,93,96.6
7/18/18 17:00,96.2,76.6,91.4,90.3,89,100,96.8,97.8,79.1,93,97.2
7/18/18 18:00,96.2,77.7,95.7,87.7,86.3,100,97.8,99.3,80.2,91.5,96.7
7/18/18 19:00,96.6,79.3,90.9,87.7,86.8,100,97.8,99.8,80.7,88.4,96.2
7/18/18 20:00,96.6,80.4,94.1,88.7,84.2,100,91.9,99.8,82.9,90,96.2
7/18/18 21:00,96.6,78.7,95.2,86.7,85.2,100,90.8,99.2,84.5,88.9,89.1
7/18/18 22:00,96.6,79.8,95.2,85.6,85.8,100,91.9,99.2,83.4,90.9,86.9
7/18/18 23:00,97.5,80.3,94.1,84.5,86.3,100,90.8,99.7,83.4,90.4,83.2
7/19/18 0:00,97,82.5,94.6,86.1,87.3,100,91.3,98.2,83.9,90.4,87.5
7/19/18 1:00,96.5,82.5,94.1,87.2,89.4,100,91.3,99.7,86,93.5,88.5
7/19/18 2:00,97.5,82.5,91.4,87.6,90.4,100,92.3,100,87.1,90.9,89.1
7/19/18 3:00,97,84.1,92,86.1,92,98.7,92.3,99.2,89.2,91.4,90.1
7/19/18 4:00,97,83,92,89.2,90.4,99.7,92.3,100,89.7,91.4,89.1
7/19/18 5:00,94.7,80.9,82.9,76.6,85.3,89.7,45.6,98.9,72,74.8,63
7/19/18 6:00,81.9,73.7,64.4,65.9,72.7,78.4,47.1,79.3,65.8,61.4,60
7/19/18 7:00,72.2,66.9,48.4,57.8,67.1,71.1,50.4,66,57.5,52.5,55.7
7/19/18 8:00,63.9,64,51.3,51.3,61.3,61.1,54,62.1,52.8,46,50.3
7/19/18 9:00,60.4,64.7,43.9,47.5,64.8,62.9,51.5,58.5,47.3,42.2,47.2
7/19/18 10:00,59.3,57.7,47.5,45.8,45.4,52.7,47.8,50.1,53.3,43.4,41.8
7/19/18 11:00,53.9,53.6,45.8,47.2,56.5,60.2,50.3,54.4,49.1,43.4,43.7
7/19/18 12:00,58.7,51,43.2,57.8,48.2,58.9,55.1,57.5,55.8,39.7,43.7
7/19/18 13:00,57.5,58.4,40.2,72.3,55.9,60.8,56.8,59.8,61.2,36.6,48.7
7/19/18 14:00,64.5,61.3,44,60.9,53,66.5,59.8,61.4,63.4,41.5,42.9
7/19/18 15:00,66,56.7,51.3,55.5,56.7,58.9,60.4,65.4,57.1,53.1,55.8
7/19/18 16:00,65.4,54.1,59,61.4,61.8,61.3,64.7,69.3,62.9,60.1,59.3
7/19/18 17:00,71.5,62.9,63.7,63,67.6,68.8,66.4,71,65.1,63.5,64.5
7/19/18 18:00,75.4,67.1,66,67.6,70.4,72.2,68.7,75.4,67.3,66.4,66.2
7/19/18 19:00,76.9,69.9,67.8,68.8,68.6,68.7,66.9,73.2,70.8,66.9,68.4
7/19/18 20:00,78.5,69.9,66.5,68.8,69.2,67.5,66.9,73.7,70.2,66.3,70.8
7/19/18 21:00,79.5,69.2,72.8,68.1,70.9,69.8,69.7,76.4,67.3,74.7,76.2
7/19/18 22:00,79,73.1,74.9,75.4,78.7,76,75.7,78.6,75.1,75,75
7/19/18 23:00,80,73.7,72.1,75.9,78.2,76.6,76.3,81.3,74.5,72.4,75.6
7/20/18 0:00,83.7,74.8,74.4,75.9,79.8,78.3,77.3,86.1,77.9,75.2,74.6
7/20/18 1:00,86.2,76.5,79,78.1,82,77.7,78.9,87.1,78.5,80.6,81.2
7/20/18 2:00,88.7,78.2,83.4,80.2,84.7,80.4,81.1,89.1,80.1,83.8,82.3
7/20/18 3:00,90.7,78.2,83.4,82.9,86.8,82.1,83.7,91.7,83.9,83.8,82.8
7/20/18 4:00,91.2,80.9,83.4,84,87.9,83.8,84.2,92.2,85.5,84.3,83.8
7/20/18 5:00,87.3,78.7,80.2,81.9,85.3,83.3,81.2,90.8,81.2,80.1,79
7/20/18 6:00,79.7,78.2,59.2,75.6,78.9,76.7,71.6,85.2,69.8,56.3,64.7
7/20/18 7:00,71.1,72.1,48,62,67.1,67.7,54.6,68.9,61.2,53.3,60
7/20/18 8:00,60.5,64,48,55.4,59.5,62.4,53.4,61,57,47.3,54.5
7/20/18 9:00,62.1,62.4,47,52.5,53.5,64.2,52.1,56.1,53.5,46,48.4
7/20/18 10:00,60.5,60.7,50.1,56.8,60.8,58.4,59.8,62.6,50.4,43.6,43
7/20/18 11:00,58.7,62,50.1,55,57.3,61.4,59.2,61,61.7,42.9,46.2
7/20/18 12:00,55.8,59,50.1,60.2,58.6,63.7,61,66.7,72,44.6,57.7
7/20/18 13:00,68.3,66.5,60.8,66,70,70,68.8,72.2,72,58.5,57.1
7/20/18 14:00,81.2,84.7,63.9,84.7,63,80.1,61.4,66,80.7,60.9,72.7
7/20/18 15:00,89.9,82.1,66.6,79.3,51.6,71.7,59.7,67.2,81.9,63.5,67.4
7/20/18 16:00,89.9,82.6,71.7,78.7,74.4,78.3,75.3,78.2,81.2,70.8,70.8
7/20/18 17:00,82.2,77.7,71.7,78.7,77.3,75.5,77.4,79.3,79.1,72,71.3
7/20/18 18:00,83.7,78.2,72.2,79.8,78.3,79.4,76.3,79.8,79.1,72.5,74.6
7/20/18 19:00,84.2,76,73.4,79.8,76.1,76.6,74.2,80.3,80.2,74.7,76.3
7/20/18 20:00,86.3,81,73.4,79.8,77.7,80.6,76.9,81.9,79.1,73,78.5
7/20/18 21:00,83.7,81.5,76.3,81.4,79.9,79.9,79,81.9,80.7,76.3,78
7/20/18 22:00,86.7,82.5,76.3,81.9,80.9,80.5,79.5,84,83.4,77.4,79
7/20/18 23:00,85.2,79.8,77.3,81.9,81.5,80.5,79.5,85.6,83.4,77.4,79.5
7/21/18 0:00,86.2,81.4,79.6,81.9,82.6,79.9,80,85.6,84.5,79,79.5
7/21/18 1:00,87.7,80.3,78.9,82.4,82,78.8,78.9,85.6,82.2,79.5,79.5
7/21/18 2:00,88.2,79.2,78.9,79.7,82,77.7,79.9,84.4,81.7,78.4,76.1
7/21/18 3:00,88.7,78.1,78.4,81.2,84.7,78.2,81.5,89.1,84.4,79.4,77.8
7/21/18 4:00,88.7,78.1,79.4,82.9,84.7,80.9,82.1,89.6,87.1,80.5,77.3
7/21/18 5:00,83.2,78.7,71.7,73.7,78.2,74.4,48.8,84.1,71.8,66.9,62.3
7/21/18 6:00,73.8,77.1,56.1,66.4,71.6,69.9,45.9,72.8,62.2,52.1,55.2
7/21/18 7:00,70.5,73.8,49.1,63.1,67.2,67.7,54.5,68.3,60.5,54.5,60
7/21/18 8:00,59.3,67,55.6,59.6,59.5,61.8,54,61.5,59.3,49.8,54.5
7/21/18 9:00,54.5,64.7,53.2,53.1,54.9,60,51.6,53.8,55.2,45.4,55.2
7/21/18 10:00,58.8,51.4,50.1,51.2,44.8,47.1,44.8,48.4,52.2,44.8,45
7/21/18 11:00,58.3,47.8,52,47,41.7,53.5,45.5,50.8,50.4,45.4,51.1
7/21/18 12:00,46.2,44.7,42.5,45.1,42.4,50.2,43.5,47.1,44.2,39.8,40.3
7/21/18 13:00,38.4,38.2,42,36.7,36.3,41.3,37.8,40.7,41.6,37.8,42.2
7/21/18 14:00,43.2,36.1,38.1,39.3,38.9,40.7,40.4,38.1,42.2,34,40.2
7/21/18 15:00,46.3,40,41.7,41.1,42,43.2,43.4,48.6,42.2,39.5,42.1
7/21/18 16:00,51.7,45.8,50.5,48,49.5,49.5,50,52.8,50.2,48.7,50.8
7/21/18 17:00,58.9,57.5,66,59.4,59.3,64.7,58.3,60.6,63.9,61.7,63.8
7/21/18 18:00,62.3,62.2,64.1,60.5,57.9,59.7,55.2,60.6,62,68.5,61.4
7/21/18 19:00,64,59.7,68.1,69.2,67.5,61.5,62.9,68.6,71.8,68.5,67.2
7/21/18 20:00,70.8,65.1,72.8,68.1,75,70.4,72,74.9,72.9,73.5,75.8
7/21/18 21:00,75.8,74.3,75.1,73.2,76.1,74.4,73.1,76,74.1,75.8,76.4
7/21/18 22:00,78.5,76.6,78.6,76.1,80,76.1,76.3,79.8,76.9,78,79.6
7/21/18 23:00,80.6,77.7,81.4,78.8,81,78.9,78.5,81.9,80.2,81.8,81.8
7/22/18 0:00,81.2,80.4,81.4,79.8,82.1,79.9,78.5,81.9,80.8,81.8,82.9
7/22/18 1:00,80.6,79.3,83.5,81.5,81.6,81.1,79.6,83,82.9,83.9,84.5
7/22/18 2:00,83.7,80.9,84.6,83.1,83.8,81.1,81.7,86.1,83.6,83.9,83.4
7/22/18 3:00,86.3,86.8,83.5,83.1,84.3,85.4,82.8,87.7,84.6,83.9,84.5
7/22/18 4:00,87.8,85.8,84.6,84.2,85.9,83.8,84.3,88.2,82.9,83.9,83.9
7/22/18 5:00,82.3,85.3,77.5,78.3,82.2,81.7,56.8,83.2,77.6,73.8,68.2
7/22/18 6:00,75.5,76.1,67.9,69.9,73.9,71.7,67.2,75.7,69.2,58.6,61.8
7/22/18 7:00,65.6,69.3,59.2,64.3,64.8,67.1,51.6,63.9,66.4,53.3,58.3
7/22/18 8:00,59.8,64.1,56.2,57.8,57.7,61.2,52.7,58.6,61.7,50.8,54.7
7/22/18 9:00,52.2,58.1,50.8,53.1,54.2,55.8,49.2,56.8,54,49.1,50.4
7/22/18 10:00,50.3,56.4,51.5,51.2,50.2,54.1,48.7,54.5,55.8,49.1,47.4
7/22/18 11:00,56.2,51.6,55.4,52.5,53.6,57.8,53.3,60.3,55.8,49.1,53.3
7/22/18 12:00,64.4,51.6,53.1,53.7,60.3,61.8,60.5,61.5,57.7,45.4,51.6
7/22/18 13:00,66.3,61.8,47.8,49.6,57.8,63.6,62,68.2,52.9,39.3,41.2
7/22/18 14:00,63.2,60,53.3,58,61.4,64.8,63.8,70,57.7,51.5,53.5
7/22/18 15:00,65.5,56.7,48.3,47.6,60.8,58.4,61.5,66.6,52.2,43.6,47.4
7/22/18 16:00,74.3,70.6,57.1,55.3,57.4,67.1,58.3,65.9,56.8,53,55.6
7/22/18 17:00,69.3,61.7,59.6,56,63.5,62.3,64.2,70.5,56.3,57.7,59.2
7/22/18 18:00,72.6,64,60.7,56.5,64.6,64,62.4,65.8,59.8,60.6,60.4
7/22/18 19:00,75.9,72.7,61.8,73.3,72.3,72.9,71.6,76.6,72.1,63.9,72
7/22/18 20:00,69.6,68,66.2,74.1,66.8,67.9,65.6,68.5,72.1,65.4,63.6
7/22/18 21:00,76.2,72.5,73.2,76.9,70.2,72,69,74.1,76.7,72.8,69.4
7/22/18 22:00,79.4,73.1,73.2,76.4,73.1,73.2,70.7,79.6,77.8,73.9,71.7
7/22/18 23:00,79.4,74.2,73.2,75.8,74.8,73.2,72.3,82.3,79,73.9,72.8
7/23/18 0:00,83.1,76.4,72.7,76.9,76.4,76,75.1,83.9,79.5,73.9,75.1
7/23/18 1:00,86.7,81.5,75.6,80.8,80.3,80.4,79.4,86.5,79,75.7,76.8
7/23/18 2:00,87.3,82,79.6,83,83.6,81.6,82.2,87.6,81.7,80.1,81.7
7/23/18 3:00,87.8,84.7,81.2,82.5,84.8,82.7,83.7,87.2,82.3,81.1,82.3
7/23/18 4:00,86.7,84.1,82.4,84.1,82.6,82.7,80.5,84.5,84.5,82.8,83.9
7/23/18 5:00,82.7,80.9,76.4,77.2,82.1,80,75.4,84.1,75.3,74.2,74.2
7/23/18 6:00,73.8,78.3,67.3,72.8,75.7,74,59.9,77.7,71.5,67.7,70.9
7/23/18 7:00,65,72.2,87.3,69,67.2,70,54.1,69.5,71.5,83.4,72
7/23/18 8:00,63.9,70.5,62.2,59.2,65.4,68.3,61,66.7,61.8,60.9,63.5
7/23/18 9:00,59.9,68.2,58,56.2,58.6,64.9,58.7,62.2,58.8,55.6,61.8
7/23/18 10:00,54.5,57.7,55.6,52,54.3,59,59.2,59.8,60,44.9,52.2
7/23/18 11:00,52.2,53.5,53.2,50.7,46.4,57.8,52.2,50.8,55.3,47.2,52.8
7/23/18 12:00,55.7,49.8,55.2,51.9,60.8,55.9,59.2,57.3,55.9,49.8,57.1
7/23/18 13:00,84.5,90.1,92.5,89.3,87.6,82.4,80.3,74,90.7,92.9,90.5
7/23/18 14:00,95.9,93.3,88.8,90.7,93.9,87.8,96.1,97.6,85.9,89,92.2
7/23/18 15:00,95.9,91.3,73.4,88.2,92.9,85.8,96.7,98.2,85,71.9,86.5
7/23/18 16:00,93.7,76,68.9,77.1,83.2,75.6,86.2,98.2,74.1,68.6,78.4
7/23/18 17:00,93.7,85.1,75.6,78.7,88.3,82.1,86.7,97.2,78.5,75.7,79.5
7/23/18 18:00,95.1,85.6,74.4,77.5,89.9,82.1,88.2,97.2,75.7,74,75.6
7/23/18 19:00,96.1,87.2,76.7,81.3,91.5,82.6,90.3,98.2,80.1,77.9,80
7/23/18 20:00,95.6,87.2,81.2,80.8,91.5,82.1,88.8,98.2,80.6,81.6,82.8
7/23/18 21:00,96.1,83,76.7,77.6,91.5,81.5,87.8,98.7,75.7,76.8,78.4
7/23/18 22:00,97.5,84.6,77.9,80.9,89.4,82.6,87.3,98.7,80.1,77.9,79.5
7/23/18 23:00,93.2,81.4,79,79.8,87.4,83.2,85.2,94.2,81.2,77.4,80.6
7/24/18 0:00,96,89.7,76.7,78.1,92.9,85.2,96.1,98.1,75.6,76.8,77.8
7/24/18 1:00,97.9,91.7,82.2,79,96.5,88.9,97.1,99.1,80,82.1,83.7
7/24/18 2:00,98.8,94.3,82.2,82.9,96,87.4,97.1,99.1,82.2,82.1,82.7
7/24/18 3:00,97.4,92.9,82.2,85.6,96.5,88.4,96.6,99.1,84.9,82.6,84.8
7/24/18 4:00,98.4,89.9,82.2,85.6,96.5,87.9,95.8,99.6,84.9,82.6,85.4
7/24/18 5:00,97.2,87.3,74.7,76.7,92.1,84.3,59.2,97.8,73.8,73.7,75.3
7/24/18 6:00,87,84.2,67.9,71.8,86.5,78.5,61.3,93.5,70.4,67.6,73
7/24/18 7:00,80.3,76.7,58.2,64.9,74.6,71.8,62.2,79.9,68.1,59.7,69.2
7/24/18 8:00,76.9,68.8,75.7,64.3,71.6,66.5,77.4,82.3,63.4,76.8,88
7/24/18 9:00,93.8,91.9,85.8,90.9,83.8,85.3,80.6,92.8,92.9,76.8,88.7
7/24/18 10:00,89.8,83.7,82.4,85.7,93,79.9,88.3,89.3,86.6,81.7,88.1
7/24/18 11:00,82.9,81.9,90.3,88,95.8,89,73.7,78.4,91.2,88.3,93.5
7/24/18 12:00,92.3,70.4,88.2,83.4,95,79.2,72.8,78.6,87.6,82.5,87.8
7/24/18 13:00,88.7,93.8,90.8,92.2,97,97.5,82.5,82.2,93.7,88.3,92
7/24/18 14:00,85.8,86.7,84.5,88.2,93.2,96.2,72.5,77.6,90.7,79.5,82.2
7/24/18 15:00,87.4,82,78.5,83,77.3,94.3,72.1,77.1,85.6,71.5,76.3
7/24/18 16:00,84.8,76.1,68.9,81.5,72.3,91.8,71.5,77.1,80.2,62,74.7
7/24/18 17:00,87.8,80.4,77.9,85.1,77.2,92.7,75.3,78.7,85.1,75.8,83.3
7/24/18 18:00,90.2,78.7,82.2,74.7,79.8,90.6,76.3,85.6,74.4,79.3,78.8
7/24/18 19:00,90.2,80.9,80.5,77.9,83.6,92.2,77.9,90.2,78.9,79.9,81.6
7/24/18 20:00,91.2,80.9,81.1,79.6,82.6,91.6,77.9,89.1,82.7,79.9,83.2
7/24/18 21:00,92.7,83,83.9,82.8,84.1,91.1,79.4,90.7,85.4,82.1,82.7
7/24/18 22:00,94.1,83.6,83.3,86.1,85.8,90,82.6,91.7,88.1,81.6,83.2
7/24/18 23:00,95.1,84.6,84.4,87.6,87.9,90,84.7,92.8,89.7,84.2,86.4
7/25/18 0:00,96,86.2,87.7,88.7,88.4,91.1,86.3,94.2,90.2,87.4,88.1
7/25/18 1:00,97,87.8,86.7,89.7,89.9,92.1,87.8,94.7,90.8,86.4,90.6
7/25/18 2:00,97,87.8,87.8,91.3,91.1,92.1,87.8,95.3,92.3,86.9,90.1
7/25/18 3:00,97.4,88.9,87.8,92.3,92,92.7,89.4,94.7,93.4,86.9,90.6
7/25/18 4:00,97.4,87.8,88.3,91.3,93.1,92.2,89.4,96.7,93.4,86.9,90.1
7/25/18 5:00,95.2,85.2,80.2,81.5,86.9,87.6,50.2,89.9,76.6,78,71.5
7/25/18 6:00,81.3,79.4,59.4,71.7,79,78.5,51.9,80.4,68.1,54.6,61.9
7/25/18 7:00,72.2,72.1,50.9,63.2,68.3,70.6,54,68.9,61.8,57.3,62.3
7/25/18 8:00,66.8,68.8,51.4,56.2,60.1,63.6,50.4,60.9,55.8,49.5,55.2
7/25/18 9:00,60.3,65.4,47.8,54.8,51.7,63,51.5,59.1,54.1,44.8,51
7/25/18 10:00,67.3,62.5,49.6,54.5,54.9,65.5,55.8,65.1,56.5,45.4,50.6
7/25/18 11:00,62.9,56,56.9,74.7,58.7,63.7,59.8,61.7,79,56.9,55.6
7/25/18 12:00,62.3,56.7,78.3,88.1,49.2,63.2,59.3,63.3,90.1,74.6,64.3
7/25/18 13:00,66.7,65.3,62.6,87.7,49.8,68.2,49.7,54.3,89.2,57.8,59.9
7/25/18 14:00,72.2,85.3,71.3,87.7,60.7,73.4,60.9,67.8,89.8,65.3,71.9
7/25/18 15:00,89.4,72.1,71.3,71.6,63.6,71.2,66.6,71.2,79.1,67,66.8
7/25/18 16:00,92.4,76.7,66,80.4,68.3,75.1,64.9,73.3,80.2,59,64.5
7/25/18 17:00,86.8,72.8,71.8,78.8,72.8,74.6,69.9,78.8,81.3,69.8,69.1
7/25/18 18:00,89.4,74.5,75.8,80.4,73.3,76.2,70.4,79.3,83.5,75.3,73.6
7/25/18 19:00,93.8,75,77.5,82,76.1,77.8,71.5,83.5,87.2,77.6,77.5
7/25/18 20:00,93.8,75.5,78,81.5,78.3,78.3,72,85.6,87.2,79.7,77.5
7/25/18 21:00,93.2,76.6,77.4,81.9,78.8,78.9,74.8,87.7,86.2,78,80.2
7/25/18 22:00,93.7,78.3,75.7,81.9,81.6,80,78,89.2,85.6,77.4,78.5
7/25/18 23:00,95.1,81,78.5,83,83.2,82.2,80.1,90.3,86.6,78,80.7
7/26/18 0:00,95.6,81.5,80.7,85.7,84.8,83.3,81.2,90.3,88.2,80.1,82.3
7/26/18 1:00,96.1,82,81.8,86.2,85.3,84.3,81.6,91.3,88.7,82.2,82.3
7/26/18 2:00,96.5,82,83.4,88.2,85.8,84.8,83.7,93.8,90.8,83.8,81.7
7/26/18 3:00,96.5,83.1,84,89.3,87.9,86.9,84.8,92.8,91.3,85.4,84.4
7/26/18 4:00,97,81.5,81.8,90.8,89.5,86.9,85.8,93.7,92.3,84.8,82.8
7/26/18 5:00,92.8,79.9,73.6,80.4,83.8,82.8,49.7,88.8,78.7,72.7,69.9
7/26/18 6:00,79.2,78.3,57,71.8,76.2,74.6,48.3,77.8,68.2,52.3,65.8
7/26/18 7:00,73.4,73.9,56.3,67.8,70.1,73,59.4,71.3,65.9,56.3,62.4
7/26/18 8:00,72.4,67.1,51.4,57.4,61.5,65.5,57,64.5,62.9,48.9,51
7/26/18 9:00,66.7,67.1,50,54.5,57.9,63.7,58.1,62.8,61.8,47.8,51
7/26/18 10:00,64.5,57.1,51.9,53.3,53.7,60.8,57.5,65.1,62.9,49.5,48.1
7/26/18 11:00,61.7,51.7,85.1,69.3,52.5,61.4,60.4,58.1,74.6,67,59.3
7/26/18 12:00,66.2,55.4,67.8,63.6,63.6,66,62.6,66.6,69.2,57.8,57.5
7/26/18 13:00,71.1,68.4,59.6,67.1,67.7,68.3,68.2,72.8,62.7,57.2,55.2
7/26/18 14:00,77,70,66.1,71.1,70.5,73.4,67,72.8,72.5,65.9,65.8
7/26/18 15:00,77,69.5,66.8,67.7,70.5,71.7,68.8,76,68.6,66.6,66.4
7/26/18 16:00,78.7,69.5,59.2,64.3,70,71.2,68.2,73.8,64.1,58,62.3
7/26/18 17:00,79.2,71.7,64.9,67.1,72.8,72.8,71.6,78.3,68,62.3,67.5
7/26/18 18:00,84.9,76.2,67.2,72.8,77.3,77.3,76.5,82.6,69.1,66.9,66.8
7/26/18 19:00,83.8,75.6,73.1,70.7,73.8,73.3,73.6,85.2,72.8,74.4,73.2
7/26/18 20:00,79.3,77.4,89.7,93.2,98,81.4,97.6,97.7,88,89.3,90
7/26/18 21:00,86.1,74.1,87.6,93.8,98.5,84.7,97.6,98.7,88.6,88.8,90.5
7/26/18 22:00,87.2,76.4,87.6,94.3,99,85.2,98.6,97.7,89.1,87.3,89.5
7/26/18 23:00,87.2,81.3,86.6,93.8,99,86.3,99.1,99.2,90.2,86.3,88
7/27/18 0:00,87.7,80.8,86,94.3,99,85.8,97.7,98.2,89.7,85.2,85.8
7/27/18 1:00,88.7,77.5,84.9,92.2,99.5,83.6,99.1,100,90.2,84.2,83.2
7/27/18 2:00,90.2,78.1,86,93.2,99,83,97.7,99.2,89.1,85.7,84.8
7/27/18 3:00,90.7,78.6,86,92.7,98.5,83.6,98.2,99.2,90.2,85.7,84.8
7/27/18 4:00,91.7,78.1,85,93.8,99,85.8,98.6,99.6,90.2,85.7,85.3
7/27/18 5:00,89.8,78.1,77.4,82,99,80.4,81.8,99.3,77.5,76.4,70.3
7/27/18 6:00,81.3,78.1,56.9,76.7,98.8,78,69.2,97.9,70,54.6,69.8
7/27/18 7:00,73.9,70.5,60.9,75.1,98.8,73,62.4,91.4,66.9,59.3,67.6
7/27/18 8:00,67.4,72.3,79.5,59.8,97.9,68.9,69.5,85.2,69.7,83.7,93.6
7/27/18 9:00,70.7,70.1,58.7,61,94.5,68.9,67.9,79.5,66.9,60.3,80.8
7/27/18 10:00,64.4,70.5,89.2,66.3,75.5,71.7,69.4,84.3,76.2,87.2,93.4
7/27/18 11:00,80.5,71.2,94.5,74.1,91.9,77,78.3,90.7,78.3,91.8,97
7/27/18 12:00,69.8,64,88.2,69.2,85.9,68.1,71,88.3,75.7,85.8,97
7/27/18 13:00,64.3,57,82.3,67.6,73.5,63,64.3,75,76.8,76.3,89.5
7/27/18 14:00,68.8,59.4,63.8,61.3,76.2,64.7,67.7,77.7,61.5,58.3,83.8
7/27/18 15:00,72.7,61.7,66.6,60,73.9,66.4,66.5,79.3,63.3,62.9,65
7/27/18 16:00,73.2,65.3,70.6,63.5,73.3,69.9,68.7,78.2,67.9,68.6,68.4
7/27/18 17:00,75.3,66.5,68.9,69.9,75.5,72.2,73.1,77.6,69,68.6,68.4
7/27/18 18:00,78.1,71.6,74.6,74.4,81.6,76.1,76.9,87.7,74.7,73.6,75.8
7/27/18 19:00,81.2,73.3,78,74.9,83.8,78.4,77.5,90.3,78.6,76.3,80.1
7/27/18 20:00,77,73.9,78,75.5,83.8,78.9,78.5,89.8,76.9,77.4,80.1
7/27/18 21:00,81.2,73.3,71.6,67.9,81.1,79.4,78,86.7,70.5,70.1,68.8
7/27/18 22:00,81.2,75,77.2,75.3,86.4,79.9,80.7,90.3,75,76.2,76.1
7/27/18 23:00,81.7,76,78.3,77.5,86.9,81.1,81.2,88.2,77.8,77.2,80.5
7/28/18 0:00,80.6,77.1,79.4,79.2,86.9,82.2,82.7,91.8,81.1,79.9,81.6
7/28/18 1:00,82.2,78.8,81.6,80.2,88.4,81.6,83.7,93.3,82.2,82.1,82.7
7/28/18 2:00,81.2,78.8,86.6,83.4,89.5,83.2,85.8,93.8,87.1,85.8,84.8
7/28/18 3:00,82.7,83.6,86,84.5,89.5,83.2,86.3,94.3,85.4,84.7,82.1
7/28/18 4:00,84.8,82,86,85.6,88.9,83.2,85.8,93.8,86,84.7,83.7
7/28/18 5:00,77,76.1,70.6,91,82.5,81.7,78.3,87.6,90.9,68.6,73
7/28/18 6:00,78.6,77.2,55.2,80.4,88.9,78.8,78.3,89.2,85.1,49.3,72.4
7/28/18 7:00,73.2,76,66.2,78.2,79.5,77.2,59.5,72.9,87.2,64.2,71.4
7/28/18 8:00,69.4,69.9,60.2,66.7,66.6,67.8,55.5,73.9,73.8,56.2,56.5
7/28/18 9:00,62.2,67.7,52.7,63.9,66,64.3,61.6,72.3,67.6,52,57
7/28/18 10:00,62.2,62.5,58.6,54.3,54.9,62.7,59.3,65.1,57.6,62.4,56.4
7/28/18 11:00,69,58.9,64.8,62.4,65.3,67.2,60.8,68.9,63.3,68.6,83.2
7/28/18 12:00,65.1,88.2,66.9,87.1,67.8,70.2,63.3,71.9,75,64.3,84.2
7/28/18 13:00,70.3,78.7,76.7,88.2,67.6,67.4,65.2,71.9,77.3,75.2,76.8
7/28/18 14:00,73.1,72,75.1,81.9,68.7,66.9,65.9,75.5,74.1,74.7,68.4
7/28/18 15:00,73.6,73.1,76.2,78.6,70.4,70.4,67.5,73.3,77.9,73,74
7/28/18 16:00,74.2,70.9,73.3,75.4,69.8,70.4,68.6,73.8,77.9,74.6,74.6
7/28/18 17:00,71.2,78.2,77.8,79.2,74.9,75.5,75.2,78.6,79.6,76.8,76.8
7/28/18 18:00,77.9,77.1,80.1,81.9,73.7,72,70.7,78.6,82.8,80.5,82.2
7/28/18 19:00,81.6,77.1,80.1,81.3,77.6,78.2,74,82.3,79.5,80,81.7
7/28/18 20:00,82.6,73.1,81.1,79.7,78.1,77.7,76.8,85,80.6,79.4,77.8
7/28/18 21:00,78.4,76.5,83.9,84,81.4,78.8,77.8,85.5,85.5,82.6,82.7
7/28/18 22:00,81.6,78.7,78.4,82.4,83.1,80.4,82.1,84.5,81.7,78.9,81.6
7/28/18 23:00,83.7,80.3,78.9,81.8,85.3,81,82.7,86.1,79.5,78.3,82.1
7/29/18 0:00,79,78.1,83.9,82.4,81.4,79.9,78.9,81.8,83.9,83.2,85.9
7/29/18 1:00,75.1,75.4,82.8,81.3,83.6,79.3,81.6,86.1,82.8,82.7,84.9
7/29/18 2:00,82.6,76.4,84.4,80.8,85.2,80.4,82.1,86.6,82.8,84.2,85.3
7/29/18 3:00,84.7,83.6,85,84.5,87.3,82.1,83.7,89.7,86.5,85.8,85.3
7/29/18 4:00,87.7,82.5,81.1,89.7,88.3,82.6,85.7,93.2,87.6,84.2,85.9
7/29/18 5:00,90.7,85.2,82.8,91.8,88.9,83.7,84.2,91.7,91.3,83.2,82.2
7/29/18 6:00,77.5,79.3,74.5,83.6,81,79.4,73.6,85.7,85.6,74.1,76.8
7/29/18 7:00,65.4,68.6,67.3,69.9,70.4,65.7,63,73.3,70.1,64.2,65.7
7/29/18 8:00,69.1,67,50.6,57.8,73.7,69.2,76.2,79.6,57.5,47.7,53.2
7/29/18 9:00,96.9,95.3,80.5,93.2,92.9,98.1,91.2,93.6,94.2,84.1,90.5
7/29/18 10:00,96.1,96.4,91.4,92.8,94.1,98.7,94.3,95.7,95.8,89.3,90.5
7/29/18 11:00,92.8,93.9,87.8,89.8,89.4,97.1,91.3,95.2,93.4,86.9,89.1
7/29/18 12:00,87.9,86.8,76.8,86.8,85.3,95.2,84.2,93.3,90.8,76.9,80.1
7/29/18 13:00,90.8,81.4,71.7,81.4,83.7,93.2,81.6,93.3,85,74.2,78.5
7/29/18 14:00,86.8,80.9,65.4,77.1,76,91.6,75.2,85.6,80.7,60,67.9
7/29/18 15:00,85.3,76.5,61.1,73.7,73.2,90.1,73,83.5,80.7,61,66.7
7/29/18 16:00,82.6,71.5,64.7,75.4,73.8,86.4,76.8,81.9,77.4,60.5,67.2
7/29/18 17:00,87.2,78.2,72.2,77.5,80.3,87.4,77.3,84.5,77.8,71.8,75.6
7/29/18 18:00,90.2,77.6,73.9,81.3,84.1,88.5,80.5,90.7,81.7,75.1,78.9
7/29/18 19:00,89.2,79.2,76.7,82.4,86.2,90.5,83.1,90.7,82.8,76.2,78.3
7/29/18 20:00,93.1,79.8,78.9,82.9,87.3,90.5,84.1,92.7,81.7,78.9,82.2
7/29/18 21:00,93.1,77.6,80.1,82.9,88.8,89,86.2,92.7,84.4,80,82.2
7/29/18 22:00,90.7,79.7,78.9,83.4,89.9,87.9,87.2,91.2,86,80,84.8
7/29/18 23:00,91.1,87.2,83.9,85,88.8,88.9,87.2,91.6,87.1,84.7,85.8
7/30/18 0:00,92.1,85,81,83.9,89.3,87.8,86.1,91.6,84.3,81.5,83.1
7/30/18 1:00,94.5,86.6,84.9,87,89.8,89.9,87.1,95.1,87.5,84.6,85.8
7/30/18 2:00,95.9,87.1,86.5,89.1,91.9,90.4,89.2,94.6,89.1,86.7,86.3
7/30/18 3:00,96.4,86.1,87.6,88.1,91.4,89.4,90.2,94.2,90.1,86.7,86.3
7/30/18 4:00,95.5,84,86,88.6,91.9,88.9,90.8,94.7,89.6,86.3,85.8
7/30/18 5:00,86.3,80.3,78.4,83.5,89.4,87.9,84.2,93.3,82.8,76.8,76.2
7/30/18 6:00,95.5,94.4,79.5,90.7,83.5,91.5,81.5,86,91.7,78.4,80
7/30/18 7:00,94.2,94.4,83.3,88.7,91.6,91.1,80.1,87.7,93.8,84.8,89.5
7/30/18 8:00,87.9,85.2,76.8,83.6,75.1,83.8,68.8,74.4,92.5,75.3,80.7
7/30/18 9:00,81.7,77.2,67.2,72.8,75.1,76.7,72.1,77.2,77,66.4,71.2
7/30/18 10:00,86.2,81.9,80.7,74.1,69.4,74.9,67.6,69.3,77.8,79,90.6
7/30/18 11:00,89.7,90.9,78.4,84.5,71.7,76.6,68.8,74.9,86.5,77.9,90.6
7/30/18 12:00,97.9,94.8,78.4,88.2,95,99.6,98.1,97.2,85.9,80.5,83.6
7/30/18 13:00,96.5,92.8,78.4,81.3,90.9,99.6,99.1,96.7,80.6,75.7,81.6
7/30/18 14:00,92.7,85.1,71.7,72.6,86.3,96.7,96.8,95.8,75.7,70.8,74.1
7/30/18 15:00,91.8,83.1,70,73.2,82.7,92.2,89,95.8,73.6,68,73.5
7/30/18 16:00,94.7,80.4,72.8,75.4,85.3,97.2,92.5,96.8,75.7,71.3,76.2
7/30/18 17:00,96.6,82,75,78.1,90,98.2,91.9,97.8,79.6,76.8,81.1
7/30/18 18:00,97.5,82.5,80.6,80.8,92.6,100,91.3,97.8,81.7,79.4,81.1
7/30/18 19:00,97.5,83.6,80.6,83.5,92.6,97.7,89.8,97.8,83.3,80.5,82.2
7/30/18 20:00,97.9,83.6,81.1,85,92.6,95.7,93.8,99.2,86,80.5,83.2
7/30/18 21:00,98.4,84.1,83.3,86.1,92,97.7,94.3,98.7,87.1,83.1,84.3
7/30/18 22:00,98.4,83.6,85.5,86.1,92,95.6,92.3,98.7,88.1,85.2,84.3
7/30/18 23:00,92.5,85,87.1,84.9,84,93.1,82.5,96.1,88.1,86.3,86.4
7/31/18 0:00,96,86.6,88.7,87.1,87.7,94.6,86.1,97.6,90.2,86.3,86.9
7/31/18 1:00,95,87.7,84.9,89.7,90.4,95.1,87.2,97.6,90.2,85.7,87.9
7/31/18 2:00,96,88.7,87.6,89.7,90.9,94.6,86.7,98.2,92.8,86.7,87.9
7/31/18 3:00,88.3,84.6,88.2,91.7,88.4,95.6,85.8,96.7,93.8,87.3,88.4
7/31/18 4:00,89.8,85.2,88.2,87.7,90,94.7,85.3,93.8,91.3,87.9,89
7/31/18 5:00,85.8,84.1,83.5,83.6,88.5,91.6,83.8,92.3,86.6,82.3,83.9
7/31/18 6:00,80.1,74.9,72.4,74.9,80.5,83.8,78.6,86.2,77.5,68.7,74.7
7/31/18 7:00,75.4,74.4,57.9,72.7,78.3,77.3,71,78.3,70.2,55.6,63.5
7/31/18 8:00,73.7,72.2,61.3,69.4,70.5,74.5,67,71.1,66.9,60.6,63.5
7/31/18 9:00,70,68.8,54.9,60.2,67.2,71.7,67.7,68.9,62.9,49.1,60.4
7/31/18 10:00,66.1,63.6,54.9,56.1,61.9,62.5,63.2,66,56.9,51.3,49.8
7/31/18 11:00,63.8,59.5,51.8,57.3,57.9,67.7,65.4,64.3,60.5,48.2,51.6
7/31/18 12:00,66,61.3,56,56.7,59,68.9,64.3,67.3,60.5,51.2,53.4
7/31/18 13:00,67.2,60.2,48.8,59.7,60.2,67.7,64.3,67.8,61.1,51.2,52.1
7/31/18 14:00,70,65.5,53,60.3,57.2,68.3,62.7,67.8,65.8,56.1,56.3
7/31/18 15:00,72.2,59.6,59.7,60.8,63.1,66.6,65.9,71.6,61.6,54.3,58.1
7/31/18 16:00,75.3,68.8,65.4,68.2,71.1,73.9,71.5,75.5,68.5,64.6,64.5
7/31/18 17:00,78,88.1,68.3,70.4,75,67.9,75.8,79.3,72.5,68.6,67.9
7/31/18 18:00,81.7,93,62.9,72.7,76,77.7,74.7,85.1,67.2,61.5,58.3
7/31/18 19:00,86.3,91.5,71.1,74.3,81.1,81.1,80.1,86.7,75.8,71.3,71.3
7/31/18 20:00,83.2,84.6,77.9,90.8,77.1,89.5,78.5,87.7,84.4,78,77.8
7/31/18 21:00,85.3,87.8,85,93.8,82,87.4,81.1,88.7,87.6,88.4,84.3
7/31/18 22:00,82.2,87.8,86.7,95.4,85.3,88.5,83.8,89.2,90.3,87.9,84.9
7/31/18 23:00,84.7,87.8,85.6,95.9,79.9,92.2,76.2,81.3,90.8,87.5,86.5
8/1/18 0:00,84.7,87.3,84.5,95.4,83.1,95.7,84.7,86.6,88.2,83.7,86.5
8/1/18 1:00,82.7,84.1,85.6,93.9,87.9,97.7,87.9,89.8,89.3,86.9,86.5
8/1/18 2:00,82.7,80.4,83.4,90.8,84.7,93.7,83.2,82.9,89.3,85.4,85.4
8/1/18 3:00,82.2,85.8,86.7,87.2,86.9,93.2,85.9,86.7,87.1,86.9,85.9
8/1/18 4:00,80.1,81.5,81.2,87.7,85.1,86.9,83.1,85,85.5,83.8,85.9
8/1/18 5:00,76.8,80.4,77.9,85.1,80.9,85.4,78.3,83.4,84.5,78.5,81.7
8/1/18 6:00,78,79.9,69.5,80.3,87.4,85.4,76.9,90.8,79.6,63.1,70.8
8/1/18 7:00,73.3,75,58.8,75.1,89.1,79.6,70.5,85.2,75.4,63.9,73.2
8/1/18 8:00,74.3,85.2,59.7,63.2,73.5,76.8,64.4,73.4,63,62.5,58.3
8/1/18 9:00,67.8,78.9,76,70.1,67.3,70.1,67.2,68.4,84.6,77.3,72.1
8/1/18 10:00,66.2,68.8,61.5,62.7,60.9,63.1,62.7,67.3,69.3,59.7,56.5
8/1/18 11:00,58.5,65.3,61.5,62.2,57.7,66.5,59,60.7,67.5,59.7,59.3
8/1/18 12:00,67.8,60.7,57.9,76.7,57.1,65.3,62,65.5,65.2,56.6,58.7
8/1/18 13:00,63.3,59.4,63.1,71.6,60.8,63.6,60.9,66.1,80.2,60.7,59.2
8/1/18 14:00,68.8,64.2,63.1,69.9,62.4,65.3,62.5,68.2,72.5,60.7,59.2
8/1/18 15:00,72.7,69.4,66,71.6,68.8,71.7,71,72.8,73.1,65.3,63.4
8/1/18 16:00,66.3,71.6,68.9,73.9,68.1,73.3,65.2,69.8,75.8,70.3,70.2
8/1/18 17:00,70.3,65.1,70.9,65.7,70.3,74.9,69.6,77.5,69,68.4,74.6
8/1/18 18:00,77.4,73.2,72.1,81.3,86.8,79.3,86.8,91.7,79,70.7,66
8/1/18 19:00,78,73.8,72.7,78.1,86.3,83.2,83.8,94.3,81.2,72.4,68.9
8/1/18 20:00,79.6,72.1,80.6,78.7,81.5,82.1,80,89.2,81.2,80.1,78.4
8/1/18 21:00,82.7,77.1,77.2,81.3,79.3,83.2,78.9,83.9,81.2,78.4,78.4
8/1/18 22:00,79.5,76.4,78.9,80.2,84.7,82.6,83.7,87.1,81.2,79,77.8
8/1/18 23:00,82.7,86.7,82.2,85.1,84.2,83.2,82.1,86.1,85,81.6,78.9
8/2/18 0:00,81.1,85.7,79.5,84.5,85.2,84.2,81.6,92.3,83.9,78.9,79.5
8/2/18 1:00,81.6,82.5,84.5,85,83,84.2,81.1,89.7,85,83.2,82.2
8/2/18 2:00,84.7,84.1,85,86.2,84.7,86.9,83.2,91.2,87.7,85.8,84.3
8/2/18 3:00,79,80.9,86.1,84.5,82.5,84.2,78.9,85.5,84.4,85.8,84.3
8/2/18 4:00,78.4,78.7,83.4,86.6,85.7,83.1,80,90.2,84.9,85.8,83.8
8/2/18 5:00,80.6,78.7,70,79.8,82,81.6,74.1,87.6,78.6,70.9,66.3
8/2/18 6:00,74.7,77.7,67.8,80.2,73.2,78.3,65.9,74.9,74.5,60.8,66.3
8/2/18 7:00,76.9,72.6,62.6,80.2,75.5,79.4,74.2,79.8,76.8,59,61
8/2/18 8:00,64.3,66.4,50.7,61.9,63.6,68.8,63.2,68.9,58.7,51.2,52
8/2/18 9:00,63.2,67.6,56.7,58.3,68.8,68.8,67.7,70.6,58.7,47.9,53.4
8/2/18 10:00,60.4,63.6,53.1,57.3,59,62,61.9,66,59.3,49.5,47.9
8/2/18 11:00,59.9,66.6,56.7,58.6,59,74.6,63.8,65.5,61.1,53.2,59.3
8/2/18 12:00,59.1,54.8,51.8,51.1,59,63,61.9,63.7,56.2,48.9,52.1
8/2/18 13:00,58.1,55.9,54.3,62,57.1,63.7,61.3,62.6,59.8,53.1,53.9
8/2/18 14:00,64.3,51.7,50.6,58.3,48,60.6,60.2,63.1,57.5,48.3,53.9
8/2/18 15:00,65.4,57.2,54.2,57.8,57.7,61.8,67,71.1,59.3,51.2,56.2
8/2/18 16:00,69.3,57.2,63.1,63,62.4,62.4,68.7,71.6,63.3,61.2,59.2
8/2/18 17:00,70.3,66.4,64.7,69.3,70.4,71,71.4,74.3,69.6,64,63.8
8/2/18 18:00,74.2,72.2,70.6,79.2,73.2,74.4,72.5,76,74.7,69.7,70.2
8/2/18 19:00,75.9,69.8,69.4,79.8,74.4,73.3,72.5,76.5,74.1,70.3,71.3
8/2/18 20:00,82.1,89.2,72.8,77.1,74.7,93.5,75.1,78.6,74.1,72.5,70
8/2/18 21:00,80.1,92.4,71.7,78.7,75.9,97.1,76.7,82.8,75.2,73.5,71.7
8/2/18 22:00,76.3,84.1,74,77.1,79.9,100,79.1,79.8,75.8,73.5,74.6
8/2/18 23:00,80.6,85.8,74,75.9,80.4,99.7,79.5,82.4,75.8,74.1,74.6
8/3/18 0:00,79,79.8,74.5,75.9,83.1,98.2,81.6,87.1,74.6,74.1,79
8/3/18 1:00,76.3,78.2,76.7,74.8,79.2,98.2,78.3,83.4,72.3,76.3,75.1
8/3/18 2:00,79.6,78.7,80.6,80.8,83.1,97.2,81.6,88.7,80.7,80.1,77.9
8/3/18 3:00,79.6,76.5,80.1,78.1,82.1,96.2,80.6,83.5,79,80.1,78.4
8/3/18 4:00,77.4,73.1,78.4,81.8,79.3,93.1,75.7,79.2,81.1,79,92.1
8/3/18 5:00,76.9,73.1,69.3,81.8,74.4,91.6,57.6,76,84.4,69.1,77.8
8/3/18 6:00,72.1,72.1,66.5,72.1,71.1,81.1,64.2,73.8,68.6,46.1,67.4
8/3/18 7:00,67.7,68.7,59.6,67.6,85.9,75.7,79.7,76.7,67.4,60.2,64.5
8/3/18 8:00,64.3,67,56,62.5,71.7,70.6,69.4,76.7,64,50.1,56.3
8/3/18 9:00,61.5,64.7,54.2,64.7,61.8,67.6,62.5,65.5,60,46.6,57.5
8/3/18 10:00,61,59.4,55.4,60.2,63.6,64.9,66.5,65,62.8,50.8,48.6
8/3/18 11:00,57.4,57.2,53.1,54.8,58.4,67.2,62.5,65.5,59.9,49.5,55.1
8/3/18 12:00,61,54.7,53.1,57.1,55.3,63.1,61.4,64.4,59.3,48.3,53.3
8/3/18 13:00,57.4,56.1,56.7,60.7,61.3,64.8,65.9,63.7,61.6,49,55.7
8/3/18 14:00,62.6,57.7,55.5,60.7,58.8,63.6,64.2,60.2,60.4,48.3,56.8
8/3/18 15:00,64.8,52.9,52.5,62.4,61.2,65.4,65.9,68.8,63.9,55.4,60.4
8/3/18 16:00,68.7,65.9,60.2,61.8,63.6,74.4,67,70.4,65.1,57.2,59.2
8/3/18 17:00,95.1,74.9,74.6,78.7,85.8,74.9,86.7,95.7,70.2,71.9,66.7
8/3/18 18:00,95.7,71,72.2,70.9,85.8,76.6,87.9,96.7,69.6,71.3,68.4
8/3/18 19:00,92.1,71.5,72.8,73.2,83.7,78.8,84.3,97.3,72.4,72.4,69
8/3/18 20:00,96.1,87.8,71.7,78.7,78.2,77.1,79.5,96.7,72.4,73,72.9
8/3/18 21:00,93.7,80.4,74.6,74.8,80.4,77.7,81.2,97.2,72.4,74.1,71.8
8/3/18 22:00,88.7,76.5,75.1,75.4,81,78.8,77.3,94.7,75.2,74.7,73.5
8/3/18 23:00,84.2,72,73.9,75.9,82,78.8,81.1,96.2,75.2,74,75.1
8/4/18 0:00,86.2,90.8,73.9,92.8,82,78.8,82.5,98.1,78.3,75.7,91
8/4/18 1:00,89.2,90.3,78.4,95.8,85.2,79.8,83.1,97.7,81.2,78.4,91
8/4/18 2:00,86.2,92.8,74.9,94.8,85.2,91,84.7,97.2,86.5,74.4,91.5
8/4/18 3:00,90.2,94.4,77.8,95.3,85.2,93.1,84.2,97.7,82.2,77.8,91.5
8/4/18 4:00,81.1,90.8,75.5,92.8,80.8,92.5,80.5,96.2,82.7,75.6,81
8/4/18 5:00,78.5,85.7,74.6,85.7,77.2,87.5,60.9,87.1,76.9,72.5,76.3
8/4/18 6:00,78.5,77.1,69.6,73.8,75.5,82.2,63.8,85.1,69.7,61.4,71.3
8/4/18 7:00,72.7,78.2,61.4,73.3,71.1,75.6,63.8,73.9,67.4,59,63.9
8/4/18 8:00,67.8,70.4,54.1,62.6,67.7,70.1,63.2,68.9,62.2,54.3,60.5
8/4/18 9:00,63.2,67.6,52.5,64.3,63,68.3,68.2,68.4,59.8,52.4,56.8
8/4/18 10:00,60.9,62.4,55.5,55.5,57.7,61.9,60.8,66,61.6,52.4,49.8
8/4/18 11:00,58,56.5,58.5,54.8,53.5,63.6,60.8,63.8,58.7,52,49
8/4/18 12:00,62.6,56.5,54.9,58.3,57.6,63.6,61.9,66,58.7,50.1,53.3
8/4/18 13:00,58.6,54,50.6,54.1,54.6,61.8,61.9,58.4,58,47,53.3
8/4/18 14:00,65.5,49.9,55.4,53.5,59.5,60.6,61.5,68.9,59.2,50.8,57.9
8/4/18 15:00,65.9,55.3,50.5,58.9,60,61.2,65.3,68.9,58.6,48.2,55.5
8/4/18 16:00,71.5,62.9,59.5,65.9,71.6,65.9,71.5,75.5,67.4,57.2,65.1
8/4/18 17:00,75.3,65.2,67,69.2,72.7,73.3,73.6,76,68.4,65.7,65.1
8/4/18 18:00,77,69.3,73.5,69.8,76.6,75.5,77.4,78.2,73.6,72.5,73
8/4/18 19:00,73.7,68.8,70.6,72.7,73.8,75,73.6,76,80.7,71.9,78.4
8/4/18 20:00,75.3,69.2,75.1,86.2,75.4,81.6,75.7,79.2,78.5,74.1,68.3
8/4/18 21:00,76.3,71.5,77.9,79.3,76.6,81,75.3,77.1,78.5,77.9,75.2
8/4/18 22:00,75.3,69.8,76.2,75.4,74.9,79.9,73,74.8,76.3,75.2,72.9
8/4/18 23:00,76.9,74.3,78.4,76.4,77.7,79.9,76.9,78.7,75.7,73,74
8/5/18 0:00,77.9,69.2,77.3,80.9,78.2,78.8,76.9,79.7,83.4,76.3,76.8
8/5/18 1:00,79.6,75.4,76.7,81.3,78.8,81,78.5,80.3,80.6,75.7,76.2
8/5/18 2:00,79,72.1,81.7,81.9,78.8,81.6,77.4,79.7,81.8,80.5,79.5
8/5/18 3:00,81.6,77.1,83.9,82.4,82,80.9,81.1,86.1,82.8,84.2,81.2
8/5/18 4:00,79,72.6,82.2,80.2,84.2,82.1,81.1,89.2,81.7,82.7,82.2
8/5/18 5:00,78,74.3,75.8,74.4,79.9,79.9,76.9,80.3,73.6,75.8,77.4
8/5/18 6:00,72.1,72.7,65.5,73.3,75,71.2,63.9,74.9,72.5,50.5,66.8
8/5/18 7:00,64.8,67,91.3,66.5,64.1,65.4,60.8,67.1,69.1,87.8,86.9
8/5/18 8:00,63.8,64,66.6,57.7,62.4,63.6,57.9,63.7,61,60.7,59.2
8/5/18 9:00,60.3,64,54.2,60.8,56.4,64.8,59.1,63.7,57.5,43.4,50.7
8/5/18 10:00,69.7,79.8,60.8,59.5,60.1,69.9,65.3,67.6,61,55.6,50.4
8/5/18 11:00,68.8,69.4,45.5,57.9,61.2,71.6,66.5,66,58.7,42,52
8/5/18 12:00,56.1,51.5,50,55.9,53.4,60,58.5,60.3,60.4,47,53.7
8/5/18 13:00,47.7,45.2,57.3,57.8,47,53.8,51.8,52.3,59.2,52.5,56.8
8/5/18 14:00,62.6,44.7,51.2,52.2,48.4,52.6,55,56.7,59.2,46.5,52.5
8/5/18 15:00,64.2,45.2,59,57,55.2,53.2,61.3,64.1,59.8,54.3,59.2
8/5/18 16:00,61.8,48.5,54.7,60.6,55.6,56.2,56.5,65.2,62.8,53.6,60.2
8/5/18 17:00,72,63.5,65.9,68.6,66.9,68.7,68.6,70.9,67.3,64.5,64.9
8/5/18 18:00,72.5,65.8,68.8,68.6,70.9,69.8,71.4,74.3,70.1,67.9,67.8
8/5/18 19:00,73,64.6,68.8,69.2,69.8,71,70.3,75.9,70.1,67.9,69.5
8/5/18 20:00,71.4,67.5,69.3,70.3,71.5,71,71.9,73.7,71.8,70.2,69.5
8/5/18 21:00,85.7,73.8,73.9,73.2,73.7,79.9,73,86,73.5,74.6,72.9
8/5/18 22:00,78.9,87.2,75.6,74.2,78.2,81.4,77.3,87.1,75.1,74.6,75.1
8/5/18 23:00,87.2,88.2,73.9,73,89.3,85.8,80.5,82.8,71.1,73.4,72.2
8/6/18 0:00,79.3,85,72,76.3,78,80.3,75,74.6,75.6,71.6,70.4
8/6/18 1:00,85.6,76.3,76.6,75.2,81.8,84.1,79.3,83.3,78.9,76.1,75
8/6/18 2:00,83.5,74.6,80,75.2,80.2,79.7,77.2,80.1,77.2,78.2,75
8/6/18 3:00,86.1,79.1,81.1,80.1,81.8,81.9,77.7,85.4,82.1,80.4,78.8
8/6/18 4:00,87.1,77.5,84.9,81.2,84,83,80.9,88.5,83.8,83.7,82.1
8/6/18 5:00,84.7,75.4,75.1,73.2,79.8,77.7,41.6,83.5,73.6,75.2,73
8/6/18 6:00,69.2,68.6,54.9,73.7,70.9,68.7,52,69.3,62.8,56.6,62.7
8/6/18 7:00,63.6,64.5,49.3,59.9,60.4,62.8,52.5,59.5,57.3,52.3,55.5
8/6/18 8:00,59.6,64,51.2,55.9,54.4,59.8,51.3,54.8,58.5,53.5,51.3
8/6/18 9:00,60.3,64,52.5,58.2,55.8,58.7,53.8,56,60.4,47.1,54.4
8/6/18 10:00,57.4,58.1,51.3,51.7,54,57.6,55,56.7,53.8,48.2,51.4
8/6/18 11:00,57.4,54,49.4,56,49,58.2,49.4,55.4,58,48.8,53.1
8/6/18 12:00,53.1,52.8,46.9,50.5,45.9,55.1,48.3,48.6,52.6,47.5,53.7
8/6/18 13:00,59.6,56.4,45.7,54.8,49.6,57.5,53.8,55.4,56.2,48.2,51.3
8/6/18 14:00,60.3,52.7,48.2,56.5,55.1,60,49.7,55.4,54.4,49.4,54.3
8/6/18 15:00,63,58.1,53,60.6,58.7,59.3,59,62.4,61.5,54.1,55.5
8/6/18 16:00,68.6,61.8,59.1,64.1,67,68.8,67,71.6,66.8,57.8,64.4
8/6/18 17:00,73.6,68.2,66.5,71.5,72.1,72.7,73.1,74.3,72.4,67.4,69
8/6/18 18:00,75.8,69.8,70.5,72.6,74.3,73.2,73.1,76,72.9,70.2,70.6
8/6/18 19:00,77.4,69.3,74.6,73.2,76,76.1,76.3,77.6,74.6,74.1,75.8
8/6/18 20:00,76.9,72.1,72.8,74.3,77.2,76.6,76.9,78.1,74.6,73,73.5
8/6/18 21:00,75.3,70.4,73.4,73.7,73.8,74.9,73.6,74.8,72.4,72.4,72.3
8/6/18 22:00,73.6,71.5,72.8,72,74.3,76.6,73,73.2,73.5,72.4,72.3
8/6/18 23:00,79,72.6,73.3,78.1,77.6,76,76.2,77.5,74.6,76.3,77.3
8/7/18 0:00,74.1,73.1,68.7,74.8,79.3,78.3,78.4,81.8,70.6,70.1,75.6
8/7/18 1:00,74.1,69.1,70.4,71.9,77,72.5,75.1,77.5,71.1,71.2,70.5
8/7/18 2:00,74.6,72.5,70.4,72.4,77.6,76,75.6,78.5,72.8,71.7,71.1
8/7/18 3:00,78.4,74.8,70.9,75.8,80.3,77,78.3,83.4,75,72.8,72.2
8/7/18 4:00,79,75.9,74.9,79.1,81.9,80.4,79.5,86.5,78.3,75.6,74.4
8/7/18 5:00,76.9,74.8,70,72.6,79.9,77.7,66.7,81.3,69.6,68,66.8
8/7/18 6:00,72.1,70.4,64.3,69.3,72.2,72.2,63.2,73.3,64.6,43.2,61
8/7/18 7:00,68.8,69.3,62.5,62.5,65.4,66.5,63.8,66.6,61.7,58.5,64.5
8/7/18 8:00,66.6,67.6,57.9,63.6,65.4,64.9,62.5,67.5,64,52,54
8/7/18 9:00,83.9,73.8,70,69.9,78.9,90.7,77.5,78.8,71.3,62,69
8/7/18 10:00,72.8,63.7,73.6,68.3,65.5,79.6,64.9,66.2,70.9,67.8,48.7
8/7/18 11:00,67.8,61.4,58.5,63.9,60.2,70.1,64.9,65.6,62.9,56.7,58.8
8/7/18 12:00,66.2,57.8,61.5,62.5,57.3,65.5,63.7,63.9,65.7,56.2,54.7
8/7/18 13:00,61.1,58.4,60.2,59.7,60.1,65.5,64.9,65,61.6,57.2,58.7
8/7/18 14:00,67.8,54.9,64.9,63.2,56.1,64.9,63.8,67.7,67.5,62.4,60.5
8/7/18 15:00,70.5,57.2,58.6,60.2,63.6,63.7,65.9,71.6,62.2,60.1,59.3
8/7/18 16:00,71.6,58.3,63.7,63.6,66.6,65.4,69.3,72.2,65.7,61.3,62.2
8/7/18 17:00,75.9,69.9,66,69.3,73.9,74.5,74.2,77.1,72,66.4,66.8
8/7/18 18:00,77.5,72.2,69.4,73.2,77.2,76.8,76.4,80.4,73.6,71.4,71.3
8/7/18 19:00,79.7,73.9,70.6,74.9,78.3,77.8,77.5,80.4,73.6,72.5,73
8/7/18 20:00,79.7,75,75.2,76,79.5,77.8,78.5,80.9,75.8,74.2,75.8
8/7/18 21:00,76.8,72.6,75.7,76.6,73.8,76.1,73,75.9,76.4,75.3,75.2
8/7/18 22:00,80.5,71.5,76.8,77.1,73.8,77.2,71.3,79.6,78.6,78,76.9
8/7/18 23:00,83.7,73.8,79.6,79.8,75.9,78.3,74.1,83.4,81.3,80.2,78.5
8/8/18 0:00,86.7,77.2,82.4,82.5,80.9,79.9,79.6,86.5,81.8,81.7,81.2
8/8/18 1:00,90.3,80.4,82.9,83,84.7,83.2,83.3,89.7,82.9,81.7,81.8
8/8/18 2:00,90.3,81,82.4,84.6,87.4,84.8,83.8,91.2,85,83.3,81.8
8/8/18 3:00,90.3,81,85.6,86.2,87.9,86.4,85.3,92.2,87.2,84.8,83.9
8/8/18 4:00,89.8,80.4,84.5,85.7,87.9,85.4,84.3,92.8,87.2,85.9,83.9
8/8/18 5:00,81.2,77.7,74.7,78.3,83.3,82.2,66.2,88.3,77,75.3,71.4
8/8/18 6:00,77,74.4,61.5,71.1,73.9,75.6,55.9,76.1,65.3,51.1,61.8
8/8/18 7:00,69.9,72.2,54.5,66.5,68.3,71.7,62.6,68.9,60.6,61.9,58.8
8/8/18 8:00,64.4,68.2,56.1,64.9,60.1,63.6,59.2,65.5,61.1,57.8,52.2
8/8/18 9:00,63.8,65.3,51.3,51.8,58.9,65.3,59.2,62.2,52.2,47.7,49.2
8/8/18 10:00,59.9,60.7,50.1,51.2,52.9,60,58,59.2,53.9,48.3,43.6
8/8/18 11:00,60.4,55.9,45.1,49.4,51.1,63.7,58.6,58,54.5,44.7,46.1
8/8/18 12:00,61,54.1,50,54.1,54.2,60.7,60.4,59.2,53.9,47.1,44.8
8/8/18 13:00,56.4,52.9,51.9,54.9,54.2,63.1,56.7,59.8,57,48.9,46.1
8/8/18 14:00,67.2,52.4,51.9,56.6,57.8,61.9,56.7,59.1,57.5,50,47.8
8/8/18 15:00,68.3,56.5,51.9,57.9,56.6,60.7,62.5,68.3,59.9,51.3,52.7
8/8/18 16:00,71,57.8,57.3,60.8,64.2,64.8,66.5,71.6,63.4,56.6,57.5
8/8/18 17:00,74.3,68.8,63,68.2,73.9,72.2,72.6,77.1,66.8,64.6,63.9
8/8/18 18:00,75.9,70.4,67.7,71.6,74.4,74.5,74.2,79.3,70.2,68.6,67.9
8/8/18 19:00,78,72.2,71.2,72.7,76.7,75.6,76.4,83.5,71.8,71.4,70.2
8/8/18 20:00,79.6,72.7,71.7,73.2,77.7,77.8,77.4,86.1,73.6,73,71.8
8/8/18 21:00,81.7,73.8,72.2,74.3,79.9,78.3,78,86.7,74.6,72.5,71.3
8/8/18 22:00,83.2,75.5,76.2,74.3,80.4,79.4,79.6,87.7,75.2,78.5,74.6
8/8/18 23:00,86.3,73.3,80.1,75.9,81.5,79.4,79.6,90.2,81.8,81.7,81.7
8/9/18 0:00,87.3,75.5,81.8,80.9,82.6,80.5,78.5,90.2,81.8,82.8,81.2
8/9/18 1:00,87.8,77.7,83.4,81.4,83.7,82.2,81.7,90.7,84,83.2,82.2
8/9/18 2:00,88.8,76.5,82.9,83.5,85.8,81.6,81.7,91.2,85,83.2,82.8
8/9/18 3:00,89.8,78.2,85,83.5,85.3,82.7,82.7,91.7,85.6,85.4,83.3
8/9/18 4:00,91.2,80.4,83.4,85.1,86.8,84.8,85.8,92.8,86,83.8,83.3
8/9/18 5:00,88.8,79.3,74.7,78.8,81,80.5,64.5,89.3,78.6,74.2,73
8/9/18 6:00,78.1,76.7,60.5,72.3,75,76.8,52.5,77.2,70.9,50.5,65.8
8/9/18 7:00,70.5,73.9,54.5,67.8,70.7,71.7,63.8,66.7,65.2,56.3,56.4
8/9/18 8:00,64.4,65.3,56.1,62,61.4,65.4,55.7,60.9,62.9,49.8,58.8
8/9/18 9:00,66.2,61.9,49.6,58,56,62.5,53.9,53.2,60.6,46.1,57
8/9/18 10:00,60,59,54.9,59.6,49.2,59.5,54.5,55,60.6,56.2,58.7
8/9/18 11:00,62.9,57.3,56.7,60.8,51.9,63.7,58.7,58.7,64.6,56.7,54.7
8/9/18 12:00,62.9,57.3,58,60.3,48.7,60.8,54.5,58,62.4,52.1,50.6
8/9/18 13:00,54.8,53.7,62.7,56.2,53.7,62.6,58.7,59.8,59.9,59,51.1
8/9/18 14:00,67.8,64.8,89.6,90.1,66,71.2,66.5,64.9,96.3,91.3,95.5
8/9/18 15:00,91.6,91.7,88.6,92.7,95.9,89.8,97.6,93.1,98.8,84,94.5
8/9/18 16:00,93.6,87.2,85.4,91.2,96.5,88.4,97.6,95.7,98.3,82.5,86.8
8/9/18 17:00,94.2,87.2,86.5,91.8,96.5,85.8,94.3,95.2,98.3,77.7,80.4
8/9/18 18:00,93.7,81.4,80,88.7,97.1,85.8,95.3,95.2,97.9,80.4,82.1
8/9/18 19:00,94.7,83,81.6,89.2,97.1,85.3,92.8,94.2,97.4,79.9,79.4
8/9/18 20:00,94.7,80.3,84.4,87.6,97.6,81.5,89.3,94.7,97.4,81,81
8/9/18 21:00,93.7,77,82.7,88.7,97.6,84.2,89.8,95.7,99.5,81.5,79.4
8/9/18 22:00,94.2,77,85.5,85,96.6,83.1,89.3,96.2,95.4,83.1,80.5
8/9/18 23:00,94.6,75.3,83.3,86.6,96.6,82,88.8,96.2,97.9,82.6,79.9
8/10/18 0:00,94.6,80.8,85.4,88.7,98,83.6,90.2,95.7,97.9,84.1,84.2
8/10/18 1:00,95.6,82.4,85.4,90.7,98,83.6,90.2,95.7,97.9,85.2,85.8
8/10/18 2:00,95.1,83,86.5,91.2,97,85.8,92.3,96.2,97.9,87.8,86.4
8/10/18 3:00,94.6,79.1,87.1,90.7,98.5,85.2,92.3,95.7,97.9,88.3,86.4
8/10/18 4:00,95.1,80.2,90.9,92.8,98,85.7,92.3,96.2,97.4,88.8,84.2
8/10/18 5:00,91.7,74.7,75.7,84.6,95.1,80.9,62.8,93.3,88.2,75.3,73.6
8/10/18 6:00,78.6,72.5,56.8,69.2,91.6,72.1,51.4,84.1,69.7,43.9,68
8/10/18 7:00,69.8,69.7,54.4,64.7,84.8,69.3,58.1,73.9,66.3,52.1,65.1
8/10/18 8:00,61.5,67.5,51.9,59,65.4,64.7,51,61.4,61,59,58.2
8/10/18 9:00,64.9,62.9,53.7,56.7,58.3,60.6,55.1,58.5,55.1,45.4,55.1
8/10/18 10:00,62.6,52.7,48.8,46.3,59.6,59.4,55.7,64.3,50.2,45.9,48.6
8/10/18 11:00,59.3,59.6,47.6,44.3,43,50.2,46.1,44.7,44.8,48.2,47.9
8/10/18 12:00,67.8,63.6,51.6,61.8,46.2,61.4,59.2,65.5,62.2,48.2,44.1
8/10/18 13:00,94.9,89.8,70.7,87.7,80.2,71.9,96.6,87.9,74.1,72.5,55.6
8/10/18 14:00,96.1,77.5,66,81.5,76.4,72.5,97.6,90.6,69.7,62.9,62.7
8/10/18 15:00,95.1,80.9,82.6,81.7,71.3,75.3,79.8,88.1,82.1,86.7,87.8
8/10/18 16:00,97.3,97.7,91.3,95.7,97.4,100,98.9,95,97.8,93.3,94
8/10/18 17:00,98.3,97.2,92.3,97.2,97.9,100,99.9,97.1,98.3,93.8,94
8/10/18 18:00,98.8,98.2,96,97.2,98.9,100,99.4,97.6,98.3,94.8,95.5
8/10/18 19:00,97.3,98.2,96,97.2,98.9,100,100,97.6,98.3,94.3,94.5
8/10/18 20:00,98.8,97.7,93.4,97.7,98.9,100,99.4,98.1,98.8,91.8,94
8/10/18 21:00,98.3,96.7,91.2,94.2,98.9,100,99.4,98.6,97.8,90.2,92
8/10/18 22:00,98.7,95.2,90.2,95.2,99.4,100,99.4,98.6,98.8,91.3,88.8
8/10/18 23:00,98.7,92.2,86.4,93.7,99.4,100,99.4,98.1,95.8,89.7,88.4
8/11/18 0:00,98.7,93.7,91.8,95.2,99.9,100,99.4,99,96.8,91.3,91.5
8/11/18 1:00,98.7,93.3,92.4,95.7,99.9,100,99.4,98,97.3,92.8,93
8/11/18 2:00,98.2,93.3,93.9,97.7,99.9,100,99.4,99,98.8,93.9,94.1
8/11/18 3:00,99.2,94.3,94.5,97.7,100,100,99.9,98.5,98.8,94.9,91
8/11/18 4:00,99.2,93.3,94,98.2,100,100,99,98.5,99.9,92.3,93.1
8/11/18 5:00,98.8,90.7,82.2,91.7,99.9,100,89.6,98.5,95.5,80.6,85.3
8/11/18 6:00,92.2,86.1,63.7,78.1,96.5,100,64.1,94.8,80.1,46.7,78.4
8/11/18 7:00,82.7,79.7,51.8,69.3,87.4,92.6,62.6,85.1,71.3,53,69.1
8/11/18 8:00,73.7,74.3,58.6,63.1,74.4,78.8,60.2,75.5,67.3,62.5,65.1
8/11/18 9:00,62.6,66.9,54.9,54.2,66.6,72.7,56.8,60.8,59.9,38.2,58
8/11/18 10:00,64.3,61.9,48.9,50,54.6,72.7,59.2,63.1,51.4,52.9,52.6
8/11/18 11:00,63.8,61.9,51.8,60.2,59,70.4,62,62,66.2,46.4,46.6
8/11/18 12:00,63.8,54.6,93.9,65.1,66.4,69.3,63,68.2,88.5,92.8,92.6
8/11/18 13:00,94.4,96.2,93.9,94.7,98.4,100,98.5,98.1,97.4,94.4,96.1
8/11/18 14:00,96.4,98.2,91.4,94.2,99.4,100,99,99.1,96.4,90.9,94.1
8/11/18 15:00,91.1,99.3,91.4,92.2,99.4,100,99,98.7,94.3,89.9,93.6
8/11/18 16:00,93.6,94.4,89.8,89.7,99.4,100,99,98.7,94.8,87.8,94.6
8/11/18 17:00,95.5,94.4,91.4,90.7,99.4,100,99.5,98.1,94.8,89.9,93.1
8/11/18 18:00,96.5,94.4,91.4,93.8,100,100,99.5,100,96.9,90.4,92.6
8/11/18 19:00,96.9,92.8,93.5,91.7,100,100,100,99.1,95.3,90.9,92.1
8/11/18 20:00,96.9,91.2,91.9,91.7,99.9,100,99.5,99.1,95.3,92.4,92.6
8/11/18 21:00,97.4,89.7,93,93.2,99.9,100,99.5,100,96.9,91.9,92.1
8/11/18 22:00,96.9,90.7,92.4,93.7,99.9,100,99,99.1,95.3,91.4,91
8/11/18 23:00,97.8,91.2,93.5,93.2,100,100,100,99.5,96.3,92.9,93.6
8/12/18 0:00,97.3,90.2,94,94.2,100,100,99.5,99.5,96.8,91.9,94.1
8/12/18 1:00,97.3,92.3,91.8,95.2,100,100,100,100,96.8,92.3,92
8/12/18 2:00,98.3,90.2,90.2,95.2,100,100,100,99.5,96.3,90.8,92
8/12/18 3:00,97.8,90.7,88.6,95.2,100,100,99.5,100,98.3,89.3,91
8/12/18 4:00,97.8,88.2,89.7,93.2,100,100,99.5,99.5,96.3,90.8,91
8/12/18 5:00,97.8,87.7,80,84,100,100,91.2,100,82.8,79,85.3
8/12/18 6:00,86.3,83.5,60.5,76.5,99.6,100,57.9,99.3,76.3,48.7,82.3
8/12/18 7:00,79.7,82,56.8,73.3,98.7,100,61,85.1,70.9,56.8,71.3
8/12/18 8:00,71.6,72.6,54.9,59.6,96.2,99.3,55.6,72.8,64.6,54.9,63.3
8/12/18 9:00,67.1,70.4,50.6,53.6,77.7,76.2,60.8,71.1,54.6,33.7,59.2
8/12/18 10:00,64.4,60.5,48.6,49.4,60.1,69.4,59.7,60.8,53.3,46.3,51.4
8/12/18 11:00,74,65.8,60.1,58.2,60.1,68,63.8,70.2,61.4,58.2,69.4
8/12/18 12:00,95.9,96.7,82.2,94.2,91.9,100,98.1,95.1,94.2,80.4,80
8/12/18 13:00,72.8,76,63.1,80.3,75,100,85.3,84.6,88.6,60,62
8/12/18 14:00,73,57.5,59,65.8,58.8,97.6,61.4,69.2,67.2,51.8,63.8
8/12/18 15:00,72.5,53.2,47.6,58.8,56.4,81.6,60.7,70.9,62.6,53,62.6
8/12/18 16:00,71.3,53.2,53.6,52.2,58.7,64.3,60.1,74.2,58.5,56.5,62.6
8/12/18 17:00,79.4,65.6,68.2,61.6,69.7,83.2,69.7,82.3,63.7,67.3,64.9
8/12/18 18:00,83.1,72,70.5,69.1,78.7,89.5,75.1,88.6,67.1,70.2,70.6
8/12/18 19:00,85.2,73.7,69.8,73.6,81.4,89.5,79.4,87.6,73.9,71.2,73.4
8/12/18 20:00,89.7,75.4,71.6,76.9,82.6,86.3,81.6,91.2,76.8,73.5,74.5
8/12/18 21:00,86.2,74.2,75.6,78.6,82.6,86.8,81,89.1,77.3,76.2,76.2
8/12/18 22:00,86.2,76.5,75.6,79.1,86.2,90,83.1,93.2,80.1,76.2,77.3
8/12/18 23:00,89.2,79.8,76.7,81.8,88.3,91,85.2,94.7,83.3,78.4,78.9
8/13/18 0:00,90.7,79.2,81.1,84.5,89.9,92.6,87.2,94.7,86.5,81,80.5
8/13/18 1:00,92.1,80.3,84.4,84,91.5,93.6,89.3,95.7,86.5,84.7,82.7
8/13/18 2:00,93.1,83,84.4,86.6,93.5,94.1,90.8,95.2,88.6,86.3,83.7
8/13/18 3:00,94.1,83,85,88.1,92.4,93.6,90.2,95.2,89.1,85.8,84.3
8/13/18 4:00,95.5,83.5,87.1,89.2,92.9,94.6,91.8,96.2,91.2,87.8,84.3
8/13/18 5:00,87.7,83.1,77.4,83.5,88.4,91.1,83.1,93.3,88.7,75.3,80.6
8/13/18 6:00,78.5,75.9,54.1,77.2,82,76.6,49.2,90.3,72,48.7,72.5
8/13/18 7:00,83.2,79,64.8,84.1,82,81.6,75.4,91.8,75.8,65.7,70.2
8/13/18 8:00,78.1,84.7,76.8,86.2,71.2,98.2,69.5,77.9,88.1,81.2,59.2
8/13/18 9:00,66.7,69.2,58.6,64.2,62.6,94.8,60.4,68.4,70.2,49.1,78.4
8/13/18 10:00,65,61.8,53.8,58.6,59,90.7,61,67.2,62.8,55,55.9
8/13/18 11:00,63.8,55.8,50,51.2,56,77.8,59.7,63.8,55.1,47,49
8/13/18 12:00,63.1,54,43.8,53,51.7,72.2,59.7,61.5,54.5,44.5,49
8/13/18 13:00,58,54,46.3,51.9,53.5,72.2,59,59,49,46.3,50.2
8/13/18 14:00,68.3,55.9,48.8,59.6,55.3,68.9,59,63.2,59.3,47,52.6
8/13/18 15:00,68.8,57.7,49.4,59,58.2,68.3,62.5,67,58.7,54.1,59.2
8/13/18 16:00,69.7,59.9,55.8,60.6,65.1,65.2,65.2,69.2,59.1,57,61.4
8/13/18 17:00,75.8,69.8,64.1,71,71.5,76.1,70.3,74.8,71.3,65.2,68.4
8/13/18 18:00,78,73.3,71.2,74.4,74.3,81.1,73.6,78.7,74.7,71.4,72.4
8/13/18 19:00,78.5,72.7,65.3,75.4,77.7,82.7,76.3,81.9,75.8,66.2,70.7
8/13/18 20:00,80.6,76,72.2,76,78.2,84.8,77.4,83.5,77.5,72.9,75.2
8/13/18 21:00,81.6,75.5,73.9,78.7,82.1,86.9,80.1,88.1,79.6,75.2,75.7
8/13/18 22:00,80,73.7,76.8,78.1,83.1,86.9,80.6,88.1,78.5,77.4,76.8
8/13/18 23:00,84.2,76.5,77.3,78.7,84.7,86.9,81.6,90.7,78.5,76.3,76.8
8/14/18 0:00,82.1,79.3,77.9,79.2,85.2,87.4,82.7,91.7,81.2,79,76.2
8/14/18 1:00,85.7,78.2,81.2,81.9,86.3,89.5,82.1,92.7,83.4,80.1,77.9
8/14/18 2:00,88.2,78.7,83.4,84,87.3,89.5,84.2,91.7,85.5,82.2,79.5
8/14/18 3:00,87.7,78.7,84.5,86.2,88.9,88.4,83.2,93.7,86.6,83.8,81.7
8/14/18 4:00,90.8,78.7,84.5,87.2,89.4,90.5,85.2,92.7,87.7,84.8,82.8
8/14/18 5:00,84.8,76.6,76.9,80.9,85.3,88.5,73.8,91.8,77.6,73.7,79.1
8/14/18 6:00,72.6,69.8,72.3,86.3,73.4,75.6,57.5,76.6,87.7,72,76.9
8/14/18 7:00,70.5,70.4,77.4,73.2,70,70.6,60.4,71.2,71.4,72.5,77.4
8/14/18 8:00,69.4,68.8,76.6,64.9,63.7,68.3,62.1,71.2,73.8,74,61
8/14/18 9:00,60.2,63.5,63.2,62,58.3,65.9,58.5,61.3,60.5,49.6,55.2
8/14/18 10:00,55.6,58.3,53,52.5,53.4,60.5,54.4,63.1,57.5,47.1,49.2
8/14/18 11:00,58.5,58.3,55.4,57.8,51.7,61.8,57.4,56.1,47.7,50.2,55.6
8/14/18 12:00,57.9,51.1,57.2,48.2,49.7,56.9,53.7,57.2,50.8,53.2,59.9
8/14/18 13:00,56.9,49.8,54.1,54.1,54.7,60,57.3,59.5,55.7,49.9,51.5
8/14/18 14:00,64.8,49.8,52.4,58.3,56.5,60,58,66.6,60.4,49.5,55.1
8/14/18 15:00,63.6,57.6,56,60.6,60.6,62.3,64.2,68.2,61,54.2,58
8/14/18 16:00,67.6,55.8,57.1,59.4,61.7,64.7,64.2,69.3,61.5,55.8,58
8/14/18 17:00,71.4,65.2,64.7,67.5,70.4,73.3,70.3,73.2,68.4,63.3,62.6
8/14/18 18:00,73.1,66.9,68.2,69.2,72.1,73.8,72,78.6,69.5,68,67.2
8/14/18 19:00,73.6,68.7,71.7,73.2,74.4,77.8,74.2,79.7,73.6,70.8,70.7
8/14/18 20:00,71.4,65.1,71.7,71.5,74.4,73.7,74.7,75.9,73.6,70.2,78.4
8/14/18 21:00,78.5,69.2,75.6,70.3,74.4,75.4,74.1,80.2,72.4,74.1,72.9
8/14/18 22:00,82.6,63.9,78.5,72,77.1,78.3,75.7,85,75.2,77.4,75.1
8/14/18 23:00,69.7,66.3,77.9,65.1,79.8,74.2,76.2,86.6,68.3,76.8,76.8
8/15/18 0:00,73.6,66.9,73.9,69.1,78.7,74.8,75.1,87.6,70.6,74.5,70
8/15/18 1:00,73,69.7,76.1,71.3,78.7,74.8,74.6,85,73.3,74.5,70.5
8/15/18 2:00,73.5,84,78.3,79.1,79.7,76,75.7,86,75.7,78.8,72.8
8/15/18 3:00,73.5,78.1,72.7,81.8,80.3,77,75.1,84.9,78.3,73.4,75.6
8/15/18 4:00,75.8,75.4,77.2,79.1,78.7,78.2,75.7,81.2,78.3,77.8,77.8
8/15/18 5:00,74.2,73.2,72.2,72.6,74.3,77.2,56.8,81.9,69.6,71.8,72.3
8/15/18 6:00,69.8,69.3,62.5,67.1,72.2,72.8,54,71.6,64.5,48.6,65
8/15/18 7:00,68.8,69.3,56.8,62.6,66.5,67.6,58,70,66.3,53.3,62.2
8/15/18 8:00,67.2,65.3,57.3,57.8,63.1,68.9,62,64.3,62.9,54.4,59.9
8/15/18 9:00,62.6,64.1,53.6,56.7,57.7,64.2,59.6,60.2,58.1,48.4,53.4
8/15/18 10:00,58,61.3,49.3,56.7,55.3,62.4,59.2,59.7,54.5,45.8,47.4
8/15/18 11:00,61.5,57.1,53.6,51.2,54.2,64.9,60.9,60.9,59.3,47.7,46
8/15/18 12:00,61.5,53.6,50.7,58.3,56,63.1,59.7,65.5,57.5,48.9,50.2
8/15/18 13:00,57.5,51,51.7,52.9,53.6,60.6,62.5,62,55.1,47.7,49.6
8/15/18 14:00,64.3,49.2,51.7,56,54.8,60,53.8,60.8,56.3,47,49
8/15/18 15:00,66,52.2,51.2,58.3,56.5,55.3,60.8,65.4,59.8,48.2,54.4
8/15/18 16:00,69.9,53.5,57.9,62.5,64.8,64.2,68.2,70.5,62.8,56.6,56.8
8/15/18 17:00,73.7,64.7,67.2,69.9,71.1,70.4,70.9,73.8,69.1,65.8,65.6
8/15/18 18:00,73.7,68.8,68.9,71,73.3,73.3,74.8,76,70.2,69.2,69.6
8/15/18 19:00,75.4,69.3,71.8,71.6,74.4,76.1,74.2,79.3,72.5,72,70.8
8/15/18 20:00,74.2,71.6,73.5,72.7,70.4,75,71.4,74.3,73.1,72.5,71.3
8/15/18 21:00,74.7,69.2,69.4,70.9,71.5,70.9,71.8,74.3,69,67.4,69
8/15/18 22:00,74.7,73.8,71.7,74.8,79.8,78.3,78.4,80.8,74,71.8,69.5
8/15/18 23:00,75.1,68.6,75.1,72.5,77.1,74.3,75.2,81.2,72.3,75.2,73.4
8/16/18 0:00,72.5,68,73.3,70.2,74.3,76,73,79.1,73.4,72.9,70
8/16/18 1:00,77.9,72.1,77.2,75.3,77.1,77.2,77.4,80.3,77.3,76.2,73.9
8/16/18 2:00,77.9,73.8,77.8,76.4,78.8,78.8,77.4,80.3,78.5,77.9,75.6
8/16/18 3:00,77.4,74.9,78.4,77.6,79.3,79.9,79,81.3,79.6,79,76.8
8/16/18 4:00,74.7,70.3,75.1,73.7,76.5,78.3,74.6,78.1,76.3,76.3,75.1
8/16/18 5:00,74.7,72.7,67.1,69.8,73.8,73.8,70.3,75.4,69.7,67.5,65.6
8/16/18 6:00,72.1,69.3,57.3,64.8,74.9,84.8,72.6,75.4,64.6,61.4,58.7
8/16/18 7:00,66.6,68.8,60.8,60.8,65.9,85.4,62.1,68.9,62.9,55.5,65.7
8/16/18 8:00,65.4,67.1,59,61.4,64.2,77.4,61.4,64.8,65.7,58.4,57
8/16/18 9:00,63.2,65.3,56.1,54.9,60.1,69.4,63.1,63.2,56.3,40.6,53.4
8/16/18 10:00,57.4,61.7,50,53.1,56,66.5,59.7,58.5,53.9,46.4,44.7
8/16/18 11:00,57.4,57.7,50,51.2,56,65.9,61.4,58.5,56.9,48.2,47.8
8/16/18 12:00,61,56.5,54.1,57.3,58.2,64.9,60.9,65.5,55.8,50,50.3
8/16/18 13:00,57.5,55.4,53,56.6,54.2,64.2,60.9,64.3,59.3,48.4,52.7
8/16/18 14:00,64.9,57.8,52.5,59,61.9,63.7,63.8,67.2,59.9,50.7,53.9
8/16/18 15:00,64.9,58.9,54.2,61.3,58.9,51.3,64.8,68.8,60.4,50,55.7
8/16/18 16:00,70.5,63,60.7,64.7,65.4,64.8,68.2,71.6,63.9,60.1,60.4
8/16/18 17:00,72.6,68.2,66.6,69.9,72.2,72.8,72.6,73.8,69.7,66.9,66.8
8/16/18 18:00,73.2,69.3,70,71.6,71.6,75.6,70.9,74.3,69,68.6,67.9
8/16/18 19:00,71.5,67.6,70.4,72.7,73.9,75,74.2,77.6,73.1,69.6,73
8/16/18 20:00,73.2,67.6,72.2,69.8,72.1,73.9,72.6,77.1,72.4,71.8,71.2
8/16/18 21:00,88.3,67.6,76.2,71.5,91.5,74.4,89.9,96.7,73,74.7,71.8
8/16/18 22:00,77.4,70.4,75.6,72.7,90.5,76.1,85.9,97.3,73.6,74.1,72.4
8/16/18 23:00,76.3,77.6,70.4,70.9,82.6,74.4,80.6,97.7,71.2,67.9,66.6
8/17/18 0:00,75.8,80.9,77.3,75.9,83.1,77.2,80.6,97.2,76.3,76.8,75.7
8/17/18 1:00,77.4,77.7,79.6,77.1,83.6,77.7,80.1,97.2,78,78.5,76.2
8/17/18 2:00,80.1,77.1,80.1,77.6,81.5,78.8,78.5,97.7,79.6,80.1,76.2
8/17/18 3:00,79.5,76.5,78.4,78.2,84.8,80.5,84.3,97.3,79.6,79,78.5
8/17/18 4:00,78.5,74.3,79.6,77.6,83.6,79.9,82.7,89.2,78,80.1,76.8
8/17/18 5:00,77.9,73.8,74.6,72.7,80,79.4,69.5,83.1,76.3,73,69.6
8/17/18 6:00,72.7,73.8,64.5,71.1,76.7,73.4,58.8,78.8,70.2,65.9,65.7
8/17/18 7:00,65.9,73.3,61.5,71.1,68.3,71.2,62.6,68.4,68.6,59.1,63.4
8/17/18 8:00,64.9,65.9,61.5,60.7,65.4,64.2,65.4,66.7,67.5,54.4,61.6
8/17/18 9:00,63.8,61.7,56.7,61.4,66.6,64.2,64.3,63.8,61.7,42.6,56.4
8/17/18 10:00,61.6,63.1,54.4,53.7,60.7,67.2,62.7,64.3,55.8,50.9,49.1
8/17/18 11:00,59.2,53.3,61.4,57.9,57.8,58.8,64.3,62.6,65.7,57.9,57
8/17/18 12:00,60.4,52.4,55.6,56,59,63.1,63.2,62.1,55.2,50.3,58.1
8/17/18 13:00,55.5,57,71.8,52.1,60.8,65.4,64.3,66.1,56.7,54.3,48.9
8/17/18 14:00,59.5,51.5,61.3,70.9,60.1,60.7,57.9,64.8,62.7,57.7,60.3
8/17/18 15:00,74.3,59.5,61.3,69.3,67.6,62.5,68.8,69.9,65.6,59,63.3
8/17/18 16:00,72.7,59.5,62.7,70.6,66.5,61.8,69.9,72.7,71.5,61.8,67.3
8/17/18 17:00,74.8,67.1,70.6,74.4,73.9,71.6,73.7,76.6,74.8,70.3,71.3
8/17/18 18:00,75.3,65.8,73.5,72.7,77.2,72.7,76.4,78.7,74.1,72.5,71.3
8/17/18 19:00,77.5,73.9,74,76.6,77.2,77.8,78,79.8,76.4,74.7,75.8
8/17/18 20:00,77,70.4,76.8,77.7,77.7,76.7,76.9,81.9,76.9,76.4,76.9
8/17/18 21:00,74.1,75,78.6,88.7,80,79.4,79.1,80.9,82.4,78,78
8/17/18 22:00,80.1,74.4,90.3,96,76.5,73.8,74.7,81.3,85.1,89.9,86.4
8/17/18 23:00,81.3,77.2,92.5,92.4,78.8,80.6,78.5,84.5,84.5,90.9,88.5
8/18/18 0:00,87.3,93.9,91.9,90.7,93.6,86.9,85.8,85.6,93.4,87.3,85.3
8/18/18 1:00,89.8,86.7,96.2,95.8,94.1,84.2,86.8,88.1,97.4,93.4,93.6
8/18/18 2:00,91.2,88.8,92.4,95.8,94.1,84.7,87.3,90.7,98.9,90.9,92.1
8/18/18 3:00,90.8,86.8,94.6,96.8,93.5,87.4,86.7,90.2,100,91.4,91.6
8/18/18 4:00,90.3,87.3,93.6,96.8,94.5,87.9,87.8,92.2,99.5,92.5,91.1
8/18/18 5:00,84.8,80.9,81.4,94,93.1,84.3,58.2,86.7,97.6,83.4,82.9
8/18/18 6:00,93.1,78.8,66.8,77.2,78.1,79.4,70.7,78,87.8,51.8,76.4
8/18/18 7:00,92.3,76,71.8,76.4,85.4,81.1,80.1,86.8,87.8,70.8,70.2
8/18/18 8:00,80.3,65.9,62.1,67.2,69.5,67.2,66.1,70.1,69.3,55.6,65.7
8/18/18 9:00,68.8,67.1,57.8,65.4,64.2,66.4,64.9,65.5,65.8,47.7,58.7
8/18/18 10:00,66.1,66.5,57.8,65.4,60.7,67.1,61.9,64.3,66.2,53.1,57.5
8/18/18 11:00,62.1,60.8,56.7,62.5,55.3,63.6,61.4,62.6,64.6,49.6,53.9
8/18/18 12:00,66.1,51,56.7,59.6,59,64.3,63.2,64.4,63.9,51.4,57
8/18/18 13:00,62.1,51.7,54.9,59.6,52.9,63,57.9,59,60.4,53.1,55.2
8/18/18 14:00,66.6,48,55.4,59.6,54.2,60,56.2,61.4,62.8,52.6,56.4
8/18/18 15:00,67.7,54,59.7,62.5,62.5,58.3,65.4,69.4,67.5,55,59.8
8/18/18 16:00,72.7,60,61.3,66.5,66.4,65.9,68.1,71.6,66.2,60,60.9
8/18/18 17:00,75.3,68.8,73.5,73.2,73.3,74.5,74.2,79.3,73.1,72.5,72.5
8/18/18 18:00,76.3,70.4,74.6,76.1,74.4,75,74.2,75.4,75.3,73.6,73
8/18/18 19:00,79.1,73.3,76.8,77.7,77.2,77.8,76.4,80.9,77.5,75.8,75.8
8/18/18 20:00,76.9,73.9,76.8,77.1,75.5,77.8,75.8,79.3,78.6,76.4,77.4
8/18/18 21:00,79.6,78.2,76.8,77.7,77.7,77.8,75.8,83.5,78,77.4,75.8
8/18/18 22:00,96.5,84.5,90.8,85.6,96,96.1,97.6,97.7,87.1,92.3,93.1
8/18/18 23:00,97.4,85.7,95.1,86.1,96.5,98.2,98.1,97.7,87.1,94.4,90.6
8/19/18 0:00,97,84.6,93,85.6,97.1,98.2,98.6,98.2,84.9,92.4,91.1
8/19/18 1:00,97.4,83.6,93,85,97.6,98.7,98.2,98.2,86.5,93.9,89.5
8/19/18 2:00,98.9,83.6,89.2,87.6,97.1,97.1,98.2,99.2,88.6,92.4,86.4
8/19/18 3:00,98,83.6,88.8,87.1,97.6,98.2,100,99.2,87.6,89.4,86.9
8/19/18 4:00,98.4,82,87.8,87.7,98.1,99.2,99.2,98.7,87.6,88.9,87.5
8/19/18 5:00,97.5,81,74.1,79.9,95.6,97.3,98.4,98.3,75.4,77,78.5
8/19/18 6:00,89.8,76,56.9,71.7,91.7,91.2,61.2,97.9,64.1,50.5,70.3
8/19/18 7:00,79.7,72.7,64.5,68.3,80,82.3,63.4,86.4,65.2,63.1,64.1
8/19/18 8:00,71.1,68.7,58.6,60.2,72.3,71.7,62.7,68.4,58.2,54.4,58.2
8/19/18 9:00,66.7,65.3,51.3,53.1,63.2,69.4,59.2,65.5,55.8,38.8,53.3
8/19/18 10:00,65.1,60.7,48.8,54.4,63.7,66.6,62.1,65.5,60,48.3,48.6
8/19/18 11:00,75.5,57.1,58.4,58,56.1,66,61.5,66.7,68.1,54.8,64.3
8/19/18 12:00,71.7,61.3,87.2,73.2,69.4,71.7,68.8,73.3,78.5,88.9,88.1
8/19/18 13:00,74.7,68.2,85,74.2,91.9,79.3,82.1,88.6,76.8,86.3,94.6
8/19/18 14:00,79.4,67.3,80,85,91.9,79.8,81,87.6,81.1,80.4,91.1
8/19/18 15:00,94.5,79.1,81.7,82.4,98,84.6,96.6,96.7,82.2,82.1,85.9
8/19/18 16:00,95.5,74.3,77.8,80.8,99,83.1,94.3,96.7,76.7,77.9,79.5
8/19/18 17:00,97,79.3,78.3,81.8,100,82.6,93.8,98.7,79.5,78.8,79.5
8/19/18 18:00,96.5,74.3,77.8,79.2,100,86.3,90.3,98.2,78.4,77.8,77.2
8/19/18 19:00,96.5,73.7,78.4,80.2,99,83.7,88.8,98.2,80.6,77.3,78.9
8/19/18 20:00,97.4,76,81.1,79.2,99,83.2,87.8,97.2,79.5,80,81.6
8/19/18 21:00,96.5,73.1,82.8,80.8,99.5,84.2,88.3,98.2,80.6,81.1,83.8
8/19/18 22:00,97.4,76.5,83.9,79.7,99.5,83.6,85.7,98.2,81.2,83.7,84.8
8/19/18 23:00,97,76.5,87.2,82.9,99.5,84.2,88.8,98.2,85,86.8,86.9
8/20/18 0:00,97.5,79.8,87.7,84.5,99.5,85.3,91.3,99.1,86,87.9,88.5
8/20/18 1:00,97,79.8,90.4,87.2,99.5,87.9,92.3,99.1,88.1,90,89.5
8/20/18 2:00,97,82.6,89.8,87.6,100,89,92.3,98.7,90.2,88.9,90.1
8/20/18 3:00,93.7,80.9,89.8,88.7,100,90.5,93.8,99.1,90.2,89.9,90.6
8/20/18 4:00,92.2,80.9,88.8,90.3,98.6,89.5,88.9,99.7,91.3,89.9,90.6
8/20/18 5:00,86.8,77.2,73.1,78.2,96.7,82.7,64,99.3,74.2,75.9,80.2
8/20/18 6:00,79.2,73.3,73.5,73.9,92.2,76.8,66.2,94.4,76.9,71.5,74.7
8/20/18 7:00,76.5,73.3,60.8,74.4,75.7,74.5,66.7,86.8,65.8,63.1,62.3
8/20/18 8:00,71.7,69.4,65,66,68.9,67.1,63.8,71.7,67.6,60.8,54.1
8/20/18 9:00,65.6,64.1,56.1,59.6,64.9,67.1,60.9,63.2,59.3,53.1,52.2
8/20/18 10:00,63.3,63.1,51.3,57.2,60.2,67.8,62.2,66.2,61.7,47.8,51
8/20/18 11:00,63.3,58.4,55.6,51.3,55.5,65.4,59.2,64.4,55.8,53.7,50.4
8/20/18 12:00,64.5,58.4,56,60.2,58.4,68.4,62.7,62.6,60,56.6,58.7
8/20/18 13:00,75.9,63.6,65.5,62.5,55.8,80.6,60.2,69.9,66.3,64.2,63.4
8/20/18 14:00,73.3,63.1,67.7,66.5,66.6,70.6,68.2,71.7,71.3,66.3,67.3
8/20/18 15:00,75.4,66.5,63.7,66,68.9,69.5,69.3,73.9,66.2,68,67.3
8/20/18 16:00,75.9,65.9,72.9,69.9,71.6,75.1,72.6,74.9,69.1,74.7,74.6
8/20/18 17:00,76.8,68.1,75.7,71.5,73.2,75.5,73.6,76.5,73,75.8,72.9
8/20/18 18:00,79,69.8,72.9,72.7,74.9,76.6,73.1,82.9,73.6,73,71.3
8/20/18 19:00,82.6,70.4,82.9,72.7,74.3,77.2,74.7,87.7,73,85.4,83.3
8/20/18 20:00,86.2,68.6,80.6,72,77.7,79.4,76.8,88.1,80.7,83.2,82.2
8/20/18 21:00,87.2,70.9,82.2,78.6,85.8,82.7,83.2,91.3,81.7,83.2,80
8/20/18 22:00,84.1,70.9,83.4,80.8,86.8,80.4,80,91.7,82.8,83.7,81.1
8/20/18 23:00,79.5,68.6,85,80.2,82.5,80.9,78.9,91.7,84.4,88.4,84.8
8/21/18 0:00,80,71.4,85.5,81.3,85.8,79.3,80.5,92.2,85.4,85.8,84.3
8/21/18 1:00,81,74.3,86,82.9,87.3,81.5,84.2,91.1,87.1,86.8,84.3
8/21/18 2:00,86.2,73.1,87.7,85,88.4,84.2,85.2,93.2,86,87.8,85.3
8/21/18 3:00,87.7,73.1,87.7,85,89.4,84.2,86.7,94.7,88.1,87.8,85.3
8/21/18 4:00,87.7,70.8,86.1,85.6,89.9,84.7,87.8,95.2,88.1,88.3,85.3
8/21/18 5:00,82.6,69.7,71.8,77.1,78.8,81,51.1,90.7,75.8,76.4,77.4
8/21/18 6:00,72.6,70.4,53.8,66.4,71.6,73.3,49.9,77.6,65.7,46.2,67.9
8/21/18 7:00,68.8,63.4,50.6,60.6,64.7,67,55,67.1,59.8,47.1,55.6
8/21/18 8:00,62.5,64.6,53.7,56.6,62.4,66.4,58.5,63.1,61,51.9,54.4
8/21/18 9:00,59.6,59.8,51.2,52.3,57.1,64.1,56.2,58.5,54.4,35,50.9
8/21/18 10:00,55.6,59.3,48.8,57.1,52.1,60.6,52,54.9,55.6,48.2,47.7
8/21/18 11:00,59.1,52.2,47.5,51.1,54.2,58.2,58.5,56.8,50.1,42.7,49
8/21/18 12:00,62.1,49.1,48.7,53,57.8,57.6,56.7,59.1,55.6,45.7,49
8/21/18 13:00,56.8,52.2,48.1,54.1,55.4,60.7,61.4,61.4,55.6,43.9,50.2
8/21/18 14:00,61.4,45.4,48.1,56,54,56.9,55,59,53.8,44.5,50.2
8/21/18 15:00,65.4,52,52.5,57.1,58.8,46,61.3,64.7,56.9,50,52.6
8/21/18 16:00,70.4,54.6,51.8,58.9,63,58.2,65.4,68.1,61,53,54.3
8/21/18 17:00,75.3,64.1,66.5,69.9,72.7,72.8,73.6,75.4,71.3,65.2,67.3
8/21/18 18:00,76.3,66.4,71.1,72.1,75,73.9,74.8,77.6,71.8,70.8,70.1
8/21/18 19:00,77.4,68.2,71.7,72.1,76,74.4,75.3,82.4,73.6,71.3,70.7
8/21/18 20:00,76.9,68.8,74,71.5,77.2,74.9,75.8,85.1,73,73.5,73.5
8/21/18 21:00,79.1,71.6,74.6,76.6,78.8,78.9,78,86.6,76.9,74.7,72.9
8/21/18 22:00,79.1,74.4,76.8,77.1,82.1,77.2,79.6,88.2,77.5,76.3,75.8
8/21/18 23:00,80.1,74.9,77.9,79.3,81,78.8,81.2,88.7,78.5,77.9,76.9
8/22/18 0:00,80.1,76,80.2,77.6,82.1,79.9,80.6,89.7,79.6,79.6,79
8/22/18 1:00,83.7,77.1,81.2,79.2,84.2,80.5,81.6,90.2,80.2,80.1,79
8/22/18 2:00,85.8,81,80.7,80.9,84.2,82.7,83.2,90.7,81.8,80.1,77.4
8/22/18 3:00,88.3,79.9,80.7,81.9,87.9,84.3,85.8,92.2,83.9,82.2,81.2
8/22/18 4:00,88.3,79.3,80.7,82.4,86.9,84.8,85.3,92.8,85,82.8,80.6
8/22/18 5:00,82.2,73.8,76.4,76.6,84.2,84.3,77,91.8,74.8,75.3,74.2
8/22/18 6:00,75.4,70.5,70.6,73.3,75,75.1,48.3,78.8,70.2,69.2,70.6
8/22/18 7:00,67.8,67.1,70.6,65.4,76.7,68.3,57.6,77.7,69.1,70.3,68.4
8/22/18 8:00,64.9,62.9,88.2,71.5,64.8,64.2,62.6,70,85.9,86.7,95.6
8/22/18 9:00,59.7,58.1,81.8,84.5,88.3,69.3,74.7,77,83.4,80.1,89.5
8/22/18 10:00,50.8,70.9,61.3,93.4,88,73.3,82.8,82.6,81.7,60.6,79.5
8/22/18 11:00,50.3,65.9,52.5,80.4,71.8,69.9,63.8,62.2,69.6,54.3,65.1
8/22/18 12:00,55.6,52.9,48.8,70.1,63.6,61.8,59,59.1,61.8,48.9,56.2
8/22/18 13:00,54.5,51.6,51.8,59,53.5,57,57.9,59.1,52.7,45.9,58.7
8/22/18 14:00,63.1,51.1,54.7,57,52.9,56.4,58.5,61.9,55.5,55.9,57.9
8/22/18 15:00,62.4,58.1,60.5,64,66.9,63.4,62.4,66.4,64.9,61,63
8/22/18 16:00,65.2,61.6,66.5,64.6,71.5,66.9,65.8,74.3,67.8,63.3,69.5
8/22/18 17:00,68,62.2,68.2,68.1,73.1,66.9,68.1,79.7,69.5,66.8,68.3
8/22/18 18:00,71.4,65.7,66.4,68.6,75.4,70.4,69.7,77.5,70.6,67.3,70
8/22/18 19:00,75.3,68,76.2,72.6,76,72.7,71.9,81.3,72.9,74.6,76.2
8/22/18 20:00,77.4,68.6,75,75.4,80.4,75.5,75.2,83.9,76.8,75.7,76.8
8/22/18 21:00,79.5,72.1,74.4,76.4,83.6,74.9,76.8,85.5,77.9,75.7,80.1
8/22/18 22:00,81.6,71.5,77.9,77.6,83.6,78.8,77.9,87.6,79,77.9,78.4
8/22/18 23:00,82.2,72.1,78.4,79.7,87.4,78.8,80.6,89.1,80.1,80,79.5
8/23/18 0:00,85.7,72.1,80.6,80.2,87.8,79.9,81.1,90.7,82.2,80,80
8/23/18 1:00,85.2,75.4,81.7,82.9,88.4,81.5,82.1,91.7,86,80.5,80.5
8/23/18 2:00,88.2,75.9,82.8,82.9,89.4,82.6,85.2,92.2,86.5,83.2,83.2
8/23/18 3:00,89.2,75.4,82.2,83.9,90.4,83.6,85.7,92.7,87,84.2,83.7
8/23/18 4:00,90.2,77.6,83.3,85.5,91.5,84.7,88.2,94.2,88.1,84.7,84.3
8/23/18 5:00,87.8,74.8,67.2,78.8,85.8,81.6,46,90.7,74.2,72,76.8
8/23/18 6:00,74.3,73.2,48.5,69.9,79.4,73.9,43.9,78.2,64.1,52.6,67.9
8/23/18 7:00,67.2,68.7,47.1,62.6,71.6,69.3,55.6,73.8,60,46.5,58.7
8/23/18 8:00,66.1,63.4,53.7,56,65.8,63.5,57.9,65.4,61.6,47.1,57.4
8/23/18 9:00,61.6,64.1,50,54.3,57.1,61.7,51,59.2,54,39.8,52.7
8/23/18 10:00,59.9,56.5,57.7,60.7,52.3,63.1,57.5,58.1,61.5,55.8,55.6
8/23/18 11:00,64.8,68.6,80,86,72,69.8,65.7,67.5,95.2,75.1,84.3
8/23/18 12:00,70.3,65.7,87.7,75.9,70.3,73.8,65.2,76.5,94.9,86.9,88.1
8/23/18 13:00,67.7,61.8,70.7,62.6,68.8,70.4,67,73.3,88.8,67.6,81.8
8/23/18 14:00,64.3,51.7,56,56.7,56.5,61.8,58.5,64.3,68,54.3,63.3
8/23/18 15:00,65.9,55.7,51.3,54.2,56.5,53.4,59.7,66.5,63.3,51.2,59.2
8/23/18 16:00,70.3,57,57.7,58.8,69.3,62.9,68.2,73.3,63.9,58.2,62.1
8/23/18 17:00,73.1,65.8,69.4,65.8,72.7,70.4,71.5,75.4,67.3,70.3,71.3
8/23/18 18:00,73.1,65.2,73.3,67.5,74.4,72.1,72.5,75.4,70.7,75.2,77.9
8/23/18 19:00,72.5,65.7,74.5,67.5,75.5,71.6,71.9,78.6,69.5,75.7,77.4
8/23/18 20:00,70.8,66.9,76.2,69.7,76.5,72.7,71.9,82.9,70.1,75.7,79.5
8/23/18 21:00,76.8,69.8,76.7,72,78.7,74.9,74.1,83.9,75.1,76.2,79
8/23/18 22:00,75.2,70.9,77.8,74.2,79.8,76,76.3,86.6,76.8,77.3,78.4
8/23/18 23:00,76.8,70.3,79.5,75.3,81.4,77.2,77.3,87.6,75.7,77.3,77.3
8/24/18 0:00,80,71.4,77.8,75.9,82.5,79.3,77.3,88.6,76.7,79.4,77.8
8/24/18 1:00,92.1,91.2,82.8,71.9,84.6,78.8,79.4,86.5,82.2,83.2,80.5
8/24/18 2:00,95.5,93.3,87,93.2,81.9,79.3,77.2,92.2,83.2,78.2,76
8/24/18 3:00,95.5,94.4,88.2,95.3,85.2,77.6,80.4,91.6,87,83.6,79.9
8/24/18 4:00,96.1,88.2,89.3,95.8,86.8,79.8,82,92.2,87,86.3,82.1
8/24/18 5:00,95.5,85.6,81.2,94.3,87.3,81.9,91.3,92.7,84.4,78.9,78.4
8/24/18 6:00,94.1,91.4,89.8,82.8,95.5,89,97.6,97.2,83.3,91.4,95.6
8/24/18 7:00,85.9,92.4,90.3,88.7,97.6,90.1,97.2,95.3,86,89.9,94.6
8/24/18 8:00,84.2,83.5,82.3,83,96.7,83.3,98.9,88.8,76.8,83.2,90.1
8/24/18 9:00,70.4,73.7,68.4,80.3,80,74.4,95.5,80.4,74.6,63.7,83.3
8/24/18 10:00,64.3,62.4,62,63.1,62.5,65.9,60.9,66,65.7,57.8,66.8
8/24/18 11:00,63.2,59.5,53.7,60.2,59,64.2,62,63.9,61.6,50.1,55.7
8/24/18 12:00,68.4,55.4,56.6,59.6,57.8,62.5,62,65,55.8,55.4,54.5
8/24/18 13:00,59.8,54.8,59,63.6,63,61.2,66.5,68.3,62.2,56,57.5
8/24/18 14:00,70.4,63.5,62.5,64.7,68.7,68.2,68.1,73.2,63.3,59.4,61.6
8/24/18 15:00,71,66.5,65.4,67.6,68.1,69.3,69.3,74.3,66.2,61.2,62.1
8/24/18 16:00,73.7,66.5,67.1,69.9,73.3,69.9,72.6,75.5,69.6,66.3,64.9
8/24/18 17:00,74.2,66.9,68.8,69.9,72.7,71.6,71.4,77.6,70.7,69.1,68.4
8/24/18 18:00,75.8,72.7,73.4,74.3,76.6,76.6,74.8,81.3,74.7,73.6,73.5
8/24/18 19:00,76.9,69.3,74.6,72.6,76.6,76.6,75.2,80.8,74.1,75.3,74.6
8/24/18 20:00,75.8,69.8,75.6,73.7,78.8,74.4,75.8,86.6,73.5,74.1,74.1
8/24/18 21:00,77.4,64.4,73.9,74.3,78.8,76,75.2,86.6,74.6,72.9,74.6
8/24/18 22:00,77.4,75.5,71,84.5,79.3,85.9,78.5,87.6,81.2,72.4,75.6
8/24/18 23:00,76.3,76.5,96.2,87.7,82.6,85.4,80.6,87.6,87.7,90,79
8/25/18 0:00,78.5,76,93.6,86.2,82.6,83.2,79,87.1,90.3,89.5,81.2
8/25/18 1:00,77.4,77.1,93.1,85.1,84.7,85.3,80.6,90.2,84.5,86.9,80.6
8/25/18 2:00,76.3,75.4,92,83.5,81.4,84.2,80,86,83.9,88.4,81.1
8/25/18 3:00,78.5,74.8,92,80.8,80.9,81,78.4,83.9,82.3,88.9,81.7
8/25/18 4:00,77.9,74.3,89.9,79.2,83.6,81.6,80,83.5,82.3,85.8,82.8
8/25/18 5:00,77.4,74.9,88.3,81.3,83.2,82.1,77.9,87.1,85.5,86.4,80.6
8/25/18 6:00,72.7,72.7,57.5,69.9,73.3,73.3,53.5,75,66.9,59.1,66.9
8/25/18 7:00,67.7,68.8,58,69.3,73.3,70.5,64.3,70.5,63,50.9,63.3
8/25/18 8:00,72.7,80.9,75.8,83.8,67.7,67.7,66.5,70,80,75.3,71.3
8/25/18 9:00,79.9,75.3,76.7,80.8,68,68,73.1,86.6,83.3,64,84.9
8/25/18 10:00,88.7,91.2,97.6,93.7,87.7,87.3,83,89.1,95.3,93.8,97
8/25/18 11:00,95.5,94.3,98.1,95.7,93.9,92.4,92.2,94.7,97.3,94.3,97
8/25/18 12:00,95,93.8,95.5,95.7,92.9,88.3,87.6,93.6,96.8,92.8,95.5
8/25/18 13:00,93.7,90.7,97.1,94.7,88.8,86.2,87.6,91.2,95.8,92.8,95
8/25/18 14:00,90.2,87.7,96.6,93.8,85.7,84.1,83.1,90.2,96.4,90.3,95.6
8/25/18 15:00,92.2,89.3,97.2,93.8,86.3,85.8,83.7,92.2,93.8,90.9,96.1
8/25/18 16:00,92.2,91.9,96.2,95.8,88.4,90,85.8,93.8,96.4,93.4,95.6
8/25/18 17:00,93.1,89.8,96.7,95.8,90.5,91.1,88.3,93.8,96.4,93.9,96.2
8/25/18 18:00,92.2,85.7,95.6,96.3,89.9,89,88.3,93.2,96.9,92.4,94.6
8/25/18 19:00,93.1,88.8,96.6,96.3,88.8,87.4,86.7,94.7,97.4,93.4,92.1
8/25/18 20:00,95.1,86.1,96.6,97.8,90.9,88.4,87.7,94.7,97.9,92.9,93.1
8/25/18 21:00,91.7,85.1,95.6,97.3,89.3,87.4,87.2,94.7,96.9,92.9,94.1
8/25/18 22:00,85.2,78.1,89.7,89.6,90.9,85.8,86.7,95.2,89.1,88.3,87.4
8/25/18 23:00,86.7,82.9,94.4,93.2,84.5,83,84.1,92.2,94.8,91.8,88.4
8/26/18 0:00,86.1,84,95.5,95.7,88.3,87.3,87.2,91.6,96.3,92.8,92.5
8/26/18 1:00,94.1,87.6,96,96.7,90.3,88.9,88.7,94.6,98.4,93.8,94
8/26/18 2:00,94.1,88.2,96,97.7,91.9,88.9,88.7,95.6,97.9,94.3,94.5
8/26/18 3:00,79.9,81.8,97.1,97.2,90.9,87.8,85.2,96.2,97.9,94.3,95.1
8/26/18 4:00,84.7,86.1,97.6,97.2,88.3,87.3,83,94.7,98.4,93.9,95.6
8/26/18 5:00,83.7,83,86.8,96.3,86.8,87.3,57.6,92.8,95.9,92.5,93.6
8/26/18 6:00,75.3,79.8,56.4,86.8,75,79.4,54.6,78.2,84.1,68.9,85
8/26/18 7:00,70,73.8,57.8,68.8,70,75.6,60.3,70.5,66.8,57.2,69.7
8/26/18 8:00,64.8,69.8,62,66.5,66.5,67.1,63.7,68.3,65.6,56.1,59.8
8/26/18 9:00,60.3,65.2,55.4,63.1,58.8,64.7,59.6,64.8,60.5,45.9,59.2
8/26/18 10:00,58.5,61.7,58.5,56,57.6,61.7,59.1,60.2,59.9,53.2,59.9
8/26/18 11:00,59.8,58.8,51.1,57.8,61.3,61.2,60.9,64.3,56.2,48.3,48.9
8/26/18 12:00,63.1,54.7,54.9,59,58.8,59.5,63.1,64.9,61.1,46.5,51.5
8/26/18 13:00,58.7,83.2,56.1,76.2,61.9,64.7,64.3,63.7,66.8,53.7,61
8/26/18 14:00,65.5,71.1,57.7,61.9,60.7,67.1,62.6,65.4,64.5,53.7,58
8/26/18 15:00,68.2,69.8,59,65.3,67.7,70,69.3,72.8,63.3,57.2,61.5
8/26/18 16:00,71.5,68.2,62.5,69.3,70.5,71,69.8,72.8,67.3,61.2,66.2
8/26/18 17:00,73.7,68.2,68.2,72.1,73.2,72.7,73.1,76,71.8,68,68.4
8/26/18 18:00,75.3,70.4,70.6,73.2,75.5,74.9,74.7,77,74.1,70.8,71.8
8/26/18 19:00,73.6,72.1,72.2,72,74.3,73.2,74.7,77.6,72.4,71.3,71.8
8/26/18 20:00,74.7,70.9,69.8,73.2,73.8,74.3,74.7,78.1,72.9,70.2,70.1
8/26/18 21:00,75.8,72.1,73.3,72.5,75.4,76,75.8,78.1,71.8,73.5,71.8
8/26/18 22:00,87.6,73.8,75,77.1,77.2,77.2,76.8,79.2,76.8,75.7,73.4
8/26/18 23:00,94.7,76.6,78.4,78.2,82,80.5,82.7,90.7,78.5,77.3,76.8
8/27/18 0:00,94.7,80.2,82.3,78.7,80.4,77.1,81.1,92.2,78.5,83.8,77.9
8/27/18 1:00,93.7,88.7,74.3,75.2,81.4,79.8,80.5,93.3,76.7,75,85.3
8/27/18 2:00,93.7,87.7,78.3,80.2,82.5,82,83.6,93.7,80.5,77.8,84.8
8/27/18 3:00,93.2,94.9,82.8,84,84.6,82,82.5,93.2,85.4,81.6,83.7
8/27/18 4:00,95.5,94.4,85,92.3,86.2,83.1,85.2,90.7,87.1,85.2,85.3
8/27/18 5:00,98.4,92.4,71.8,90.4,88.9,82.1,53.1,92.2,78.6,75.3,82.3
8/27/18 6:00,94.3,88.3,53.5,81.5,79.4,81.7,51.9,83.1,73.7,64.8,72.5
8/27/18 7:00,82.9,79.4,57.4,69,71.7,71.1,55.3,73.3,67.5,56.8,65.7
8/27/18 8:00,78.2,71.6,63.7,66.6,68.3,65.3,64.9,68.9,67.5,59.6,58.2
8/27/18 9:00,67.8,69.3,61.4,58.4,59.5,67.7,59.1,65,62.3,61.6,56.4
8/27/18 10:00,66.2,62.3,53.6,59.6,62,66.6,62.1,65,59.3,49.5,55.8
8/27/18 11:00,63.9,59.5,54.2,57.9,55.4,63.7,63.2,66.1,62.8,48.9,55.1
8/27/18 12:00,67.2,58.4,53.7,58.4,58.9,64.3,64.3,67.3,60.5,50.8,57.5
8/27/18 13:00,66.6,54.1,54.9,61.3,61.3,60.7,64.8,64.9,59.9,52.6,55.7
8/27/18 14:00,65.9,58.3,55.4,58.4,60.8,62.5,63.8,67.8,61.2,52.6,55.7
8/27/18 15:00,68.3,58.8,49.8,57.1,56.5,58.9,63.2,68.2,55.6,50,55
8/27/18 16:00,70.9,63.5,63.1,64.1,67,67.6,68.1,72.7,66.2,60.6,62.1
8/27/18 17:00,73.7,66.4,67.1,69.9,70.4,71.6,72.6,73.8,70.2,65.7,66.1
8/27/18 18:00,75.8,67,85.4,70.9,71.5,72.7,72,78.1,71.9,88.8,70.5
8/27/18 19:00,73,69.2,89.4,73.2,75,75,74.8,81.9,74.1,90.5,76.3
8/27/18 20:00,85.2,72.7,82.9,75.5,88.3,77.2,83.6,85.5,75.8,88,74.1
8/27/18 21:00,93.5,75.9,79.1,74.8,93.4,90.4,89.7,90.6,73.4,81.2,71.7
8/27/18 22:00,95.5,91.8,95.6,94.8,94.4,97.6,93.7,93.1,95.4,93.4,95.1
8/27/18 23:00,95.5,91.8,93.9,94.3,94.4,96.6,90.7,93.1,95.4,93.8,92.5
8/28/18 0:00,94.1,88.2,95.5,95.8,93.9,97.1,88.7,91.6,98.9,95.3,91.5
8/28/18 1:00,91.6,90.3,95,94.7,95,96.6,90.2,92.7,96.8,95.3,94.1
8/28/18 2:00,94,81.8,95.5,96.8,93.4,95.6,84.6,92.1,98.4,95.3,91
8/28/18 3:00,94,84,95.5,96.8,91.4,94,84.1,89.6,96.8,95.9,88.4
8/28/18 4:00,89.7,84,93,96.8,89.9,95.6,86.2,91.6,97.3,96.4,88.4
8/28/18 5:00,87.3,83.1,88.3,97.3,90.5,93.6,73.3,90.7,92.4,92.5,85.3
8/28/18 6:00,86.3,79.3,70.7,87.7,81.6,83.8,55.9,79.8,85.6,77,80.1
8/28/18 7:00,80.6,73.8,82.9,81.9,76.6,82.2,74.2,78.2,84.5,81.8,76.2
8/28/18 8:00,77.4,71.5,74,77.6,84.3,76.6,76.9,78.7,78.6,72,71.3
8/28/18 9:00,82.2,80.4,70.6,78.2,75.5,83.8,72.5,78.7,76.3,69.8,70.6
8/28/18 10:00,71,69.9,64.8,69.9,69.4,73.3,70.4,72.8,70.2,63.6,65.7
8/28/18 11:00,67.8,61.2,67.2,61.8,56.7,66.5,63.7,63.2,81.3,73.8,80.7
8/28/18 12:00,67.8,65.3,62.5,67.1,66,68.2,67.6,70.5,70.8,59.6,64.5
8/28/18 13:00,73.2,90.4,66,86.5,67.6,69.7,68.1,73.3,83.3,62.3,66.1
8/28/18 14:00,73.2,78.8,70,88.3,69.2,76.8,69.8,73.8,90.3,67.4,66.7
8/28/18 15:00,72.6,69.3,67.1,76.5,69.9,73.9,69.3,72.7,80.2,65.3,67.9
8/28/18 16:00,79.4,69.3,81.2,72.6,76.1,76.1,76.9,79.2,71.2,74,69
8/28/18 17:00,90.2,80.8,86.2,74.1,87.9,77.1,73,82.9,75.7,80.1,72.9
8/28/18 18:00,85.1,83.9,95.5,95.2,80.2,75.9,75.6,81.2,91.7,94.3,88.8
8/28/18 19:00,87.7,82.9,96.1,95.2,80.2,78.1,77.3,80.7,94.3,96.4,89.4
8/28/18 20:00,78.8,85.6,87.5,91.1,80.2,85.8,75.6,80.7,93.7,92.3,86.8
8/28/18 21:00,84.6,89.8,97.1,95.8,83,86.8,81.5,85,97.4,95.8,93
8/28/18 22:00,94.1,89.3,97.7,96.8,81.4,87.9,75.6,79.6,98.4,96.4,96.1
8/28/18 23:00,90.8,91.9,97.7,97.8,86.8,89.5,84.2,85,97.9,97.4,96.1
8/29/18 0:00,86.3,86.2,97.7,95.8,85.2,87.4,84.2,83,96.9,96.4,95.1
8/29/18 1:00,83.2,81.4,98.2,95.3,82.1,85.8,78.5,80.8,97.5,96.4,94.2
8/29/18 2:00,81.6,79.8,95.1,92.9,79.3,82.1,77.4,79.2,97.5,96,95.2
8/29/18 3:00,82.2,82.5,95.1,96.3,81.5,84.8,78.9,80.8,98.4,96.9,96.2
8/29/18 4:00,82.2,81.4,94.1,96.8,81.5,84.2,78.5,81.9,98.4,95.5,92.6
8/29/18 5:00,81.7,78.2,89.4,88.7,82.1,82.7,77.5,84.6,94.9,91.1,84.4
8/29/18 6:00,77.4,75.5,73.1,75.5,75,76.1,66,77.1,84.6,77,77.4
8/29/18 7:00,75.9,71.5,69.5,69.9,71.6,73.3,65.5,73.8,70.9,65.9,66.8
8/29/18 8:00,70.5,71,72.2,72.7,66,68.8,63.2,64.9,75.8,70.2,72.4
8/29/18 9:00,73.7,69.3,74.2,69.3,63.2,69.3,63.2,65.5,73.6,67.7,71.4
8/29/18 10:00,63.3,64.7,57.3,62,60,67.6,64.3,61.4,64.1,52.6,56.4
8/29/18 11:00,78.8,69.3,61.5,62.5,60,76.6,64.3,65.9,61,56.2,55.8
8/29/18 12:00,78.1,57.7,59,59.5,66.7,75.8,67.2,70.7,66.9,55.5,50.2
8/29/18 13:00,73.8,67.6,64.3,68.2,67.7,70.5,69.9,72.2,68.5,60.6,62.2
8/29/18 14:00,71.6,64.7,64.3,64.7,67.7,69.4,67.6,70.5,66.8,61.3,61
8/29/18 15:00,76.5,69.3,66.5,70.4,72.2,71.7,72.1,79.9,71.9,64.6,65.1
8/29/18 16:00,75.3,69.3,75.2,71.6,73.9,76.1,73.1,76.6,74.8,74.7,72.5
8/29/18 17:00,78,69.3,77.4,71.6,73.9,75.6,74.2,76,72.4,77.4,70.7
8/29/18 18:00,78,69.3,75.7,73.8,75.5,76.6,75.8,78.2,74.7,74.7,73.6
8/29/18 19:00,79.1,72.2,77.4,74.9,76,77.2,76.9,79.8,76.9,77.4,75.8
8/29/18 20:00,76.9,72.2,75.7,73.2,77.2,75.5,76.4,78.2,74.1,75.2,74.6
8/29/18 21:00,80.9,79.8,74,74.8,90.4,76.5,93.1,77.3,76.9,75.2,75.2
8/29/18 22:00,84.1,73.7,73.2,69,95.5,78.2,94.2,87.5,72.8,75.6,78.9
8/29/18 23:00,86.2,77.5,76,79.7,95.5,76.5,95.8,88.1,81.7,75.6,76.7
8/30/18 0:00,85.7,78.7,81.1,81.8,95.5,80.4,95.2,89.1,83.9,79.4,78.9
8/30/18 1:00,85.7,82.6,83.3,82.4,96.1,82.6,95.2,91.2,84.4,83.7,80.5
8/30/18 2:00,81.6,80.9,84.4,85,96.6,84.8,95.8,91.2,87.6,84.2,82.7
8/30/18 3:00,95.5,77.1,85.6,84.5,94.5,89.4,92.8,86,87.6,81.1,83.2
8/30/18 4:00,95.1,75.9,94.5,89.7,96.6,84.2,93.8,88.1,95.8,93.9,86.4
8/30/18 5:00,95.1,86.7,93,92.8,92,85.2,87.8,89.2,93.8,92.4,84.2
8/30/18 6:00,87.8,83.1,84.4,89.7,87.9,85.2,83.3,86.7,90.2,85.8,77.8
8/30/18 7:00,75.9,76.7,72.5,75.6,74.4,72.8,64.9,70.5,78.7,70.5,74.7
8/30/18 8:00,75.3,70.9,63.3,68.8,68.1,67.6,62.9,66.5,69.2,56.8,62.2
8/30/18 9:00,88.8,74.8,84.5,85.5,72.2,65.2,80.6,83,82.2,85.9,69.1
8/30/18 10:00,92.2,93.4,93.5,94.3,86.3,87.9,84.8,84.5,95.4,90.9,92.6
8/30/18 11:00,89.8,89.9,88.8,89.8,85.8,84.3,85.8,86.7,91.8,86.9,84.9
8/30/18 12:00,83.7,82.1,77.9,83,78.3,77.8,77.4,79.3,86.6,74.2,77.4
8/30/18 13:00,79.7,75,66,76.6,74.5,75.6,75.8,75.5,74.2,62.4,68
8/30/18 14:00,77.5,67.2,68.4,70.6,72.8,72.8,74.2,77.7,73.1,66.5,66.8
8/30/18 15:00,74.2,67.2,70.6,76,68.8,72.8,72.1,72.7,71.8,68.7,70.2
8/30/18 16:00,79.1,70.4,74,76.6,75,73.3,74.8,77.6,74.6,72,72.4
8/30/18 17:00,80,73.2,73.3,77.1,79.3,77.8,78.5,80.3,75.2,73.5,74.1
8/30/18 18:00,88.3,76.6,74.9,79.3,90.5,79.9,90.4,92.3,74.5,72.9,77.4
8/30/18 19:00,91.2,77.1,82.9,80.9,88.8,98.1,89.7,92.3,78.5,78.4,78.4
8/30/18 20:00,89.3,78.2,81.1,81.3,92.5,100,89.7,94.3,81.2,79.4,76.7
8/30/18 21:00,85.7,79.3,87.7,81.9,92.5,100,88.3,95.3,82.3,83.7,79.4
8/30/18 22:00,83.7,78.8,87.2,82.4,93,100,84.8,94.2,82.9,82.7,82.2
8/30/18 23:00,84.2,78.8,83.8,93.2,92,100,86.3,94.2,85.8,87.8,77.2
8/31/18 0:00,88.8,77.1,85.5,94.8,92.6,100,87.8,94.2,91.7,87.8,80.5
8/31/18 1:00,85.2,80.9,89.2,95.3,91,100,86.3,94.7,92.3,88.3,85.3
8/31/18 2:00,87.8,80.9,89.8,97.3,93,100,88.9,95.7,94.4,90.9,88
8/31/18 3:00,94.6,80.3,83.8,94.8,85.1,100,83.7,94.2,87.6,85.2,88
8/31/18 4:00,94.2,81.5,88.2,95.8,95.5,100,95.7,98.6,91.8,88.3,85.3
8/31/18 5:00,89.8,77.7,89.8,94.9,96.5,97.1,96.3,99.1,93.4,87.9,85.9
8/31/18 6:00,86.8,77.1,88.3,91.8,95.1,96.2,84.3,97.3,90.3,87.4,82.8
8/31/18 7:00,78.1,74.9,67.4,78.8,83.8,87.5,66.7,93.5,79.8,66.1,72
8/31/18 8:00,70.5,71.6,65.5,68.2,73.9,79.6,68.2,83.1,71.4,60.2,62.8
8/31/18 9:00,68.4,68.8,63.3,65.4,68.3,74,69.3,73.4,65.1,55.1,62.8
8/31/18 10:00,72.7,60.6,64.5,61.4,66,70,64.3,71.8,65.1,57.4,58.7
8/31/18 11:00,66.1,57.2,58.5,60.8,66,67.2,67.8,71.2,64.6,51.5,58.3
8/31/18 12:00,68.2,59,59.6,59,68.3,69.5,69.3,73.3,65.1,56.1,55.8
8/31/18 13:00,67.2,59,60.2,63.7,67,69.5,66.5,72.2,66.3,55,62.2
8/31/18 14:00,72.7,67.6,68.3,71.1,72.8,72.2,69.3,73.3,70.8,63,67.3
8/31/18 15:00,75.4,68.8,70.6,73.3,72.8,73.3,73.2,76,74.8,68.1,67.9
8/31/18 16:00,76.4,70.4,72.9,71.6,76.1,76.7,76.4,78.2,71.9,71.5,69
8/31/18 17:00,75.8,72.1,74,74.4,75.5,77.8,75.3,77.6,74.7,72.5,73.6
8/31/18 18:00,73.6,75.5,73.4,75.4,76,78.9,75.3,74.8,76.9,73,73.6
8/31/18 19:00,81.6,79.3,72.2,78.7,79.3,79.9,77.9,80.8,76.3,72.4,73.6
8/31/18 20:00,83.3,81,77.3,84.6,82.1,82.7,80.6,86.7,80.2,76.8,79
8/31/18 21:00,83.3,81.5,86.1,93.9,84.2,85.4,82.7,86.7,95.9,90.4,89
8/31/18 22:00,84.3,80.4,89.9,93.4,84.2,84.8,82.2,89.2,97.5,91.5,89
8/31/18 23:00,87.8,81.5,82.2,90.3,86.3,85.9,83.8,90.7,93.3,85.2,88.1
9/1/18 0:00,88.8,80.4,78.8,88.1,86.9,85.9,85.3,92.8,90.6,79.3,76.7
9/1/18 1:00,82.1,75.9,82.7,91.3,82,75.3,78.9,89.2,91.2,82.1,79.4
9/1/18 2:00,87.7,83,90.3,91.3,80.3,81.4,80.5,89.7,91.8,87.3,84.3
9/1/18 3:00,81.1,90.9,96,86.5,85.2,85.8,84.7,91.7,92.7,95.2,93.5
9/1/18 4:00,79.5,88.8,97,91.3,87.4,86.3,85.2,94.7,96.3,96.3,93
9/1/18 5:00,80.6,88.8,97,92.3,84.7,86.8,84.2,95.8,97.9,96.3,93
9/1/18 6:00,75.7,79.2,93.2,82.9,78.7,81.6,72.5,86.6,96.5,93.6,89.1
9/1/18 7:00,72.1,76.6,67.4,71.7,71.1,74.5,62.6,74.4,83.6,77.6,69.1
9/1/18 8:00,67.2,71,69.7,69.4,65.4,68.8,64.3,65.4,76.9,60.5,64
9/1/18 9:00,64.4,68.8,69.7,64.2,67.7,70.6,66.6,70.7,67.5,64.9,62.9
9/1/18 10:00,60.9,60,57.3,57.2,57.6,65.3,62,62,59.8,52,52.1
9/1/18 11:00,57.5,58.3,57.8,59.6,58.9,63.6,62.6,65,61.6,50.2,52.7
9/1/18 12:00,62.7,54,58.4,58.3,59.5,59.4,64.3,65.4,58.6,51.3,58
9/1/18 13:00,62.7,83.7,89.4,65.8,62.4,83.8,65.9,67.1,79.8,87.5,75.2
9/1/18 14:00,68.8,77.1,77.9,71,75.5,73.9,73.7,78.2,75.8,78,69.5
9/1/18 15:00,70.5,71.7,64.9,67.1,69.9,70.6,71,73.3,70.8,63.7,67.9
9/1/18 16:00,72.5,70.4,72.2,73.8,71.5,75,73.6,76,74.1,70.8,71.3
9/1/18 17:00,75.3,73.8,73.9,74.9,74.9,77.2,75.2,78.2,75.8,73.5,73.5
9/1/18 18:00,76.3,75.5,76.8,75.4,76,77.2,76.9,78.7,76.3,75.8,75.7
9/1/18 19:00,75.3,72.6,79.6,73.7,75.4,76.6,74.7,77,75.7,76.8,74
9/1/18 20:00,74.2,73.2,81.2,75.3,74.3,77.2,74.1,72.5,75.7,79.6,80.6
9/1/18 21:00,75.2,75.4,72.5,81.2,77.1,76.5,76.2,79.7,96.3,73.3,87.8
9/1/18 22:00,95.5,85.6,74.3,81.2,91.9,82.5,93.7,93.7,92.7,76.6,83.6
9/1/18 23:00,90.6,81.8,82.7,79,80.2,75.8,79.3,85.9,91.2,81.5,82.1
9/2/18 0:00,85.1,89.6,84.8,82.8,79,81.8,79.8,87,90.1,85.1,85.7
9/2/18 1:00,84.1,90.8,85.9,86,89.8,88.3,90.7,91.6,90.6,86.2,87.3
9/2/18 2:00,81.3,87.2,85.9,84.9,90.9,88.9,91.3,93.2,92.2,84.6,86.3
9/2/18 3:00,95.4,86,89.7,86.1,96.9,85.1,98.5,96.6,92.2,88.3,88.9
9/2/18 4:00,96,83,90.3,91.7,95.9,87.3,98.1,97.1,93.3,89.9,90.5
9/2/18 5:00,89.6,80.2,78.2,77.4,91.9,83.6,86.7,93.1,82.1,78.2,77.2
9/2/18 6:00,85.5,79,78.9,85.3,86.2,74.7,79.9,88.5,80.4,77.8,75.5
9/2/18 7:00,82.7,87.7,83.2,83.8,77.6,83.1,69.3,82.9,86.9,81.5,81.5
9/2/18 8:00,93.1,86.7,87,88.6,83,78.7,84.6,86.5,88,86.7,79.9
9/2/18 9:00,95,94.8,94.4,95.7,93.9,88.3,96.6,97.6,96.2,93.8,87.8
9/2/18 10:00,95,91.3,95,92.7,95.5,91.4,97.1,97.6,93.8,93.4,89.9
9/2/18 11:00,84.8,83.1,88.3,86.7,83.2,81.6,81.7,90.7,88.7,86.4,83.2
9/2/18 12:00,75.9,71.1,72.9,73.9,69.9,68.8,72,80.3,76.3,65.9,71.3
9/2/18 13:00,88.4,71.5,69,67,84.2,72.1,86.3,93.3,73.1,63.1,70.7
9/2/18 14:00,79.6,61.2,69.4,69.3,67,65.8,70.9,78.7,79.1,63.5,75.1
9/2/18 15:00,82.1,69.8,64.7,67.6,69.3,69.9,75.3,81.9,73,64,70.1
9/2/18 16:00,83.2,72.1,73.5,69.3,72.7,71.6,77.4,82.9,78,72,76.2
9/2/18 17:00,78.9,73.1,75.1,74.8,75.9,76,75.7,81.8,75.1,74,73.9
9/2/18 18:00,78.9,71.4,76.2,73.1,77.6,74.9,76.8,80.2,76.2,75.2,76.2
9/2/18 19:00,80,72.5,81.6,75.3,79.2,79.8,78.9,82.3,77.9,79.4,78.9
9/2/18 20:00,78.4,74.3,88.8,75.9,78.7,78.2,79.5,82.3,77.3,88.4,79.5
9/2/18 21:00,92.6,89.7,84.3,92.7,90.3,94,98,94.6,90.6,84.1,79.5
9/2/18 22:00,88.6,83.4,86.5,87,87.2,88.3,84.6,93.1,83.2,88.3,80.4
9/2/18 23:00,91.6,86.1,90.3,89.7,90.4,90.4,91.7,96.6,85.9,89.8,86.3
9/3/18 0:00,83.5,77.4,89.7,89.7,89.4,81.9,87.2,96.2,87.6,88.8,84.8
9/3/18 1:00,96.8,90.7,96.1,95.2,95.4,94,95.1,98.6,97.3,95.8,96
9/3/18 2:00,95.9,90.7,96.6,93.7,95.9,94,96.1,98.6,95.2,94.8,94
9/3/18 3:00,95.9,94.3,96,94.7,96.4,94,96.6,98.1,94.8,95.3,94
9/3/18 4:00,97.4,95.3,97.1,94.7,97,98.5,98.6,97.6,94.8,95.3,94.5
9/3/18 5:00,97.4,95.3,97.6,94.7,97.5,100,97.6,98.1,96.9,96.9,96.1
9/3/18 6:00,96.9,98.8,97.6,94.7,96.5,100,99,98.1,98.4,97.8,96.1
9/3/18 7:00,96.9,97.7,96.6,95.2,97.4,100,99.4,98.6,98.4,96.8,97.1
9/3/18 8:00,97.4,98.8,98.2,94.8,96.4,100,99,98.6,97.9,96.3,97.1
9/3/18 9:00,97.8,98.8,97.6,94.8,98,100,99.5,98.1,98.4,96.3,97.1
9/3/18 10:00,97.8,99.7,98.6,97.2,98.4,100,100,97.6,99.3,97.8,98.5
9/3/18 11:00,97.8,99.7,97.6,94.2,97.4,100,100,98.1,99.3,96.3,98.5
9/3/18 12:00,97.3,99.7,96,94.2,96.4,100,99.5,97.6,98.3,95.3,97.5
9/3/18 13:00,95.5,99.2,96,92.2,94.9,100,100,97.6,97.3,94.4,98.1
9/3/18 14:00,94.5,96.8,93.5,91.7,92.4,100,100,97.1,96.4,94.4,96.1
9/3/18 15:00,93.1,93.3,88.8,88.2,91.4,100,99.1,97.7,92.8,89.9,94.1
9/3/18 16:00,93.1,92.9,87.1,89.2,91.9,100,99.6,97.2,91.2,90.4,94.1
9/3/18 17:00,96,93.9,92.4,93.8,95.5,100,99.6,99.1,97.4,93.4,95.1
9/3/18 18:00,96.9,92.4,95.1,93.3,96.5,100,100,99.1,96.4,94.4,94.1
9/3/18 19:00,97.9,93.4,94,94.8,96.5,100,100,99.1,97.4,93.9,91.1
9/3/18 20:00,92.7,91.4,96.2,93.9,98,100,99.2,99.1,98.5,95.9,96.2
9/3/18 21:00,91.2,88.3,96.7,88.3,92,100,89.9,96.8,91.8,95.9,93.2
9/3/18 22:00,89.8,89.3,89.9,89.3,92,100,87.9,96.8,91.3,92.5,92.2
9/3/18 23:00,91.2,89.3,92,89.8,93.6,100,89.4,96.8,92.9,93.5,96.2
9/4/18 0:00,89.8,88.8,94.7,90.8,96.1,100,94.3,98.2,93.8,94.5,93.6
9/4/18 1:00,93.6,91.4,97.2,94.3,95.5,100,92.8,98.2,96.9,96.9,92.6
9/4/18 2:00,96.1,93.9,98.2,95.8,95,100,91.8,97.7,98.4,97.4,97.2
9/4/18 3:00,96.9,92.9,98.2,94.3,96,100,93.8,98.2,97.4,97.4,95.7
9/4/18 4:00,97.4,87.8,97.2,90.8,96.5,100,94.3,98.7,95.9,97.4,92.2
9/4/18 5:00,95.5,87.3,88.9,85.7,88.4,100,80,97.2,91.3,92.1,87
9/4/18 6:00,90.3,83.6,72,79.3,87.5,100,67.4,92.4,81.9,81.4,79.6
9/4/18 7:00,85.4,80.4,65.1,71.1,82.2,97.3,74.9,84.7,74.8,67.7,65.8
9/4/18 8:00,76.5,77.8,67.9,70,72.8,92.8,72.7,76.1,72.6,63.2,65.8
9/4/18 9:00,77.6,77.3,71.3,75.1,74,81.8,74.8,79.9,75.3,65.4,65.8
9/4/18 10:00,73.3,73.3,67.3,71.1,72.3,78.5,74.8,76.2,72,60.2,64.6
9/4/18 11:00,73.3,64.3,63.2,70,67.9,73.5,69.9,71.2,67.5,59,65.2
9/4/18 12:00,71.6,60.2,62,63.2,63.2,72.3,68.8,68.4,68.1,54.3,60
9/4/18 13:00,66.8,60.2,74.1,68.8,66,70.1,68.8,69.4,82,80.8,78.5
9/4/18 14:00,72.7,59.6,60.9,67.2,64.8,70.6,67.1,73.3,70.3,56.2,63.4
9/4/18 15:00,78.1,69.3,72.4,86.8,70.5,75.1,72,77.1,76.9,67.6,74.1
9/4/18 16:00,81.7,72.7,69.5,76.7,73.9,78.4,76.9,80.9,75.8,68.7,73.6
9/4/18 17:00,85.8,75,76.8,80.4,80.4,81.1,81.2,84.6,80.2,76.9,76.9
9/4/18 18:00,84.8,79.4,78.5,83.1,79.9,82.7,80.6,87.7,82.9,78.5,79
9/4/18 19:00,85.3,78.8,81.3,85.2,83.2,83.2,81.2,88.2,83.5,81.2,80.7
9/4/18 20:00,84.8,78.8,83.5,84.1,82.6,83.2,81.2,88.2,85.1,82.8,82.3
9/4/18 21:00,83.7,79.3,81.2,84.1,83.2,83.8,82.7,91.8,84.5,80.6,80.1
9/4/18 22:00,87.3,78.8,84.5,86.2,85.8,84.2,85.8,93.8,85.5,84.3,82.2
9/4/18 23:00,86.8,78.2,86.1,86.2,85.8,85.3,83.8,95.2,88.7,86.9,85.4
9/5/18 0:00,86.8,79.3,88.9,88.2,85.3,86.4,84.3,93.3,88.2,87.9,84.9
9/5/18 1:00,87.3,79.8,83.4,88.2,85.3,85.9,83.7,90.7,86,83.2,82.7
9/5/18 2:00,87.3,79.8,84.4,90.3,86.8,87.9,84.8,94.7,89.7,85.8,83.2
9/5/18 3:00,89.2,81.5,86,94.3,91.5,89,88.3,95.7,89.7,85.8,83.2
9/5/18 4:00,93.6,83.6,88.8,96.3,94.6,88.5,89.4,96.7,91.8,87.9,85.3
9/5/18 5:00,92.7,78.7,79.1,94.4,89.5,86.9,80.1,96.7,85.6,79.6,82.8
9/5/18 6:00,87.8,73.1,65.1,86.7,82.7,86.4,63.4,89.3,82.9,72.6,76.9
9/5/18 7:00,77.6,72.6,65.7,77.7,75,74.5,66,77.7,75.3,66.5,69.7
9/5/18 8:00,72.2,71.6,62.1,68.3,68.3,71.7,69.3,74.5,68.6,57.4,64
9/5/18 9:00,71.7,66.4,57.3,64.3,65.4,65.3,65.9,68.4,62.8,48.3,62.2
9/5/18 10:00,65.1,61.1,60.8,59.6,60.1,69.4,67.2,65,58.6,55.6,57.5
9/5/18 11:00,63.4,64.7,53.7,59,57.8,67.1,64.9,66.7,58.6,48.3,55.6
9/5/18 12:00,70.7,62.5,53.1,60.8,58.3,62.4,62,66.7,61.7,51.4,59.8
9/5/18 13:00,71.7,56.6,54.8,59.5,67.7,63,68.2,66.7,59.8,50.7,55
9/5/18 14:00,68.8,55.4,56.7,61.9,65.9,62.4,70.4,71.6,63.9,54.3,60.3
9/5/18 15:00,74.8,65.3,57.9,67,65.3,66,68.1,72.7,67.3,57.2,62.7
9/5/18 16:00,73.1,67,60.2,62.5,67,67.1,70.9,76,68.4,64,65.5
9/5/18 17:00,78.5,70.4,71.7,73.2,73.8,74.4,73.6,76.5,73,71.9,71.3
9/5/18 18:00,80.1,71.5,74,76,76,76.6,75.8,79.2,77.5,74.7,74.6
9/5/18 19:00,79.6,72.7,76.8,76.6,76.6,76.1,76.9,79.7,78.6,76.9,76.3
9/5/18 20:00,86.7,87.2,78.5,76.6,93.5,87.4,96.7,94.2,78.6,79,77.9
9/5/18 21:00,88,84.1,78.5,77.6,94,84.2,97.6,90.6,78.6,79,77.4
9/5/18 22:00,95.9,85.2,86.6,80.3,94,92.1,96.7,95.7,83.4,88.3,81.1
9/5/18 23:00,96.5,83.1,87.2,81.3,95.5,92.1,98.2,96.7,85.5,87.9,81.6
9/6/18 0:00,96,81.5,86.6,85.1,96.1,92.1,98.2,96.7,87.6,86.3,81.6
9/6/18 1:00,97,81.5,88.8,85.6,96.6,93.2,98.2,97.7,88.1,88.9,85.3
9/6/18 2:00,97,80.4,90.4,86.6,96.6,91.6,97.7,97.7,89.2,90.9,86.9
9/6/18 3:00,96.5,80.9,88.8,87.7,96.1,91.6,97.7,98.2,91.8,88.9,87.5
9/6/18 4:00,97,79.2,90.4,89.3,96.6,89.5,97.7,97.7,94.9,88.9,86.9
9/6/18 5:00,96.5,79.2,80.2,86.7,94.6,91.1,97.3,97.7,92.3,84.3,85.3
9/6/18 6:00,88.3,86.2,78,72.7,93.6,90.1,88.8,93.3,80.2,80.7,74.2
9/6/18 7:00,87.8,78.7,70,72.7,91,83.8,98.7,96.8,75.8,69.2,65
9/6/18 8:00,84.7,84.1,62,70.4,89.5,98.7,99.2,96.8,77.4,59,68.5
9/6/18 9:00,73.3,72.6,60.2,62.4,82.2,92.2,99.8,88.3,66.8,50.7,62.1
9/6/18 10:00,67.8,62.9,59.6,61.8,68.8,83.8,72,83.6,64.5,54.8,59.8
9/6/18 11:00,64.3,59.5,54.3,57.1,60.1,78.3,68.8,70.5,59.2,51.3,55
9/6/18 12:00,63.6,53.4,54.8,60.7,63,72.8,66.4,65.4,65.6,51.3,53.8
9/6/18 13:00,62,54.6,57.1,61.2,58.8,71.6,63.6,65.4,65,51.3,58.5
9/6/18 14:00,67.6,55.2,60,60.6,58.2,64.1,61.9,69.3,62.6,54.1,56.7
9/6/18 15:00,70.3,63.5,56,62.4,63.6,67,70.9,76.6,62.6,54.1,59
9/6/18 16:00,72.5,67.5,66.4,67.5,69.7,74.4,73,75.9,70.7,64.5,66.1
9/6/18 17:00,78.4,67.5,73.9,70.9,74.8,74.9,75.7,78.6,71.2,73.5,69.5
9/6/18 18:00,80,69.2,71,72,75.9,76.5,76.2,82.8,74.6,71.8,72.9
9/6/18 19:00,77.9,73.1,72.2,86.1,77.1,78.8,76.2,80.7,78.5,71.8,72.9
9/6/18 20:00,83.6,76.4,72.2,91.2,84.1,85.2,83.1,86,92.7,73.9,81.5
9/6/18 21:00,82.5,76.4,73.1,92.2,83.5,83.6,83.1,88.6,95.8,73.9,78.3
9/6/18 22:00,80.5,77.5,76,94.8,84.6,84.7,83.1,92.2,96.3,76.1,79.4
9/6/18 23:00,83.1,78.1,77.7,92.7,84,84.1,83.1,92.7,94.8,78.2,77.7
9/7/18 0:00,85.1,79.7,80.5,94.8,85.1,86.8,84.6,93.6,93.2,80.4,79.9
9/7/18 1:00,86.1,78.1,81,93.2,87.2,85.7,85.1,94.2,94.8,82.5,81.5
9/7/18 2:00,84.5,77.5,78.7,91.2,88.3,85.7,86.7,95.1,88,78.2,81.5
9/7/18 3:00,85.1,81.3,74.2,85.4,88.8,87.3,85.1,95.1,85.3,73.8,74.3
9/7/18 4:00,94,97.3,79.9,87.5,93.9,97,93.1,94.1,88,78.2,79.3
9/7/18 5:00,95.9,98.2,84.3,96.7,95.9,97.5,99,98.6,96.8,86.2,85.8
9/7/18 6:00,95.4,96.2,77.1,95.8,96.4,96.1,99,98.1,96.8,78.2,82.1
9/7/18 7:00,95.9,93.3,80.5,91.7,96,94.6,99,98.6,93.2,77.7,77.2
9/7/18 8:00,96.5,93.8,91.3,94.7,92.9,90.4,99.6,98.2,94.2,88.2,89.4
9/7/18 9:00,91.2,92.3,90.3,91.2,89.9,88.4,100,97.2,92.2,86.7,87.3
9/7/18 10:00,86.7,81.4,79,78.7,80.3,84.3,88.2,93.7,82.2,75.2,76.2
9/7/18 11:00,72.7,65.1,67.1,68.6,68.7,70.9,71.8,80.7,71.3,62.3,66.7
9/7/18 12:00,68.2,70.3,58.3,65.8,64.7,70.9,69.1,74.3,67.3,52.9,57.9
9/7/18 13:00,67.7,59.4,64.1,63,64.7,64.1,67.5,70.4,66.7,58.3,62
9/7/18 14:00,76.8,65.2,65.8,67.5,70.4,72.1,74.1,76.4,71.8,61.6,64.3
9/7/18 15:00,79.5,70.3,65.3,67.5,74.9,74.3,77.3,79.7,70.6,61.1,64.9
9/7/18 16:00,80.5,73.1,68.7,71.3,77.6,75.4,80,83.4,72.2,65.6,67.7
9/7/18 17:00,80.5,74.7,73.3,74.7,79.7,78.7,79.4,85.5,76.7,71.7,73.3
9/7/18 18:00,83.5,74.2,80.5,85,83.5,80.9,82.6,91.2,84.9,79.9,78.3
9/7/18 19:00,86.7,72.4,78.3,84,84.6,79.8,82,92.7,82.8,78.3,77.2
9/7/18 20:00,95.9,94.3,82.7,84,93.9,100,95.6,96.6,87.5,81.5,82.6
9/7/18 21:00,96.9,96.3,83.8,86,96.4,100,98.1,97.1,85.3,83,85.8
9/7/18 22:00,97.9,95.3,82.7,87.1,97.5,100,99,97.7,89.1,82.5,85.8
9/7/18 23:00,96.8,95.3,86,87.6,94.4,100,99.4,97.7,91.2,85.7,83.6
9/8/18 0:00,97.3,97.8,87.1,87,95.9,100,99.9,99,89.6,85.7,86.8
9/8/18 1:00,97.8,94.8,85.4,88.1,97.9,100,99.4,99,90.1,84.1,82.6
9/8/18 2:00,97.8,94.3,88.1,89.1,97.9,100,100,98.6,92.2,88.8,84.1
9/8/18 3:00,97.8,90.7,90.8,91.2,98.4,100,100,99,94.3,90.3,87.9
9/8/18 4:00,97.8,91.8,91.4,91.2,98.4,100,100,99,94.3,89.8,86.3
9/8/18 5:00,98.3,90.3,80.6,88.1,96.4,100,100,99,91.2,85.2,86.9
9/8/18 6:00,98,86.2,57.9,74.3,91,100,61.7,96.3,74.6,69.1,72.3
9/8/18 7:00,90.3,80.9,59.6,70.4,84.2,100,76.9,91.8,70.7,59.5,68.9
9/8/18 8:00,79,72.6,56,69.8,72.7,97.7,69.2,81.9,69,52.4,58.5
9/8/18 9:00,80,71.4,71,72.6,73.2,97.7,73,80.8,85.4,65.2,64.2
9/8/18 10:00,79.6,74.3,82.8,80.2,77.1,97.7,75.2,82.9,95.4,84.8,82.2
9/8/18 11:00,84.3,78.7,81.2,79.3,78.3,99.2,76.3,81.9,91.2,81.2,88.1
9/8/18 12:00,81.2,69.2,76.3,79.3,72.7,95.2,72.4,77.6,88.7,74.2,79
9/8/18 13:00,80.6,74.8,70.6,74.3,70,83.7,70.4,74.9,86,70.3,73.5
9/8/18 14:00,81.1,71.5,66,67,64.8,78.4,70.9,78.2,75.8,65.3,72.4
9/8/18 15:00,77.3,73.1,61.3,70.4,72,74.8,70.9,76.3,75.8,59.9,66.1
9/8/18 16:00,82,71.9,70.5,65.1,76.4,79.3,74.5,80.7,72.8,70.2,72.9
9/8/18 17:00,86.1,77.5,72.1,73.1,81.4,85.3,78.9,86.5,77.3,74.5,75.6
9/8/18 18:00,89.2,78.6,76.7,76.4,83,87.4,80.5,90.7,79,77.8,79.4
9/8/18 19:00,91.1,78.1,80.1,75.3,83.5,87.4,80.5,91.6,81.1,80.5,82.7
9/8/18 20:00,88.6,79.7,80.6,78.6,84.1,89,82,92.2,83.8,82.1,84.3
9/8/18 21:00,90.6,82.4,80.6,81.8,86.8,90,84.1,93.7,85.4,79.9,78.3
9/8/18 22:00,91.6,83.4,72.5,84.5,87.3,91,85.7,94.2,87.1,71.6,76.6
9/8/18 23:00,92.6,85.6,78.3,80.2,89.4,91,87.7,95.2,82.2,78.2,79.9
9/9/18 0:00,94,89.8,81.6,86.1,91.4,92.6,89.3,95.2,85.9,82.6,83.7
9/9/18 1:00,94,90.8,84.9,89.2,92.5,93.6,90.2,95.2,91.2,87.3,89.5
9/9/18 2:00,95.5,91.3,89.8,90.7,92.9,93.1,90.7,96.1,93.3,90.9,90
9/9/18 3:00,95,91.3,90.9,92.2,94,93.1,92.2,97.1,93.3,91.9,91.1
9/9/18 4:00,96.4,93.9,93,92.8,97,96.1,99.1,97.6,94.3,93.4,91.6
9/9/18 5:00,97.9,92.3,75.8,84.5,96.1,93.1,99.1,97.2,87.1,82.3,89.5
9/9/18 6:00,95.6,88.3,49.9,77.7,94.1,89.5,62,92.3,74.2,74.7,80.6
9/9/18 7:00,88.4,83.1,58.6,73.2,83.7,81.6,74.2,82.6,72,62.5,75.2
9/9/18 8:00,79.1,73.8,57.4,65.9,73.9,72.8,67,72.2,71.3,60.8,68.6
9/9/18 9:00,70.7,67.4,58,58.9,65.2,68.2,58.5,70.4,60.5,55,62.2
9/9/18 10:00,73.3,68.3,51.3,54.8,55.9,64.1,56.2,58.5,56.2,49.5,58
9/9/18 11:00,79,74.9,57.2,67.7,57.1,72.8,71,84.5,57.4,53.7,58.6
9/9/18 12:00,88.7,73.1,77.8,77.2,71.6,73.2,72,82.9,69.1,78.3,63.8
9/9/18 13:00,83.7,70.9,68.4,71.5,60.6,72.1,66.4,76.6,79.1,65.3,71.9
9/9/18 14:00,76.3,64.6,79.6,67,61.8,69.3,60.9,74.3,82.9,86.9,85.5
9/9/18 15:00,77.4,69.2,95.5,89.6,70.4,69.8,69.2,74.9,92.6,94.8,94.5
9/9/18 16:00,80.5,96.3,86.6,94.3,75.9,88.9,71.8,79.7,96.8,87.3,89.4
9/9/18 17:00,84.6,95.9,94,95.8,78.7,92.6,76.8,85.5,96.8,89.8,91.5
9/9/18 18:00,88.7,94.9,95.1,96.3,85.2,92.1,77.9,87.6,97.9,89.8,89
9/9/18 19:00,89.2,91.4,94.6,95.8,84.7,92.6,80.6,90.2,98.4,89.8,88
9/9/18 20:00,90.7,89.8,94.6,96.8,82.6,90.5,80.6,86.1,98.4,89.8,88.5
9/9/18 21:00,90.7,89.3,91.4,96.8,84.7,90.5,81.1,89.7,97.9,88.4,90.6
9/9/18 22:00,91.2,88.8,92,96.3,85.3,91.1,82.1,91.7,99,91.4,90.6
9/9/18 23:00,92.6,92.4,94.1,97.3,89.5,92.1,85.8,92.7,99.5,92.5,91.1
9/10/18 0:00,93.6,92.9,95.1,97.8,88.9,93.2,86.3,93.7,100,92.5,93.2
9/10/18 1:00,94,90.9,94.1,97.3,90.4,93.2,87.8,95.2,98.9,92.5,92.6
9/10/18 2:00,95,92.9,95.7,98.3,91.5,93.2,88.8,94.7,99.4,93.4,93.1
9/10/18 3:00,95,92.4,94.6,99.3,92,93.6,89.3,94.7,99.4,93.9,94.2
9/10/18 4:00,95,88.8,94.6,96.8,93,93.6,89.3,94.7,99.4,94.4,94.7
9/10/18 5:00,94.1,87.8,83,96.8,87.9,91.6,82.7,94.7,99.4,84.4,91.6
9/10/18 6:00,84.3,83.1,62.1,80.9,82.6,85.9,53,84.6,85.1,74.2,79
9/10/18 7:00,75.3,75.4,61.5,71.5,73.2,76.6,65.4,72.8,77.5,63.6,66.8
9/10/18 8:00,73.2,71.5,57.3,66,68.2,70.5,65.9,73.3,67.4,57.2,60.5
9/10/18 9:00,75.9,67.5,59,69.9,64.1,72.2,66.5,72.7,69,58.3,62.2
9/10/18 10:00,73.2,69.8,62.5,65.9,66,71.1,65.9,73.3,66.2,61.8,65.6
9/10/18 11:00,73.8,71.1,61.4,67.7,67.7,71.7,68.2,74.9,67.3,58.3,61
9/10/18 12:00,73.2,66.5,59.6,64.3,65.4,70.6,68.2,74.9,67.3,59,62.2
9/10/18 13:00,68.8,64.7,59,65.4,60.1,68.9,65.4,71.1,68.6,59.5,62.8
9/10/18 14:00,74.3,65.9,59.6,64.2,66.6,69.4,66.5,73.8,63.9,59.5,61
9/10/18 15:00,79.7,73.3,64.3,70.5,74.4,76.1,73.7,78.2,70.2,65.3,68.5
9/10/18 16:00,81.2,67.3,72.6,61.5,63.1,66.1,60.3,70.2,71,72.7,73.7
9/10/18 17:00,75,65.6,61,64.4,67.3,70.7,63.8,76.2,67.6,62,72.1
9/10/18 18:00,79.3,67.3,69.8,66.1,70.1,72.5,67.9,80.7,67.6,70.7,73.9
9/10/18 19:00,82.5,69.1,72.7,70.2,73.1,73.6,70.2,82.8,69.4,72.4,73.9
9/10/18 20:00,84.6,71.4,71.6,70.2,75.3,75.9,72.3,84.4,72.8,71.7,77.3
9/10/18 21:00,86.7,69.6,73.2,71.3,78.7,79.8,75.7,87.5,73.8,72.3,78.9
9/10/18 22:00,86.7,70.8,77.2,72.9,77,75.9,77.3,88.6,75.5,78.4,78.3
9/10/18 23:00,82,75.3,80,78.6,78.7,79.3,76.2,86,81.7,80.5,80.5
9/11/18 0:00,86.1,78.1,80.6,80.8,81.4,82,77.8,89.1,83.3,81,81.1
9/11/18 1:00,85.6,78.1,81.1,81.8,81.9,82.6,79.9,90.7,84.9,80.5,81.6
9/11/18 2:00,85.6,79.7,83.3,82.3,83.6,82,80.5,90.1,86,82.6,82.7
9/11/18 3:00,89.2,79.7,82.8,84,85.2,83.6,82.6,90.7,85.4,83.1,82.7
9/11/18 4:00,88.1,80.3,85.5,85,85.7,84.1,82.6,92.2,87,85.2,84.8
9/11/18 5:00,86.2,80.3,75.7,81.3,81.5,82.6,78,90.2,85,78,82.2
9/11/18 6:00,80.6,74.3,54.5,67.6,75.5,74.9,63.2,82.4,72.4,66.4,69.1
9/11/18 7:00,75.9,73.3,64.3,72.2,73.3,74.4,70.4,78.2,73,64.1,65.7
9/11/18 8:00,75.9,73.9,67.8,72.7,72.3,74.4,72.7,77.2,74.8,65.3,66.2
9/11/18 9:00,73.3,71.1,67.2,72.7,70.6,76.8,73.3,76.7,73.6,62.5,65.1
9/11/18 10:00,71.7,68.9,60.8,67.2,67.2,70.6,68.2,75.1,73.2,59.6,62.3
9/11/18 11:00,71.7,64.2,62.7,64.3,57.7,67.7,65.9,71.8,69.2,56.7,58.1
9/11/18 12:00,68.9,63.7,58.5,57.8,54.7,65.5,61.3,67.8,60.5,53.3,54.5
9/11/18 13:00,70,64.8,54.2,63.1,63.6,67.7,67.1,71.7,65.8,52.5,53.3
9/11/18 14:00,72.2,63.7,62.7,63.1,67.2,70,70.4,73.3,66.4,59,61.7
9/11/18 15:00,72.7,67.1,56.9,63.7,66,64.9,70.4,73.8,66.9,56.7,58.1
9/11/18 16:00,77.5,70.4,65.4,68.2,71.6,73.3,74.8,78.2,70.8,64,64.5
9/11/18 17:00,80.1,73.3,72.9,74.9,77.2,77.8,76.9,82.4,75.3,72.5,70.8
9/11/18 18:00,83.7,76,76.8,75.4,79.3,80.5,77.4,86.6,76.9,75.3,73
9/11/18 19:00,86.2,76.6,75.7,77.7,81,81.1,79.1,89.2,79.1,75.8,73.6
9/11/18 20:00,87.3,75.4,78.4,77.7,81.5,81.1,80.1,90.7,80.7,80.6,77.9
9/11/18 21:00,87.7,77.7,79,79.8,83.2,82.1,80.6,90.2,80.2,80.6,78.4
9/11/18 22:00,88.2,78.8,80.1,80.3,83.2,83.2,81.1,92.2,82.3,80.6,79
9/11/18 23:00,88.7,79.8,81.8,82.4,85.3,83.7,83.2,92.2,84.5,82.8,78.4
9/12/18 0:00,89.2,80.9,84,83.5,85.8,85.9,83.2,93.3,86.1,83.2,79.5
9/12/18 1:00,89.7,82,84,84.5,85.8,86.9,84.8,93.3,86.1,83.8,81.1
9/12/18 2:00,90.7,83.1,86.7,85.6,87.9,87.4,86.3,94.2,88.1,86.9,83.8
9/12/18 3:00,92.2,84.1,87.2,87.2,89.4,89,86.3,94.7,88.7,87.4,85.4
9/12/18 4:00,92.2,84.1,88.8,88.7,88.9,89,87.3,94.7,89.7,88.4,87
9/12/18 5:00,91.2,84.1,86.7,88.2,88.9,89,86.8,94.7,89.7,87.5,86.5
9/12/18 6:00,82.7,80.4,74.2,80.4,79.4,82.7,44.8,82.6,84,79.7,79.6
9/12/18 7:00,75.9,77.2,62.2,72.8,76.7,78.4,69.4,81,75.3,64.9,68.6
9/12/18 8:00,74.8,73.3,60.3,66.6,74.5,73.4,70.4,76.1,66.9,59.6,61.7
9/12/18 9:00,70.5,69.9,51.9,62,64.9,69.5,66,68.4,62.8,47.7,52.8
9/12/18 10:00,65.1,61.9,48.8,58.4,61.4,61.7,64.9,63.3,58,48.2,47.7
9/12/18 11:00,64.5,56.4,46.9,57.3,53.6,65.5,63.2,65,55.7,42,49.5
9/12/18 12:00,65,58.9,47.7,58.4,54.9,60.1,61,62.7,56.3,48.8,48.5
9/12/18 13:00,72.1,64.2,51.3,54.9,67.1,67.1,69.3,73.8,59.3,51.3,51.4
9/12/18 14:00,73.8,60.7,57.7,63,67.7,72.2,68.8,73.3,62.2,55.4,56.8
9/12/18 15:00,73.2,68.2,57.2,61.3,63,66.6,69.3,74.4,62.8,55.4,57.5
9/12/18 16:00,75.9,68.2,60.7,63.5,64.8,69.3,70.4,74.9,65.6,60,61
9/12/18 17:00,79.1,69.3,63.6,68.1,77.2,74.9,77.5,81.4,68.4,64,65
9/12/18 18:00,81.1,72.7,71.7,70.9,78.8,77.2,78.5,85.1,74.7,73.7,69
9/12/18 19:00,83.2,74.4,73.5,72.6,78.3,78.3,78,86.7,75.8,74.7,71.3
9/12/18 20:00,81.6,76,73.5,73.2,78.8,80.5,76.9,86.7,74.6,73,70.7
9/12/18 21:00,83.6,75.5,75.1,75.4,79.3,80.5,76.3,88.2,76.3,73.5,72.3
9/12/18 22:00,86.7,75.5,75.6,77.6,80.9,79.9,77.4,89.7,77.4,75.2,73.5
9/12/18 23:00,86.7,77.1,76.2,77.6,82.6,82.1,80.6,89.7,77.4,75.7,74.6
9/13/18 0:00,87.2,75.9,79,79.2,83.1,81.5,80,91.2,80.7,78.5,75.1
9/13/18 1:00,87.7,78.7,79.6,80.9,84.2,81,81.6,90.7,82.3,78.5,79
9/13/18 2:00,88.7,79.2,81.2,80.9,84.7,84.8,82.7,92.2,82.3,79.5,77.9
9/13/18 3:00,88.7,79.8,79,80.9,85.8,85.3,82.1,91.7,83.4,79,77.3
9/13/18 4:00,90.2,80.4,80.1,81.9,87.4,86.3,83.2,92.7,83.4,80.1,80.6
9/13/18 5:00,88.7,79.3,78.4,80.3,83.7,84.8,79.7,91.8,80.7,78.5,78.5
9/13/18 6:00,82.2,76,52.3,73.2,77.8,76.1,50.7,85.7,70.9,64.2,69.7
9/13/18 7:00,72.7,73.8,68.4,70.4,67.7,71.1,64.2,70.6,70.9,61.4,63.9
9/13/18 8:00,66,70.5,63.3,66,63.6,70,62.7,66.1,70.9,63.7,63.9
9/13/18 9:00,64.4,62.3,56.7,59.7,58.2,64.2,58.5,56,62.3,59,61.1
9/13/18 10:00,60.5,61.3,62,58.5,53.5,66.7,61.4,63.2,63.4,61.9,65.7
9/13/18 11:00,54.1,56.6,97.2,78.4,49.2,61.2,58,59.2,81.3,91.4,92
9/13/18 12:00,65,53.6,72.5,69.5,51.1,61.2,58.6,61.5,70.4,71.7,85.6
9/13/18 13:00,63.9,57.8,72.9,68.2,53.6,60.7,62.6,63.8,68,69.3,74.7
9/13/18 14:00,66.6,65.3,70.7,65.8,64.8,67.6,68.8,67.8,69.7,69.3,68.5
9/13/18 15:00,74.8,68.2,68.3,69.9,71.1,71.6,71.5,76,70.8,67.5,67.9
9/13/18 16:00,74.8,70.5,69.4,73.2,75,76.7,75.8,78.8,73,69.7,70.7
9/13/18 17:00,76.3,70.5,74,74.3,73.9,75.5,74.8,78.2,73.6,72.5,73.5
9/13/18 18:00,76.3,69.3,74.6,73.7,75.5,76.6,75.3,79.2,74.7,73,76.3
9/13/18 19:00,76.3,71.5,72.2,73.7,75.5,76.6,74.8,79.8,72.4,71.9,74.6
9/13/18 20:00,78.5,75.5,76.3,77.1,78.3,79.4,76.9,83,76.3,73.6,76.3
9/13/18 21:00,81.7,77.2,77.2,78.7,83.2,82.7,81.2,84.6,81.2,75,73.8
9/13/18 22:00,82.2,77.2,84.4,76.9,82.1,81,80.1,85.6,84.3,83.6,79.4
9/13/18 23:00,80.9,84,87.6,85.5,86.2,86.3,83.1,85,89.1,88.3,86.9
9/14/18 0:00,84.6,78.1,88.2,85.5,84.6,84.7,81.5,87,89.7,87.3,85.3
9/14/18 1:00,85.1,82.4,87.6,85.5,83.5,81.9,81,87.6,89.1,87.8,84.8
9/14/18 2:00,85.1,81.9,87.6,85.5,84.1,83.6,81,88.1,88.6,86.8,85.8
9/14/18 3:00,86.7,80.8,84.9,86,91.9,84.1,82.5,91.2,88.1,83.1,82.6
9/14/18 4:00,87.1,78.6,84.9,83.9,90.4,82.5,80.9,92.2,87,84.1,81.5
9/14/18 5:00,82.5,78.6,72.2,76.9,80.8,77.6,74.1,85,79,69.2,78.3
9/14/18 6:00,76.8,73.7,51.3,69.2,78.8,76.1,50,79.8,69.5,62.9,69.5
9/14/18 7:00,73.8,74.9,53.3,67.2,75.6,74.5,66.6,74.4,68.1,61.9,67.4
9/14/18 8:00,71.6,72.1,64.8,60.3,68.8,72.2,66,69.5,63.5,58.5,64.6
9/14/18 9:00,64.3,68.8,62.6,56.7,62.5,68.3,61.4,63.9,56.9,53.3,60
9/14/18 10:00,64,63,60.2,54.3,56.6,66.6,60.9,60.9,55.8,59.5,57.6
9/14/18 11:00,56.8,58.8,67.9,53,52.3,60.6,56.8,59.2,53.4,71.6,71.4
9/14/18 12:00,65,55.3,81.9,57.3,69.4,62.5,67,71.1,58.8,80.2,83.4
9/14/18 13:00,63.9,62.5,68.5,69.5,63.7,64.8,60.4,58,62.9,70.5,77
9/14/18 14:00,73.2,63.5,55.6,78.3,46.7,69.9,46,58,61.2,57.3,65.1
9/14/18 15:00,74.8,68.8,72.8,78.3,42.4,73.3,43.1,54,78.6,74.6,71.8
9/14/18 16:00,74.8,72.6,75.7,76.6,42.8,79.4,44.1,53.2,85.6,76.9,77.9
9/14/18 17:00,79.5,75.4,81.3,80.4,42.8,81.1,43.4,51.3,85.6,82.2,83.3
9/14/18 18:00,80,82.6,79.5,84.1,42.8,81.1,43.4,50.7,86.1,82.2,83.8
9/14/18 19:00,82.1,77.1,80.6,81.4,42.8,80.4,43.4,50,83.4,83.8,83.3
9/14/18 20:00,84.7,79.8,82.3,83,42.8,80.4,43.4,49.4,85,83.8,83.8
9/14/18 21:00,86.2,78.2,81.8,83.5,43.4,82.1,44.6,48.8,85,80.5,83.2
9/14/18 22:00,86.7,78.2,82.8,84,42.7,83.2,44,48.2,84.5,83.2,83.2
9/14/18 23:00,87.2,82,85,80.8,44,84.2,44,48.2,83.4,86.4,84.9
9/15/18 0:00,87.7,82.5,84.4,81.8,44,84.2,45.9,47.5,82.8,85.3,83.2
9/15/18 1:00,88.2,82.5,86.1,82.4,44.7,83.6,47.1,48.2,87.1,85.8,85.9
9/15/18 2:00,88.7,83.6,87.7,86.1,45.3,84.7,45.9,48.2,87.6,88.9,87.5
9/15/18 3:00,88.7,83.1,88.8,86.1,45.9,85.8,46.5,48.2,89.7,88.9,86.9
9/15/18 4:00,89.7,84.6,87.7,87.1,45.9,85.8,46.5,48.2,91.3,89.4,88
9/15/18 5:00,89.7,83.6,69.7,85.1,47.9,86.3,47.1,48.2,82.9,72.2,86.5
9/15/18 6:00,80.7,78.1,50.4,73.2,47.2,79.4,46.5,48.8,73.1,69.2,75.2
9/15/18 7:00,72.1,70.9,57.9,66,47.2,70.4,47.7,48.8,67.4,63,64.5
9/15/18 8:00,66.1,69.8,47.6,62,49.3,66.4,49.2,50.7,58.8,53.2,60.4
9/15/18 9:00,60.3,66.9,52.5,56,47.3,65.3,50.2,51.3,52.7,50.8,58.1
9/15/18 10:00,63.4,60,48.9,48.5,46.1,65.3,47.2,50.8,54.6,47.7,55.6
9/15/18 11:00,59.3,59.6,48.2,56,46.6,63.7,49.6,48.3,65.1,46.5,53.9
9/15/18 12:00,63.8,58.4,64.4,75.5,93,61.9,63,48.3,76.3,61.4,68
9/15/18 13:00,68.3,77.6,80.7,87.3,91.7,82.6,80.4,48.3,75.6,62.5,54.9
9/15/18 14:00,81.1,93.4,93.2,85.7,97.3,100,89.4,59.7,83.9,78.3,76.2
9/15/18 15:00,87.7,88.4,98.1,90,94.4,100,89.4,71.5,82.4,76.3,72.9
9/15/18 16:00,87.7,86.2,97,91.1,93.9,100,90.6,79.9,80.3,73.6,72.9
9/15/18 17:00,86.2,80.8,99.1,92.6,93.9,100,88.6,82.6,79.7,73,72.3
9/15/18 18:00,87.2,80.8,97.6,93.6,93.4,100,89.6,85.2,79.7,72.4,71.8
9/15/18 19:00,88.3,82.6,97,94.7,93.9,100,88.6,85.8,80.8,71.9,71.8
9/15/18 20:00,89.3,83.1,99.7,93.6,93.4,100,90.6,86.8,79.7,71.9,71.2
9/15/18 21:00,88.3,85.2,98.6,95.2,92.8,100,89.6,87.4,78.6,71.3,70.6
9/15/18 22:00,87.7,86.8,98.6,95.2,93.4,100,89.6,87.4,77.5,71.3,71.2
9/15/18 23:00,89.2,83.6,99.2,95.7,92.9,100,89.6,87.9,76.3,70.7,70.1
9/16/18 0:00,90.2,84.1,99.2,95.2,93.9,98.7,89.1,88.4,73.5,69,67.8
9/16/18 1:00,89.7,86.7,98.6,95.7,92.9,97.7,89.6,88.4,71.8,67.9,66.6
9/16/18 2:00,89.2,87.8,99.2,95.7,93.9,97.7,89.6,87.9,69.5,66.2,65.4
9/16/18 3:00,89.7,87.2,99.7,96.2,92.8,97.7,89.6,87.4,67.2,64.4,63.7
9/16/18 4:00,91.2,87.2,99.1,95.7,93.9,98.2,90.1,86.8,65.4,63.2,63
9/16/18 5:00,91.2,85.7,99.7,95.7,92.8,97.2,90.1,87.4,63.7,62.1,61.2
9/16/18 6:00,82.2,82,99.7,96.2,93.9,87,89.6,85.2,63.1,60.9,61.2
9/16/18 7:00,70.5,74.8,99.7,96.7,92.8,82.8,89.6,85.2,61.3,59.7,58.8
9/16/18 8:00,67.7,68,100,96.7,92.8,73.9,89.6,84.2,60.7,59.1,58.2
9/16/18 9:00,57.9,64,100,97.2,92.8,68.2,89.6,82,59.5,58.5,57.6
9/16/18 10:00,59.7,58.2,99.1,96.7,92.3,65.9,89.6,80.9,58.3,57.9,57.6
9/16/18 11:00,58.1,59.5,98.9,95.4,89.7,67.7,90.5,67.8,55,55.8,50.8
9/16/18 12:00,62,53.3,98.3,95.9,84,61.7,87.2,59.4,50.1,49.7,48.1
9/16/18 13:00,64.4,78.9,83.7,87.4,78.8,65.4,85.9,49.9,46.6,45.7,42.1
9/16/18 14:00,67.1,84,89.9,90.8,64.3,66,78.7,53.4,47.5,46,47.5
9/16/18 15:00,70.5,84.5,89.9,90.8,67.1,68.2,72.1,55.7,45.6,44.7,46.1
9/16/18 16:00,72.6,85.4,91.3,90.8,67.5,68.7,69.8,59.3,48,45.8,47.2
9/16/18 17:00,75.9,86,90.7,91.1,67.5,66.9,66.9,59.8,46.7,45.8,45.9
9/16/18 18:00,76.9,85.4,90.2,90.6,65.7,65.7,65.7,59.8,47.3,45.8,47.2
9/16/18 19:00,76.9,85.9,90.2,90.6,65.1,65.7,64.6,59.8,47.3,46.3,46.5
9/16/18 20:00,75.3,85.4,90.2,90.1,63.9,63.9,64,58.6,47.3,46.3,47.2
9/16/18 21:00,78,85.9,89.1,90.1,62.7,63.3,62.8,58.6,47.9,46.3,47.8
9/16/18 22:00,79,85.4,88.6,89.1,62.1,62.7,62.2,57.4,47.3,47,47.8
9/16/18 23:00,81.7,85.9,88.6,88.5,61.5,62.1,61.1,57.4,47.9,47.6,48.4