Location:,MIA_H17_197,MIA_L16_154,MIA_L17_55,MIA_L18_106,MIA_M16_182,MIA_M17_167,MIA_M18_186,MIA_VH15_195,MIA_VL15_89,MIA_VL16_57,MIA_VL18_81
7/1/18 0:00,25.6,28.1,26.6,26.6,25.1,26.6,25.6,24.1,26.5,26.6,26.1
7/1/18 1:00,26.1,28.1,26.6,26.6,24.6,26.1,26.1,24.1,26,26.1,26.1
7/1/18 2:00,26.6,28.1,26.1,26.1,25.1,26.1,25.6,24.1,26,25.6,25.6
7/1/18 3:00,26.6,27.6,26.1,26.1,24.6,26.1,25.1,24.1,25.5,25.6,25.6
7/1/18 4:00,26.6,28.1,26.6,26.6,24.6,26.6,25.6,24.1,26.5,26.1,26.1
7/1/18 5:00,27.6,28.1,29.1,29.6,26.6,27.6,34.1,26.6,30.5,34.6,30.6
7/1/18 6:00,27.1,28.1,36.1,29.1,27.6,28.1,30.6,26.6,28.5,34.6,33.1
7/1/18 7:00,31.1,29.6,35.6,32.1,30.1,31.1,36.1,31.1,31.5,36.6,33.1
7/1/18 8:00,31.6,30.6,34.1,32.1,30.1,30.1,33.1,33.1,32,37.6,35.1
7/1/18 9:00,33.1,31.6,33.1,31.1,32.6,32.6,34.1,33.1,30.5,33.6,33.6
7/1/18 10:00,33.6,35.1,27.6,29.1,34.1,32.6,33.6,33.6,25.5,27.1,25.6
7/1/18 11:00,29.6,33.1,32.1,31.1,31.6,29.1,32.6,33.1,28.5,31.6,25.6
7/1/18 12:00,35.1,34.1,33.6,33.6,34.6,32.6,33.1,35.6,32,35.1,28.6
7/1/18 13:00,34.6,34.6,34.6,32.6,32.6,34.1,33.6,32.6,33,35.6,33.1
7/1/18 14:00,33.6,36.6,35.6,33.6,34.1,34.1,34.6,33.6,33.5,37.6,34.6
7/1/18 15:00,31.1,35.6,33.1,33.6,33.1,33.1,32.1,31.1,33,33.1,33.6
7/1/18 16:00,30.6,32.6,31.6,31.1,32.1,32.1,31.6,30.1,31,31.6,31.1
7/1/18 17:00,29.1,31.1,30.6,30.1,29.6,30.1,30.1,29.1,30.5,30.6,30.6
7/1/18 18:00,29.1,30.1,30.1,29.6,29.1,29.6,29.6,28.1,29.5,30.1,29.6
7/1/18 19:00,28.1,30.1,30.1,29.1,28.6,29.1,29.6,27.1,29,29.6,29.1
7/1/18 20:00,27.6,29.6,29.6,29.1,28.1,29.1,29.1,26.6,29,29.6,29.1
7/1/18 21:00,28.1,29.6,29.6,29.1,28.1,29.1,29.1,26.6,29,29.1,28.6
7/1/18 22:00,27.1,29.1,29.1,28.6,27.6,28.6,28.6,26.1,28.5,29.1,28.6
7/1/18 23:00,26.6,29.1,29.1,28.1,27.1,28.1,28.1,25.6,28,28.6,28.1
7/2/18 0:00,26.1,28.6,28.6,28.1,27.1,28.1,27.6,25.6,28,28.1,28.1
7/2/18 1:00,25.6,28.1,28.1,27.6,26.6,27.6,27.6,25.1,27,27.6,27.6
7/2/18 2:00,25.6,28.1,27.6,27.1,26.1,27.1,27.1,25.1,27,27.6,27.1
7/2/18 3:00,25.6,28.1,27.6,26.6,26.1,27.1,27.1,25.1,26.5,27.1,27.1
7/2/18 4:00,25.6,28.1,27.6,27.1,26.1,27.1,27.1,25.1,27,27.6,27.6
7/2/18 5:00,27.6,28.6,29.6,29.6,28.6,29.1,36.6,28.1,30,32.1,31.1
7/2/18 6:00,31.1,30.1,35.1,31.6,29.6,30.6,36.1,30.6,31.5,33.1,33.1
7/2/18 7:00,31.6,30.6,38.1,31.6,30.6,30.6,36.1,32.6,30.5,34.6,32.6
7/2/18 8:00,31.6,31.6,35.6,32.1,32.6,32.1,33.1,32.6,32.5,35.1,34.6
7/2/18 9:00,34.1,32.1,34.6,34.1,33.1,32.6,34.1,33.1,33.5,36.6,35.1
7/2/18 10:00,34.1,34.1,35.1,33.6,33.6,32.6,33.1,33.1,33,35.6,34.6
7/2/18 11:00,34.6,36.1,36.1,33.6,34.1,34.1,33.6,34.1,33.5,36.1,35.1
7/2/18 12:00,34.1,37.1,33.1,34.6,30.6,32.1,32.1,34.6,33,33.6,32.1
7/2/18 13:00,37.1,37.1,35.1,34.1,33.6,33.1,32.1,34.6,32.5,36.6,33.1
7/2/18 14:00,36.6,36.6,34.6,33.1,31.1,33.1,33.6,33.6,32.5,39.1,33.6
7/2/18 15:00,31.6,37.1,33.6,33.6,33.1,32.6,32.1,31.1,32.5,34.6,33.6
7/2/18 16:00,30.6,38.6,32.6,31.6,30.6,31.1,31.1,30.1,32,33.1,32.1
7/2/18 17:00,29.6,31.6,31.1,30.1,29.6,30.1,30.6,29.1,30,30.6,30.6
7/2/18 18:00,29.1,31.1,30.6,29.6,29.1,29.6,29.6,28.1,30,30.1,30.1
7/2/18 19:00,28.6,30.1,30.1,29.6,29.1,29.6,29.6,27.6,29.5,29.6,29.6
7/2/18 20:00,28.1,30.1,29.6,29.1,28.6,29.1,29.1,27.1,29,29.6,29.6
7/2/18 21:00,28.1,29.6,29.6,29.1,28.1,29.1,29.1,27.1,29,29.1,29.1
7/2/18 22:00,27.6,29.6,29.1,28.6,28.1,28.6,28.6,26.6,28.5,28.6,28.6
7/2/18 23:00,27.1,29.1,28.6,28.6,27.6,28.6,28.1,26.6,28.5,28.1,28.1
7/3/18 0:00,27.1,28.1,28.1,28.1,27.1,28.1,28.1,26.6,28,28.1,28.1
7/3/18 1:00,27.1,28.1,28.1,27.6,27.1,28.1,27.6,26.1,28,27.6,27.6
7/3/18 2:00,27.1,28.1,28.1,27.6,27.1,28.1,27.6,26.1,27.5,27.6,27.6
7/3/18 3:00,27.1,28.1,27.6,27.6,27.1,27.6,27.6,26.1,27.5,27.6,27.1
7/3/18 4:00,27.1,28.1,28.1,27.6,27.1,28.1,26.6,25.6,27.5,28.1,28.1
7/3/18 5:00,26.6,28.6,29.6,28.1,28.1,28.6,31.1,27.1,28.5,33.1,31.6
7/3/18 6:00,26.6,28.6,32.6,27.6,27.6,28.1,27.1,25.6,28,30.1,29.1
7/3/18 7:00,28.6,29.6,36.1,30.6,27.6,28.6,28.6,26.6,33,33.1,32.6
7/3/18 8:00,31.1,31.1,35.6,32.1,30.6,31.6,31.6,30.6,32,34.6,32.1
7/3/18 9:00,33.1,29.1,33.1,32.1,29.1,29.6,30.1,30.1,30.5,32.6,32.6
7/3/18 10:00,34.1,29.6,34.1,33.1,23.1,29.1,26.1,25.6,32.5,34.6,32.1
7/3/18 11:00,31.1,33.6,30.1,30.1,27.1,32.1,31.1,30.1,28.5,30.1,29.1
7/3/18 12:00,29.6,31.1,32.1,32.1,27.1,28.6,31.6,30.1,30.5,32.1,31.1
7/3/18 13:00,29.6,32.6,33.1,32.1,28.1,31.1,30.6,30.1,31,34.1,33.6
7/3/18 14:00,35.6,36.1,33.6,31.6,31.1,32.1,32.1,32.1,32,36.1,32.1
7/3/18 15:00,30.1,35.1,32.6,32.1,31.1,32.6,31.1,29.6,31.5,34.1,32.6
7/3/18 16:00,29.1,32.1,31.1,30.6,29.1,30.6,30.1,28.6,30,31.1,31.1
7/3/18 17:00,28.6,30.6,30.1,29.6,28.6,29.6,29.6,27.6,29.5,30.1,30.1
7/3/18 18:00,27.6,30.1,29.6,29.1,27.6,29.1,28.6,26.6,29,29.6,29.1
7/3/18 19:00,26.6,30.1,29.6,29.1,27.1,28.6,28.1,26.6,29,29.1,28.6
7/3/18 20:00,26.6,29.1,28.6,27.6,27.1,28.1,27.6,26.1,28,28.1,28.1
7/3/18 21:00,26.6,27.6,27.1,24.6,26.6,27.1,27.1,26.1,26,26.6,27.6
7/3/18 22:00,25.6,27.6,27.1,24.6,26.1,27.1,26.6,25.1,25.5,26.6,27.1
7/3/18 23:00,25.1,27.1,27.1,24.6,25.6,27.1,26.6,24.6,25.5,26.6,26.6
7/4/18 0:00,25.1,27.6,26.6,25.1,25.6,26.6,26.1,24.6,25.5,26.1,26.6
7/4/18 1:00,25.1,26.6,26.1,24.6,25.1,26.6,26.1,24.1,25,26.1,26.6
7/4/18 2:00,24.6,26.6,26.1,24.6,24.6,26.1,25.6,24.1,25,25.6,26.1
7/4/18 3:00,24.6,26.6,26.1,24.6,24.6,26.1,25.6,24.1,25,25.6,25.6
7/4/18 4:00,24.6,26.1,26.1,24.6,24.6,26.1,25.6,24.1,25,26.1,26.1
7/4/18 5:00,26.6,27.6,28.1,27.6,26.6,27.6,34.1,26.6,28.5,31.1,30.1
7/4/18 6:00,30.1,28.6,34.1,30.1,28.1,29.6,34.6,29.6,30.5,32.6,32.1
7/4/18 7:00,30.1,29.6,35.1,30.6,29.6,30.6,35.1,30.6,31,34.6,33.1
7/4/18 8:00,32.6,30.1,32.6,32.1,31.1,31.6,32.6,32.1,32,35.1,34.1
7/4/18 9:00,34.1,31.1,35.1,33.6,32.1,32.1,32.6,33.1,32,36.1,34.6
7/4/18 10:00,34.1,32.6,35.1,33.1,33.1,32.6,32.6,33.1,33,35.1,35.6
7/4/18 11:00,29.6,30.6,32.6,31.6,29.6,30.1,30.1,29.1,31.5,32.1,32.1
7/4/18 12:00,29.1,29.6,29.6,29.6,28.1,29.6,29.6,28.1,30,29.6,30.6
7/4/18 13:00,28.1,28.6,31.1,29.6,26.6,29.1,28.1,26.1,30,31.6,31.1
7/4/18 14:00,28.1,28.1,31.6,29.6,27.1,28.6,27.6,26.6,30.5,32.6,31.1
7/4/18 15:00,29.1,28.6,30.6,29.1,27.1,29.1,28.1,26.6,29.5,30.6,30.6
7/4/18 16:00,28.6,28.6,30.1,29.6,27.6,28.6,28.6,27.1,29.5,30.1,30.6
7/4/18 17:00,28.1,24.6,23.1,23.6,26.6,27.1,28.1,26.1,24,23.1,21.6
7/4/18 18:00,26.1,25.1,22.6,23.1,25.1,26.1,26.1,23.6,24,23.1,22.6
7/4/18 19:00,25.1,25.1,23.1,23.6,24.6,25.6,26.1,23.1,24,23.6,23.6
7/4/18 20:00,25.1,25.1,24.1,23.6,24.6,25.6,25.6,23.1,24.5,24.6,24.1
7/4/18 21:00,25.1,26.1,24.1,24.1,24.1,25.6,25.6,23.1,25,25.1,24.6
7/4/18 22:00,24.6,26.1,24.6,24.1,24.1,25.6,25.6,23.1,25,25.1,24.6
7/4/18 23:00,25.1,26.6,25.1,24.6,24.6,26.1,25.6,23.1,25,25.1,25.1
7/5/18 0:00,24.6,26.6,25.1,25.1,24.6,26.1,25.6,23.6,25,25.6,25.1
7/5/18 1:00,25.6,26.1,25.1,25.1,25.1,26.1,26.1,24.1,25.5,25.6,25.1
7/5/18 2:00,26.1,26.1,25.1,25.1,25.1,26.1,26.1,24.1,25.5,25.6,25.1
7/5/18 3:00,25.1,26.6,25.6,25.1,25.1,26.1,25.6,24.1,25.5,25.6,25.1
7/5/18 4:00,25.6,26.6,25.6,25.1,25.1,26.1,26.1,24.6,25.5,25.6,25.1
7/5/18 5:00,28.6,27.6,27.6,28.1,27.6,28.1,34.1,27.1,29,31.1,29.1
7/5/18 6:00,31.1,29.1,34.6,30.1,29.1,30.6,34.1,28.1,31,33.1,32.6
7/5/18 7:00,31.6,30.1,35.1,31.6,30.6,31.6,33.1,30.6,32,33.6,33.1
7/5/18 8:00,32.1,30.6,34.1,32.6,31.1,32.1,31.6,32.1,33,35.1,33.6
7/5/18 9:00,33.6,31.1,33.1,33.1,31.6,32.1,32.6,32.6,32.5,34.6,34.6
7/5/18 10:00,33.1,31.6,34.6,31.6,32.6,31.1,32.1,32.1,32,36.6,33.6
7/5/18 11:00,30.6,32.6,34.1,32.1,30.6,32.1,30.1,30.1,32.5,35.6,33.6
7/5/18 12:00,29.6,30.1,31.1,30.1,29.1,29.6,29.6,28.6,30,31.1,31.1
7/5/18 13:00,28.6,29.6,30.6,29.6,28.6,29.1,29.6,28.1,29.5,30.6,30.1
7/5/18 14:00,29.6,29.6,31.1,30.6,27.6,29.6,29.1,27.6,30,30.6,30.6
7/5/18 15:00,29.1,29.6,30.6,30.1,28.6,29.6,29.1,27.6,30,30.6,30.1
7/5/18 16:00,29.6,30.1,30.6,30.1,28.6,29.6,29.6,28.1,30,30.1,30.6
7/5/18 17:00,28.1,29.6,30.1,29.6,28.1,29.1,29.1,27.1,29.5,29.6,29.6
7/5/18 18:00,28.1,29.1,29.6,29.1,27.6,28.6,28.6,26.6,29,29.1,29.1
7/5/18 19:00,28.1,29.6,29.6,29.1,27.6,28.6,28.6,26.6,29,29.1,29.1
7/5/18 20:00,28.1,29.6,29.1,29.1,28.1,28.6,28.6,26.1,29,29.1,28.6
7/5/18 21:00,28.1,29.1,29.1,28.6,27.6,28.1,28.6,26.1,28.5,28.6,28.6
7/5/18 22:00,27.6,29.1,28.6,28.1,27.1,28.1,28.1,26.1,28,28.6,28.6
7/5/18 23:00,21.6,27.1,28.6,28.1,26.6,26.6,25.6,25.1,28,28.1,28.1
7/6/18 0:00,22.6,23.1,26.1,24.6,23.1,23.6,22.6,22.1,25,25.6,25.6
7/6/18 1:00,22.6,23.6,26.1,24.6,23.1,23.6,23.6,23.1,25.5,26.1,26.1
7/6/18 2:00,23.1,24.1,26.1,25.1,23.6,24.1,23.6,23.1,25.5,26.1,26.1
7/6/18 3:00,23.1,24.6,26.1,25.1,23.1,24.1,23.6,23.1,25.5,26.1,26.1
7/6/18 4:00,23.1,25.1,26.6,25.6,23.6,24.6,24.1,22.6,26,26.6,26.6
7/6/18 5:00,24.1,26.6,28.1,27.6,25.1,26.6,25.6,24.1,28,28.1,28.1
7/6/18 6:00,25.6,27.6,30.6,29.1,27.1,28.1,26.1,25.6,29,30.6,30.1
7/6/18 7:00,28.1,29.6,32.6,30.1,29.1,30.1,31.6,28.1,30.5,33.6,32.1
7/6/18 8:00,29.6,30.6,33.6,31.6,30.6,32.1,31.1,28.6,32,34.6,33.6
7/6/18 9:00,30.6,31.1,34.6,32.1,31.6,32.1,31.6,30.1,32.5,36.6,34.6
7/6/18 10:00,32.1,33.1,34.6,33.1,33.6,32.1,32.6,32.1,33,36.6,35.6
7/6/18 11:00,33.6,34.6,34.6,32.1,33.1,33.6,32.6,33.1,32,36.1,33.6
7/6/18 12:00,34.6,32.6,34.1,31.6,35.1,33.1,32.1,33.1,32,34.6,33.1
7/6/18 13:00,33.6,34.6,32.6,33.6,33.1,32.6,32.6,32.6,32,33.1,33.6
7/6/18 14:00,34.6,36.1,32.1,32.6,33.6,33.6,33.6,32.6,31,32.6,33.6
7/6/18 15:00,31.1,33.1,34.1,34.1,32.6,32.6,32.6,31.1,33,34.6,33.6
7/6/18 16:00,29.1,31.1,32.1,31.1,30.6,30.6,31.1,29.6,31,32.1,32.1
7/6/18 17:00,28.6,30.1,31.1,30.1,29.6,29.6,30.1,28.6,30,30.6,31.1
7/6/18 18:00,28.1,30.1,30.6,29.6,29.1,29.1,29.6,27.6,29.5,30.1,30.1
7/6/18 19:00,27.1,29.6,28.1,27.6,28.6,29.1,29.6,26.6,27.5,27.6,28.1
7/6/18 20:00,27.1,28.6,27.6,27.6,27.6,28.1,28.1,26.6,27,27.1,27.6
7/6/18 21:00,26.6,28.6,27.6,27.1,27.1,27.6,28.1,26.1,27,27.1,27.6
7/6/18 22:00,26.6,28.6,27.6,27.1,27.1,27.6,27.6,26.1,27,27.1,27.6
7/6/18 23:00,26.1,28.1,27.1,27.1,27.1,27.6,27.6,25.6,27,27.1,27.6
7/7/18 0:00,25.6,27.6,27.1,27.1,26.6,27.6,27.6,25.1,27,27.1,27.6
7/7/18 1:00,25.1,27.6,27.1,26.6,26.1,27.1,27.1,24.6,27,27.1,27.1
7/7/18 2:00,25.1,27.6,27.1,26.6,25.6,27.1,27.1,24.6,26.5,26.6,27.1
7/7/18 3:00,25.1,27.1,26.6,26.6,25.6,27.1,26.6,24.6,26,26.6,26.6
7/7/18 4:00,25.6,27.1,27.1,27.1,26.1,27.6,27.1,25.1,26.5,27.1,27.6
7/7/18 5:00,27.6,28.1,29.6,29.1,28.1,29.1,33.1,27.6,29.5,30.6,31.1
7/7/18 6:00,31.1,29.1,34.6,30.6,29.6,31.1,36.1,30.1,32,33.1,33.1
7/7/18 7:00,31.1,30.6,35.6,32.1,31.1,32.1,39.6,31.1,32.5,35.6,34.1
7/7/18 8:00,32.1,31.1,35.1,33.6,32.1,31.6,33.1,30.6,33.5,35.6,34.6
7/7/18 9:00,33.6,31.6,29.6,28.6,31.6,30.1,33.1,32.1,29,28.6,26.1
7/7/18 10:00,34.1,30.1,34.1,29.6,31.1,29.6,32.6,33.6,33,32.1,31.6
7/7/18 11:00,34.6,34.6,32.6,31.6,34.1,32.6,33.1,33.6,32.5,33.6,34.1
7/7/18 12:00,35.1,33.6,26.1,32.1,35.6,33.1,32.6,33.1,32,25.1,27.1
7/7/18 13:00,32.6,32.6,27.6,31.6,32.1,32.1,31.6,31.1,30.5,27.6,29.6
7/7/18 14:00,35.6,35.6,32.1,33.6,33.1,33.1,33.1,32.6,33,34.6,32.1
7/7/18 15:00,30.6,34.1,32.6,32.6,33.1,33.1,32.6,30.6,32.5,34.1,32.1
7/7/18 16:00,30.6,36.1,32.6,32.6,32.1,32.1,31.6,30.1,32.5,33.6,33.1
7/7/18 17:00,29.6,31.1,31.1,30.6,30.1,30.1,30.1,29.1,30.5,30.6,30.6
7/7/18 18:00,28.6,30.1,28.6,30.1,29.1,29.6,30.1,28.1,29,28.1,28.1
7/7/18 19:00,28.1,29.6,28.1,28.6,28.1,28.6,29.1,27.1,28.5,27.6,28.1
7/7/18 20:00,28.1,29.6,27.6,28.6,27.6,28.6,29.1,26.6,28,27.6,27.6
7/7/18 21:00,27.6,28.1,27.1,27.6,27.1,28.1,28.6,26.6,27.5,26.6,27.1
7/7/18 22:00,27.1,28.1,27.1,27.1,27.1,27.6,28.1,26.1,27,26.6,27.1
7/7/18 23:00,26.1,27.6,26.6,26.6,26.6,27.6,28.1,25.6,26.5,26.6,26.6
7/8/18 0:00,25.6,28.1,26.6,26.6,26.6,27.1,27.6,25.1,26.5,26.1,26.6
7/8/18 1:00,25.6,27.1,26.1,26.1,26.1,27.1,27.1,25.1,26,26.1,26.1
7/8/18 2:00,25.6,27.1,26.1,26.1,25.6,26.6,27.1,25.1,26,26.1,26.1
7/8/18 3:00,25.1,27.1,26.1,26.1,25.6,26.6,27.1,25.1,25.5,25.6,26.1
7/8/18 4:00,25.6,27.1,26.6,26.1,26.1,26.6,27.1,25.1,26,26.1,26.1
7/8/18 5:00,27.1,28.1,28.6,28.1,27.6,28.1,33.6,27.6,28.5,29.1,29.6
7/8/18 6:00,29.6,29.1,31.6,30.1,29.1,29.6,35.6,30.1,29.5,29.6,30.6
7/8/18 7:00,29.6,30.6,35.1,31.1,30.1,30.6,34.6,29.6,31.5,33.1,31.6
7/8/18 8:00,32.1,30.6,34.1,32.6,31.6,32.1,32.6,31.6,32,35.1,33.1
7/8/18 9:00,33.6,31.1,35.6,33.1,33.1,32.1,32.6,33.1,32.5,36.1,34.1
7/8/18 10:00,33.6,33.6,34.6,33.6,32.1,33.1,32.1,32.6,33,35.1,35.1
7/8/18 11:00,34.6,33.6,35.1,34.1,33.6,32.1,32.6,33.6,33,36.6,34.1
7/8/18 12:00,37.6,36.1,35.6,34.1,35.1,32.6,33.1,33.6,33,36.1,34.1
7/8/18 13:00,33.6,34.6,35.1,34.6,33.6,33.6,33.1,32.6,33.5,37.1,34.1
7/8/18 14:00,31.6,34.6,35.1,33.6,32.6,32.6,32.1,31.1,33,36.6,33.6
7/8/18 15:00,30.6,36.1,32.1,32.6,32.1,32.6,32.1,30.1,32,33.1,32.1
7/8/18 16:00,30.6,38.1,32.1,31.6,31.6,32.6,31.1,30.1,31.5,32.1,31.6
7/8/18 17:00,29.1,31.6,30.6,30.1,29.6,30.1,30.1,29.1,30.5,30.6,30.6
7/8/18 18:00,29.1,31.1,30.1,29.6,29.1,29.6,29.6,28.6,29.5,29.6,29.6
7/8/18 19:00,28.6,30.6,29.6,29.1,28.6,29.6,29.6,27.6,29.5,29.6,29.6
7/8/18 20:00,28.6,30.1,29.1,29.1,28.6,29.1,29.1,27.6,29,29.1,29.1
7/8/18 21:00,28.6,30.1,29.1,29.1,28.6,29.1,29.1,27.6,29,28.6,29.1
7/8/18 22:00,28.1,30.1,28.6,28.6,28.1,28.6,29.1,27.1,28.5,28.6,28.6
7/8/18 23:00,28.1,30.1,28.6,28.6,28.1,28.6,28.6,26.1,28.5,28.1,28.6
7/9/18 0:00,28.1,29.6,28.1,28.1,27.6,28.6,28.6,26.1,28,28.1,28.1
7/9/18 1:00,27.6,29.1,27.6,27.6,27.1,28.1,28.6,25.6,27.5,27.6,28.1
7/9/18 2:00,27.1,29.1,27.6,27.6,27.1,28.1,28.1,25.6,27,27.6,27.6
7/9/18 3:00,26.6,28.1,27.6,27.1,27.1,27.6,28.1,25.6,27,27.1,27.6
7/9/18 4:00,26.6,28.1,27.6,27.1,27.1,28.1,28.1,25.6,27.5,27.6,27.6
7/9/18 5:00,28.6,29.1,29.6,29.1,29.1,29.6,35.6,28.6,29.5,32.1,30.1
7/9/18 6:00,30.6,30.1,34.1,31.1,30.1,30.6,33.6,30.6,31.5,32.6,32.6
7/9/18 7:00,31.6,31.1,36.1,32.6,31.6,31.6,38.1,32.6,32.5,34.6,34.1
7/9/18 8:00,32.6,31.6,35.1,34.1,32.1,32.6,33.1,33.6,31.5,35.6,35.1
7/9/18 9:00,33.6,32.1,37.1,34.6,32.6,32.6,34.1,33.6,33.5,36.6,35.6
7/9/18 10:00,33.6,33.6,36.1,35.1,34.6,33.6,33.6,33.6,34,35.1,38.1
7/9/18 11:00,35.6,35.6,35.1,34.6,35.1,34.1,33.1,34.1,34,34.6,35.1
7/9/18 12:00,37.1,37.1,34.6,35.1,36.1,33.6,33.6,34.1,34,34.6,34.1
7/9/18 13:00,37.6,36.6,30.1,32.1,34.6,33.6,33.6,34.6,32,30.6,26.6
7/9/18 14:00,36.1,36.1,32.1,33.6,32.1,33.6,34.6,35.1,33,32.1,28.6
7/9/18 15:00,31.6,36.1,34.1,34.1,34.1,33.1,33.6,31.6,33.5,35.1,31.6
7/9/18 16:00,30.6,37.6,33.6,32.6,32.6,33.1,32.1,30.6,33,34.6,33.6
7/9/18 17:00,30.1,31.6,31.1,31.1,30.1,30.6,30.6,29.6,31,31.6,31.1
7/9/18 18:00,29.6,30.6,30.6,30.6,29.6,30.1,30.1,29.1,30.5,30.6,30.6
7/9/18 19:00,28.6,30.6,30.1,29.6,29.1,29.6,30.1,27.6,30,30.1,29.6
7/9/18 20:00,28.1,30.1,29.6,29.6,28.6,29.6,29.6,27.1,29.5,29.6,29.6
7/9/18 21:00,27.6,30.1,29.6,29.1,28.6,29.1,29.1,26.6,29.5,29.1,29.1
7/9/18 22:00,27.6,29.6,29.1,29.1,28.1,29.1,29.1,26.6,29,29.1,28.6
7/9/18 23:00,27.1,29.1,29.1,28.6,28.1,29.1,29.1,26.6,28.5,28.6,28.6
7/10/18 0:00,27.1,29.1,28.6,28.6,27.6,28.6,28.6,26.1,28.5,28.1,28.1
7/10/18 1:00,27.1,28.6,28.1,28.1,27.6,28.6,28.6,26.1,28,28.1,28.1
7/10/18 2:00,26.6,28.6,28.1,28.1,27.1,28.1,28.1,25.6,27.5,27.6,27.6
7/10/18 3:00,26.1,28.6,28.1,27.6,27.1,28.1,27.6,25.6,27.5,27.6,27.6
7/10/18 4:00,26.1,28.6,28.1,27.6,26.6,27.6,27.6,25.6,27.5,27.6,27.6
7/10/18 5:00,27.6,29.1,29.1,29.6,28.1,29.1,35.6,28.1,29.5,29.6,29.6
7/10/18 6:00,30.6,30.1,29.1,31.1,30.1,31.1,37.1,30.1,31,28.6,29.1
7/10/18 7:00,31.1,30.6,34.6,31.1,31.1,30.6,33.6,31.1,31,32.1,32.1
7/10/18 8:00,30.6,31.1,36.6,32.6,31.1,30.6,32.6,29.6,32.5,34.6,33.6
7/10/18 9:00,29.6,30.6,34.6,32.6,31.1,30.6,31.6,30.1,32.5,33.6,35.1
7/10/18 10:00,32.1,31.1,34.6,31.1,31.6,30.6,32.1,32.1,31.5,33.6,34.1
7/10/18 11:00,33.1,33.6,35.6,35.1,35.1,32.6,34.6,33.1,32,35.1,36.1
7/10/18 12:00,31.6,31.1,31.1,26.1,32.6,31.1,32.6,31.6,28.5,31.1,31.6
7/10/18 13:00,27.1,24.1,28.6,25.1,25.1,24.1,25.1,24.1,26.5,28.6,29.1
7/10/18 14:00,35.6,28.1,34.1,27.6,25.6,27.6,26.1,25.6,30,34.6,29.1
7/10/18 15:00,30.1,29.6,30.6,29.1,29.6,30.1,30.6,26.6,30,30.1,29.6
7/10/18 16:00,28.6,26.6,24.6,26.6,26.1,28.1,26.6,25.6,25.5,23.6,22.6
7/10/18 17:00,23.1,24.1,23.6,23.1,23.6,23.6,24.1,23.1,23,23.1,22.6
7/10/18 18:00,23.6,24.1,23.6,22.6,24.1,24.6,24.6,23.1,23.5,23.1,22.6
7/10/18 19:00,23.6,24.1,24.1,23.1,24.1,24.6,24.6,23.1,23.5,24.1,23.1
7/10/18 20:00,23.6,24.1,24.6,24.6,24.1,25.1,24.6,23.6,24.5,24.6,24.1
7/10/18 21:00,24.1,25.1,25.1,24.1,24.6,25.1,25.1,23.6,24.5,24.6,24.1
7/10/18 22:00,23.6,25.1,25.6,24.1,24.6,25.6,25.1,23.6,25,25.1,24.6
7/10/18 23:00,23.6,25.1,25.1,24.1,24.1,25.6,25.1,23.1,25,25.1,24.6
7/11/18 0:00,23.6,25.6,25.1,24.1,24.1,25.6,24.6,23.1,24.5,25.1,24.1
7/11/18 1:00,23.6,25.6,25.1,24.1,24.1,25.6,25.1,23.1,25,25.1,24.6
7/11/18 2:00,23.6,25.6,25.6,24.1,24.1,25.1,25.1,23.1,25,25.1,25.1
7/11/18 3:00,23.6,25.6,25.6,24.6,24.1,25.6,25.1,23.6,24.5,25.6,25.1
7/11/18 4:00,24.1,26.1,25.6,24.6,24.6,25.6,25.1,23.6,26,25.6,25.6
7/11/18 5:00,26.1,27.1,27.6,27.6,27.1,27.6,40.1,25.6,29,29.6,30.1
7/11/18 6:00,30.1,28.6,35.6,30.6,28.6,30.1,37.6,27.1,31,32.6,32.6
7/11/18 7:00,31.1,29.1,35.1,31.6,30.6,31.1,34.1,28.6,31,33.6,32.1
7/11/18 8:00,30.6,30.1,33.6,32.1,30.1,31.6,32.6,28.1,33.5,33.6,34.6
7/11/18 9:00,32.1,26.1,33.6,30.6,32.1,31.1,34.1,31.1,30.5,32.1,32.1
7/11/18 10:00,33.6,29.6,30.6,30.1,34.1,33.1,34.6,32.6,28,29.1,26.1
7/11/18 11:00,34.1,32.6,35.6,34.6,35.6,33.1,34.6,33.1,30,35.1,29.6
7/11/18 12:00,31.6,30.1,33.6,32.6,32.1,31.1,32.6,31.6,31,34.6,31.6
7/11/18 13:00,27.1,24.6,23.1,22.1,30.6,27.6,30.6,29.6,20.5,23.1,22.6
7/11/18 14:00,26.1,25.1,25.1,24.6,25.6,25.1,25.6,25.1,22.5,25.6,25.1
7/11/18 15:00,27.1,27.1,27.6,26.6,27.6,26.1,26.6,26.6,24.5,28.1,27.6
7/11/18 16:00,27.6,29.1,29.6,27.6,27.6,26.6,28.1,26.6,24.5,30.1,29.1
7/11/18 17:00,25.1,27.6,29.1,27.1,26.6,25.1,26.6,23.6,25,29.1,28.1
7/11/18 18:00,23.1,25.1,26.6,24.1,24.6,23.1,24.1,22.6,23,26.1,25.1
7/11/18 19:00,22.6,25.1,25.1,23.6,24.1,23.6,24.6,22.6,22.5,25.1,25.1
7/11/18 20:00,23.1,25.1,25.1,24.1,24.1,23.6,24.6,22.6,23,25.1,25.1
7/11/18 21:00,23.1,25.6,25.6,24.6,24.6,23.6,25.1,23.1,23,25.6,25.1
7/11/18 22:00,23.1,25.1,25.6,24.6,24.1,24.1,24.6,23.1,23,25.6,25.6
7/11/18 23:00,23.1,25.1,25.6,24.1,24.6,24.1,25.1,23.1,23,25.6,25.6
7/12/18 0:00,23.1,25.6,26.1,24.6,24.6,24.6,24.6,23.1,23.5,25.6,25.6
7/12/18 1:00,23.6,25.6,25.6,24.1,24.6,25.1,25.1,23.1,23.5,25.6,25.1
7/12/18 2:00,23.6,25.6,25.6,24.6,24.6,25.1,25.1,23.1,23.5,25.6,25.1
7/12/18 3:00,23.1,25.6,25.6,24.6,24.1,25.1,24.6,23.1,23.5,25.6,25.1
7/12/18 4:00,23.6,26.1,26.1,24.6,25.1,25.6,25.6,23.6,23.5,25.6,25.6
7/12/18 5:00,24.6,26.6,28.1,26.6,26.1,26.6,26.6,24.6,24.5,28.6,28.1
7/12/18 6:00,26.6,28.1,29.1,28.1,28.1,27.6,28.6,26.1,25,29.1,29.1
7/12/18 7:00,29.6,29.6,32.6,30.6,30.1,29.6,31.6,29.1,29,31.6,32.1
7/12/18 8:00,31.1,30.6,33.6,31.6,31.1,30.1,31.6,30.1,31,34.1,33.6
7/12/18 9:00,32.1,31.6,35.1,31.1,32.6,31.1,32.6,31.1,31,37.1,34.6
7/12/18 10:00,34.1,32.1,32.6,35.1,33.6,32.1,33.1,32.6,33,32.6,33.1
7/12/18 11:00,35.6,33.6,29.6,34.1,36.6,32.1,34.1,34.1,32.5,29.6,31.1
7/12/18 12:00,33.6,32.6,35.1,32.1,32.1,31.6,33.1,30.6,32.5,32.6,33.1
7/12/18 13:00,35.1,34.6,33.6,31.1,32.1,32.6,31.6,32.1,31,34.1,34.6
7/12/18 14:00,33.1,35.6,31.6,33.1,34.1,33.1,34.1,32.1,30.5,34.1,33.1
7/12/18 15:00,30.6,33.6,32.1,32.1,33.6,31.1,32.1,30.1,32,32.6,33.1
7/12/18 16:00,28.6,31.1,32.1,30.6,26.1,28.6,27.1,26.6,30.5,31.6,30.6
7/12/18 17:00,25.6,26.1,23.1,26.1,25.1,26.1,26.1,25.1,25.5,23.6,22.1
7/12/18 18:00,25.6,26.6,24.1,26.1,25.6,26.6,26.6,24.6,25.5,24.1,23.1
7/12/18 19:00,24.6,27.6,24.1,25.6,25.6,26.6,26.6,24.1,25.5,24.6,23.6
7/12/18 20:00,24.6,27.1,24.6,26.1,25.1,26.6,26.1,24.1,25.5,24.6,24.6
7/12/18 21:00,24.1,27.1,24.6,25.6,25.1,26.6,26.1,24.1,25,25.1,24.6
7/12/18 22:00,24.1,26.6,24.6,25.6,25.1,26.6,26.1,23.6,25,24.6,25.1
7/12/18 23:00,24.1,26.6,24.6,25.1,25.1,26.1,25.6,23.6,24.5,25.1,25.1
7/13/18 0:00,24.1,26.6,24.6,25.1,24.6,26.1,25.6,23.6,24.5,24.6,25.1
7/13/18 1:00,23.6,26.1,24.6,24.6,24.6,26.1,25.6,23.1,24.5,24.6,24.6
7/13/18 2:00,23.6,26.1,24.6,25.1,24.6,25.6,25.6,23.1,24.5,24.6,25.1
7/13/18 3:00,23.6,26.6,25.1,24.6,24.6,25.6,25.1,23.1,24.5,24.6,24.6
7/13/18 4:00,23.6,26.6,25.1,24.6,24.6,25.6,25.6,23.1,24.5,24.6,25.1
7/13/18 5:00,26.1,27.6,27.1,28.1,27.1,28.1,41.6,26.6,30,29.1,30.1
7/13/18 6:00,29.6,28.1,35.1,30.1,29.1,29.6,38.1,29.1,31,30.6,31.1
7/13/18 7:00,30.6,29.6,37.1,31.6,30.6,30.6,38.1,31.6,32,32.6,32.1
7/13/18 8:00,33.1,30.6,35.6,33.1,32.6,31.6,35.6,34.1,33,33.6,32.1
7/13/18 9:00,34.6,31.1,36.6,34.6,34.1,32.6,36.1,35.6,33,33.1,32.6
7/13/18 10:00,34.1,32.1,36.6,34.1,35.1,33.6,35.1,34.1,34,35.6,37.6
7/13/18 11:00,33.6,32.1,35.6,34.6,32.6,32.1,32.6,30.6,34,35.1,33.6
7/13/18 12:00,27.1,32.1,36.6,33.1,32.1,31.1,32.6,31.1,33,35.1,35.1
7/13/18 13:00,31.6,31.1,32.6,27.6,32.6,29.6,31.6,31.1,30.5,32.6,31.6
7/13/18 14:00,29.1,27.6,35.6,27.1,25.6,28.6,25.1,25.1,29.5,33.6,28.6
7/13/18 15:00,29.1,29.6,33.1,31.1,27.1,31.6,27.1,26.6,32,34.1,32.1
7/13/18 16:00,29.6,30.6,30.6,30.1,26.6,30.1,27.1,25.6,31,30.1,28.6
7/13/18 17:00,27.1,28.1,28.6,27.6,26.1,27.6,26.1,25.1,28,28.1,27.6
7/13/18 18:00,26.6,27.6,28.6,27.1,26.1,27.6,26.1,24.6,28,28.1,27.6
7/13/18 19:00,26.1,27.6,28.1,27.1,25.6,27.6,26.1,24.1,27.5,27.6,27.6
7/13/18 20:00,25.6,27.6,28.1,27.1,25.6,27.1,25.6,23.6,27.5,27.6,27.1
7/13/18 21:00,25.6,27.1,27.6,26.6,25.6,27.1,25.6,24.1,27,27.6,27.1
7/13/18 22:00,25.6,27.1,27.6,26.6,25.1,27.1,26.1,24.1,27,27.1,26.6
7/13/18 23:00,25.1,26.6,27.1,26.1,25.1,27.1,25.6,24.1,26.5,26.6,26.6
7/14/18 0:00,25.1,26.6,27.1,26.1,25.1,26.6,25.6,24.1,26.5,26.6,26.6
7/14/18 1:00,25.1,26.6,27.1,26.1,24.6,26.6,25.6,24.1,26.5,26.6,26.6
7/14/18 2:00,25.1,26.6,26.6,25.6,24.6,26.6,25.6,24.1,26,26.6,26.1
7/14/18 3:00,24.6,26.6,26.6,25.6,24.6,26.1,25.1,23.6,25.5,26.1,26.1
7/14/18 4:00,24.6,26.6,26.6,26.1,24.6,26.6,25.6,23.6,26,26.6,26.6
7/14/18 5:00,26.6,27.1,28.6,28.1,27.1,28.1,36.6,26.1,29.5,28.6,29.1
7/14/18 6:00,29.6,28.1,35.1,30.1,28.6,29.6,36.1,28.1,30.5,30.6,30.6
7/14/18 7:00,30.6,29.1,37.1,31.6,30.6,31.1,35.6,30.6,32,32.6,32.1
7/14/18 8:00,31.1,30.1,36.1,32.1,32.1,31.6,34.6,33.1,31.5,33.1,32.6
7/14/18 9:00,32.6,31.6,36.6,33.6,32.6,32.1,34.1,34.1,32.5,34.1,33.6
7/14/18 10:00,34.1,33.1,35.6,33.1,33.1,33.6,32.6,31.1,33,35.6,33.6
7/14/18 11:00,34.1,34.6,35.1,33.6,31.1,33.6,31.6,31.6,32,35.6,35.1
7/14/18 12:00,34.6,35.1,35.6,34.1,31.1,33.1,31.6,32.1,32.5,35.6,35.1
7/14/18 13:00,34.6,33.6,34.1,34.1,32.6,32.1,31.6,30.6,33,34.6,34.6
7/14/18 14:00,33.6,34.6,35.6,33.1,34.6,33.6,33.1,32.6,32.5,35.6,32.1
7/14/18 15:00,31.1,36.1,32.6,32.6,30.1,30.6,30.6,29.6,31.5,34.6,33.1
7/14/18 16:00,30.1,35.1,31.6,31.6,29.6,30.1,30.1,29.1,31,31.6,31.1
7/14/18 17:00,29.1,31.1,30.6,29.6,29.1,29.6,29.6,28.6,30,30.1,30.1
7/14/18 18:00,28.6,30.6,29.6,29.1,28.1,29.1,29.1,27.6,29,29.6,29.6
7/14/18 19:00,27.6,30.1,29.6,28.6,28.1,28.6,28.6,26.1,29,29.1,29.1
7/14/18 20:00,27.1,29.6,29.1,28.6,27.6,28.1,28.6,25.6,28.5,28.6,29.1
7/14/18 21:00,26.6,29.1,29.1,28.1,26.6,28.1,27.6,25.6,28,28.6,28.6
7/14/18 22:00,26.1,28.6,28.6,28.1,26.1,27.6,27.1,25.1,28,28.1,28.1
7/14/18 23:00,26.1,28.1,28.6,28.1,26.1,27.6,26.6,24.6,27.5,28.1,28.1
7/15/18 0:00,25.6,28.1,27.6,27.6,25.6,27.1,26.6,24.1,27.5,27.6,27.6
7/15/18 1:00,25.1,27.6,27.6,27.1,25.6,26.6,26.1,24.1,27,27.6,27.1
7/15/18 2:00,25.1,27.1,27.6,26.6,25.1,26.6,25.6,24.1,26.5,27.1,27.1
7/15/18 3:00,25.1,27.1,27.1,26.6,24.6,26.1,25.6,24.1,26,26.6,26.6
7/15/18 4:00,24.6,27.1,27.1,26.1,24.6,26.1,25.6,23.6,26,26.6,26.6
7/15/18 5:00,26.6,27.6,29.1,29.1,27.6,28.6,40.6,27.1,30.5,29.6,31.1
7/15/18 6:00,30.1,28.6,36.6,30.6,29.1,30.1,40.1,29.6,31,33.1,32.6
7/15/18 7:00,30.6,29.1,36.6,32.1,30.1,30.6,37.6,31.6,32,33.6,32.6
7/15/18 8:00,33.1,30.1,35.6,33.1,31.6,32.1,34.6,32.6,31.5,35.1,32.1
7/15/18 9:00,33.1,31.1,37.6,32.1,33.6,31.6,35.1,33.1,32.5,38.1,33.6
7/15/18 10:00,33.6,32.6,34.6,34.6,35.1,32.6,34.6,32.1,33,35.6,35.1
7/15/18 11:00,34.1,34.6,35.1,35.6,33.6,33.1,33.6,33.6,34,35.6,34.6
7/15/18 12:00,36.1,35.6,33.6,32.6,36.6,33.1,33.6,33.6,32.5,34.6,34.6
7/15/18 13:00,34.1,35.1,33.6,32.6,35.1,33.1,33.1,32.6,32,34.1,34.1
7/15/18 14:00,33.6,36.1,33.1,33.1,34.6,33.1,33.1,33.1,32,33.6,33.6
7/15/18 15:00,31.6,34.6,33.6,33.6,33.6,33.1,32.6,31.1,33,35.1,34.1
7/15/18 16:00,30.6,34.1,34.1,33.1,32.6,32.6,31.6,30.1,33,35.1,33.1
7/15/18 17:00,29.6,31.1,31.6,31.1,30.1,30.6,30.1,29.1,31,31.1,31.6
7/15/18 18:00,29.1,30.6,30.6,30.1,29.6,30.1,29.6,28.6,30,30.1,30.1
7/15/18 19:00,28.6,30.1,30.6,29.6,29.1,29.6,29.6,28.1,29.5,30.1,30.1
7/15/18 20:00,28.6,29.6,30.1,29.1,28.6,29.6,29.1,27.6,29,29.6,29.6
7/15/18 21:00,28.6,29.6,29.6,29.1,28.1,29.6,29.1,26.6,29,29.6,29.1
7/15/18 22:00,27.6,29.1,29.1,29.1,27.6,29.1,28.6,26.1,28.5,29.1,28.6
7/15/18 23:00,27.1,28.6,29.1,28.6,27.6,29.1,28.6,26.1,28.5,28.6,28.6
7/16/18 0:00,27.1,28.6,29.1,28.1,27.1,28.6,28.1,25.6,28.5,28.6,28.6
7/16/18 1:00,26.6,28.1,28.6,28.1,27.1,28.6,27.6,25.6,28,28.6,27.6
7/16/18 2:00,26.1,27.6,28.1,27.6,26.6,28.1,27.6,25.1,27.5,28.1,27.6
7/16/18 3:00,26.1,28.1,28.1,27.6,26.6,28.1,27.6,25.1,27,28.1,27.6
7/16/18 4:00,26.6,27.6,28.1,27.6,27.1,28.1,27.6,25.6,27.5,28.1,27.6
7/16/18 5:00,27.1,28.6,29.1,29.1,28.1,29.1,29.1,27.1,30.5,28.6,28.6
7/16/18 6:00,28.1,29.1,35.1,30.1,30.1,30.6,36.6,29.1,30.5,33.6,31.6
7/16/18 7:00,31.1,29.6,38.1,32.1,31.6,31.6,38.1,31.6,33,35.1,32.1
7/16/18 8:00,32.1,31.1,36.6,33.6,33.1,31.6,33.1,32.6,33.5,34.1,34.6
7/16/18 9:00,32.1,32.1,34.6,32.6,32.6,32.6,32.6,32.1,32,36.6,34.1
7/16/18 10:00,31.6,32.6,30.6,35.1,34.1,32.6,33.1,31.6,33.5,29.1,30.1
7/16/18 11:00,34.1,32.1,26.6,31.6,33.6,32.1,32.6,32.6,31,28.6,29.1
7/16/18 12:00,36.6,35.1,29.6,35.6,37.1,33.6,34.1,33.6,34,34.1,33.1
7/16/18 13:00,34.6,36.1,35.1,35.1,36.6,33.6,35.1,34.1,34,36.6,34.1
7/16/18 14:00,33.6,35.1,32.6,34.6,30.6,32.1,31.6,30.6,34,32.6,32.1
7/16/18 15:00,31.1,31.1,29.6,30.6,30.1,30.1,31.6,30.6,30,29.6,29.6
7/16/18 16:00,30.6,31.6,29.6,30.6,29.6,30.1,30.6,29.1,30,29.6,29.6
7/16/18 17:00,29.6,30.6,29.6,30.6,29.1,30.1,30.1,28.6,30.5,29.6,29.1
7/16/18 18:00,29.1,30.1,29.6,30.1,28.6,29.6,29.6,28.1,30,29.6,29.1
7/16/18 19:00,28.1,29.6,29.6,29.6,28.6,29.6,29.6,27.1,29.5,29.6,29.1
7/16/18 20:00,27.6,29.6,29.6,29.6,28.1,29.6,29.1,27.1,29.5,29.1,28.6
7/16/18 21:00,27.6,29.1,29.6,29.1,28.1,29.1,29.1,26.6,29,29.1,28.1
7/16/18 22:00,27.1,29.1,29.1,28.6,27.6,29.1,28.6,26.1,28.5,28.6,28.1
7/16/18 23:00,26.6,28.6,28.6,28.6,27.6,28.6,28.1,26.1,28.5,28.6,27.6
7/17/18 0:00,26.6,28.6,28.1,28.6,27.1,28.6,28.1,25.6,28.5,28.1,27.6
7/17/18 1:00,26.6,28.1,28.1,28.1,26.6,28.1,27.6,25.6,28,27.6,27.6
7/17/18 2:00,26.6,28.1,27.6,27.6,26.6,28.1,27.6,25.6,27.5,27.1,27.1
7/17/18 3:00,26.6,26.1,28.1,27.6,26.6,27.6,27.6,25.1,27.5,27.6,27.1
7/17/18 4:00,25.6,26.6,28.1,27.1,26.1,27.6,27.1,25.1,27,27.1,27.1
7/17/18 5:00,27.1,27.6,30.1,29.6,27.6,28.6,35.6,26.6,31,30.6,32.1
7/17/18 6:00,29.1,28.6,34.1,31.1,29.1,30.1,36.1,29.1,32,32.6,33.6
7/17/18 7:00,31.1,29.6,36.6,32.6,30.6,31.1,35.1,30.6,32,34.6,33.1
7/17/18 8:00,31.1,30.6,37.1,34.1,32.6,31.6,33.6,31.6,33.5,36.6,33.6
7/17/18 9:00,32.1,31.1,34.6,34.6,32.6,31.6,32.6,31.6,33.5,34.6,33.1
7/17/18 10:00,33.6,33.1,35.6,34.1,35.1,32.6,33.1,32.1,34,35.6,37.1
7/17/18 11:00,34.1,34.1,36.6,36.1,36.1,33.1,33.6,33.6,34.5,35.6,36.6
7/17/18 12:00,34.6,35.6,36.6,36.1,35.6,33.6,33.6,34.1,35,35.6,35.1
7/17/18 13:00,35.1,34.6,31.6,32.1,37.1,31.6,33.6,31.6,31.5,31.1,27.1
7/17/18 14:00,33.6,35.1,31.1,30.1,33.6,33.1,33.6,33.1,32.5,33.6,31.1
7/17/18 15:00,31.6,32.1,30.6,31.1,31.1,31.6,31.6,30.6,31.5,31.6,30.6
7/17/18 16:00,30.6,31.6,30.6,32.1,30.6,31.1,31.1,30.1,31.5,30.6,30.6
7/17/18 17:00,30.1,30.6,29.1,30.1,29.1,29.6,30.1,28.6,30,29.1,29.1
7/17/18 18:00,29.1,30.1,29.1,29.6,29.1,29.6,30.1,28.6,30,29.1,29.6
7/17/18 19:00,29.1,30.1,29.1,30.1,28.6,29.6,29.6,27.6,30,29.1,29.1
7/17/18 20:00,28.6,29.6,29.1,29.6,28.6,29.6,29.6,27.1,29.5,28.6,29.1
7/17/18 21:00,27.6,29.6,29.1,29.1,28.1,29.1,29.1,27.1,29,28.6,28.6
7/17/18 22:00,27.6,29.1,29.1,29.1,28.1,29.1,28.6,26.6,29,29.1,28.6
7/17/18 23:00,27.1,28.6,28.6,28.6,27.6,28.6,28.6,26.6,28.5,28.6,28.1
7/18/18 0:00,26.6,28.6,28.6,28.6,27.1,28.6,28.1,26.1,28.5,28.1,28.1
7/18/18 1:00,26.6,28.6,28.1,28.1,27.1,28.1,28.1,25.6,28.5,28.1,28.1
7/18/18 2:00,25.6,28.1,28.1,28.1,26.6,28.1,27.6,25.6,28,27.6,27.6
7/18/18 3:00,25.1,27.6,28.1,27.6,26.6,28.1,27.6,25.1,27.5,27.6,27.6
7/18/18 4:00,25.1,28.1,28.1,27.6,26.6,27.6,27.6,25.1,27.5,27.6,27.6
7/18/18 5:00,26.6,28.6,30.6,29.6,27.6,28.6,30.1,26.6,30.5,31.1,31.1
7/18/18 6:00,29.1,29.1,35.6,31.6,29.6,31.1,38.1,29.6,33,34.1,32.6
7/18/18 7:00,30.6,30.1,34.6,33.6,31.1,32.1,38.1,31.1,33.5,33.6,33.1
7/18/18 8:00,34.1,31.1,36.6,34.6,33.1,32.1,35.6,33.1,35,36.6,32.6
7/18/18 9:00,32.1,31.6,36.1,35.1,35.1,32.6,35.6,33.6,35.5,36.6,34.1
7/18/18 10:00,34.1,33.1,36.6,35.1,35.6,34.1,36.1,34.1,33,37.6,36.1
7/18/18 11:00,34.6,34.6,37.1,35.1,36.1,33.6,34.6,34.6,32,38.1,36.1
7/18/18 12:00,36.1,35.1,28.1,33.1,35.6,34.1,35.6,34.6,31.5,28.1,30.1
7/18/18 13:00,32.1,32.6,24.1,29.1,32.1,32.1,32.6,31.6,27.5,24.6,22.1
7/18/18 14:00,31.1,28.1,23.1,24.1,26.1,26.6,25.6,28.6,26,22.6,22.1
7/18/18 15:00,25.6,26.1,25.1,27.1,25.6,26.1,24.6,24.6,27.5,25.6,24.6
7/18/18 16:00,27.6,29.1,26.1,27.1,27.6,27.1,26.1,26.6,28.5,26.1,25.6
7/18/18 17:00,26.6,29.1,26.6,26.6,27.1,27.1,26.6,26.1,28.5,26.1,26.1
7/18/18 18:00,26.1,29.1,26.6,27.1,27.1,26.1,26.1,25.6,28.5,26.6,26.1
7/18/18 19:00,26.1,28.6,26.6,26.6,26.6,26.6,26.1,25.6,28,26.6,26.1
7/18/18 20:00,25.6,28.1,26.6,26.6,27.1,26.6,26.6,25.6,28,26.6,26.1
7/18/18 21:00,25.6,28.1,26.6,27.1,26.6,26.6,26.6,25.1,27.5,26.6,26.6
7/18/18 22:00,25.6,28.1,26.1,27.1,26.6,26.6,26.6,25.1,27.5,26.1,26.6
7/18/18 23:00,25.1,27.6,26.1,27.1,26.6,26.1,26.6,25.1,27.5,26.1,27.1
7/19/18 0:00,25.1,27.6,26.1,26.6,26.1,26.1,26.6,25.1,27,26.1,26.6
7/19/18 1:00,25.1,27.6,26.6,26.6,26.1,26.1,26.1,24.6,27,26.1,26.6
7/19/18 2:00,25.1,27.1,26.6,26.1,25.6,26.1,26.1,24.6,26.5,26.1,26.6
7/19/18 3:00,24.6,27.1,26.6,26.6,25.6,26.1,25.6,24.6,26.5,26.1,26.1
7/19/18 4:00,24.6,27.1,26.6,26.1,25.6,26.1,26.1,24.6,26,26.1,26.6
7/19/18 5:00,26.6,27.6,28.6,29.1,27.6,28.1,42.1,26.6,30.5,30.1,33.1
7/19/18 6:00,30.1,28.6,32.6,31.1,29.6,29.6,39.1,29.1,32.5,33.6,33.6
7/19/18 7:00,31.1,29.6,37.1,33.1,31.1,30.6,36.1,31.1,33,34.6,33.1
7/19/18 8:00,33.1,30.6,35.1,35.1,32.6,31.6,35.1,33.1,34,37.6,34.6
7/19/18 9:00,33.6,31.1,36.6,35.1,31.6,31.6,35.1,33.1,35,37.6,35.1
7/19/18 10:00,34.1,33.6,35.1,36.1,36.1,33.6,35.1,35.1,33.5,37.1,38.1
7/19/18 11:00,34.6,35.1,36.6,37.1,33.6,33.6,35.1,34.6,34.5,37.6,37.1
7/19/18 12:00,34.6,35.1,36.6,33.1,37.1,33.6,34.6,34.6,34,37.6,36.1
7/19/18 13:00,34.1,34.1,38.1,31.1,33.6,34.1,34.1,33.6,33.5,39.1,36.6
7/19/18 14:00,33.1,33.1,37.6,33.6,35.6,31.6,33.6,32.6,32,37.1,36.1
7/19/18 15:00,31.6,35.1,35.6,34.1,34.6,33.6,33.6,31.6,34,34.6,34.1
7/19/18 16:00,31.1,34.6,33.1,33.1,31.6,33.1,31.1,29.6,32.5,32.6,33.1
7/19/18 17:00,30.1,31.6,31.6,31.6,30.1,30.6,30.6,29.6,31,31.6,31.1
7/19/18 18:00,29.6,31.1,31.1,30.6,29.6,30.6,30.6,28.6,30.5,31.1,31.1
7/19/18 19:00,28.6,30.6,31.1,30.6,29.1,30.1,30.1,28.6,30.5,30.6,30.1
7/19/18 20:00,28.1,30.1,30.6,30.1,29.1,30.1,29.6,28.1,30,30.6,30.1
7/19/18 21:00,27.6,29.6,29.6,29.6,29.1,29.6,29.6,27.6,30,29.1,28.6
7/19/18 22:00,27.6,28.6,28.1,28.6,27.6,28.6,28.6,27.6,28,27.6,27.6
7/19/18 23:00,27.6,28.6,28.6,28.1,27.6,28.6,28.6,27.1,28,28.6,28.1
7/20/18 0:00,27.1,28.1,28.6,28.1,27.6,28.6,28.1,26.6,28,28.6,28.6
7/20/18 1:00,26.1,28.1,28.6,27.6,27.1,28.1,28.1,26.1,28,28.1,28.1
7/20/18 2:00,26.1,28.1,28.1,27.6,27.1,28.1,27.6,25.6,27.5,28.1,28.1
7/20/18 3:00,25.6,27.6,28.1,27.1,26.6,27.6,27.1,25.1,27,27.6,27.6
7/20/18 4:00,25.6,27.6,28.1,27.1,26.6,28.1,27.1,25.1,27,27.6,27.6
7/20/18 5:00,26.6,28.1,29.1,27.6,27.6,28.6,28.6,26.6,28,28.6,28.6
7/20/18 6:00,29.1,28.6,34.1,30.1,29.1,29.6,31.1,28.6,31.5,35.6,33.1
7/20/18 7:00,31.1,29.6,38.6,32.6,31.1,31.6,35.1,31.1,33,35.6,33.6
7/20/18 8:00,34.6,30.6,37.1,33.1,33.1,32.1,35.6,33.6,33.5,37.6,33.6
7/20/18 9:00,33.1,32.1,36.1,34.6,34.6,32.1,35.1,33.6,34.5,37.1,34.1
7/20/18 10:00,34.1,33.1,35.6,34.6,33.1,34.1,34.1,32.6,35,38.1,37.1
7/20/18 11:00,34.6,33.6,36.1,35.1,34.6,33.6,34.1,34.1,32.5,38.1,36.6
7/20/18 12:00,35.6,33.6,34.6,33.1,35.1,33.1,34.1,32.1,30.5,36.1,34.1
7/20/18 13:00,31.6,31.6,33.1,32.1,31.1,31.1,31.6,30.6,30,33.6,34.6
7/20/18 14:00,28.6,27.6,33.6,28.6,32.1,29.6,32.6,31.6,28.5,34.1,31.6
7/20/18 15:00,27.6,29.1,31.1,28.6,34.1,31.1,33.1,31.6,29,31.6,31.1
7/20/18 16:00,27.1,28.1,30.1,28.1,29.6,29.1,29.6,29.1,28,30.1,30.1
7/20/18 17:00,27.6,28.6,30.1,28.1,29.6,29.1,29.1,28.6,28.5,30.1,30.1
7/20/18 18:00,27.6,28.6,29.6,28.1,28.6,29.1,29.1,28.1,28.5,29.6,29.1
7/20/18 19:00,27.1,29.1,29.6,28.1,29.1,29.1,29.6,28.1,28.5,29.6,29.1
7/20/18 20:00,27.6,28.6,29.6,28.6,28.6,29.1,29.1,27.6,28.5,29.6,29.1
7/20/18 21:00,27.6,28.1,29.6,28.1,28.1,28.6,28.6,27.6,28,29.1,29.1
7/20/18 22:00,26.6,27.6,29.1,27.6,27.6,28.6,28.1,27.1,28,29.1,28.6
7/20/18 23:00,26.6,27.6,28.6,27.6,27.6,28.1,28.1,26.6,27.5,28.6,28.1
7/21/18 0:00,26.1,27.6,28.6,27.6,27.1,28.1,27.6,26.6,27.5,28.1,28.1
7/21/18 1:00,25.6,27.1,28.1,27.1,27.1,28.1,27.6,26.1,27,28.1,27.6
7/21/18 2:00,25.6,27.1,28.1,27.1,26.6,28.1,27.1,26.1,27,27.6,27.6
7/21/18 3:00,25.6,27.1,28.1,26.6,26.6,27.6,27.1,25.1,26.5,27.6,27.6
7/21/18 4:00,25.6,27.1,27.6,26.6,26.6,27.6,27.1,25.1,26.5,27.6,27.6
7/21/18 5:00,27.6,27.6,30.1,29.1,28.1,29.1,38.1,28.1,29.5,31.1,32.6
7/21/18 6:00,30.6,28.6,34.1,30.6,29.6,30.6,39.6,30.1,32,36.1,34.1
7/21/18 7:00,31.1,29.6,37.6,32.1,31.6,31.6,34.6,31.1,33,35.6,33.1
7/21/18 8:00,34.1,30.6,34.6,33.1,32.6,32.6,35.1,33.1,33,37.1,33.6
7/21/18 9:00,35.1,31.6,35.1,34.6,35.1,32.6,36.1,34.6,34,37.6,34.1
7/21/18 10:00,35.1,33.1,35.6,34.6,36.1,35.1,36.1,36.6,34.5,38.1,37.6
7/21/18 11:00,35.6,34.6,36.1,35.6,37.6,34.6,36.6,35.6,34.5,37.6,35.6
7/21/18 12:00,38.1,35.6,36.1,36.1,37.6,34.1,36.1,36.1,35.5,38.6,36.1
7/21/18 13:00,38.6,36.6,36.6,36.1,37.1,35.1,36.6,36.6,35,38.6,35.6
7/21/18 14:00,35.1,36.1,37.1,36.1,36.6,35.6,37.1,37.1,35,39.1,35.6
7/21/18 15:00,34.1,35.6,34.6,35.1,35.1,35.1,35.6,33.6,34.5,36.1,35.1
7/21/18 16:00,32.1,34.1,33.6,33.6,33.1,33.1,33.1,32.1,33.5,34.1,33.6
7/21/18 17:00,31.1,31.6,31.1,31.6,31.1,31.1,31.6,31.1,31,31.1,30.6
7/21/18 18:00,29.6,30.1,30.1,30.6,29.6,30.1,30.6,29.1,30.5,29.6,30.1
7/21/18 19:00,29.1,30.1,29.1,29.6,29.6,30.1,30.1,29.1,29,29.1,29.1
7/21/18 20:00,28.6,29.6,29.6,29.6,29.1,30.1,29.6,29.1,29,29.1,29.1
7/21/18 21:00,28.6,29.1,29.6,29.6,29.1,29.6,29.6,28.6,29.5,29.6,29.6
7/21/18 22:00,28.1,29.1,29.6,29.6,28.6,29.6,29.1,28.1,29.5,29.6,29.1
7/21/18 23:00,28.1,28.6,29.6,29.1,28.1,29.1,28.6,27.6,29,29.1,29.1
7/22/18 0:00,28.1,28.6,29.6,28.6,28.1,28.6,28.6,27.6,29,29.1,29.1
7/22/18 1:00,28.1,28.6,29.1,28.6,28.1,28.6,28.6,27.6,28.5,29.1,28.6
7/22/18 2:00,27.6,28.1,29.1,28.6,28.1,28.6,28.6,27.1,29,29.1,28.6
7/22/18 3:00,27.1,27.6,29.1,28.6,28.1,28.6,28.6,27.1,28.5,28.6,28.6
7/22/18 4:00,27.1,27.6,29.1,28.6,28.1,28.6,28.1,27.1,28.5,28.6,28.6
7/22/18 5:00,28.6,28.1,30.1,29.6,29.1,29.6,37.6,29.1,30,31.1,32.6
7/22/18 6:00,30.6,29.6,32.6,30.6,30.1,31.1,32.1,31.1,31.5,34.6,33.6
7/22/18 7:00,32.6,30.1,34.1,32.1,32.1,31.6,36.1,33.1,32,36.1,34.6
7/22/18 8:00,33.6,31.1,34.6,33.1,33.1,32.6,35.1,34.1,32.5,35.6,34.6
7/22/18 9:00,36.1,32.1,36.1,34.6,34.6,33.6,36.6,34.6,34,36.6,35.1
7/22/18 10:00,36.1,33.1,36.6,34.6,37.6,34.6,37.1,35.6,34,36.6,36.6
7/22/18 11:00,34.1,34.6,33.1,35.1,35.1,34.1,35.1,33.6,34.5,34.6,33.6
7/22/18 12:00,32.6,33.1,34.6,34.6,34.6,32.6,34.6,33.6,34,37.6,35.1
7/22/18 13:00,29.6,32.1,37.1,36.6,33.6,32.1,32.6,30.6,35,39.6,38.1
7/22/18 14:00,32.1,32.6,36.1,34.1,33.1,32.1,32.6,31.1,34,36.6,35.1
7/22/18 15:00,32.1,35.1,36.6,35.6,33.1,34.1,33.1,31.6,34.5,38.1,36.1
7/22/18 16:00,30.1,31.1,32.6,32.6,31.1,31.6,31.6,30.6,32,33.6,32.6
7/22/18 17:00,30.6,31.6,32.6,33.1,31.1,31.6,31.6,30.1,33,32.6,32.1
7/22/18 18:00,29.6,30.6,32.1,32.1,30.1,30.6,31.1,30.1,32,32.1,32.1
7/22/18 19:00,29.1,30.1,31.1,30.6,30.6,31.1,31.1,29.6,31.5,30.1,31.1
7/22/18 20:00,27.6,29.1,28.1,27.1,28.6,28.6,28.6,28.1,27,28.1,28.6
7/22/18 21:00,27.1,28.1,27.6,27.1,27.6,28.1,28.6,27.1,27,27.6,28.1
7/22/18 22:00,26.6,28.1,28.1,27.6,27.6,28.6,28.1,26.1,27.5,27.6,28.1
7/22/18 23:00,26.6,28.1,28.1,27.6,27.6,28.1,28.1,26.1,27.5,28.1,28.1
7/23/18 0:00,26.1,27.6,28.6,27.6,27.1,28.1,27.6,26.1,27.5,28.1,28.1
7/23/18 1:00,26.1,28.1,28.6,27.6,27.1,28.1,27.6,25.6,27.5,28.1,28.1
7/23/18 2:00,26.6,28.1,28.6,27.6,27.1,28.1,28.1,26.1,27.5,28.6,28.1
7/23/18 3:00,26.6,27.6,28.6,28.1,27.6,28.1,27.6,27.1,28,28.1,28.1
7/23/18 4:00,26.6,27.6,28.6,28.1,27.1,28.1,27.6,26.6,28,28.6,28.1
7/23/18 5:00,28.1,28.1,30.6,29.6,28.1,29.1,30.1,27.6,30,30.1,30.6
7/23/18 6:00,30.1,29.1,32.1,30.6,30.1,30.6,34.6,29.6,31.5,32.1,31.1
7/23/18 7:00,32.6,30.1,28.6,32.1,32.1,31.1,36.1,31.6,31,29.1,30.6
7/23/18 8:00,33.1,30.6,34.1,34.1,32.1,31.6,33.6,32.1,33.5,34.1,32.6
7/23/18 9:00,34.1,31.1,34.1,34.6,35.1,32.6,34.1,34.1,33.5,35.1,33.1
7/23/18 10:00,35.1,33.1,35.1,35.6,35.6,34.1,33.6,33.6,33.5,38.6,35.1
7/23/18 11:00,36.1,34.6,35.1,35.1,38.1,34.1,35.6,35.6,34.5,36.6,34.6
7/23/18 12:00,34.6,35.6,36.1,35.1,33.1,34.1,34.1,33.1,34.5,37.1,34.6
7/23/18 13:00,24.6,23.6,26.1,27.1,23.6,25.1,25.1,26.1,25.5,25.6,25.6
7/23/18 14:00,23.6,24.1,27.1,25.6,24.1,25.1,24.1,23.6,26,27.1,26.6
7/23/18 15:00,24.1,25.1,29.6,26.1,24.6,26.6,25.1,24.1,27,29.6,27.1
7/23/18 16:00,26.1,29.1,30.6,29.1,27.6,29.6,26.6,25.1,29,30.6,28.1
7/23/18 17:00,25.1,26.6,28.6,28.1,25.6,27.6,26.6,24.6,28,28.6,28.1
7/23/18 18:00,25.1,26.1,28.1,27.6,25.6,27.6,26.1,24.6,28,28.1,27.6
7/23/18 19:00,25.1,26.1,28.1,27.6,25.6,27.6,26.1,24.6,27.5,28.1,27.6
7/23/18 20:00,25.1,26.6,28.1,27.6,26.1,27.6,26.6,25.1,27.5,27.6,27.6
7/23/18 21:00,25.1,26.6,28.6,28.1,25.6,27.6,26.6,25.1,28,28.1,28.1
7/23/18 22:00,25.6,27.1,28.6,28.1,26.1,27.6,26.6,25.1,28,28.6,27.6
7/23/18 23:00,25.6,27.6,28.6,28.1,26.6,28.1,26.6,24.6,28,28.6,28.1
7/24/18 0:00,24.1,25.1,28.1,27.6,24.1,26.1,24.1,23.1,27.5,28.1,27.6
7/24/18 1:00,23.6,24.1,27.1,26.1,24.1,26.1,24.6,24.1,26.5,26.6,26.1
7/24/18 2:00,24.1,24.6,26.6,26.6,24.1,26.6,24.6,24.1,26.5,26.6,26.6
7/24/18 3:00,24.6,25.6,27.6,26.6,24.6,26.6,24.6,24.1,26.5,27.1,26.6
7/24/18 4:00,25.1,26.6,27.6,27.1,25.1,27.1,25.6,24.1,27,27.6,27.1
7/24/18 5:00,26.6,27.6,30.6,30.1,26.6,28.6,37.6,26.1,31,30.1,30.1
7/24/18 6:00,28.6,28.6,32.1,31.6,28.6,30.1,36.1,27.6,32,31.6,30.1
7/24/18 7:00,29.6,29.6,35.6,32.6,30.6,31.6,34.1,29.6,31.5,34.1,31.1
7/24/18 8:00,28.6,31.1,29.6,32.1,30.1,31.6,28.6,26.1,32,28.6,26.1
7/24/18 9:00,26.6,26.6,29.6,27.1,28.1,27.6,28.1,26.6,26.5,30.6,28.1
7/24/18 10:00,26.6,28.6,29.1,27.6,25.1,28.1,27.1,27.1,27.5,28.6,27.1
7/24/18 11:00,29.1,27.1,26.1,24.6,28.1,26.6,30.1,30.6,24.5,25.1,24.1
7/24/18 12:00,26.6,29.6,26.1,26.6,24.6,27.1,27.6,27.6,26,26.1,24.6
7/24/18 13:00,25.1,24.1,25.6,24.1,24.1,24.1,26.6,25.6,23.5,25.6,24.6
7/24/18 14:00,27.1,26.1,27.6,26.6,27.1,26.1,29.6,28.1,25.5,28.1,27.6
7/24/18 15:00,27.6,28.1,29.1,28.1,29.6,27.6,30.6,29.1,27.5,30.6,29.1
7/24/18 16:00,28.1,29.6,31.1,28.6,30.6,28.6,30.6,29.1,28.5,33.1,30.1
7/24/18 17:00,27.1,28.1,29.1,27.6,28.6,27.6,29.6,28.6,28,29.6,28.1
7/24/18 18:00,26.1,28.1,26.6,27.6,27.6,27.1,28.6,26.6,27,26.6,26.6
7/24/18 19:00,25.6,27.6,27.1,26.6,27.1,27.1,28.1,26.1,26.5,27.1,26.6
7/24/18 20:00,25.1,27.1,27.1,26.6,27.1,27.1,28.1,25.6,26,27.1,26.6
7/24/18 21:00,25.1,27.1,27.1,26.1,26.6,27.1,27.6,25.6,26,27.1,26.6
7/24/18 22:00,25.1,27.1,27.1,26.1,26.6,26.6,27.1,25.6,25.5,27.1,26.6
7/24/18 23:00,25.1,27.1,27.1,26.1,26.6,27.1,27.1,25.6,26,27.1,26.6
7/25/18 0:00,24.6,27.1,27.1,26.1,26.6,27.1,27.1,25.1,26,27.1,27.1
7/25/18 1:00,24.6,27.1,27.6,26.1,26.1,26.6,27.1,25.1,26,27.1,26.6
7/25/18 2:00,25.1,27.1,27.6,26.1,26.6,27.1,27.1,25.6,26,27.1,26.6
7/25/18 3:00,24.6,27.1,27.6,26.1,26.1,27.1,27.1,25.1,26,27.1,26.1
7/25/18 4:00,24.6,27.1,27.6,26.1,26.1,27.1,26.6,25.1,26,27.6,26.6
7/25/18 5:00,26.6,27.6,29.6,29.1,27.6,28.6,39.1,27.6,31,29.6,31.6
7/25/18 6:00,29.6,29.1,35.6,31.1,29.6,30.1,37.6,29.1,32,36.6,34.1
7/25/18 7:00,31.1,29.6,36.6,32.6,31.1,31.1,35.1,31.6,33.5,34.1,32.6
7/25/18 8:00,33.1,30.6,36.1,34.6,32.6,32.1,36.1,33.1,33.5,35.6,33.6
7/25/18 9:00,33.1,32.1,37.1,33.6,35.1,32.1,35.1,33.1,35,37.6,35.1
7/25/18 10:00,32.6,33.1,36.6,35.6,35.6,32.6,35.1,33.1,34.5,37.6,36.6
7/25/18 11:00,34.6,34.6,31.1,32.1,35.6,33.1,34.1,34.6,28,31.1,32.1
7/25/18 12:00,34.6,35.1,27.1,25.6,35.6,33.6,34.6,33.6,24.5,28.6,30.1
7/25/18 13:00,32.1,31.1,32.6,26.6,35.1,30.6,35.1,33.6,26.5,33.6,32.6
7/25/18 14:00,31.1,28.1,31.1,27.1,32.6,30.6,33.1,31.6,27,32.1,30.1
7/25/18 15:00,27.6,29.1,30.6,30.1,32.1,31.1,32.1,31.1,29,31.6,30.6
7/25/18 16:00,28.1,30.1,31.1,29.1,31.1,30.6,32.1,30.1,28.5,33.6,31.6
7/25/18 17:00,27.6,30.6,30.6,29.6,30.1,30.6,31.1,29.1,29,31.1,30.6
7/25/18 18:00,27.6,30.1,30.1,29.1,29.6,30.1,30.6,28.6,28.5,30.1,30.1
7/25/18 19:00,26.6,30.1,30.1,28.6,29.1,29.6,30.1,27.6,28,30.1,29.6
7/25/18 20:00,26.6,29.6,29.6,28.6,28.6,29.1,29.6,27.1,28,29.6,29.6
7/25/18 21:00,26.1,29.1,29.6,28.1,28.6,29.1,29.6,26.6,28,29.6,29.1
7/25/18 22:00,26.1,29.1,29.6,28.1,28.1,29.1,29.1,26.6,27.5,29.1,29.1
7/25/18 23:00,25.6,28.6,29.1,27.6,28.1,28.6,28.6,26.6,27.5,29.1,28.6
7/26/18 0:00,25.6,28.1,29.1,27.6,27.6,28.6,28.6,26.1,27,28.6,28.1
7/26/18 1:00,25.6,28.1,28.6,27.1,27.6,28.1,28.1,26.1,27,28.1,28.1
7/26/18 2:00,25.1,28.1,28.1,26.6,27.1,27.6,27.6,25.6,26.5,27.6,28.1
7/26/18 3:00,25.1,28.1,28.1,26.6,26.6,27.6,27.6,25.6,26,27.6,27.6
7/26/18 4:00,25.1,28.1,28.1,26.6,26.6,27.6,27.1,25.1,26,27.6,27.6
7/26/18 5:00,27.1,28.6,31.1,29.1,28.6,29.1,39.6,27.6,30,31.1,32.1
7/26/18 6:00,30.1,29.6,36.1,31.6,30.1,31.1,39.1,30.1,32.5,37.6,32.6
7/26/18 7:00,31.6,30.6,35.6,32.1,31.6,31.6,35.1,32.1,33,35.6,33.6
7/26/18 8:00,32.1,31.1,36.1,34.6,34.1,33.1,35.1,33.6,32.5,35.6,35.1
7/26/18 9:00,32.6,31.6,35.1,35.6,34.6,32.6,34.6,34.1,33,36.6,34.6
7/26/18 10:00,33.6,33.6,35.1,36.1,35.6,34.1,34.6,33.1,32.5,35.6,36.6
7/26/18 11:00,34.1,35.6,28.6,30.1,36.1,33.6,33.6,34.6,29,31.6,32.6
7/26/18 12:00,32.6,35.1,31.6,31.6,32.1,32.1,32.6,31.6,31,33.6,32.6
7/26/18 13:00,31.1,32.1,32.6,31.1,31.6,31.6,31.6,30.6,31,33.1,33.6
7/26/18 14:00,29.6,31.1,32.1,30.6,30.6,30.6,31.1,30.1,30.5,32.1,32.1
7/26/18 15:00,30.1,31.6,32.6,31.6,30.6,31.1,31.1,29.1,31.5,32.6,32.1
7/26/18 16:00,29.6,31.1,34.6,32.6,31.1,31.1,31.6,29.6,33,34.6,32.6
7/26/18 17:00,29.6,30.6,32.1,31.1,30.6,30.6,31.1,29.6,31,31.6,31.6
7/26/18 18:00,28.6,30.6,31.6,30.6,29.6,30.1,30.1,28.6,30.5,31.1,31.1
7/26/18 19:00,28.6,30.1,27.1,27.6,29.1,29.6,29.6,28.1,27.5,26.6,26.6
7/26/18 20:00,26.1,26.1,25.6,24.1,24.1,26.6,24.1,24.1,25,25.1,25.1
7/26/18 21:00,25.6,27.1,26.1,24.6,24.6,27.1,25.1,24.6,25.5,25.6,25.1
7/26/18 22:00,25.6,27.1,26.1,24.6,24.6,26.6,25.1,24.6,25.5,26.1,25.6
7/26/18 23:00,25.6,26.6,26.6,25.1,24.6,26.6,24.6,24.6,25.5,26.1,26.1
7/27/18 0:00,25.6,27.1,26.6,24.6,24.6,26.6,25.1,24.6,25.5,26.1,26.1
7/27/18 1:00,25.6,27.1,26.6,25.1,24.6,27.1,25.1,24.6,25.5,26.6,26.1
7/27/18 2:00,25.6,27.1,26.6,24.6,24.1,26.6,25.1,24.6,25.5,26.1,26.1
7/27/18 3:00,25.1,27.1,26.6,24.6,24.1,26.6,25.1,24.1,25.5,26.1,26.1
7/27/18 4:00,25.1,27.6,27.1,25.1,24.1,26.6,25.1,24.1,25.5,26.6,26.1
7/27/18 5:00,26.6,28.6,29.6,28.6,25.6,28.1,33.1,25.6,29.5,29.6,31.1
7/27/18 6:00,29.6,30.1,35.6,30.6,27.1,30.6,34.1,27.1,33,36.6,31.6
7/27/18 7:00,31.1,30.6,33.6,30.6,28.1,32.1,35.1,27.6,32,35.1,32.6
7/27/18 8:00,33.1,31.1,28.1,34.6,28.6,32.1,32.1,28.6,31,27.1,25.6
7/27/18 9:00,32.1,31.6,35.1,34.6,29.6,32.1,33.1,30.6,32,34.1,29.6
7/27/18 10:00,32.6,30.6,25.1,29.6,29.1,31.1,31.6,29.6,27.5,24.6,23.1
7/27/18 11:00,27.1,27.1,24.6,27.1,24.6,27.6,27.1,25.1,26.5,24.6,23.6
7/27/18 12:00,29.6,30.1,26.1,29.1,28.1,30.1,30.6,28.1,28,26.6,25.1
7/27/18 13:00,32.1,33.1,28.1,30.6,31.1,32.1,32.1,30.1,28,28.6,25.6
7/27/18 14:00,30.6,32.1,32.6,32.1,30.1,31.6,31.6,29.6,31,32.6,27.1
7/27/18 15:00,30.1,31.6,31.1,31.6,29.6,31.1,31.1,29.1,31,31.6,30.6
7/27/18 16:00,30.1,31.1,30.6,31.1,29.6,30.6,30.6,29.1,30.5,30.6,30.1
7/27/18 17:00,29.1,31.1,30.6,30.1,29.1,30.1,30.1,28.6,30,30.1,29.6
7/27/18 18:00,29.1,30.1,29.6,30.1,28.6,29.6,29.6,27.1,29.5,29.6,29.1
7/27/18 19:00,28.6,30.1,29.6,29.6,28.1,29.6,29.6,26.6,29.5,29.1,28.6
7/27/18 20:00,29.1,30.1,29.6,29.6,28.1,29.1,29.1,27.1,29.5,29.1,28.6
7/27/18 21:00,28.6,29.6,28.6,28.1,28.6,29.1,29.6,27.6,28,28.6,28.1
7/27/18 22:00,28.6,29.6,27.6,27.6,27.6,28.6,29.1,27.1,27.5,27.6,27.1
7/27/18 23:00,28.1,28.6,27.6,27.6,27.1,28.6,28.6,27.1,27,27.1,26.6
7/28/18 0:00,28.1,28.6,27.1,27.6,26.6,28.6,28.1,26.1,27,27.1,26.6
7/28/18 1:00,28.1,28.6,27.1,27.1,26.6,28.1,27.6,25.6,27,26.6,26.6
7/28/18 2:00,28.1,28.6,27.1,26.6,26.6,28.1,27.6,25.6,26.5,26.6,26.6
7/28/18 3:00,27.6,27.6,26.6,26.6,26.1,27.6,27.6,25.6,26,26.6,26.6
7/28/18 4:00,27.6,28.1,26.6,26.6,26.1,28.1,27.1,26.1,26.5,26.6,26.6
7/28/18 5:00,29.6,29.6,30.1,28.1,26.6,29.1,27.6,26.1,27.5,30.6,29.6
7/28/18 6:00,29.1,29.1,36.1,28.6,26.6,28.1,28.6,26.6,28,38.1,29.6
7/28/18 7:00,30.1,29.1,32.6,29.1,29.6,29.1,36.1,31.1,28,32.6,30.6
7/28/18 8:00,31.1,30.6,33.1,32.6,32.1,32.1,37.1,30.6,31,34.6,34.6
7/28/18 9:00,33.6,31.6,36.1,33.6,32.1,32.6,34.1,31.1,32.5,35.6,33.6
7/28/18 10:00,34.1,33.1,34.1,34.6,35.6,34.1,34.6,33.1,33.5,32.1,34.1
7/28/18 11:00,32.1,33.1,31.1,31.6,31.1,32.1,32.6,31.1,31.5,30.6,27.1
7/28/18 12:00,29.1,25.1,28.6,25.6,27.6,28.1,29.1,28.1,27,28.6,25.6
7/28/18 13:00,29.1,28.1,28.1,26.6,30.1,29.6,30.6,29.1,28,28.6,28.1
7/28/18 14:00,29.1,28.6,29.6,28.1,30.1,30.1,31.1,29.6,29,29.1,29.6
7/28/18 15:00,28.6,28.6,28.6,27.6,29.6,29.6,30.1,29.6,28,29.1,28.6
7/28/18 16:00,29.1,29.1,29.1,28.6,29.6,29.6,30.1,29.1,28.5,28.6,28.6
7/28/18 17:00,27.6,28.6,28.1,28.1,28.6,29.1,28.6,27.6,28,28.1,28.1
7/28/18 18:00,27.6,28.1,28.1,27.6,27.6,28.6,28.1,27.1,27.5,27.6,27.6
7/28/18 19:00,27.1,28.1,27.6,27.6,27.6,28.1,28.1,26.6,27.5,27.6,27.6
7/28/18 20:00,27.1,28.1,27.6,27.1,27.1,28.1,28.1,26.1,27,27.1,27.1
7/28/18 21:00,27.1,28.1,27.1,27.1,27.1,28.1,27.6,26.1,27,27.1,27.1
7/28/18 22:00,27.1,27.6,28.1,27.1,27.1,28.1,27.6,27.1,27,27.6,27.1
7/28/18 23:00,27.6,27.6,27.6,27.1,27.1,28.1,27.6,27.1,27,27.1,26.6
7/29/18 0:00,27.6,27.6,27.6,27.6,27.1,28.1,27.6,27.1,27.5,27.6,27.1
7/29/18 1:00,27.6,28.1,27.6,27.6,27.1,28.1,27.6,26.6,27.5,27.6,27.1
7/29/18 2:00,26.6,27.6,27.1,27.1,26.6,28.1,27.1,26.1,27,27.1,26.6
7/29/18 3:00,26.6,27.1,27.1,26.6,26.1,27.6,27.1,25.6,26.5,26.6,26.6
7/29/18 4:00,25.6,27.1,27.1,26.1,25.6,27.6,26.6,25.1,26.5,26.6,26.6
7/29/18 5:00,25.6,27.1,27.6,26.1,26.1,27.6,27.1,25.1,26.5,27.6,27.1
7/29/18 6:00,29.1,28.1,29.1,28.1,28.1,28.6,29.6,27.6,27.5,29.1,28.1
7/29/18 7:00,31.6,29.1,32.1,30.1,29.1,30.1,31.1,29.6,29.5,32.1,31.6
7/29/18 8:00,28.6,30.6,34.6,33.1,28.1,29.6,27.6,26.6,33,35.6,33.1
7/29/18 9:00,24.1,24.1,26.6,24.6,24.6,24.6,24.6,24.1,24,25.6,25.1
7/29/18 10:00,25.1,25.1,25.6,25.1,25.6,25.6,25.6,24.6,24.5,25.6,25.6
7/29/18 11:00,26.6,25.6,28.1,27.1,25.6,25.6,26.1,25.1,26.5,27.6,26.6
7/29/18 12:00,28.1,27.6,29.1,28.1,27.1,26.6,27.6,25.6,26.5,29.1,28.1
7/29/18 13:00,26.6,27.6,30.1,28.1,27.6,26.6,27.6,26.1,27,30.1,28.6
7/29/18 14:00,27.1,27.6,31.6,28.6,28.6,27.1,28.6,26.6,28,31.6,30.6
7/29/18 15:00,27.6,28.1,30.6,28.6,29.1,27.6,29.1,27.1,28,30.6,30.1
7/29/18 16:00,27.1,29.6,30.1,28.6,28.6,28.1,28.6,27.6,28.5,31.1,29.6
7/29/18 17:00,26.1,28.1,29.1,27.6,27.1,27.1,28.1,26.6,27.5,28.6,28.1
7/29/18 18:00,25.6,27.6,28.6,27.1,26.6,27.1,27.6,25.6,27,28.1,27.6
7/29/18 19:00,26.1,27.6,28.1,27.1,26.1,26.6,27.1,25.6,27,28.1,27.1
7/29/18 20:00,25.1,27.6,28.1,26.6,26.1,26.6,26.6,25.1,27,27.6,27.1
7/29/18 21:00,25.1,27.6,28.1,26.6,25.6,26.6,26.6,25.1,26.5,27.6,27.1
7/29/18 22:00,25.6,27.1,27.6,26.6,25.6,26.6,26.1,25.6,26.5,27.6,26.6
7/29/18 23:00,24.6,26.1,27.1,26.1,25.1,26.1,25.6,24.6,26.5,26.6,26.1
7/30/18 0:00,24.1,25.6,26.6,25.6,24.6,25.6,25.1,24.1,25.5,26.1,25.6
7/30/18 1:00,23.6,25.1,26.1,25.1,24.1,25.6,25.1,23.6,25,25.6,25.6
7/30/18 2:00,23.6,25.1,25.6,24.6,24.1,25.6,25.1,23.6,25,25.1,25.1
7/30/18 3:00,23.6,25.6,25.6,25.1,24.6,25.6,25.1,24.1,25,25.6,25.6
7/30/18 4:00,24.1,26.1,26.1,25.1,24.6,25.6,25.6,24.1,25,26.1,25.6
7/30/18 5:00,27.1,27.6,28.6,27.1,26.1,26.6,27.6,25.6,27.5,28.6,28.6
7/30/18 6:00,24.6,25.1,28.1,25.1,26.1,25.6,26.6,25.6,24.5,28.1,27.6
7/30/18 7:00,26.1,26.1,27.1,26.6,26.6,27.1,28.6,27.1,25.5,27.1,26.1
7/30/18 8:00,27.6,27.6,29.6,28.6,30.1,28.6,31.6,30.1,27.5,30.1,28.6
7/30/18 9:00,28.6,29.1,31.6,31.1,29.1,29.6,30.6,29.6,30,31.6,29.1
7/30/18 10:00,26.6,27.1,28.6,27.6,31.1,28.6,30.6,29.6,27.5,28.6,26.6
7/30/18 11:00,25.6,26.6,28.1,27.1,30.6,29.1,31.1,29.6,26.5,28.1,26.1
7/30/18 12:00,24.1,24.1,27.1,26.1,24.6,24.6,24.6,24.1,26,27.1,25.6
7/30/18 13:00,25.1,25.1,28.1,27.1,25.1,25.1,25.1,25.1,27,28.1,26.6
7/30/18 14:00,26.1,26.6,29.6,29.1,27.1,26.6,26.6,26.1,28.5,29.6,29.1
7/30/18 15:00,26.6,27.6,30.1,29.6,28.1,27.1,28.1,26.6,29.5,30.6,29.1
7/30/18 16:00,26.1,28.1,29.6,29.1,27.1,26.6,27.6,26.1,28.5,29.6,28.6
7/30/18 17:00,25.6,27.6,28.6,28.1,26.6,26.6,27.1,26.1,28,28.6,27.6
7/30/18 18:00,25.1,27.6,28.1,27.6,26.1,26.6,26.6,25.6,27.5,27.6,27.1
7/30/18 19:00,25.1,27.1,27.6,27.1,25.6,26.1,26.6,25.1,27,27.6,27.1
7/30/18 20:00,24.6,27.1,27.6,26.6,25.6,26.1,26.1,24.6,26.5,27.1,26.6
7/30/18 21:00,24.6,27.1,27.1,26.6,25.6,26.1,26.1,24.6,26.5,26.6,26.6
7/30/18 22:00,24.6,27.1,26.6,26.1,25.1,25.6,26.1,24.1,26,26.6,26.6
7/30/18 23:00,23.6,25.1,26.6,25.1,25.1,25.6,26.1,23.1,25.5,26.6,26.1
7/31/18 0:00,24.1,25.6,25.6,25.6,24.6,25.6,25.6,23.1,25.5,25.6,25.6
7/31/18 1:00,24.1,25.6,26.1,25.1,25.1,25.6,26.1,23.6,25,25.6,25.6
7/31/18 2:00,24.6,25.6,26.1,25.1,25.1,25.1,26.6,24.1,25,25.6,25.6
7/31/18 3:00,26.6,27.1,26.1,25.1,26.1,25.6,27.1,24.6,25,26.1,25.6
7/31/18 4:00,26.6,27.6,26.6,26.6,26.6,26.6,27.6,25.6,26,26.6,26.1
7/31/18 5:00,27.1,27.6,28.6,28.1,27.1,27.1,28.1,26.6,27.5,28.6,28.1
7/31/18 6:00,28.6,29.1,30.6,29.1,28.6,28.1,29.6,27.6,29,31.1,29.6
7/31/18 7:00,30.1,29.6,33.6,30.1,29.1,30.1,31.1,29.6,30.5,34.6,32.6
7/31/18 8:00,29.6,30.1,32.1,31.1,30.1,30.1,31.1,30.6,31.5,32.1,32.1
7/31/18 9:00,31.1,30.6,34.6,32.6,31.6,31.1,31.6,31.1,32.5,36.6,32.1
7/31/18 10:00,32.1,32.1,34.1,34.1,32.6,32.6,32.6,31.6,33,35.1,35.6
7/31/18 11:00,32.6,33.1,34.1,33.6,34.6,31.6,32.1,32.1,32.5,35.1,34.6
7/31/18 12:00,31.6,32.6,33.6,34.1,34.1,31.6,32.6,32.1,33,34.1,34.1
7/31/18 13:00,32.1,33.6,35.6,33.6,33.6,31.6,32.6,31.6,32.5,34.1,34.1
7/31/18 14:00,31.1,32.6,34.1,33.6,34.1,31.6,33.1,31.6,32,34.1,33.1
7/31/18 15:00,30.6,33.6,33.6,32.6,32.6,32.1,31.6,30.1,32,34.6,33.1
7/31/18 16:00,29.1,31.1,31.6,30.6,30.1,30.1,30.1,29.1,30.5,31.1,31.1
7/31/18 17:00,28.6,24.6,30.6,30.1,29.1,28.6,29.6,28.6,30,30.6,30.6
7/31/18 18:00,28.1,26.6,30.1,29.6,28.6,28.1,29.1,27.6,29,29.6,29.6
7/31/18 19:00,27.6,27.1,29.6,29.1,28.6,28.6,29.1,27.1,29,29.6,29.6
7/31/18 20:00,27.6,27.1,29.1,26.1,28.1,26.6,28.6,27.1,27,29.1,27.6
7/31/18 21:00,27.6,27.1,27.6,25.6,27.1,27.1,28.1,26.6,26.5,26.6,26.6
7/31/18 22:00,28.1,27.6,27.6,26.1,27.6,27.6,28.1,26.6,27,27.1,27.1
7/31/18 23:00,26.6,27.6,28.1,26.1,28.1,27.1,28.1,27.6,27,27.6,27.6
8/1/18 0:00,27.6,27.6,27.6,26.1,27.1,26.1,27.1,26.6,27,27.1,27.1
8/1/18 1:00,28.1,27.6,27.6,26.1,27.1,26.6,27.6,26.6,27,27.1,27.1
8/1/18 2:00,27.6,28.1,28.1,26.6,27.1,26.6,27.6,27.1,27,27.6,27.6
8/1/18 3:00,28.1,27.6,28.1,27.1,27.1,27.1,28.1,27.1,27,27.6,27.1
8/1/18 4:00,28.1,28.1,28.6,26.6,25.6,27.1,26.6,26.1,27,27.6,27.1
8/1/18 5:00,28.1,28.6,29.1,27.6,27.1,28.1,27.1,26.1,28,28.6,27.6
8/1/18 6:00,28.6,28.6,31.1,28.1,27.1,28.1,29.6,27.1,28,33.1,30.1
8/1/18 7:00,30.6,30.1,35.6,30.6,28.1,30.1,31.1,28.6,30.5,34.1,31.1
8/1/18 8:00,30.1,27.6,33.6,32.6,31.1,30.1,33.1,31.1,33,32.6,34.1
8/1/18 9:00,32.1,29.6,32.1,32.1,32.6,31.6,32.1,32.1,29,32.1,31.6
8/1/18 10:00,32.6,31.1,33.6,33.6,34.1,32.6,33.1,32.6,32,34.1,34.6
8/1/18 11:00,33.1,31.6,33.6,34.1,33.1,31.6,32.6,31.6,32,34.1,33.1
8/1/18 12:00,32.1,33.1,33.6,30.6,33.6,31.6,32.6,32.1,32.5,33.6,33.1
8/1/18 13:00,33.1,32.6,31.6,30.1,33.6,32.1,33.1,32.1,28.5,32.6,32.1
8/1/18 14:00,30.6,32.1,32.1,30.6,31.6,31.6,31.6,30.6,30,32.1,32.6
8/1/18 15:00,30.1,31.1,31.6,30.6,31.1,30.6,30.6,30.1,30,31.6,32.1
8/1/18 16:00,29.6,30.1,31.1,30.1,29.6,29.6,30.6,29.1,29.5,30.6,30.6
8/1/18 17:00,29.1,29.6,28.1,29.6,28.6,28.6,28.6,27.1,29.5,28.6,29.1
8/1/18 18:00,28.6,29.1,28.6,27.1,26.6,28.1,27.1,25.6,27.5,28.6,29.1
8/1/18 19:00,28.6,29.1,28.6,27.6,27.1,28.1,28.1,26.1,27.5,28.6,29.1
8/1/18 20:00,28.1,29.1,28.1,28.1,27.6,28.1,28.1,26.6,28,28.1,28.1
8/1/18 21:00,27.6,28.6,28.1,27.6,27.6,28.1,28.1,26.6,27.5,28.1,27.6
8/1/18 22:00,27.6,27.6,28.1,27.1,27.1,27.6,27.6,26.6,27.5,28.1,27.6
8/1/18 23:00,27.6,26.6,27.6,27.1,27.1,27.6,27.6,26.6,27,27.6,27.6
8/2/18 0:00,27.1,27.1,28.1,27.1,26.6,27.6,27.6,26.1,27,27.6,27.6
8/2/18 1:00,27.1,27.6,27.6,26.6,26.6,27.1,27.6,25.6,27,27.1,27.1
8/2/18 2:00,27.1,27.6,27.6,27.1,27.1,27.1,27.6,25.6,27,27.1,27.1
8/2/18 3:00,27.6,27.6,27.1,26.6,26.6,27.6,27.6,26.1,27,26.6,27.1
8/2/18 4:00,27.6,27.6,27.6,26.1,26.1,27.1,27.6,25.6,26.5,26.6,27.1
8/2/18 5:00,27.6,28.6,30.6,28.6,27.1,28.1,29.1,26.1,29,30.6,31.6
8/2/18 6:00,28.6,28.6,31.6,27.1,29.1,28.6,31.1,29.1,27.5,33.1,31.6
8/2/18 7:00,28.6,29.1,32.6,28.6,28.6,29.1,29.6,28.1,28.5,33.6,32.1
8/2/18 8:00,32.1,30.6,35.1,32.1,32.1,31.1,32.6,31.6,32.5,34.1,33.6
8/2/18 9:00,32.6,30.6,34.1,32.6,31.1,31.6,31.6,31.1,32.5,37.1,34.1
8/2/18 10:00,33.6,32.1,34.6,34.1,33.6,33.6,32.1,31.6,32.5,35.6,35.1
8/2/18 11:00,34.1,32.1,34.1,34.1,34.1,31.1,32.6,32.1,32.5,35.1,33.1
8/2/18 12:00,33.1,34.6,34.6,33.6,33.1,32.1,32.1,32.1,32.5,35.6,34.1
8/2/18 13:00,34.1,34.1,34.6,32.6,33.1,32.6,32.1,32.6,32,34.6,33.6
8/2/18 14:00,32.1,35.1,34.6,32.6,36.1,32.1,32.6,32.1,32.5,35.6,32.6
8/2/18 15:00,31.1,34.1,34.1,32.6,33.1,32.1,30.6,30.1,32.5,34.1,32.1
8/2/18 16:00,30.1,33.6,31.6,31.6,32.1,32.1,30.6,29.6,31.5,31.6,32.1
8/2/18 17:00,29.6,30.6,30.6,30.1,29.6,30.1,29.6,29.1,30,30.6,30.6
8/2/18 18:00,29.1,30.1,30.1,27.6,29.1,29.6,29.6,28.6,29.5,30.1,30.1
8/2/18 19:00,29.1,30.1,30.1,28.6,29.1,29.6,29.6,28.6,29.5,30.1,29.6
8/2/18 20:00,26.6,25.1,29.6,28.6,27.1,24.6,27.6,27.6,29.5,29.6,28.6
8/2/18 21:00,28.1,26.1,29.6,28.1,27.1,25.1,27.6,26.1,29,29.1,28.6
8/2/18 22:00,28.6,27.1,29.6,28.6,28.1,26.1,29.1,28.1,29,29.1,29.1
8/2/18 23:00,28.1,27.6,29.1,28.6,27.6,26.1,28.1,27.6,28.5,29.1,28.6
8/3/18 0:00,28.1,28.1,29.1,28.6,27.1,26.1,28.1,26.6,28.5,28.6,28.6
8/3/18 1:00,28.1,28.1,28.6,28.1,27.1,26.1,27.6,26.1,28.5,28.6,28.6
8/3/18 2:00,28.1,28.1,28.1,27.6,27.1,26.1,28.1,26.1,28,28.1,28.1
8/3/18 3:00,28.1,28.1,28.1,28.1,27.6,26.1,28.1,27.1,28,27.6,28.1
8/3/18 4:00,28.1,28.6,28.6,26.6,28.1,26.1,28.6,27.6,27,28.1,25.1
8/3/18 5:00,28.6,29.1,29.6,27.1,29.1,27.1,35.1,28.6,26.5,29.6,27.6
8/3/18 6:00,30.1,29.6,30.6,29.6,30.1,29.1,31.6,29.6,31,38.1,31.1
8/3/18 7:00,31.1,30.1,33.1,30.6,28.1,30.6,29.6,30.1,31,33.1,31.1
8/3/18 8:00,32.1,30.6,33.6,32.1,30.6,31.1,31.6,29.6,32,35.1,33.1
8/3/18 9:00,32.6,31.1,34.1,31.1,32.1,31.1,32.1,32.1,33,37.1,32.6
8/3/18 10:00,33.6,32.6,33.6,33.1,32.1,32.6,31.6,32.6,32,35.6,35.6
8/3/18 11:00,33.6,34.1,34.6,33.1,33.6,32.1,32.1,32.1,32.5,35.6,33.1
8/3/18 12:00,33.6,34.1,33.6,32.6,34.1,32.6,32.6,32.6,32.5,35.6,33.6
8/3/18 13:00,33.6,35.1,33.6,32.1,32.6,32.1,31.6,32.1,32,36.1,33.1
8/3/18 14:00,32.1,33.1,34.1,32.1,32.6,32.1,31.6,32.6,32,35.6,32.1
8/3/18 15:00,31.6,34.6,34.6,31.6,32.1,32.1,31.1,30.6,31.5,33.6,31.6
8/3/18 16:00,30.1,31.6,32.6,31.6,31.6,29.6,31.1,29.6,31,33.1,31.6
8/3/18 17:00,25.1,29.1,29.6,28.6,26.6,28.6,26.6,24.1,30,29.6,30.1
8/3/18 18:00,26.1,30.1,29.6,29.6,27.6,29.1,27.6,25.1,30,29.6,30.1
8/3/18 19:00,24.6,29.6,29.1,29.1,27.6,28.6,28.1,25.6,29.5,29.1,29.6
8/3/18 20:00,25.6,26.6,29.6,28.1,27.6,28.1,28.1,25.1,29,29.1,28.6
8/3/18 21:00,26.1,28.1,29.6,28.6,27.6,28.6,28.6,25.1,29,29.1,29.1
8/3/18 22:00,26.1,28.6,29.1,28.6,28.1,28.6,28.1,25.1,29,29.1,29.1
8/3/18 23:00,26.6,28.6,29.1,28.6,27.1,28.6,27.6,25.1,29,28.6,28.6
8/4/18 0:00,26.6,25.6,28.6,25.1,26.1,27.6,26.6,23.1,27,28.1,25.1
8/4/18 1:00,26.1,26.1,28.1,25.1,26.1,27.6,26.6,24.1,27.5,27.6,25.6
8/4/18 2:00,26.1,24.6,27.6,24.6,25.6,25.6,26.6,24.1,26,27.1,24.6
8/4/18 3:00,25.6,25.6,27.6,24.6,26.1,25.6,27.1,24.6,26.5,27.1,25.1
8/4/18 4:00,27.1,25.6,27.6,25.1,26.1,25.6,27.1,24.1,26.5,27.6,26.6
8/4/18 5:00,28.1,26.6,29.6,27.6,28.6,28.1,33.1,26.6,29.5,30.1,29.1
8/4/18 6:00,28.6,28.1,31.6,29.6,29.1,28.6,32.6,27.6,31,33.1,30.1
8/4/18 7:00,30.1,28.6,32.6,30.1,30.1,30.1,32.6,30.1,31,33.1,31.1
8/4/18 8:00,31.6,29.6,33.1,32.6,31.1,31.6,32.6,31.1,32,34.1,32.6
8/4/18 9:00,32.6,30.6,34.6,32.1,32.1,31.6,31.1,32.1,32,34.1,32.6
8/4/18 10:00,33.1,32.1,34.1,34.1,33.1,33.1,32.6,31.6,32,34.6,35.6
8/4/18 11:00,33.6,34.1,33.6,33.6,34.6,32.1,32.6,32.6,32.5,35.1,34.6
8/4/18 12:00,32.6,33.6,34.1,32.6,32.6,32.1,31.6,31.1,33,35.1,33.6
8/4/18 13:00,33.6,34.1,34.6,33.1,33.1,32.6,32.6,32.6,32,35.6,33.1
8/4/18 14:00,32.1,36.1,33.6,32.6,33.1,32.6,33.1,31.1,32,35.6,31.6
8/4/18 15:00,31.1,34.1,33.6,32.1,32.1,32.6,31.1,30.1,32,34.6,31.6
8/4/18 16:00,30.1,31.6,32.1,31.1,30.1,31.6,30.1,29.1,31,33.1,31.1
8/4/18 17:00,29.1,30.6,30.1,29.6,29.1,29.6,29.6,28.6,30,30.1,30.1
8/4/18 18:00,29.1,30.1,30.1,29.6,28.6,29.1,29.1,28.6,29.5,29.6,29.6
8/4/18 19:00,29.1,30.6,30.1,29.6,29.1,29.6,29.6,28.6,28.5,29.6,28.1
8/4/18 20:00,29.1,29.6,29.1,27.1,28.1,28.1,28.6,28.1,28,29.1,29.1
8/4/18 21:00,28.6,29.6,29.1,28.6,28.6,28.1,29.6,28.6,28.5,28.6,29.1
8/4/18 22:00,28.6,29.6,29.1,28.6,28.6,28.1,29.1,28.6,28.5,29.1,29.1
8/4/18 23:00,28.6,29.1,28.6,28.1,28.6,28.6,29.1,28.1,28.5,29.1,28.6
8/5/18 0:00,28.1,29.1,28.6,28.1,28.1,28.1,28.6,27.6,28,28.6,28.6
8/5/18 1:00,28.1,28.6,28.6,27.6,28.1,28.1,28.6,27.6,27.5,28.1,28.1
8/5/18 2:00,27.6,29.1,27.6,28.1,27.6,28.1,28.6,27.6,28,27.6,27.6
8/5/18 3:00,27.6,28.6,27.6,27.6,27.1,27.6,28.1,26.6,27.5,27.1,28.1
8/5/18 4:00,27.6,29.1,27.6,27.6,27.1,27.6,28.1,26.1,27.5,27.6,27.6
8/5/18 5:00,28.6,29.1,30.1,29.6,28.1,28.6,29.1,28.1,30,29.6,28.6
8/5/18 6:00,30.1,29.6,32.1,30.1,29.1,31.1,33.6,29.1,30,38.1,31.1
8/5/18 7:00,31.1,30.6,25.1,31.1,31.1,32.1,32.6,31.1,30.5,25.6,25.6
8/5/18 8:00,32.1,30.6,31.1,32.1,31.6,32.1,33.1,31.6,32,32.6,31.6
8/5/18 9:00,32.6,31.1,33.6,32.6,32.6,32.1,33.1,31.6,33,37.1,33.1
8/5/18 10:00,28.6,28.1,32.6,32.1,32.6,30.6,31.1,30.1,32,34.6,35.1
8/5/18 11:00,30.6,31.1,34.1,33.6,32.1,30.1,31.1,31.1,32.5,36.1,33.1
8/5/18 12:00,33.1,34.1,34.6,32.6,33.6,32.1,32.6,33.1,32,35.1,32.1
8/5/18 13:00,35.1,35.1,33.6,32.6,33.6,32.6,32.6,33.1,32,34.6,32.1
8/5/18 14:00,32.1,36.1,34.1,32.6,34.1,32.6,33.6,33.1,32,36.1,32.1
8/5/18 15:00,31.1,35.1,32.6,31.6,33.1,32.6,31.6,30.1,31.5,34.1,31.6
8/5/18 16:00,30.6,35.6,32.6,31.1,31.6,32.1,31.1,29.6,31.5,33.6,30.6
8/5/18 17:00,29.1,31.1,30.6,29.6,29.6,30.1,30.1,29.1,30,30.1,29.6
8/5/18 18:00,29.1,30.6,30.1,29.6,29.1,29.6,29.6,28.6,29.5,29.6,29.6
8/5/18 19:00,28.6,30.1,29.6,29.6,29.1,29.6,29.6,28.1,29.5,29.6,29.1
8/5/18 20:00,28.6,30.1,29.6,29.1,28.6,29.1,29.1,28.1,29,29.6,29.1
8/5/18 21:00,26.1,29.1,29.1,29.1,27.6,28.1,28.6,26.1,29,28.6,28.6
8/5/18 22:00,27.1,25.6,29.1,28.6,27.6,27.1,28.1,26.1,28.5,28.6,28.6
8/5/18 23:00,25.6,26.1,28.6,27.6,25.1,26.6,27.1,26.1,28,28.1,28.1
8/6/18 0:00,26.1,25.1,27.6,26.6,25.6,26.6,26.6,26.1,27,27.1,27.1
8/6/18 1:00,25.6,26.6,27.1,26.6,25.6,26.1,26.1,25.6,27,26.6,27.1
8/6/18 2:00,25.6,26.6,27.1,26.1,25.6,26.1,26.6,25.6,26.5,26.6,27.1
8/6/18 3:00,25.6,26.6,27.1,26.1,25.6,26.1,26.6,24.6,26,26.6,26.6
8/6/18 4:00,25.1,27.1,26.6,26.1,25.6,26.6,26.6,24.6,26,26.6,26.6
8/6/18 5:00,26.6,28.1,29.1,29.1,27.1,28.1,41.1,27.1,29.5,28.6,29.6
8/6/18 6:00,29.6,29.6,34.6,29.1,29.1,30.1,34.6,29.6,31.5,33.1,31.1
8/6/18 7:00,30.6,29.6,34.6,30.6,30.6,30.6,33.1,31.6,31.5,33.1,31.6
8/6/18 8:00,32.1,30.1,34.6,32.6,31.6,31.1,33.6,33.1,31.5,33.1,32.6
8/6/18 9:00,33.1,30.6,34.6,31.6,32.6,31.6,33.6,33.1,32,36.1,32.6
8/6/18 10:00,33.6,32.1,35.1,33.6,33.6,32.6,33.6,33.1,32.5,35.1,33.1
8/6/18 11:00,33.1,33.6,35.1,33.1,33.6,32.6,33.1,33.1,32,34.6,32.1
8/6/18 12:00,33.6,34.1,35.1,33.6,34.6,32.6,34.6,33.6,33,34.6,32.1
8/6/18 13:00,32.1,33.1,36.1,33.1,33.6,32.1,33.6,32.6,32,34.6,32.6
8/6/18 14:00,32.6,33.6,35.6,32.6,32.6,32.6,35.1,33.1,32,34.6,32.1
8/6/18 15:00,31.1,32.1,34.1,31.6,31.6,31.6,32.1,30.6,31,33.1,31.6
8/6/18 16:00,29.6,32.1,33.6,30.6,30.1,30.6,30.6,29.6,30.5,33.1,30.6
8/6/18 17:00,28.6,30.6,30.6,29.6,29.1,29.6,29.6,28.6,29.5,30.1,29.6
8/6/18 18:00,28.6,30.1,29.6,29.1,28.6,29.1,29.1,28.6,29,29.6,29.1
8/6/18 19:00,28.6,30.1,29.6,29.1,28.6,29.1,29.1,28.1,29,29.1,29.1
8/6/18 20:00,28.6,29.6,29.6,29.1,28.6,28.6,29.1,28.1,29,29.1,29.1
8/6/18 21:00,28.6,29.6,29.6,29.1,28.6,29.1,29.1,28.6,29,29.1,29.1
8/6/18 22:00,28.6,29.6,29.6,29.1,28.6,29.1,29.1,28.6,29,29.1,29.1
8/6/18 23:00,27.6,28.6,29.1,28.1,27.6,28.6,28.1,27.6,28.5,28.6,27.6
8/7/18 0:00,28.1,28.6,29.1,28.1,27.6,28.6,28.1,27.1,28.5,28.6,28.1
8/7/18 1:00,28.1,28.6,28.6,28.1,27.1,28.1,28.1,27.1,28,28.1,28.1
8/7/18 2:00,27.6,28.1,28.6,27.6,27.1,28.1,27.6,26.6,28,28.1,28.1
8/7/18 3:00,27.6,28.1,28.1,27.1,26.6,27.6,27.6,26.1,27,27.6,27.6
8/7/18 4:00,27.6,28.1,28.1,27.1,26.6,27.6,28.1,25.6,27,27.6,27.6
8/7/18 5:00,28.6,28.6,30.6,29.1,28.1,28.6,32.6,27.6,30,30.6,30.6
8/7/18 6:00,30.1,29.6,31.6,30.1,30.1,30.1,32.6,29.6,32,40.1,32.1
8/7/18 7:00,30.6,30.1,31.6,32.1,31.6,31.6,32.6,31.6,32.5,33.6,31.1
8/7/18 8:00,31.6,31.1,33.6,31.6,30.6,32.6,31.6,29.6,32,35.6,34.1
8/7/18 9:00,29.1,29.6,30.1,30.1,29.1,27.6,29.6,29.6,30,33.1,30.1
8/7/18 10:00,31.1,32.6,31.1,31.6,32.6,30.1,32.6,32.6,31.5,33.1,36.6
8/7/18 11:00,32.1,33.6,33.6,33.6,33.6,32.1,32.6,32.6,32.5,34.1,33.6
8/7/18 12:00,32.6,34.1,33.1,32.1,35.1,32.6,32.1,33.1,31.5,34.6,34.6
8/7/18 13:00,34.1,34.1,33.1,33.6,33.1,32.1,32.1,32.6,32,33.6,33.1
8/7/18 14:00,31.6,35.6,32.1,32.6,35.1,32.6,33.1,31.1,31.5,32.1,32.6
8/7/18 15:00,30.6,34.1,34.1,33.1,32.1,33.1,31.1,30.1,32,32.6,32.6
8/7/18 16:00,30.6,33.1,31.6,31.6,31.6,32.1,31.1,30.1,31.5,32.6,32.1
8/7/18 17:00,29.1,30.6,31.1,30.6,29.6,30.1,30.1,29.1,30.5,31.1,30.6
8/7/18 18:00,29.1,30.1,30.6,29.6,29.1,30.1,29.6,28.6,30,30.1,30.1
8/7/18 19:00,29.1,30.1,30.1,29.6,29.1,29.6,29.6,28.6,29.5,30.1,29.6
8/7/18 20:00,28.6,29.6,30.1,29.1,29.1,29.6,29.1,28.6,29.5,29.6,29.6
8/7/18 21:00,28.1,29.1,29.6,29.1,28.6,29.1,29.1,28.1,29.5,29.6,29.6
8/7/18 22:00,27.1,29.6,29.6,28.6,28.1,29.1,29.1,26.6,29,29.1,29.1
8/7/18 23:00,27.1,29.1,29.1,28.6,27.6,28.6,28.6,26.1,28.5,29.1,29.1
8/8/18 0:00,26.6,29.1,28.6,28.1,27.6,28.6,28.6,25.6,28.5,28.6,28.6
8/8/18 1:00,26.6,28.6,28.6,28.1,27.1,28.1,28.6,25.6,28,28.6,28.6
8/8/18 2:00,26.6,28.6,28.6,27.6,27.1,28.1,28.1,25.6,27.5,28.1,28.1
8/8/18 3:00,26.1,28.6,28.1,27.6,27.1,28.1,28.1,25.6,27.5,27.6,28.1
8/8/18 4:00,26.1,28.6,28.1,27.6,26.6,28.1,28.1,25.6,27.5,28.1,28.1
8/8/18 5:00,28.1,29.1,31.1,29.6,28.6,29.1,33.1,27.6,30,30.1,31.1
8/8/18 6:00,29.1,29.6,33.6,31.1,30.1,30.1,36.1,30.1,33,37.6,33.1
8/8/18 7:00,30.6,30.1,35.6,31.1,31.1,31.1,32.6,31.6,33.5,32.6,33.6
8/8/18 8:00,32.6,30.6,34.1,32.6,32.6,32.1,33.6,32.1,32.5,33.6,35.1
8/8/18 9:00,32.6,31.1,35.6,34.1,33.1,31.6,33.1,33.6,34,36.1,35.6
8/8/18 10:00,34.1,32.6,35.6,34.6,34.6,32.6,33.6,33.6,33.5,35.6,36.6
8/8/18 11:00,33.6,34.1,36.1,34.6,35.6,32.6,33.6,34.1,33,36.6,36.1
8/8/18 12:00,33.6,34.6,35.1,33.1,35.1,33.1,34.1,33.6,33.5,36.1,36.1
8/8/18 13:00,35.1,35.1,35.1,34.1,35.1,33.1,33.1,33.6,33.5,35.6,36.1
8/8/18 14:00,31.6,35.6,34.6,33.1,33.6,33.1,33.6,33.1,33,34.6,34.6
8/8/18 15:00,31.1,34.1,35.1,33.6,34.1,33.1,32.1,31.1,32.5,34.6,34.1
8/8/18 16:00,30.1,34.1,33.6,32.6,31.6,32.1,31.6,30.1,32,33.6,32.6
8/8/18 17:00,29.6,31.1,31.1,30.6,29.6,30.1,30.1,29.1,30.5,31.1,31.1
8/8/18 18:00,29.1,30.1,30.6,30.1,29.6,30.1,29.6,28.6,30,30.6,30.6
8/8/18 19:00,28.6,30.1,30.6,29.6,29.1,29.6,29.6,27.6,29.5,30.1,30.1
8/8/18 20:00,28.6,29.6,30.1,29.6,28.6,29.6,29.1,27.1,29.5,29.6,29.6
8/8/18 21:00,28.1,29.6,29.6,29.1,28.1,29.1,29.1,27.1,29,29.6,29.6
8/8/18 22:00,27.6,29.1,29.1,28.6,28.1,28.6,28.6,26.6,29,29.1,29.1
8/8/18 23:00,27.1,29.6,28.6,28.6,27.6,28.6,28.6,26.1,28.5,28.1,28.1
8/9/18 0:00,26.6,29.1,28.6,28.1,27.6,28.6,28.6,26.1,28,28.1,28.1
8/9/18 1:00,26.6,28.6,28.1,28.1,27.6,28.6,28.6,26.1,28,27.6,27.6
8/9/18 2:00,26.6,28.6,28.1,27.6,27.1,28.1,28.1,25.6,27.5,27.6,27.6
8/9/18 3:00,26.1,28.1,27.6,27.6,27.1,28.1,27.6,25.6,27.5,27.6,27.6
8/9/18 4:00,26.1,28.1,28.1,27.1,26.6,28.1,27.6,25.6,27,27.6,27.6
8/9/18 5:00,27.1,28.6,30.6,29.1,28.1,28.6,33.6,27.1,29,30.1,30.1
8/9/18 6:00,29.6,29.6,34.6,31.1,29.6,30.1,37.6,30.1,31.5,38.1,32.1
8/9/18 7:00,31.1,30.6,36.1,32.1,31.6,31.1,33.1,32.1,32.5,35.6,34.1
8/9/18 8:00,32.6,31.6,34.1,32.6,33.1,32.1,34.6,33.1,32.5,37.1,33.6
8/9/18 9:00,32.6,32.6,36.6,34.1,34.1,32.6,34.6,34.6,33.5,38.1,34.1
8/9/18 10:00,35.1,33.6,34.6,33.1,35.6,33.6,34.6,34.6,32.5,34.6,33.1
8/9/18 11:00,34.6,35.1,34.1,33.1,36.6,33.1,34.6,34.6,32,34.1,34.6
8/9/18 12:00,33.6,34.6,34.1,33.6,36.6,33.6,34.6,34.1,33.5,36.1,36.6
8/9/18 13:00,36.6,36.1,33.1,34.6,35.6,33.6,34.1,34.1,32.5,33.6,35.6
8/9/18 14:00,31.6,32.1,24.1,24.6,31.6,31.1,31.6,32.1,23.5,24.1,23.1
8/9/18 15:00,24.6,23.6,24.6,24.1,23.6,24.6,23.6,23.6,23.5,24.6,23.6
8/9/18 16:00,25.1,25.6,25.6,24.6,24.6,26.1,25.1,25.1,23.5,25.6,25.1
8/9/18 17:00,25.6,27.1,26.1,25.6,24.6,27.1,25.6,25.1,24.5,26.6,26.1
8/9/18 18:00,25.6,27.1,27.1,26.6,25.1,27.1,26.1,25.1,25,26.6,26.6
8/9/18 19:00,25.6,27.1,27.1,25.6,25.1,27.1,26.1,25.1,25,27.1,27.1
8/9/18 20:00,25.6,27.1,26.6,26.1,25.1,27.6,26.1,25.1,24.5,26.6,26.6
8/9/18 21:00,25.6,27.6,26.6,25.6,25.1,27.6,26.1,25.1,25,26.6,27.1
8/9/18 22:00,25.6,28.1,26.6,26.1,25.1,27.1,26.1,24.6,25,26.6,27.1
8/9/18 23:00,25.1,27.6,26.6,26.1,24.6,27.1,26.1,24.6,25,26.6,26.6
8/10/18 0:00,25.1,27.1,26.1,25.6,24.6,27.1,25.6,24.6,25,26.1,26.1
8/10/18 1:00,25.1,26.6,26.6,25.6,24.6,26.6,25.6,24.1,24.5,26.1,26.1
8/10/18 2:00,24.6,27.1,26.1,25.1,24.6,26.6,25.6,24.1,24.5,25.6,26.1
8/10/18 3:00,24.6,26.6,26.1,25.1,24.6,26.6,25.6,24.1,24.5,25.6,26.1
8/10/18 4:00,24.6,26.6,26.1,25.1,24.6,26.1,25.1,24.1,24.5,25.6,26.1
8/10/18 5:00,25.6,27.6,29.6,27.6,25.6,27.6,34.1,25.6,27.5,29.6,29.6
8/10/18 6:00,29.1,28.1,34.6,29.6,26.6,29.6,38.6,28.1,31,40.1,31.1
8/10/18 7:00,30.1,29.1,35.1,31.1,28.1,30.6,34.6,30.6,31.5,36.1,31.6
8/10/18 8:00,32.6,30.1,35.1,32.6,31.6,31.6,35.6,32.6,32,33.1,33.6
8/10/18 9:00,32.1,31.1,34.6,33.6,33.1,32.1,34.6,33.6,33,37.6,33.1
8/10/18 10:00,32.6,33.1,35.6,35.1,33.6,32.6,34.6,31.6,33.5,36.6,35.6
8/10/18 11:00,34.1,33.6,36.1,35.1,37.6,34.1,36.6,37.1,35,35.1,35.1
8/10/18 12:00,31.6,32.1,37.1,31.6,37.1,33.6,34.1,32.1,31.5,37.1,35.6
8/10/18 13:00,23.1,25.6,31.1,26.6,25.6,27.6,24.6,23.6,29.5,30.1,32.1
8/10/18 14:00,25.1,27.1,31.6,28.6,26.6,28.1,24.6,24.6,30.5,31.6,31.1
8/10/18 15:00,25.1,27.6,25.6,25.6,27.1,27.6,26.1,25.1,25.5,25.1,24.6
8/10/18 16:00,22.1,22.6,24.6,23.1,22.1,24.1,22.1,22.1,23,23.6,23.6
8/10/18 17:00,22.6,23.1,24.1,23.1,22.6,24.1,22.6,22.6,23,23.6,23.6
8/10/18 18:00,23.1,22.6,24.1,23.1,22.6,23.6,23.1,23.1,23,23.6,23.6
8/10/18 19:00,23.1,23.1,24.1,23.1,22.6,24.1,22.6,22.6,23,23.6,24.1
8/10/18 20:00,23.1,23.1,24.1,23.1,22.6,24.1,23.1,22.6,23,24.1,24.1
8/10/18 21:00,22.6,23.1,24.1,23.6,22.6,23.6,23.1,22.6,23,24.1,24.1
8/10/18 22:00,22.6,23.1,24.1,23.1,22.6,24.1,23.1,22.6,23,24.1,24.1
8/10/18 23:00,22.6,23.6,25.1,23.6,22.6,23.6,23.1,22.6,23.5,24.1,24.6
8/11/18 0:00,22.6,23.6,25.1,23.1,22.6,23.6,23.1,22.1,23.5,24.1,24.6
8/11/18 1:00,22.1,24.1,25.1,23.6,23.1,24.1,23.1,22.1,23.5,24.6,24.1
8/11/18 2:00,22.1,23.6,24.6,23.1,23.1,23.6,23.1,22.1,23.5,24.6,24.6
8/11/18 3:00,22.1,24.1,24.6,23.6,22.6,23.6,23.1,22.1,23.5,24.6,24.6
8/11/18 4:00,22.1,24.1,25.1,23.6,22.6,23.6,23.1,22.1,23.5,24.6,24.6
8/11/18 5:00,23.6,24.6,27.6,25.1,23.6,24.6,29.1,23.6,26,28.1,26.1
8/11/18 6:00,25.6,25.6,32.1,27.6,24.6,25.1,35.1,25.6,27.5,37.6,28.1
8/11/18 7:00,27.6,27.1,34.6,30.1,26.6,26.6,32.6,27.6,29.5,34.1,30.6
8/11/18 8:00,29.6,28.6,34.6,32.1,29.1,28.6,32.1,29.6,30.5,32.6,31.6
8/11/18 9:00,32.1,29.6,34.6,33.6,31.6,29.6,33.6,32.6,32.5,41.6,32.1
8/11/18 10:00,32.1,32.6,36.1,34.6,33.1,30.1,33.6,31.6,33,33.1,33.1
8/11/18 11:00,32.1,32.6,34.6,32.6,33.6,30.1,32.6,32.1,31,35.6,35.1
8/11/18 12:00,32.1,33.6,24.6,29.1,30.1,30.6,31.1,30.1,24.5,24.1,25.1
8/11/18 13:00,22.6,22.6,25.1,24.1,23.1,23.1,23.6,23.1,24.5,25.1,24.6
8/11/18 14:00,23.6,23.1,25.6,24.1,23.1,23.1,23.6,23.6,24.5,26.1,25.1
8/11/18 15:00,24.6,24.1,26.1,25.1,24.1,24.6,24.1,24.1,25,26.1,25.1
8/11/18 16:00,24.6,25.1,26.1,25.1,24.1,25.1,24.6,24.1,25,26.1,25.1
8/11/18 17:00,24.1,24.6,25.6,25.1,23.6,24.6,24.1,23.6,25,25.6,25.1
8/11/18 18:00,24.1,24.6,25.6,24.6,23.6,24.6,24.1,23.6,24.5,25.6,25.1
8/11/18 19:00,23.6,24.6,25.6,25.1,23.6,24.6,24.1,23.6,24.5,25.6,25.1
8/11/18 20:00,23.6,24.6,25.6,24.6,23.6,24.6,24.1,23.6,24,25.6,25.1
8/11/18 21:00,23.6,24.6,25.6,24.6,23.1,24.1,23.6,23.6,24.5,25.6,25.1
8/11/18 22:00,23.1,24.6,25.6,24.1,23.1,24.1,23.6,23.1,24.5,25.6,25.1
8/11/18 23:00,23.1,24.6,25.6,24.1,23.1,24.1,23.6,22.6,24,25.6,24.6
8/12/18 0:00,23.1,24.6,25.6,24.1,23.1,23.6,23.6,22.6,24,25.1,24.6
8/12/18 1:00,23.1,24.6,25.1,23.6,23.1,23.6,23.6,22.6,24,24.6,24.6
8/12/18 2:00,22.6,24.6,25.1,23.6,22.6,23.6,23.6,22.6,23.5,24.6,24.6
8/12/18 3:00,22.6,24.6,25.1,23.6,22.6,23.6,23.6,22.6,23.5,25.1,24.6
8/12/18 4:00,22.6,25.6,25.1,24.1,22.6,23.6,23.1,22.6,24,24.6,24.1
8/12/18 5:00,24.1,25.6,27.6,26.6,23.6,24.6,29.6,23.6,27,28.1,26.1
8/12/18 6:00,27.1,26.6,34.6,28.6,25.1,25.6,37.1,25.6,28.5,38.1,28.1
8/12/18 7:00,29.1,27.6,34.6,30.1,26.6,26.6,34.1,27.6,31,34.6,30.1
8/12/18 8:00,30.6,28.6,34.1,32.6,27.1,27.1,33.6,30.1,32,34.1,31.1
8/12/18 9:00,31.1,29.6,34.6,33.6,28.6,30.1,32.1,30.1,34,42.1,32.1
8/12/18 10:00,32.6,31.6,34.1,34.6,32.6,31.1,33.1,32.6,33.5,35.1,33.6
8/12/18 11:00,27.6,30.6,32.1,31.6,30.6,29.1,28.6,27.6,30.5,31.6,28.6
8/12/18 12:00,23.1,23.1,27.1,24.1,24.1,23.6,24.1,23.6,24,26.6,27.1
8/12/18 13:00,31.1,29.1,31.6,28.1,29.1,25.6,28.1,27.6,26,31.6,30.6
8/12/18 14:00,28.6,31.6,32.6,30.6,32.6,25.6,32.6,29.1,29.5,34.1,30.6
8/12/18 15:00,28.6,32.1,35.6,31.6,32.6,28.6,31.6,28.6,30.5,33.6,30.6
8/12/18 16:00,28.1,32.6,33.6,32.1,31.1,33.1,31.6,27.6,31.5,32.6,30.6
8/12/18 17:00,27.1,29.1,29.6,29.6,28.1,27.6,29.1,26.6,29.5,29.6,29.6
8/12/18 18:00,26.1,28.6,29.6,28.6,27.1,26.6,28.1,25.6,28.5,29.1,28.6
8/12/18 19:00,26.1,28.1,29.1,28.1,27.1,26.6,27.6,26.1,28,28.6,28.6
8/12/18 20:00,25.6,28.1,29.1,27.6,27.1,27.1,27.6,25.1,28,28.6,28.1
8/12/18 21:00,26.1,28.1,28.6,27.6,26.6,26.6,27.1,25.6,27.5,28.1,28.1
8/12/18 22:00,26.1,28.1,28.6,27.1,26.1,26.6,27.1,24.6,27.5,28.1,27.6
8/12/18 23:00,25.6,27.6,28.1,27.1,25.6,26.1,26.6,24.6,27,27.6,27.6
8/13/18 0:00,25.1,27.6,27.6,26.6,25.1,26.1,26.1,24.1,26.5,27.1,27.1
8/13/18 1:00,24.6,27.6,27.1,26.6,25.6,25.6,26.1,24.1,26.5,26.6,27.1
8/13/18 2:00,24.6,27.1,27.1,26.1,25.1,25.6,25.6,24.1,26,26.6,26.6
8/13/18 3:00,25.1,26.6,27.1,25.6,24.6,25.6,25.6,24.1,25.5,26.6,26.6
8/13/18 4:00,24.6,26.6,26.6,25.6,24.6,25.6,25.6,24.1,25.5,26.1,26.6
8/13/18 5:00,26.1,27.6,29.6,27.6,26.6,26.6,27.1,25.6,26.5,29.6,28.1
8/13/18 6:00,28.1,28.1,37.1,29.6,27.1,28.6,36.6,26.6,31,38.6,30.6
8/13/18 7:00,27.6,25.6,31.1,28.1,28.1,28.1,30.1,26.6,29.5,30.6,30.1
8/13/18 8:00,29.6,27.6,29.1,27.6,31.1,26.6,32.6,30.6,26,28.6,32.1
8/13/18 9:00,32.1,29.6,34.1,31.6,33.6,27.6,33.6,31.6,30,37.1,28.1
8/13/18 10:00,32.6,32.1,35.1,34.1,33.6,28.1,33.6,31.6,31.5,35.1,34.6
8/13/18 11:00,32.1,33.1,34.6,34.1,34.6,29.6,33.1,32.6,33,35.1,34.6
8/13/18 12:00,31.6,34.1,35.6,34.1,35.1,30.6,33.6,33.1,33.5,35.6,34.1
8/13/18 13:00,33.6,34.1,35.6,34.6,34.1,31.1,32.6,32.1,33.5,35.1,34.1
8/13/18 14:00,31.1,34.1,35.1,33.1,34.1,31.6,33.6,32.6,32.5,35.1,33.1
8/13/18 15:00,30.6,33.1,35.1,32.6,32.6,31.6,32.1,30.1,32.5,33.1,32.1
8/13/18 16:00,29.1,31.6,32.1,31.1,29.6,30.6,30.6,29.1,31,31.6,30.6
8/13/18 17:00,28.6,30.1,30.6,30.1,29.1,29.1,29.6,28.6,30,30.6,30.1
8/13/18 18:00,28.6,30.1,30.6,29.6,28.6,28.6,29.6,28.1,29.5,30.1,29.6
8/13/18 19:00,28.1,29.6,30.1,29.1,28.6,28.6,29.1,27.6,29,30.1,29.6
8/13/18 20:00,28.1,29.1,29.1,29.1,28.1,28.1,29.1,27.1,29,28.6,29.1
8/13/18 21:00,27.6,29.1,29.1,28.6,27.6,27.6,28.6,26.1,28.5,29.1,28.6
8/13/18 22:00,27.6,28.6,29.1,28.1,27.1,27.6,28.1,26.1,28.5,29.1,28.6
8/13/18 23:00,27.1,28.6,29.1,28.1,27.1,27.1,28.1,25.6,28,28.6,28.6
8/14/18 0:00,27.1,28.6,28.6,27.6,26.6,27.1,27.6,25.6,27.5,28.1,28.1
8/14/18 1:00,26.6,28.6,28.1,27.6,26.6,27.1,27.6,25.1,27.5,28.1,28.1
8/14/18 2:00,26.1,28.1,27.6,27.1,26.1,26.6,27.1,25.1,27,27.6,28.1
8/14/18 3:00,26.1,28.1,27.6,27.1,26.1,26.6,27.6,25.1,27,27.6,27.6
8/14/18 4:00,26.1,28.6,28.1,27.1,26.1,26.6,27.1,24.6,27,27.6,27.6
8/14/18 5:00,27.6,29.1,30.1,28.6,27.1,27.1,31.1,26.1,30,30.6,29.1
8/14/18 6:00,29.6,30.1,30.1,28.1,30.1,30.1,34.6,29.6,27.5,30.1,29.1
8/14/18 7:00,30.6,30.1,29.6,29.6,30.6,31.1,33.6,31.1,30.5,29.6,29.1
8/14/18 8:00,31.1,31.1,27.1,32.1,32.6,31.6,33.1,30.6,31,28.6,32.1
8/14/18 9:00,32.1,31.1,32.6,32.6,33.1,31.6,33.1,32.1,32.5,36.1,34.1
8/14/18 10:00,34.1,33.1,34.1,34.6,33.6,31.6,34.1,31.6,32.5,36.1,35.6
8/14/18 11:00,33.1,33.1,33.6,32.6,35.1,32.6,33.6,33.6,33.5,35.6,32.6
8/14/18 12:00,33.1,35.6,33.1,35.1,34.6,32.1,33.1,32.6,33.5,35.1,32.6
8/14/18 13:00,34.6,35.6,32.6,33.1,34.1,32.6,33.1,32.1,33,33.6,34.1
8/14/18 14:00,31.6,35.6,34.1,32.1,33.6,32.6,33.6,31.1,32,35.1,33.1
8/14/18 15:00,31.1,32.6,33.1,31.1,32.1,31.6,31.6,30.1,31.5,33.6,32.1
8/14/18 16:00,30.1,33.1,32.1,31.1,31.1,31.1,31.1,29.6,31,32.1,31.1
8/14/18 17:00,29.1,30.6,30.6,30.1,29.6,29.6,30.1,28.6,30,30.1,30.1
8/14/18 18:00,29.1,30.1,30.1,29.6,29.1,29.1,29.6,27.6,29.5,30.1,29.6
8/14/18 19:00,28.6,30.1,29.6,29.6,29.1,29.1,29.6,27.6,29.5,29.6,29.6
8/14/18 20:00,28.6,29.6,29.6,29.1,28.6,28.6,29.1,28.1,29,29.1,28.1
8/14/18 21:00,28.1,29.6,29.1,29.1,28.1,28.6,29.1,27.1,29,29.1,28.6
8/14/18 22:00,27.1,29.6,29.1,29.1,27.6,28.6,28.6,26.6,29,28.6,28.6
8/14/18 23:00,28.6,29.6,28.6,29.1,27.1,28.1,28.1,26.1,29,28.1,28.6
8/15/18 0:00,28.6,29.6,28.6,28.6,27.1,28.1,28.1,25.6,28.5,28.1,28.6
8/15/18 1:00,28.1,29.1,28.1,28.1,27.1,28.1,28.1,26.1,27.5,27.6,28.1
8/15/18 2:00,28.1,26.6,27.6,27.1,26.6,28.1,28.1,25.6,28,27.1,27.6
8/15/18 3:00,28.1,27.6,28.1,26.6,26.6,27.6,28.1,25.6,27,27.6,27.6
8/15/18 4:00,28.1,28.1,28.1,27.1,27.1,28.1,28.1,26.6,27.5,27.1,27.6
8/15/18 5:00,28.6,29.1,29.6,29.1,28.6,28.6,33.6,27.6,30,29.1,28.6
8/15/18 6:00,30.1,30.1,32.1,31.1,29.6,30.1,35.6,29.6,31.5,37.6,30.6
8/15/18 7:00,30.6,30.1,34.6,32.6,31.1,31.1,34.1,31.1,31.5,35.6,31.6
8/15/18 8:00,31.6,31.1,33.6,33.1,32.6,32.1,32.6,32.1,32.5,35.1,32.6
8/15/18 9:00,32.1,31.6,34.1,33.6,33.1,32.1,32.6,32.6,33,36.6,34.6
8/15/18 10:00,33.6,32.6,34.6,33.1,34.1,32.1,33.6,33.1,33.5,36.1,36.6
8/15/18 11:00,33.1,33.6,34.1,34.6,35.1,32.6,33.1,33.1,33,35.6,35.6
8/15/18 12:00,33.6,35.1,35.6,32.6,34.6,32.6,33.1,32.1,33,35.6,34.1
8/15/18 13:00,34.1,35.1,33.6,33.1,35.1,32.6,32.1,32.6,33,35.6,34.1
8/15/18 14:00,32.1,35.6,34.1,33.1,34.6,32.6,34.1,32.6,33,35.6,34.1
8/15/18 15:00,31.6,34.1,34.6,32.6,33.6,34.1,32.6,31.1,32,34.6,32.6
8/15/18 16:00,30.6,34.6,33.6,32.1,31.6,32.1,31.1,30.1,32,33.1,32.1
8/15/18 17:00,29.6,31.1,31.1,30.6,30.1,30.1,30.1,29.1,30.5,31.1,30.6
8/15/18 18:00,29.6,31.1,30.6,30.1,29.6,30.1,30.1,29.1,30,30.6,30.1
8/15/18 19:00,29.6,30.6,30.6,30.1,29.6,29.6,30.1,28.6,30,30.1,30.1
8/15/18 20:00,29.1,30.1,30.1,29.6,29.1,29.6,29.6,28.6,30,30.1,30.1
8/15/18 21:00,28.1,29.1,30.1,29.1,28.6,29.1,28.6,28.1,29.5,30.1,29.6
8/15/18 22:00,28.1,29.1,29.6,28.6,27.6,28.6,28.1,27.1,28.5,29.1,29.1
8/15/18 23:00,27.6,29.1,29.1,28.6,27.6,28.6,28.6,26.6,28.5,28.6,28.6
8/16/18 0:00,28.6,29.6,28.6,28.6,28.1,28.1,29.1,26.6,28.5,28.6,28.6
8/16/18 1:00,28.1,29.1,28.1,28.1,28.1,28.6,28.6,27.6,28,28.1,28.1
8/16/18 2:00,28.1,29.1,28.1,28.1,28.1,28.6,28.6,27.6,28,28.1,28.1
8/16/18 3:00,28.1,29.1,28.6,28.1,27.6,28.6,28.6,27.6,28,28.1,28.1
8/16/18 4:00,28.1,29.1,29.1,28.6,28.1,28.6,28.6,28.1,28.5,28.6,28.6
8/16/18 5:00,29.1,29.6,30.6,29.6,28.6,29.1,30.1,28.6,30.5,30.6,30.6
8/16/18 6:00,30.1,30.1,34.1,31.6,28.6,27.6,30.1,29.1,32,33.1,33.1
8/16/18 7:00,31.6,30.6,32.6,33.1,31.1,28.6,33.1,31.1,32.5,34.1,31.1
8/16/18 8:00,31.6,31.1,32.6,32.6,32.1,30.6,32.6,31.6,31.5,33.1,34.1
8/16/18 9:00,32.6,31.1,34.1,34.1,32.6,31.1,32.1,32.6,33,39.6,34.6
8/16/18 10:00,33.6,31.6,35.1,34.6,34.1,31.6,33.1,33.6,33.5,35.6,35.6
8/16/18 11:00,33.6,33.1,34.6,34.1,34.1,31.6,32.6,33.6,33,35.1,34.6
8/16/18 12:00,33.6,33.6,33.1,33.6,32.6,32.6,33.1,32.1,33.5,34.6,34.6
8/16/18 13:00,34.1,34.6,34.1,33.1,35.1,32.1,32.6,32.1,33,36.1,33.6
8/16/18 14:00,32.1,34.1,34.6,32.6,32.6,33.1,32.6,31.6,32.5,35.1,33.6
8/16/18 15:00,31.6,33.1,33.6,32.1,33.1,37.6,31.6,30.6,32,34.6,33.1
8/16/18 16:00,30.6,32.1,32.1,31.1,31.6,32.1,31.6,29.6,31.5,32.6,31.6
8/16/18 17:00,29.6,30.6,31.1,30.1,30.1,30.1,30.1,29.1,30.5,30.6,30.6
8/16/18 18:00,29.6,30.6,30.6,30.1,29.6,29.6,30.1,29.1,30,30.6,30.1
8/16/18 19:00,29.6,30.6,29.1,30.1,29.6,29.6,30.1,28.6,30,29.1,29.6
8/16/18 20:00,29.6,30.6,29.1,29.6,29.1,29.6,30.1,28.6,29.5,29.1,29.1
8/16/18 21:00,27.1,30.6,29.1,29.6,26.1,29.6,27.1,25.1,29.5,29.1,29.1
8/16/18 22:00,28.6,30.1,29.1,29.6,26.6,29.1,28.1,25.6,29.5,29.1,29.6
8/16/18 23:00,28.6,27.6,29.1,29.1,27.1,29.1,28.1,25.1,29,29.1,29.1
8/17/18 0:00,28.6,28.1,28.6,28.6,27.1,28.6,28.6,25.1,28.5,28.6,28.6
8/17/18 1:00,28.6,28.6,28.6,29.1,27.1,28.6,28.6,25.1,28.5,28.6,28.6
8/17/18 2:00,28.1,28.6,28.6,28.6,27.6,28.6,28.6,25.1,28.5,28.6,28.6
8/17/18 3:00,27.6,28.6,28.6,28.6,27.6,28.6,28.1,25.6,28.5,28.6,28.6
8/17/18 4:00,28.1,29.1,29.1,28.6,27.1,28.6,28.1,26.1,28.5,28.6,28.6
8/17/18 5:00,28.1,29.1,29.6,29.6,28.6,28.6,32.6,28.6,29,29.6,30.1
8/17/18 6:00,30.6,30.1,33.1,30.6,29.6,30.6,35.1,29.1,30.5,32.1,31.6
8/17/18 7:00,31.1,30.1,33.6,30.6,31.1,31.1,32.6,31.6,31,34.1,32.1
8/17/18 8:00,32.1,31.1,33.6,32.1,31.6,32.1,32.1,32.1,31.5,35.1,32.1
8/17/18 9:00,32.6,31.6,34.1,32.6,31.6,32.1,32.6,32.6,32.5,40.1,33.6
8/17/18 10:00,33.6,32.6,35.1,34.1,32.6,32.1,33.1,32.1,33.5,36.1,35.1
8/17/18 11:00,33.6,33.6,32.6,33.6,34.1,32.6,32.1,32.6,31.5,34.1,33.6
8/17/18 12:00,33.6,35.6,34.6,33.1,33.6,32.6,32.6,33.1,33.5,36.6,33.1
8/17/18 13:00,33.1,32.6,31.1,31.6,33.1,32.1,32.6,32.1,31,34.1,33.1
8/17/18 14:00,31.6,34.1,31.6,29.1,32.6,33.1,33.1,31.1,31,32.6,31.1
8/17/18 15:00,29.6,33.1,32.6,30.1,30.6,32.6,31.1,30.1,31,33.1,31.1
8/17/18 16:00,30.1,33.6,33.1,31.1,31.1,32.6,31.1,29.6,31,32.1,30.6
8/17/18 17:00,29.6,31.1,30.6,29.6,29.6,30.1,30.1,29.1,30,30.6,30.1
8/17/18 18:00,29.1,30.6,30.1,29.6,29.1,29.6,29.6,28.6,29.5,29.6,29.6
8/17/18 19:00,29.1,30.1,29.6,29.1,29.1,29.6,29.6,28.6,29.5,29.6,29.6
8/17/18 20:00,29.1,30.1,29.6,29.1,28.6,29.6,29.6,28.1,29.5,29.6,29.1
8/17/18 21:00,28.1,29.6,29.6,26.6,28.6,29.1,29.1,28.1,28.5,29.6,29.1
8/17/18 22:00,28.6,29.6,26.1,27.1,28.1,29.1,29.1,27.1,28,26.1,26.6
8/17/18 23:00,29.1,29.6,26.6,26.6,28.1,29.1,29.1,27.1,27.5,26.1,26.6
8/18/18 0:00,27.1,26.1,26.1,24.6,26.1,27.6,27.1,27.1,26,26.1,26.6
8/18/18 1:00,26.6,26.6,25.6,24.6,25.6,27.1,27.1,26.1,25,25.6,25.6
8/18/18 2:00,26.1,26.6,25.6,25.1,25.6,27.1,26.6,25.6,24.5,25.6,25.6
8/18/18 3:00,26.1,27.1,25.6,25.1,25.1,27.1,26.6,25.6,24.5,25.6,25.6
8/18/18 4:00,26.6,27.1,26.1,25.1,25.1,27.1,27.1,25.6,25,26.1,26.1
8/18/18 5:00,27.6,28.1,29.6,27.1,26.6,28.1,35.1,27.6,27,29.1,28.6
8/18/18 6:00,25.1,28.6,33.1,29.6,27.1,28.6,28.6,27.1,28,38.6,29.6
8/18/18 7:00,27.1,29.1,30.6,28.1,28.1,28.6,29.1,28.1,26.5,30.1,30.1
8/18/18 8:00,29.6,31.1,33.1,32.1,31.6,32.1,32.6,31.6,32,35.1,31.1
8/18/18 9:00,31.1,31.1,33.1,32.1,31.6,31.1,32.1,32.1,32,36.1,32.6
8/18/18 10:00,32.1,31.6,33.1,32.1,32.6,31.6,32.1,32.1,31,34.6,33.1
8/18/18 11:00,33.1,33.6,33.6,32.1,34.1,32.1,32.6,32.6,32,36.1,33.6
8/18/18 12:00,32.1,35.1,34.1,32.6,34.1,32.6,33.1,32.6,31.5,35.6,33.6
8/18/18 13:00,33.1,35.6,34.1,33.1,34.6,32.1,33.1,32.6,32,34.6,33.6
8/18/18 14:00,31.6,36.1,33.6,33.1,34.6,32.6,34.1,32.6,32,35.1,33.6
8/18/18 15:00,31.1,33.6,33.6,32.1,32.6,33.6,32.1,30.6,31.5,34.6,32.1
8/18/18 16:00,30.1,32.6,32.1,31.1,30.6,31.1,30.6,29.6,31,32.1,31.1
8/18/18 17:00,29.1,30.6,30.1,29.6,29.6,30.1,30.1,28.6,30,30.1,30.1
8/18/18 18:00,28.6,30.1,30.1,29.6,29.1,29.6,29.6,28.6,29.5,29.6,29.6
8/18/18 19:00,28.6,30.1,29.6,29.1,29.1,29.6,29.6,28.1,29.5,29.6,29.6
8/18/18 20:00,28.6,30.1,29.6,29.1,29.1,29.6,29.6,28.6,29,29.6,29.1
8/18/18 21:00,28.6,28.6,29.6,29.1,28.6,29.6,29.6,27.6,29,29.1,29.1
8/18/18 22:00,24.1,25.6,25.1,26.6,24.1,25.1,24.6,24.1,26.5,24.6,25.6
8/18/18 23:00,24.1,26.6,25.6,26.1,24.6,25.6,24.6,24.1,26.5,24.6,26.1
8/19/18 0:00,24.6,27.1,25.6,26.6,25.1,25.6,25.1,24.6,26.5,25.6,25.6
8/19/18 1:00,24.6,27.1,26.1,26.1,25.1,25.6,25.1,24.6,26.5,25.6,26.1
8/19/18 2:00,24.6,27.1,26.1,26.1,25.1,25.6,25.6,24.6,26,25.6,26.1
8/19/18 3:00,25.1,27.1,26.6,26.1,25.1,26.1,25.1,24.6,26.5,26.6,26.6
8/19/18 4:00,25.1,27.6,27.6,26.6,25.1,26.1,25.6,24.6,27,26.6,26.6
8/19/18 5:00,25.6,28.6,30.6,29.1,26.1,27.1,27.6,25.6,30.5,30.1,29.1
8/19/18 6:00,27.1,29.1,35.6,31.1,27.6,28.1,35.6,26.6,32.5,37.6,31.1
8/19/18 7:00,29.6,29.6,33.1,31.6,29.1,29.6,34.1,29.1,32,32.6,32.6
8/19/18 8:00,31.1,30.1,34.1,33.1,31.1,31.1,33.1,31.6,33.5,35.1,33.6
8/19/18 9:00,32.1,31.1,35.6,34.6,33.1,31.1,33.6,32.1,34,41.1,33.6
8/19/18 10:00,33.6,33.1,35.1,35.1,32.6,32.1,33.1,33.1,33,35.6,35.6
8/19/18 11:00,30.6,33.6,33.1,34.1,35.1,32.1,33.1,32.1,31.5,33.1,30.1
8/19/18 12:00,31.1,32.6,27.1,29.1,30.6,31.1,31.1,29.6,28,26.6,27.1
8/19/18 13:00,28.6,30.6,27.1,28.6,24.6,28.1,27.1,25.6,28.5,26.6,24.6
8/19/18 14:00,27.1,28.1,27.1,26.1,25.1,27.1,27.1,26.1,27,26.6,25.6
8/19/18 15:00,24.1,26.6,27.6,27.1,23.6,26.1,24.6,24.1,27,27.1,26.6
8/19/18 16:00,24.6,28.6,28.1,27.1,24.6,27.1,25.6,24.6,27.5,28.1,27.6
8/19/18 17:00,25.1,28.1,27.6,27.1,24.6,27.1,25.6,24.6,27.5,27.1,27.1
8/19/18 18:00,25.1,28.6,27.6,27.6,24.6,27.1,26.1,24.6,27.5,27.6,27.1
8/19/18 19:00,25.1,28.6,28.1,27.6,24.6,27.6,26.6,24.6,27.5,27.6,27.1
8/19/18 20:00,24.6,28.6,27.6,27.6,25.1,27.6,26.6,24.6,27.5,27.6,27.1
8/19/18 21:00,24.1,28.6,27.6,27.6,24.6,27.1,26.6,24.6,27.5,27.6,27.1
8/19/18 22:00,24.6,28.1,27.6,27.1,24.1,27.1,26.1,24.1,27.5,27.1,26.6
8/19/18 23:00,25.1,28.1,27.1,27.1,24.6,27.1,26.1,24.1,27,26.6,26.6
8/20/18 0:00,25.1,28.1,26.6,27.1,24.6,27.1,25.6,24.1,26.5,26.6,26.1
8/20/18 1:00,25.1,28.1,26.6,26.6,24.6,27.1,25.6,24.1,26.5,26.6,26.1
8/20/18 2:00,25.6,28.1,26.6,26.1,24.6,26.6,25.6,24.1,26,26.6,26.1
8/20/18 3:00,26.1,28.1,26.6,26.1,24.6,26.6,25.6,24.1,26,26.1,26.1
8/20/18 4:00,26.1,28.6,27.1,26.6,25.1,27.1,27.1,24.6,26,26.6,26.1
8/20/18 5:00,27.6,29.1,31.6,29.1,26.6,28.6,34.1,25.6,30.5,30.6,29.1
8/20/18 6:00,29.6,29.6,30.1,30.1,27.6,30.1,33.1,27.1,29.5,30.6,30.1
8/20/18 7:00,30.1,30.1,33.1,30.1,30.1,30.1,32.6,28.1,32.5,32.6,32.6
8/20/18 8:00,31.1,31.1,32.6,32.1,31.6,31.6,32.6,30.6,32.5,33.1,35.1
8/20/18 9:00,32.6,31.1,34.1,33.1,32.6,31.6,33.1,32.6,33,34.6,35.1
8/20/18 10:00,33.1,32.6,35.1,33.1,33.6,32.1,34.1,33.1,32.5,36.6,35.1
8/20/18 11:00,33.1,34.1,34.6,35.1,35.1,32.1,33.6,32.6,34,34.6,35.1
8/20/18 12:00,33.1,33.6,33.1,33.1,33.6,32.1,33.1,32.6,33,33.1,33.1
8/20/18 13:00,29.6,32.1,32.1,32.1,32.6,29.6,32.1,30.1,31.5,32.1,32.1
8/20/18 14:00,30.6,32.6,30.6,31.1,31.6,31.1,31.6,30.6,29.5,30.6,30.6
8/20/18 15:00,30.1,31.6,32.1,31.6,31.6,32.1,31.1,30.1,31,30.6,30.6
8/20/18 16:00,29.1,31.1,30.1,30.1,30.1,30.1,30.1,29.1,30.5,29.6,29.1
8/20/18 17:00,28.1,30.1,29.6,29.6,29.1,29.1,29.6,28.6,29.5,29.1,29.1
8/20/18 18:00,27.6,29.6,30.1,29.6,28.6,29.1,29.6,27.1,29.5,29.6,29.6
8/20/18 19:00,27.1,29.6,28.1,29.1,28.1,28.6,29.1,26.6,29.5,27.6,27.6
8/20/18 20:00,26.6,29.6,27.6,29.1,28.1,28.6,28.6,26.1,28,27.1,27.1
8/20/18 21:00,26.1,29.6,27.6,27.6,27.1,28.1,28.1,26.1,27,27.1,27.6
8/20/18 22:00,26.1,29.1,27.6,27.6,26.6,28.1,28.1,25.6,27,27.1,27.6
8/20/18 23:00,27.6,29.1,27.1,27.6,26.6,27.6,28.1,25.1,27,26.6,26.6
8/21/18 0:00,27.1,28.6,27.1,27.1,26.6,27.6,27.6,25.1,26.5,26.6,26.6
8/21/18 1:00,26.6,28.6,26.6,27.1,26.1,27.6,27.1,24.6,26.5,26.6,26.6
8/21/18 2:00,26.1,28.6,26.6,26.6,26.1,27.1,26.6,24.6,26.5,26.1,26.6
8/21/18 3:00,25.6,28.6,26.6,26.6,25.6,27.1,26.6,24.6,26,26.1,26.6
8/21/18 4:00,25.6,28.6,27.1,26.6,26.1,26.6,26.6,24.6,26.5,26.1,26.6
8/21/18 5:00,27.1,29.1,31.1,29.1,28.1,28.1,36.6,26.1,29.5,29.6,29.1
8/21/18 6:00,29.6,30.1,35.6,30.6,29.6,29.6,36.6,28.1,31.5,38.6,30.6
8/21/18 7:00,30.6,30.6,34.6,31.6,30.6,30.6,34.1,31.1,32,36.1,32.1
8/21/18 8:00,31.6,30.6,34.6,33.1,31.6,31.1,32.6,31.6,31.5,34.6,32.6
8/21/18 9:00,32.1,31.1,34.6,33.6,33.1,31.6,33.6,33.1,32.5,42.1,34.1
8/21/18 10:00,34.1,31.6,35.1,32.1,33.6,32.1,34.1,33.6,32,34.6,34.1
8/21/18 11:00,33.1,34.1,35.1,33.6,34.6,32.6,33.1,34.1,32.5,36.6,34.1
8/21/18 12:00,33.1,35.1,34.6,33.6,33.6,32.6,33.1,33.1,32.5,35.1,34.1
8/21/18 13:00,34.1,34.1,34.6,33.1,34.6,33.1,32.6,32.6,33,36.1,33.6
8/21/18 14:00,32.1,36.1,34.1,33.1,33.6,32.6,33.6,32.6,32.5,35.6,33.1
8/21/18 15:00,31.1,33.1,34.6,32.6,32.6,36.6,32.1,30.6,32.5,34.6,33.1
8/21/18 16:00,30.1,33.6,34.1,32.1,31.6,33.1,31.6,29.6,31.5,33.6,32.1
8/21/18 17:00,29.1,31.1,30.6,30.1,29.1,30.1,29.6,28.6,30,30.6,30.1
8/21/18 18:00,28.6,30.6,30.1,29.6,29.1,29.6,29.6,28.1,29.5,29.6,29.6
8/21/18 19:00,28.6,30.6,30.1,29.6,28.6,29.6,29.6,27.6,29.5,29.6,29.6
8/21/18 20:00,28.6,30.6,29.6,29.1,28.6,29.1,29.1,27.1,29.5,29.1,29.1
8/21/18 21:00,28.6,30.1,29.6,29.1,28.1,29.1,29.1,26.6,29,29.1,29.1
8/21/18 22:00,28.1,29.6,29.6,28.6,28.1,29.1,29.1,26.6,29,29.1,29.1
8/21/18 23:00,28.1,29.1,29.1,28.6,28.1,28.6,28.6,26.6,28.5,28.6,29.1
8/22/18 0:00,28.1,29.1,29.1,28.6,27.6,28.6,28.1,26.1,28.5,28.6,28.6
8/22/18 1:00,27.6,28.6,28.6,28.1,27.1,28.6,28.1,25.6,28.5,28.6,28.6
8/22/18 2:00,27.1,28.6,28.6,28.1,27.1,28.1,28.1,25.6,28,28.1,28.6
8/22/18 3:00,26.6,28.6,28.6,27.6,27.1,28.1,27.6,25.6,27.5,28.1,28.1
8/22/18 4:00,26.6,28.6,28.6,27.6,27.1,28.1,27.6,25.6,27.5,28.1,28.1
8/22/18 5:00,28.1,29.6,30.6,29.6,27.6,28.6,30.1,26.6,30.5,30.1,30.1
8/22/18 6:00,30.1,30.6,30.6,30.1,29.6,30.1,38.6,29.1,30.5,30.6,29.1
8/22/18 7:00,31.6,31.1,30.6,32.1,29.6,31.6,35.1,29.6,30.5,30.1,30.1
8/22/18 8:00,32.1,31.6,26.1,29.1,31.6,32.1,32.6,30.6,26,25.6,25.1
8/22/18 9:00,33.1,32.1,28.1,27.1,25.6,30.6,29.1,28.1,28,28.1,25.6
8/22/18 10:00,34.6,29.1,32.1,26.1,27.6,29.6,29.1,29.1,27.5,32.1,28.1
8/22/18 11:00,36.1,31.6,34.6,29.1,31.6,30.6,33.1,33.6,30,34.1,31.6
8/22/18 12:00,33.6,34.6,35.1,31.6,32.1,32.1,32.1,33.1,33,35.6,32.6
8/22/18 13:00,34.6,34.6,34.1,33.1,34.1,33.1,33.1,33.1,33.5,36.6,32.6
8/22/18 14:00,31.6,35.6,32.6,31.6,34.6,33.1,33.1,31.6,31.5,32.6,31.6
8/22/18 15:00,31.1,31.6,30.6,30.1,29.6,30.6,31.1,29.6,30,30.1,29.1
8/22/18 16:00,29.6,30.6,30.6,29.6,28.6,30.1,30.1,28.6,29.5,30.1,29.6
8/22/18 17:00,29.1,30.6,30.1,29.6,28.1,29.6,30.1,27.6,29,29.6,29.1
8/22/18 18:00,28.6,30.1,29.6,29.1,27.6,29.6,29.6,27.1,29,29.6,28.6
8/22/18 19:00,28.6,29.6,28.6,29.1,28.1,29.1,29.1,27.1,29,28.6,28.1
8/22/18 20:00,28.1,29.6,28.6,28.6,27.6,29.1,29.1,26.6,28.5,28.1,28.1
8/22/18 21:00,27.6,29.1,28.6,28.1,27.1,29.1,28.6,26.1,28,28.6,28.1
8/22/18 22:00,27.6,29.1,28.6,28.1,26.6,28.6,28.1,26.1,28,28.1,27.6
8/22/18 23:00,27.6,29.1,28.1,27.6,26.6,28.6,28.1,25.6,27.5,27.6,27.6
8/23/18 0:00,26.6,28.6,28.1,27.1,26.1,28.1,27.6,25.6,27,27.6,27.1
8/23/18 1:00,26.6,28.1,27.6,27.1,26.1,27.6,27.1,25.1,27,27.6,27.1
8/23/18 2:00,26.1,28.1,27.6,26.6,25.6,27.6,26.6,25.1,26.5,27.1,27.1
8/23/18 3:00,25.6,28.1,27.6,26.1,25.6,27.1,26.6,24.6,26,26.6,26.6
8/23/18 4:00,25.6,27.6,27.1,26.1,25.6,26.6,26.1,24.6,26,26.6,26.6
8/23/18 5:00,26.6,28.6,31.6,29.1,27.1,28.1,40.6,26.1,30,30.1,28.6
8/23/18 6:00,29.6,29.1,37.6,30.6,28.6,29.6,39.1,28.6,32.5,35.1,30.6
8/23/18 7:00,31.6,30.1,37.1,32.6,30.1,30.1,33.6,29.6,33,36.6,32.6
8/23/18 8:00,32.1,30.6,34.6,33.6,30.1,31.6,33.1,31.6,32,36.1,32.1
8/23/18 9:00,33.6,31.1,35.1,34.6,33.1,31.6,35.6,33.6,34,39.1,34.1
8/23/18 10:00,34.1,33.6,32.1,32.1,34.6,32.6,34.6,34.6,31.5,32.1,32.1
8/23/18 11:00,31.6,29.1,27.1,25.6,28.1,29.6,29.6,29.6,23.5,28.1,26.6
8/23/18 12:00,29.6,30.1,27.1,28.1,28.6,29.1,30.1,28.6,25.5,27.1,27.1
8/23/18 13:00,31.1,32.1,31.1,32.6,30.6,30.1,31.1,29.6,27.5,31.6,28.6
8/23/18 14:00,31.6,35.1,33.6,33.6,33.6,32.6,33.1,31.6,31,34.1,31.1
8/23/18 15:00,31.1,32.6,35.1,33.6,34.1,34.1,33.1,30.6,31.5,34.1,31.6
8/23/18 16:00,29.6,32.6,32.1,31.6,30.1,31.6,31.1,29.6,31,32.1,31.1
8/23/18 17:00,29.1,30.6,30.6,30.1,29.1,30.1,30.1,28.6,30,30.1,29.6
8/23/18 18:00,28.6,30.1,29.1,29.6,29.1,29.6,29.6,28.6,29.5,28.6,28.6
8/23/18 19:00,28.6,30.1,29.1,29.6,28.6,29.6,29.1,27.6,29,28.6,28.6
8/23/18 20:00,28.6,29.6,28.6,29.1,27.6,29.1,29.1,26.6,29,28.6,28.1
8/23/18 21:00,28.1,29.6,28.6,28.6,27.6,28.6,28.6,26.1,28.5,28.1,28.1
8/23/18 22:00,28.1,29.1,28.1,28.6,27.1,28.6,28.6,26.1,28,28.1,28.1
8/23/18 23:00,27.6,29.1,28.1,28.1,26.6,28.6,28.1,25.6,28,28.1,27.6
8/24/18 0:00,27.1,28.6,28.1,28.1,26.6,28.1,28.1,25.6,27.5,27.6,27.6
8/24/18 1:00,24.6,24.6,27.6,27.6,26.1,28.1,27.6,25.6,27,27.1,27.1
8/24/18 2:00,24.6,24.6,25.6,24.1,26.1,27.6,27.1,25.1,25.5,26.6,26.6
8/24/18 3:00,25.1,25.1,26.1,24.6,26.1,27.1,26.6,24.6,25.5,26.1,26.6
8/24/18 4:00,25.1,25.6,26.6,24.6,26.1,27.1,26.6,25.1,25.5,26.6,26.6
8/24/18 5:00,24.6,26.1,28.1,25.6,25.6,26.6,25.6,24.6,26.5,27.6,28.1
8/24/18 6:00,25.1,26.1,26.1,26.1,24.1,26.6,23.6,24.1,27,25.1,24.1
8/24/18 7:00,28.1,26.1,26.1,26.1,25.1,27.1,25.6,25.6,26.5,26.1,25.1
8/24/18 8:00,27.1,26.6,28.1,28.1,26.6,28.6,27.6,27.1,28.5,27.6,26.6
8/24/18 9:00,30.1,28.6,31.6,28.1,29.1,29.1,28.1,28.6,29,32.6,28.1
8/24/18 10:00,32.1,32.1,32.6,32.1,32.6,31.6,33.1,31.1,31.5,33.6,30.6
8/24/18 11:00,32.6,33.1,34.6,32.6,33.6,32.1,32.6,33.1,32,35.1,33.1
8/24/18 12:00,32.1,34.6,33.1,33.1,33.6,32.6,33.1,32.6,33.5,33.1,33.6
8/24/18 13:00,33.6,34.6,32.6,31.6,32.1,32.1,31.6,31.1,32,33.6,32.6
8/24/18 14:00,30.1,31.6,31.6,31.1,30.1,30.6,30.6,29.1,31,32.1,31.6
8/24/18 15:00,30.1,31.1,31.1,30.6,30.1,30.6,30.6,29.1,30.5,31.6,31.1
8/24/18 16:00,29.6,30.6,30.6,30.1,29.6,30.1,30.1,29.1,30,30.6,30.1
8/24/18 17:00,28.6,30.1,30.1,29.6,29.1,29.6,29.6,28.1,29.5,30.1,29.6
8/24/18 18:00,28.6,30.1,29.6,29.1,28.6,29.1,29.6,27.6,29.5,29.6,29.1
8/24/18 19:00,28.6,30.1,29.6,29.1,28.6,29.1,29.1,27.6,29.5,29.6,29.1
8/24/18 20:00,28.1,29.6,29.1,29.1,28.1,29.1,29.1,26.6,29,29.1,29.1
8/24/18 21:00,28.1,28.6,29.1,29.1,28.1,28.6,29.1,26.6,28.5,28.6,28.6
8/24/18 22:00,28.6,29.1,29.1,26.6,27.6,27.6,28.6,26.1,27.5,28.6,28.1
8/24/18 23:00,28.1,28.6,26.1,27.1,27.6,28.1,28.1,26.6,27,26.6,28.1
8/25/18 0:00,28.1,28.6,27.1,27.1,27.1,27.6,28.6,26.1,27,27.1,28.1
8/25/18 1:00,28.1,28.6,26.6,27.1,26.6,27.6,28.1,26.1,27.5,27.1,27.6
8/25/18 2:00,28.1,28.6,26.6,27.1,27.1,27.6,27.6,26.1,27.5,26.6,27.6
8/25/18 3:00,28.1,28.6,26.6,27.6,27.1,28.1,28.1,26.6,27.5,26.6,27.6
8/25/18 4:00,28.1,28.6,27.1,28.1,27.1,28.1,28.1,27.1,27.5,27.1,27.6
8/25/18 5:00,28.1,29.1,27.1,27.6,27.6,28.1,28.6,26.6,27,27.1,27.6
8/25/18 6:00,30.1,29.6,35.6,30.6,29.6,30.1,36.1,30.1,32,34.1,31.6
8/25/18 7:00,31.1,30.6,34.1,30.6,29.6,30.6,32.1,30.6,33,36.6,31.6
8/25/18 8:00,30.1,27.6,30.1,25.1,31.1,31.6,31.6,30.6,26.5,29.6,29.6
8/25/18 9:00,26.6,27.6,28.6,27.6,29.1,29.6,29.6,26.6,27,31.1,27.6
8/25/18 10:00,25.1,24.1,23.6,24.1,24.1,25.6,25.6,25.1,24,23.1,23.1
8/25/18 11:00,23.6,24.6,24.1,23.6,24.1,24.6,24.6,24.1,23.5,24.1,23.6
8/25/18 12:00,23.6,24.1,23.6,23.1,24.1,25.1,25.1,24.1,23,23.6,22.6
8/25/18 13:00,25.6,24.6,24.1,23.6,25.6,26.1,26.6,25.6,23.5,24.1,23.6
8/25/18 14:00,25.1,26.1,24.6,24.6,26.1,26.6,27.1,25.6,24.5,25.1,24.1
8/25/18 15:00,25.6,26.1,25.1,24.6,26.6,27.1,27.1,25.6,24.5,25.6,24.6
8/25/18 16:00,25.6,26.1,25.6,25.1,26.1,26.6,27.1,26.1,25,25.6,24.6
8/25/18 17:00,25.1,26.1,25.6,25.1,26.1,26.6,26.6,25.6,25,25.6,25.1
8/25/18 18:00,25.1,26.6,25.1,24.6,25.6,26.6,26.6,25.1,25,25.1,25.1
8/25/18 19:00,24.6,26.1,25.1,24.1,25.6,26.6,26.6,24.6,24.5,25.1,25.1
8/25/18 20:00,24.6,26.1,25.1,24.1,25.1,26.6,26.1,24.6,24.5,25.1,25.1
8/25/18 21:00,25.1,26.6,25.1,24.1,25.1,26.6,26.1,24.1,24.5,25.1,25.1
8/25/18 22:00,26.1,27.1,25.6,24.6,25.1,26.6,26.6,24.6,25,25.6,25.6
8/25/18 23:00,26.1,26.1,24.1,24.1,25.1,26.1,26.1,24.6,24,24.1,24.6
8/26/18 0:00,25.6,26.1,24.1,23.6,25.1,25.6,25.6,24.6,24,24.1,24.1
8/26/18 1:00,24.6,25.1,24.1,23.6,24.6,25.6,25.6,23.6,24,24.1,24.1
8/26/18 2:00,24.6,25.6,24.1,23.6,24.6,25.6,25.1,23.6,24,24.1,24.1
8/26/18 3:00,26.1,26.1,24.6,23.6,25.1,25.6,26.6,24.1,24,24.6,24.1
8/26/18 4:00,26.6,26.1,24.6,24.1,25.1,25.6,26.1,24.1,24,24.6,24.1
8/26/18 5:00,27.1,26.6,29.1,25.1,26.1,26.6,35.1,25.6,25,26.6,25.1
8/26/18 6:00,29.1,28.1,36.1,28.6,29.1,29.1,35.6,29.1,29,33.1,28.1
8/26/18 7:00,31.1,29.1,33.1,30.6,30.6,29.6,33.1,30.6,31,33.6,30.6
8/26/18 8:00,31.6,30.1,32.6,31.1,31.1,31.1,32.1,31.1,31,34.1,32.1
8/26/18 9:00,32.6,30.6,33.1,32.1,32.1,31.6,32.6,31.6,32.5,36.6,31.6
8/26/18 10:00,33.1,31.1,33.6,33.1,32.6,31.6,33.1,32.6,32.5,35.1,32.6
8/26/18 11:00,33.6,32.6,33.6,32.6,32.6,32.1,33.1,32.1,32.5,35.6,33.1
8/26/18 12:00,31.6,34.1,34.6,32.6,32.6,33.1,32.1,32.1,32.5,36.1,34.1
8/26/18 13:00,34.1,29.1,34.1,30.6,32.6,31.6,32.1,32.1,31,34.6,32.1
8/26/18 14:00,32.1,30.6,32.6,32.1,32.6,31.1,32.6,31.6,31.5,34.1,32.1
8/26/18 15:00,30.6,30.1,33.1,31.1,31.1,31.1,30.6,30.1,31.5,33.1,31.1
8/26/18 16:00,30.1,30.6,32.1,30.1,30.1,30.1,30.6,29.6,30.5,32.1,30.6
8/26/18 17:00,29.1,29.6,30.1,29.6,29.1,29.6,29.6,28.6,29.5,30.1,29.6
8/26/18 18:00,28.6,29.6,30.1,29.1,28.6,29.1,29.1,28.1,29.5,29.6,29.6
8/26/18 19:00,28.6,29.6,29.6,29.1,28.6,29.1,29.1,28.1,29,29.1,29.1
8/26/18 20:00,28.6,29.1,29.1,29.1,28.6,28.6,29.1,28.1,29,29.1,29.1
8/26/18 21:00,28.6,29.1,29.1,28.6,28.1,28.6,29.1,28.1,29,29.1,29.1
8/26/18 22:00,25.1,29.1,28.6,28.6,28.6,28.6,28.6,28.1,28.5,28.6,28.6
8/26/18 23:00,25.6,29.1,28.6,28.6,27.1,28.6,27.6,25.6,28.5,28.1,28.6
8/27/18 0:00,25.6,26.6,28.1,28.1,27.6,28.1,28.1,25.6,28.5,27.6,28.1
8/27/18 1:00,25.6,25.6,27.6,27.1,26.6,27.6,27.6,25.6,27,27.6,25.6
8/27/18 2:00,25.6,26.1,27.1,26.6,26.6,27.1,26.6,25.1,26.5,27.1,26.1
8/27/18 3:00,25.6,25.6,27.1,26.6,26.1,27.6,26.6,25.1,26.5,27.1,26.6
8/27/18 4:00,23.6,26.1,27.1,25.6,26.1,27.1,26.6,25.1,26.5,26.6,26.1
8/27/18 5:00,24.6,26.1,31.1,27.1,26.6,27.6,37.6,25.6,29.5,29.6,28.1
8/27/18 6:00,27.1,27.1,37.6,28.6,28.6,29.1,37.6,28.6,30.5,32.6,30.1
8/27/18 7:00,29.1,29.1,34.6,32.1,30.6,30.6,36.1,30.1,31.5,35.1,31.6
8/27/18 8:00,30.1,30.1,32.1,32.1,31.1,31.6,32.6,31.6,31.5,33.6,33.6
8/27/18 9:00,31.6,30.6,32.6,33.1,32.6,31.6,33.1,32.6,32.5,34.6,33.6
8/27/18 10:00,33.1,31.6,34.1,32.6,33.1,32.1,33.1,33.1,32.5,35.6,33.6
8/27/18 11:00,33.1,33.1,34.1,33.6,34.6,32.6,32.6,32.1,32,35.6,33.1
8/27/18 12:00,31.6,34.1,34.6,33.1,33.1,32.6,32.6,32.1,32.5,35.6,32.6
8/27/18 13:00,31.6,34.6,34.1,32.1,32.6,33.1,31.6,32.1,32.5,35.1,33.1
8/27/18 14:00,31.1,33.6,33.6,33.1,33.1,33.1,32.6,31.6,33,34.1,33.1
8/27/18 15:00,31.1,32.6,33.6,32.6,33.6,33.1,32.6,30.1,32.5,34.1,32.6
8/27/18 16:00,29.6,31.1,31.6,30.6,30.6,30.6,30.6,29.6,30.5,31.6,31.1
8/27/18 17:00,29.1,30.6,30.6,30.1,29.6,30.1,30.1,29.1,30,30.6,30.1
8/27/18 18:00,28.6,30.6,26.1,29.6,29.1,29.6,29.6,28.1,30,25.1,27.6
8/27/18 19:00,28.6,29.6,27.6,29.6,29.1,29.6,29.6,27.6,29.5,27.1,29.1
8/27/18 20:00,27.1,30.1,28.6,29.6,25.6,29.1,26.6,26.1,29.5,27.6,29.1
8/27/18 21:00,23.1,27.6,29.1,28.1,24.1,25.1,25.1,24.1,28.5,28.6,28.6
8/27/18 22:00,24.1,25.1,25.1,25.1,24.1,25.1,24.6,24.1,25,24.6,24.6
8/27/18 23:00,23.6,25.1,24.6,24.6,24.1,25.1,25.1,24.6,24,24.1,24.6
8/28/18 0:00,24.6,25.1,24.6,24.6,24.1,25.1,25.6,24.6,24.5,24.1,24.6
8/28/18 1:00,24.1,25.1,24.6,24.1,24.6,25.1,25.6,24.6,23.5,24.1,24.6
8/28/18 2:00,23.6,25.6,24.6,24.1,24.1,25.1,26.1,24.1,24,24.1,24.6
8/28/18 3:00,24.6,26.1,24.6,24.1,24.6,25.1,26.6,25.1,24,24.6,25.1
8/28/18 4:00,25.6,26.6,25.6,24.1,25.1,25.6,26.6,24.6,24,24.6,25.6
8/28/18 5:00,26.6,27.6,27.6,25.1,26.6,26.1,31.1,26.1,27,26.6,26.6
8/28/18 6:00,27.6,28.6,31.1,27.1,28.1,28.6,36.1,28.6,28,30.1,28.6
8/28/18 7:00,28.1,29.1,28.6,27.6,28.6,28.6,29.6,28.6,27.5,29.1,28.6
8/28/18 8:00,28.6,29.6,30.1,28.6,28.6,29.1,29.6,28.6,29,30.1,30.1
8/28/18 9:00,28.1,28.6,30.6,28.6,28.6,28.1,29.6,28.6,29,30.6,29.1
8/28/18 10:00,30.6,30.6,31.6,30.6,30.6,30.1,30.6,30.1,30.5,32.1,31.1
8/28/18 11:00,32.1,32.1,31.6,31.6,34.6,31.6,32.1,32.6,28.5,31.1,28.6
8/28/18 12:00,31.1,31.6,32.1,31.1,31.6,31.1,31.1,30.1,30.5,33.1,31.1
8/28/18 13:00,30.1,27.1,31.6,25.1,30.6,29.1,30.6,29.6,26.5,31.6,30.1
8/28/18 14:00,29.6,28.6,30.1,27.6,29.6,30.1,30.6,29.1,27,30.1,30.1
8/28/18 15:00,29.6,30.1,30.6,28.6,30.1,30.1,30.6,29.6,28.5,31.6,30.6
8/28/18 16:00,26.6,30.1,28.1,29.1,29.1,29.6,29.1,28.1,29,28.6,29.6
8/28/18 17:00,25.6,27.1,28.1,27.1,27.1,28.1,28.6,26.6,28.5,28.6,29.1
8/28/18 18:00,25.6,25.6,24.1,24.1,26.1,27.1,27.1,26.6,25,23.6,24.1
8/28/18 19:00,25.6,26.1,25.1,24.6,26.6,27.1,27.6,26.6,25,24.6,25.1
8/28/18 20:00,26.1,26.1,24.6,24.1,26.6,26.6,27.6,26.1,23.5,23.6,24.6
8/28/18 21:00,26.1,26.1,24.6,24.6,26.6,26.6,27.1,26.1,24.5,24.1,23.6
8/28/18 22:00,24.6,26.1,25.1,24.1,27.1,27.1,27.6,26.6,25,25.1,24.6
8/28/18 23:00,26.1,26.1,25.1,24.6,26.6,27.1,27.1,26.6,25,25.1,25.1
8/29/18 0:00,27.1,27.1,25.1,24.1,26.6,27.1,27.6,27.6,24.5,25.1,25.1
8/29/18 1:00,27.1,27.6,25.6,25.1,27.6,27.1,28.6,27.6,25.5,25.6,25.6
8/29/18 2:00,27.6,27.6,26.1,26.1,27.6,27.6,28.6,27.6,25.5,25.6,25.6
8/29/18 3:00,27.6,27.6,26.1,25.1,27.6,27.6,28.1,27.6,25,25.6,25.6
8/29/18 4:00,27.1,27.6,26.1,25.1,27.6,27.6,28.6,27.6,25,26.1,25.6
8/29/18 5:00,28.1,28.6,28.1,26.6,28.1,28.1,29.6,27.6,26,28.1,27.6
8/29/18 6:00,28.6,29.1,31.6,29.6,29.6,29.6,32.1,29.1,28.5,30.1,29.1
8/29/18 7:00,29.1,29.6,31.1,30.6,30.1,30.1,32.6,29.6,31.5,32.1,31.1
8/29/18 8:00,30.6,30.1,29.1,29.6,31.6,31.1,32.6,32.1,29,29.6,29.6
8/29/18 9:00,29.6,30.1,31.1,30.6,33.1,30.6,33.1,32.1,30,32.1,30.6
8/29/18 10:00,33.1,31.6,33.6,33.1,32.1,31.1,32.6,32.6,32.5,35.6,33.6
8/29/18 11:00,26.6,30.1,33.1,32.1,32.6,28.6,31.6,30.6,32,35.1,33.6
8/29/18 12:00,29.6,33.6,32.6,32.1,32.6,31.1,32.6,31.6,31.5,34.1,34.1
8/29/18 13:00,30.1,31.1,31.6,30.6,31.1,30.6,31.1,30.1,30.5,32.1,31.6
8/29/18 14:00,30.6,31.6,31.6,31.1,30.6,31.1,31.1,30.1,31,32.6,32.1
8/29/18 15:00,29.6,30.6,30.6,30.1,30.1,30.6,30.6,29.1,30,31.1,31.1
8/29/18 16:00,29.1,30.6,30.1,30.1,29.6,29.6,30.1,29.1,30,29.6,30.1
8/29/18 17:00,28.6,30.1,29.6,29.6,29.1,29.6,29.6,28.6,29.5,29.1,29.6
8/29/18 18:00,28.6,30.1,29.6,29.6,29.1,29.1,29.6,28.6,29.5,29.6,29.6
8/29/18 19:00,28.6,30.1,29.6,29.6,28.6,29.1,29.6,28.1,29,29.1,29.1
8/29/18 20:00,28.6,29.6,29.6,29.1,28.6,29.1,29.6,28.6,29.5,29.1,29.1
8/29/18 21:00,26.1,27.6,29.6,28.1,25.1,27.6,24.1,25.6,29,29.1,29.1
8/29/18 22:00,25.6,28.1,28.1,27.6,24.6,27.6,25.1,25.1,27.5,27.6,27.6
8/29/18 23:00,26.1,27.1,27.6,27.1,25.1,27.6,25.6,25.6,27,27.1,27.6
8/30/18 0:00,26.1,28.1,27.6,27.1,25.1,27.6,25.6,25.6,27,27.1,27.1
8/30/18 1:00,27.1,28.1,27.1,27.1,25.1,27.6,25.6,25.6,26.5,27.1,27.1
8/30/18 2:00,27.6,28.1,27.1,26.6,25.1,27.6,26.1,25.6,26.5,27.1,27.1
8/30/18 3:00,24.6,28.1,27.6,26.6,24.6,25.6,25.6,26.1,26.5,27.6,26.6
8/30/18 4:00,25.1,28.1,25.1,25.6,25.1,27.1,26.1,26.1,24.5,25.1,26.1
8/30/18 5:00,25.1,26.1,25.6,25.1,25.6,26.1,26.6,26.1,25,25.1,26.1
8/30/18 6:00,26.6,27.6,26.6,26.1,26.6,27.6,29.1,27.6,26,26.6,27.6
8/30/18 7:00,29.1,29.6,31.6,30.1,29.6,30.6,32.1,30.6,30,31.6,30.1
8/30/18 8:00,29.1,29.6,33.1,31.1,30.1,30.6,30.6,30.6,31.5,34.6,32.1
8/30/18 9:00,27.1,28.1,27.6,26.1,29.6,30.6,28.6,27.6,26.5,27.6,30.6
8/30/18 10:00,25.6,25.6,25.6,25.1,26.6,26.6,27.6,27.1,25,25.6,25.6
8/30/18 11:00,26.1,26.6,27.1,26.6,27.1,28.1,27.6,27.1,26.5,27.1,27.1
8/30/18 12:00,27.6,28.6,29.1,28.1,28.6,29.6,29.1,28.6,27.5,29.6,29.1
8/30/18 13:00,29.1,30.1,31.6,29.6,30.1,30.1,29.6,29.1,30,32.1,31.1
8/30/18 14:00,29.1,32.1,31.6,31.1,30.1,30.6,30.1,29.1,30.5,32.1,31.1
8/30/18 15:00,29.1,30.6,30.6,29.1,30.6,30.1,30.6,29.6,29.5,31.1,30.1
8/30/18 16:00,28.6,29.6,29.6,29.1,29.1,29.6,29.6,28.6,29,30.1,29.6
8/30/18 17:00,27.6,29.1,29.1,28.6,28.1,29.1,29.1,28.1,29,29.1,29.1
8/30/18 18:00,27.1,29.1,28.1,28.6,26.6,28.6,27.1,26.1,28,28.1,28.6
8/30/18 19:00,26.1,28.6,28.1,28.1,25.6,25.1,25.6,25.6,28.5,28.1,28.1
8/30/18 20:00,26.6,28.6,27.6,27.6,25.6,26.1,27.1,25.6,27.5,27.1,27.1
8/30/18 21:00,26.6,28.1,27.1,27.6,26.1,26.1,27.1,25.6,27.5,27.1,26.6
8/30/18 22:00,27.1,28.6,27.6,27.6,25.6,26.1,27.6,25.1,28,27.6,27.1
8/30/18 23:00,27.1,28.1,26.6,24.6,25.6,26.1,27.1,25.6,25,25.6,26.6
8/31/18 0:00,26.6,28.1,26.6,24.6,26.1,25.6,27.1,25.6,25,25.6,26.6
8/31/18 1:00,27.1,28.1,26.1,25.1,25.6,25.6,27.1,25.1,25.5,25.6,26.1
8/31/18 2:00,26.6,28.1,26.1,25.1,25.6,25.6,27.1,25.1,25.5,25.6,26.1
8/31/18 3:00,24.6,27.6,26.6,25.1,25.6,25.1,27.1,24.6,26,26.1,26.6
8/31/18 4:00,25.6,28.1,26.1,24.6,24.1,25.1,24.6,23.6,25.5,25.6,26.6
8/31/18 5:00,26.1,28.6,26.6,25.6,24.6,25.6,26.1,24.1,26,26.6,26.6
8/31/18 6:00,27.1,28.6,27.6,26.1,26.1,26.1,28.1,25.6,26.5,27.1,27.6
8/31/18 7:00,29.6,29.1,33.1,29.6,28.6,28.1,33.1,27.6,30,33.1,30.6
8/31/18 8:00,31.1,30.1,32.1,31.1,30.1,30.1,31.6,28.6,30.5,33.1,32.1
8/31/18 9:00,32.1,31.1,33.6,32.1,31.1,30.6,31.1,30.6,31.5,35.6,32.1
8/31/18 10:00,30.6,32.1,33.1,32.6,32.1,31.1,32.1,31.1,31.5,34.6,33.1
8/31/18 11:00,32.1,34.1,33.6,32.6,31.6,32.1,32.1,31.1,32,36.1,34.1
8/31/18 12:00,30.6,33.6,33.1,32.6,31.1,31.6,31.1,30.1,31.5,34.1,34.1
8/31/18 13:00,32.1,33.6,33.1,32.1,30.6,31.6,31.1,30.6,31.5,35.1,32.1
8/31/18 14:00,30.1,31.1,31.1,30.6,30.1,30.6,30.6,29.6,30.5,32.1,30.6
8/31/18 15:00,29.6,31.1,30.6,30.1,29.6,30.1,30.6,29.1,30,31.1,30.6
8/31/18 16:00,29.1,30.1,30.1,30.1,29.1,29.6,29.6,29.1,30,30.6,30.1
8/31/18 17:00,28.6,29.6,29.6,29.6,29.1,29.1,29.6,28.6,29.5,29.6,29.6
8/31/18 18:00,28.6,29.6,29.6,29.1,28.6,29.1,29.1,28.1,29,29.1,29.1
8/31/18 19:00,27.6,28.6,29.6,28.6,28.1,28.6,28.6,27.6,28.5,29.1,29.1
8/31/18 20:00,28.1,28.6,29.1,27.6,27.6,28.1,28.6,27.1,28.5,28.6,28.6
8/31/18 21:00,28.1,28.6,27.1,26.1,27.6,28.1,28.1,27.1,25.5,26.1,26.1
8/31/18 22:00,27.6,28.6,27.6,26.6,27.6,28.1,28.1,26.6,26,26.6,27.1
8/31/18 23:00,27.1,28.6,27.1,26.1,27.1,28.1,28.1,26.1,25.5,26.6,27.1
9/1/18 0:00,26.6,28.1,27.1,25.6,27.1,28.1,28.1,26.1,24.5,26.6,27.1
9/1/18 1:00,26.6,27.6,26.6,25.6,27.1,27.6,27.6,26.1,25.5,26.6,26.6
9/1/18 2:00,26.1,27.1,25.6,25.6,26.6,27.1,27.1,25.6,25.5,25.6,26.6
9/1/18 3:00,27.6,26.1,23.1,25.6,26.1,27.1,27.1,25.6,24.5,22.6,23.6
9/1/18 4:00,27.6,26.6,23.6,25.6,26.6,27.1,27.1,25.1,23.5,23.1,24.1
9/1/18 5:00,28.1,26.6,25.1,25.6,26.6,26.6,27.1,25.6,24.5,24.6,24.6
9/1/18 6:00,27.6,27.6,28.1,26.6,27.1,28.1,29.1,26.1,26,27.1,27.1
9/1/18 7:00,30.1,29.1,32.6,31.1,30.1,30.1,32.6,30.1,29,30.6,30.6
9/1/18 8:00,32.1,30.1,32.1,31.1,31.6,31.1,32.6,31.6,29.5,35.1,32.1
9/1/18 9:00,32.6,31.1,31.1,31.6,31.6,31.6,32.1,31.6,31.5,33.1,32.6
9/1/18 10:00,33.1,32.1,34.1,33.1,32.6,31.6,32.6,32.6,32,35.1,34.1
9/1/18 11:00,34.1,33.6,33.1,32.6,33.1,32.1,32.6,32.6,32,35.6,34.1
9/1/18 12:00,33.1,34.1,33.1,32.6,33.1,32.6,32.1,31.6,32,35.1,32.1
9/1/18 13:00,32.1,28.1,27.6,30.6,32.1,28.6,31.6,31.1,29.5,27.6,29.1
9/1/18 14:00,30.6,28.6,29.1,30.1,29.1,29.6,30.1,29.1,29.5,29.1,29.6
9/1/18 15:00,30.6,30.6,32.1,31.1,30.1,31.1,31.1,29.6,30.5,32.6,30.6
9/1/18 16:00,29.1,29.6,29.6,29.6,29.1,29.6,29.6,28.6,29.5,29.6,29.6
9/1/18 17:00,28.6,29.1,29.1,29.1,28.6,29.1,29.1,28.6,29,29.1,29.1
9/1/18 18:00,28.6,29.1,29.1,29.1,28.6,29.1,29.1,28.1,29,29.1,28.6
9/1/18 19:00,28.6,29.1,28.6,28.6,28.1,28.6,29.1,28.1,28.5,28.6,28.6
9/1/18 20:00,28.6,29.1,28.6,27.6,28.6,28.6,29.1,28.1,26.5,28.6,28.1
9/1/18 21:00,28.1,28.6,27.1,26.6,27.6,27.6,28.1,27.6,23.5,26.6,24.6
9/1/18 22:00,24.6,25.6,27.1,26.1,24.6,26.6,25.1,24.6,24,26.6,25.1
9/1/18 23:00,24.6,26.1,26.6,26.1,25.1,26.6,26.1,25.1,24.5,26.1,26.1
9/2/18 0:00,25.1,23.6,25.1,26.1,25.1,25.1,25.6,25.1,24,24.6,24.6
9/2/18 1:00,26.1,25.6,25.6,25.6,24.6,25.6,25.1,24.1,24.5,25.1,25.1
9/2/18 2:00,24.6,26.1,25.6,25.6,25.1,26.1,25.6,24.6,24.5,25.6,25.6
9/2/18 3:00,23.1,24.6,25.6,26.1,23.1,25.1,23.1,23.1,25,25.1,25.1
9/2/18 4:00,24.1,26.6,25.6,25.1,23.6,26.1,24.1,23.6,25,25.6,25.1
9/2/18 5:00,24.6,26.1,26.6,26.6,24.6,26.6,26.1,24.1,26,26.6,26.6
9/2/18 6:00,24.6,25.6,27.6,24.1,25.6,26.6,26.6,24.6,25,27.6,27.1
9/2/18 7:00,27.6,25.6,26.1,25.1,27.6,27.1,31.1,27.1,25,26.1,25.6
9/2/18 8:00,24.1,26.1,25.6,25.1,26.1,27.6,25.6,25.1,25,25.1,26.1
9/2/18 9:00,23.6,23.6,24.1,23.1,24.1,25.1,24.6,23.6,23,23.6,23.6
9/2/18 10:00,24.6,25.1,24.6,24.6,24.1,25.1,24.6,24.1,24.5,24.6,24.6
9/2/18 11:00,28.1,27.6,27.1,27.1,27.6,28.6,28.6,26.1,26.5,27.1,26.6
9/2/18 12:00,29.6,30.6,30.6,30.1,30.1,31.1,30.1,28.1,29,31.6,29.6
9/2/18 13:00,27.6,29.6,31.6,30.6,27.6,29.6,27.6,26.1,30,32.6,29.6
9/2/18 14:00,28.6,32.1,30.6,30.1,30.6,30.6,30.1,28.6,29,31.1,28.6
9/2/18 15:00,27.1,29.6,30.6,30.6,30.1,30.6,29.6,28.1,29.5,30.6,29.1
9/2/18 16:00,27.6,29.1,30.1,30.1,29.6,29.6,28.6,27.1,28.5,30.1,28.6
9/2/18 17:00,27.1,28.6,29.1,28.6,27.6,28.6,28.6,26.6,28.5,28.6,28.1
9/2/18 18:00,27.1,28.6,28.6,28.6,27.6,28.6,28.1,27.1,28,28.6,28.1
9/2/18 19:00,27.1,28.1,27.1,28.1,27.1,27.6,27.6,26.6,28,27.1,27.6
9/2/18 20:00,27.1,28.6,26.6,28.1,27.1,28.1,28.1,26.6,28,26.6,27.6
9/2/18 21:00,24.1,25.1,26.1,24.6,23.6,24.6,23.1,22.6,24.5,25.6,26.1
9/2/18 22:00,24.6,25.6,25.6,24.6,24.6,25.1,25.6,24.1,25.5,25.1,26.1
9/2/18 23:00,24.6,26.1,25.6,25.1,25.1,25.6,25.1,23.6,26,25.1,25.6
9/3/18 0:00,25.1,26.1,25.6,25.6,25.6,26.1,26.1,24.6,26,25.6,26.1
9/3/18 1:00,22.6,24.1,24.6,23.6,23.1,24.1,23.6,22.6,23.5,24.1,23.6
9/3/18 2:00,23.6,24.6,24.1,24.1,23.6,24.6,24.1,23.6,23.5,24.1,23.6
9/3/18 3:00,23.1,24.1,24.1,24.1,23.6,24.6,24.1,23.1,24,24.1,23.6
9/3/18 4:00,23.6,24.1,24.6,24.1,23.6,24.1,24.1,23.1,24,24.1,24.1
9/3/18 5:00,23.1,23.6,24.6,25.1,23.6,23.1,23.6,23.6,25,24.6,24.1
9/3/18 6:00,23.6,23.6,24.6,24.1,24.1,24.1,24.1,23.6,24,24.1,23.6
9/3/18 7:00,23.6,23.1,24.1,24.1,23.1,24.1,23.1,22.6,23.5,24.1,24.1
9/3/18 8:00,24.1,24.1,24.6,24.6,23.6,24.1,23.6,23.1,24,24.1,24.1
9/3/18 9:00,23.1,23.6,24.6,24.1,23.6,23.6,23.6,23.1,24,24.1,24.1
9/3/18 10:00,23.1,23.1,24.1,23.6,23.1,23.6,23.6,23.1,23.5,24.1,23.6
9/3/18 11:00,23.1,23.1,24.6,24.1,23.1,23.6,23.1,22.6,23.5,24.1,23.6
9/3/18 12:00,23.1,23.6,24.1,24.1,23.6,24.1,23.6,23.6,23.5,24.1,23.6
9/3/18 13:00,23.6,23.6,25.1,24.1,23.6,24.1,23.6,23.1,23.5,24.6,24.1
9/3/18 14:00,23.6,24.1,25.1,25.1,24.6,24.6,23.6,23.6,24.5,25.1,24.1
9/3/18 15:00,25.1,25.1,26.6,26.1,25.1,25.1,24.6,24.6,25,26.1,25.1
9/3/18 16:00,25.1,25.6,26.6,26.1,25.1,25.1,24.6,24.1,25,25.6,25.1
9/3/18 17:00,24.1,25.1,25.6,25.1,24.6,25.1,24.6,23.6,24.5,25.1,24.6
9/3/18 18:00,24.1,25.6,25.6,25.1,24.1,24.6,24.6,23.6,25,25.1,25.1
9/3/18 19:00,24.6,25.6,25.6,25.1,24.6,24.6,25.6,23.6,24.5,25.1,25.6
9/3/18 20:00,26.1,26.6,25.6,26.1,24.6,25.6,26.6,24.1,25.5,25.1,25.1
9/3/18 21:00,26.1,27.1,25.6,27.1,26.1,25.6,27.6,25.6,26.5,25.6,26.1
9/3/18 22:00,26.1,26.6,27.1,27.1,26.1,25.6,27.6,25.6,26.5,26.6,26.1
9/3/18 23:00,26.1,26.6,27.1,26.6,25.6,25.6,27.1,25.1,26.5,26.1,25.6
9/4/18 0:00,26.1,26.6,26.6,26.1,25.1,25.6,26.1,24.6,25.5,26.1,25.6
9/4/18 1:00,25.1,26.1,26.1,25.1,24.6,25.1,25.6,24.1,25,25.6,25.1
9/4/18 2:00,25.1,26.1,25.6,25.1,24.6,25.1,26.1,24.1,25,25.1,25.1
9/4/18 3:00,24.1,26.1,25.6,25.6,24.6,25.1,25.6,24.1,25,25.1,25.6
9/4/18 4:00,24.6,26.6,25.6,26.1,24.6,25.1,26.1,24.1,25.5,25.1,26.1
9/4/18 5:00,24.6,27.1,28.1,27.6,26.1,25.6,28.1,25.1,26.5,27.1,27.1
9/4/18 6:00,27.1,27.6,32.1,29.1,27.6,26.6,33.6,27.1,29,30.1,29.1
9/4/18 7:00,28.1,28.6,33.1,31.1,29.1,27.6,30.6,28.6,30.5,32.1,32.1
9/4/18 8:00,29.6,29.6,32.1,31.1,30.6,28.6,30.6,30.1,31,33.6,32.1
9/4/18 9:00,30.1,30.1,31.1,30.6,30.6,30.1,30.1,29.1,30,32.6,31.6
9/4/18 10:00,31.1,30.1,32.1,30.6,30.6,30.1,30.1,30.6,30.5,33.6,32.1
9/4/18 11:00,31.1,32.6,32.6,31.1,32.6,31.6,31.1,31.6,31.5,33.6,32.6
9/4/18 12:00,30.6,33.6,32.6,32.6,33.1,31.1,31.6,31.6,31.5,34.6,33.1
9/4/18 13:00,33.1,34.1,30.6,31.1,31.6,32.1,31.1,31.1,29.5,29.6,29.1
9/4/18 14:00,30.1,34.1,33.6,32.1,31.6,31.6,31.6,30.1,31,34.6,32.1
9/4/18 15:00,29.1,30.6,30.6,28.1,30.1,30.1,30.1,29.1,29.5,31.6,29.6
9/4/18 16:00,28.6,30.1,31.1,30.6,30.1,29.6,29.6,28.1,29.5,31.1,29.6
9/4/18 17:00,27.6,29.6,29.6,28.6,28.1,28.6,29.1,27.6,29,29.6,29.1
9/4/18 18:00,27.6,29.1,29.1,28.6,28.1,28.6,28.6,27.1,28.5,29.1,28.6
9/4/18 19:00,27.6,29.1,29.1,28.1,27.6,28.1,28.6,27.1,28.5,28.6,28.6
9/4/18 20:00,27.6,29.1,28.6,28.1,27.6,28.1,28.6,26.6,28,28.1,28.1
9/4/18 21:00,27.1,28.6,28.1,27.6,27.6,28.1,28.1,26.1,27.5,28.1,28.1
9/4/18 22:00,26.6,28.6,28.1,27.1,27.1,27.6,27.6,25.6,27,27.6,27.6
9/4/18 23:00,27.1,28.6,27.6,27.1,27.1,27.6,28.1,25.1,27,27.1,27.6
9/5/18 0:00,26.6,28.1,27.6,26.6,27.1,27.6,28.1,25.6,27,27.1,27.6
9/5/18 1:00,26.6,28.1,27.6,26.6,27.1,27.6,27.6,26.1,26.5,27.1,27.1
9/5/18 2:00,26.6,28.1,27.1,26.1,26.6,27.1,27.6,25.1,26,26.6,26.6
9/5/18 3:00,26.1,28.1,26.6,25.1,26.1,27.1,27.1,25.1,26,26.6,26.6
9/5/18 4:00,25.1,27.6,27.1,25.1,25.6,27.1,27.1,25.1,26,26.6,26.6
9/5/18 5:00,25.1,27.6,29.6,26.1,27.1,27.1,29.1,25.6,28,29.1,27.6
9/5/18 6:00,27.1,28.6,33.1,27.6,28.1,28.1,34.1,27.1,28.5,30.6,29.1
9/5/18 7:00,29.6,29.1,33.1,29.6,29.6,30.1,32.1,29.6,30,32.1,30.6
9/5/18 8:00,30.6,30.1,33.6,31.6,31.1,30.6,31.1,30.6,31,34.6,32.1
9/5/18 9:00,31.6,30.6,33.6,32.6,31.6,31.6,31.6,31.6,32,35.6,31.6
9/5/18 10:00,33.1,31.6,33.1,33.1,33.1,31.1,32.1,32.6,32,34.6,32.6
9/5/18 11:00,33.6,31.6,34.6,32.6,34.1,31.1,32.1,32.1,32.5,35.6,32.6
9/5/18 12:00,32.1,33.1,34.6,32.6,33.1,32.1,32.6,31.6,32.5,35.6,32.1
9/5/18 13:00,31.1,34.6,33.6,32.1,31.1,32.1,31.6,31.6,32,35.1,32.1
9/5/18 14:00,31.1,34.6,34.1,32.1,31.1,32.1,30.6,29.6,31.5,34.1,31.1
9/5/18 15:00,29.6,31.6,33.6,30.6,31.1,32.1,30.6,29.6,30.5,33.1,31.1
9/5/18 16:00,29.1,30.6,32.6,32.1,30.1,31.1,30.1,28.6,30,31.1,30.1
9/5/18 17:00,28.1,30.1,30.1,29.6,28.6,29.1,29.1,28.1,29.5,29.6,29.6
9/5/18 18:00,28.1,29.6,30.1,29.1,28.6,29.1,29.1,27.6,29,29.1,29.1
9/5/18 19:00,28.1,29.6,29.6,29.1,28.6,29.1,29.1,27.6,29,29.1,29.1
9/5/18 20:00,25.6,26.6,29.1,28.6,24.6,27.1,25.1,25.1,28.5,28.6,28.6
9/5/18 21:00,23.6,27.1,29.1,28.6,25.1,27.1,24.6,24.6,28.5,28.6,28.6
9/5/18 22:00,23.6,27.1,27.1,28.1,24.1,26.1,25.1,24.1,27.5,26.1,27.1
9/5/18 23:00,24.6,27.6,27.1,27.6,24.6,26.6,25.1,24.1,27,26.6,27.1
9/6/18 0:00,24.6,28.1,27.1,27.1,25.1,26.6,25.6,24.6,26.5,26.6,27.1
9/6/18 1:00,24.6,28.1,26.6,27.1,25.1,26.6,25.6,24.6,26.5,26.1,26.6
9/6/18 2:00,24.6,28.1,26.6,26.6,25.1,26.6,25.6,24.6,26,26.1,26.6
9/6/18 3:00,24.6,27.6,26.6,26.6,25.1,26.6,25.6,24.6,26,26.1,26.6
9/6/18 4:00,24.6,27.6,26.6,26.6,25.1,26.6,25.6,24.6,25.5,26.1,26.6
9/6/18 5:00,25.1,28.1,29.1,27.1,25.6,26.6,26.1,25.1,26,27.6,26.6
9/6/18 6:00,27.1,27.1,29.6,30.1,25.6,27.1,31.1,26.6,28.5,28.6,30.1
9/6/18 7:00,26.6,28.1,30.6,29.6,26.1,28.1,26.1,26.1,29.5,30.6,30.6
9/6/18 8:00,27.1,27.6,32.6,30.1,26.6,26.6,26.1,26.1,28.5,33.1,30.6
9/6/18 9:00,30.6,29.1,32.6,31.6,29.1,27.1,27.1,28.1,30.5,34.6,31.1
9/6/18 10:00,31.6,31.6,33.1,31.6,31.1,28.1,30.1,28.1,31,33.6,31.6
9/6/18 11:00,32.1,33.1,34.6,32.1,33.1,29.1,31.1,30.1,31.5,35.1,32.6
9/6/18 12:00,31.1,34.1,33.6,32.1,31.6,30.1,30.6,31.1,31,34.6,33.1
9/6/18 13:00,32.6,33.6,32.6,31.6,32.1,29.6,31.6,30.6,30.5,35.1,31.6
9/6/18 14:00,30.6,33.6,31.6,31.6,32.1,31.1,31.6,29.6,30.5,33.1,31.6
9/6/18 15:00,29.6,31.1,33.1,31.1,31.6,30.6,30.1,29.1,30.5,32.6,30.6
9/6/18 16:00,28.6,30.1,30.1,29.6,28.6,29.1,29.1,28.1,29.5,30.1,29.6
9/6/18 17:00,27.6,29.6,29.1,29.1,28.1,28.6,28.1,27.1,29,29.1,29.1
9/6/18 18:00,27.1,29.6,29.1,28.6,27.1,28.1,27.6,25.6,28.5,29.1,28.6
9/6/18 19:00,27.6,28.6,29.1,26.1,27.6,28.1,28.1,26.6,28,28.6,28.6
9/6/18 20:00,26.6,27.6,27.6,25.1,26.6,26.6,27.1,26.1,24.5,27.1,25.6
9/6/18 21:00,26.1,27.1,27.1,24.6,26.1,26.6,26.6,25.1,24,27.1,26.6
9/6/18 22:00,26.6,27.1,27.1,24.6,25.6,26.6,26.6,24.6,24,26.6,26.6
9/6/18 23:00,26.6,27.1,27.1,24.6,25.6,26.1,26.6,24.6,24.5,26.6,26.6
9/7/18 0:00,25.6,27.1,26.6,24.6,25.6,26.1,26.1,24.1,24.5,26.6,26.6
9/7/18 1:00,25.6,27.1,26.6,24.6,25.1,26.1,26.1,24.1,24.5,26.1,26.1
9/7/18 2:00,25.1,27.1,26.1,25.1,25.1,25.6,25.6,23.6,25,25.6,25.6
9/7/18 3:00,25.1,26.6,26.1,24.6,25.1,25.6,25.6,23.6,24.5,26.1,26.1
9/7/18 4:00,23.1,23.6,26.1,24.6,23.6,24.1,24.1,23.1,24.5,25.6,26.1
9/7/18 5:00,23.6,23.1,25.6,23.6,23.6,24.1,24.1,23.1,23,25.1,25.1
9/7/18 6:00,22.6,23.1,27.1,24.6,23.6,24.6,23.6,22.6,24,26.6,26.1
9/7/18 7:00,23.6,24.1,26.6,24.1,24.1,25.1,23.6,23.1,24.5,26.6,26.6
9/7/18 8:00,24.1,24.1,24.6,23.6,24.6,25.1,24.6,24.1,24,24.6,24.6
9/7/18 9:00,25.1,25.1,25.6,24.6,25.1,26.1,25.1,24.6,24.5,25.6,25.1
9/7/18 10:00,26.1,27.6,28.6,28.1,27.1,28.1,26.1,25.1,27,29.1,28.1
9/7/18 11:00,30.1,29.6,30.6,29.6,29.6,29.1,28.6,26.6,29.5,31.1,30.1
9/7/18 12:00,30.6,29.1,32.1,30.6,30.6,30.6,29.6,28.6,30,33.1,31.1
9/7/18 13:00,31.1,32.1,30.6,31.1,30.1,31.1,30.1,29.6,30,32.6,30.1
9/7/18 14:00,28.1,30.6,30.1,29.6,29.1,29.1,28.6,27.6,29,30.6,29.6
9/7/18 15:00,27.6,29.1,30.1,29.1,28.6,28.6,28.1,27.1,29,31.1,29.6
9/7/18 16:00,26.6,28.1,29.1,28.1,27.6,28.1,27.6,26.6,28,29.6,28.6
9/7/18 17:00,26.1,27.6,28.6,27.6,26.6,27.1,27.1,25.6,27.5,28.1,27.6
9/7/18 18:00,25.6,27.6,27.1,26.6,26.1,27.1,27.1,25.1,26.5,27.1,27.1
9/7/18 19:00,25.6,27.6,27.6,26.6,26.1,27.1,26.6,24.6,27,27.1,27.1
9/7/18 20:00,23.6,24.1,26.6,26.1,23.6,24.1,24.1,23.6,25.5,26.1,26.1
9/7/18 21:00,24.1,24.1,26.1,25.6,23.1,24.1,24.1,23.6,25,25.6,25.6
9/7/18 22:00,23.6,24.6,26.6,25.6,23.6,24.1,24.1,24.1,25,26.1,26.1
9/7/18 23:00,22.6,24.1,26.1,25.6,23.1,23.6,22.6,22.1,25,25.6,25.6
9/8/18 0:00,22.6,24.1,26.1,25.1,22.6,23.1,23.1,22.1,25,25.6,25.1
9/8/18 1:00,22.6,24.1,25.6,25.1,22.6,23.6,23.1,22.1,24.5,25.6,25.6
9/8/18 2:00,23.1,24.1,25.6,24.6,23.1,24.1,23.6,22.6,24.5,25.1,25.1
9/8/18 3:00,23.1,24.6,25.6,24.6,23.1,24.1,23.6,22.6,24.5,25.1,25.1
9/8/18 4:00,22.6,24.6,25.6,24.6,23.1,24.1,23.6,22.6,24.5,25.1,25.1
9/8/18 5:00,23.6,25.1,28.1,25.6,23.6,24.6,24.6,23.6,25.5,26.6,25.6
9/8/18 6:00,25.6,26.6,33.6,29.1,26.1,25.6,34.6,25.6,29,29.6,28.6
9/8/18 7:00,26.6,27.6,32.6,30.1,27.1,26.1,29.1,26.1,29.5,32.6,29.1
9/8/18 8:00,28.1,28.6,33.6,29.6,29.6,26.6,30.1,27.6,29.5,34.1,31.6
9/8/18 9:00,27.6,28.6,29.1,29.1,28.6,25.6,29.1,27.1,26.5,30.6,29.1
9/8/18 10:00,28.1,28.6,27.6,27.6,28.1,26.1,28.6,27.1,25,27.1,27.6
9/8/18 11:00,27.6,28.1,28.6,28.6,28.6,26.6,29.1,28.1,25.5,28.6,27.1
9/8/18 12:00,28.1,29.6,29.6,29.1,29.1,26.1,28.6,28.1,26.5,30.1,28.6
9/8/18 13:00,27.6,28.6,30.1,29.1,30.6,27.6,30.6,29.1,26.5,30.1,29.1
9/8/18 14:00,27.6,29.6,31.6,30.6,31.6,29.6,30.1,28.6,29.5,31.6,29.6
9/8/18 15:00,27.1,28.6,31.6,30.1,28.1,28.1,28.6,27.1,29,31.1,29.6
9/8/18 16:00,26.1,27.6,29.6,29.6,27.1,27.6,27.6,26.6,28,29.1,28.6
9/8/18 17:00,25.1,27.1,28.6,28.1,26.6,27.1,27.6,25.6,27.5,28.1,27.6
9/8/18 18:00,25.1,27.1,28.1,27.6,26.6,26.6,27.1,25.1,27.5,27.6,27.1
9/8/18 19:00,24.6,27.1,28.1,27.6,26.1,26.1,27.1,24.6,27,27.6,27.1
9/8/18 20:00,24.6,27.1,27.6,27.1,26.1,26.6,26.6,24.6,26.5,27.1,27.1
9/8/18 21:00,24.1,26.6,27.1,27.1,26.1,26.1,26.6,24.6,26.5,27.1,26.6
9/8/18 22:00,24.1,26.1,27.1,26.6,26.1,26.1,26.6,24.6,26.5,27.1,26.6
9/8/18 23:00,24.1,26.1,27.1,26.6,25.6,26.1,26.1,24.6,26.5,26.6,26.6
9/9/18 0:00,23.6,25.6,27.1,26.1,25.1,26.1,26.1,24.6,26,26.6,26.1
9/9/18 1:00,23.6,25.1,26.6,25.6,25.1,25.6,25.6,24.1,25.5,26.1,26.1
9/9/18 2:00,23.6,25.1,26.1,25.6,24.6,25.6,25.1,23.6,25,25.6,25.6
9/9/18 3:00,23.6,25.1,26.1,25.1,24.6,25.1,25.1,23.6,25,25.6,25.6
9/9/18 4:00,23.6,25.1,26.1,25.1,24.1,25.1,24.6,23.6,25,25.6,25.6
9/9/18 5:00,23.6,25.1,30.1,26.6,25.1,26.1,25.6,24.1,27,28.6,26.1
9/9/18 6:00,25.6,26.6,38.6,29.1,25.6,27.1,36.6,26.1,30,29.6,28.1
9/9/18 7:00,27.6,27.6,34.6,29.6,27.6,28.6,30.1,28.6,30.5,32.6,29.6
9/9/18 8:00,29.1,29.1,34.6,31.1,29.6,30.1,31.1,30.1,30,33.6,31.1
9/9/18 9:00,32.1,29.6,34.1,32.1,30.6,30.6,32.6,29.6,32.5,34.6,32.1
9/9/18 10:00,30.6,31.6,35.6,33.1,33.6,31.1,33.6,33.1,32.5,35.6,32.1
9/9/18 11:00,27.6,29.1,33.1,31.6,33.6,30.1,30.6,27.1,32,34.1,32.1
9/9/18 12:00,25.6,28.6,27.6,29.6,29.6,29.1,29.6,27.1,30.5,27.1,30.6
9/9/18 13:00,27.6,29.6,31.6,29.6,32.1,29.6,30.6,29.1,28.5,32.1,30.1
9/9/18 14:00,28.1,30.6,28.6,30.6,32.1,30.1,33.1,29.1,28,27.1,28.1
9/9/18 15:00,28.6,29.6,24.6,24.6,29.6,29.6,30.1,29.1,23,24.1,24.1
9/9/18 16:00,26.6,24.1,26.6,25.1,27.1,25.6,28.6,27.1,23.5,25.6,24.6
9/9/18 17:00,25.6,25.1,25.1,24.1,27.1,26.1,28.1,26.1,23.5,25.1,24.6
9/9/18 18:00,25.1,25.6,25.6,24.6,26.6,26.1,28.1,25.6,24,25.6,25.6
9/9/18 19:00,25.6,26.1,26.1,24.6,27.1,26.1,28.1,25.6,24.5,26.1,26.1
9/9/18 20:00,25.6,26.1,26.1,25.1,27.1,26.6,28.1,26.6,24.5,26.1,26.1
9/9/18 21:00,25.1,26.1,26.6,25.6,27.1,26.6,27.6,26.1,25,26.6,26.1
9/9/18 22:00,25.1,26.1,26.6,25.1,27.1,26.6,27.6,25.6,25,26.1,26.1
9/9/18 23:00,24.6,26.1,26.1,25.1,26.6,26.6,27.1,25.1,25,26.1,26.1
9/10/18 0:00,24.6,26.1,26.1,25.1,26.1,26.6,27.1,25.1,25,26.1,26.1
9/10/18 1:00,24.1,26.1,26.1,25.1,25.6,26.1,26.6,24.6,24.5,25.6,25.6
9/10/18 2:00,24.1,25.6,26.1,24.6,25.6,25.6,26.6,24.6,24.5,25.6,25.6
9/10/18 3:00,24.1,26.1,26.1,24.6,25.6,25.6,26.6,24.1,24.5,25.6,25.6
9/10/18 4:00,24.1,26.6,26.1,24.6,25.6,25.6,26.6,24.6,24.5,25.6,25.6
9/10/18 5:00,24.6,26.6,29.1,26.1,26.6,26.6,28.1,25.1,26,28.6,26.1
9/10/18 6:00,27.6,27.6,33.6,28.6,27.6,28.1,37.1,27.6,28,29.6,28.6
9/10/18 7:00,29.1,28.1,33.6,29.6,29.1,29.1,31.6,30.1,29,32.1,31.1
9/10/18 8:00,30.1,29.6,33.6,31.6,30.6,30.6,31.1,29.6,31,33.6,32.6
9/10/18 9:00,29.6,30.1,32.6,30.6,30.6,30.1,31.1,29.6,30,32.6,31.6
9/10/18 10:00,30.1,30.1,31.6,31.1,31.6,30.6,31.6,29.6,30.5,32.1,30.6
9/10/18 11:00,30.1,30.6,32.6,31.6,31.1,30.6,31.6,29.6,30.5,32.6,31.6
9/10/18 12:00,30.1,31.6,32.6,32.1,31.6,31.1,31.1,30.1,31,33.1,31.6
9/10/18 13:00,31.1,31.6,33.1,31.6,32.6,31.6,32.1,30.6,31,32.6,32.1
9/10/18 14:00,29.6,31.1,32.6,31.6,31.6,31.1,31.6,29.6,31,32.6,32.1
9/10/18 15:00,29.1,29.6,32.1,30.6,29.6,29.6,30.1,28.6,30,31.6,30.6
9/10/18 16:00,28.1,28.1,27.6,28.6,27.6,28.1,28.6,27.6,27,26.6,25.6
9/10/18 17:00,26.6,28.6,29.1,28.1,27.6,27.6,28.6,26.1,27.5,28.6,27.1
9/10/18 18:00,26.1,28.1,28.6,28.1,27.1,27.6,28.6,26.1,28,28.6,27.6
9/10/18 19:00,26.1,28.6,28.6,28.1,27.6,27.6,28.6,25.6,28,28.6,27.6
9/10/18 20:00,25.6,28.1,28.6,28.1,27.1,27.6,28.1,25.6,27.5,28.1,27.6
9/10/18 21:00,25.6,28.1,28.1,27.6,27.1,27.6,28.1,25.1,27,28.1,27.6
9/10/18 22:00,25.6,28.1,27.6,27.1,27.1,27.6,27.6,25.6,26.5,27.6,27.1
9/10/18 23:00,26.1,27.6,27.6,27.1,27.1,27.6,27.6,25.6,27,27.1,27.1
9/11/18 0:00,25.6,27.6,27.6,27.1,26.6,27.1,27.6,25.1,26.5,27.1,27.1
9/11/18 1:00,25.6,27.6,27.6,26.6,26.6,27.1,27.1,25.1,26.5,27.1,27.1
9/11/18 2:00,25.6,27.1,27.1,26.6,26.6,27.1,27.1,25.1,26.5,27.1,27.1
9/11/18 3:00,25.1,27.1,27.1,26.6,26.1,27.1,27.1,25.1,26.5,26.6,26.6
9/11/18 4:00,25.1,27.1,26.6,26.1,26.1,26.6,27.1,24.6,26,26.6,26.6
9/11/18 5:00,26.1,27.1,29.6,27.1,27.6,27.6,29.1,26.1,27,29.1,27.1
9/11/18 6:00,27.6,28.6,35.6,30.6,28.6,28.6,32.6,27.6,29.5,31.1,30.6
9/11/18 7:00,29.6,29.6,31.6,30.1,29.6,29.6,30.6,29.1,29.5,31.6,31.1
9/11/18 8:00,30.1,30.1,31.6,30.1,30.6,30.1,30.6,29.6,30,31.6,31.1
9/11/18 9:00,30.6,30.6,31.6,30.6,31.1,30.1,31.1,30.1,30,32.6,31.6
9/11/18 10:00,31.1,31.6,33.1,31.6,31.6,31.1,31.6,30.6,31,33.6,32.6
9/11/18 11:00,31.6,32.1,33.1,32.1,33.1,31.6,31.6,31.1,31,34.1,33.1
9/11/18 12:00,31.6,33.1,33.6,33.1,34.1,32.6,32.1,31.6,32.5,35.6,33.6
9/11/18 13:00,31.1,32.1,34.1,32.1,32.1,31.6,31.6,30.6,32,34.6,33.6
9/11/18 14:00,30.6,32.6,33.1,31.1,31.6,31.1,30.6,30.1,32,33.6,32.6
9/11/18 15:00,30.1,31.6,35.1,32.1,31.6,32.6,31.1,29.6,31.5,34.1,32.6
9/11/18 16:00,29.1,30.1,31.1,30.6,30.1,30.1,29.6,28.6,30,31.1,31.1
9/11/18 17:00,28.1,29.6,30.1,29.1,28.6,29.1,29.1,27.6,29.5,30.1,30.1
9/11/18 18:00,27.1,29.1,29.6,29.1,28.1,28.6,29.1,26.6,29,29.6,29.6
9/11/18 19:00,26.6,29.1,29.6,29.1,28.1,28.6,29.1,26.1,28.5,29.1,29.6
9/11/18 20:00,26.6,28.6,28.6,28.6,27.6,28.1,28.6,26.1,28.5,28.1,28.1
9/11/18 21:00,26.1,28.6,28.6,28.6,27.6,28.1,28.6,26.1,28.5,28.1,28.1
9/11/18 22:00,26.1,28.6,28.1,28.1,27.6,28.1,28.1,25.6,28,27.6,28.1
9/11/18 23:00,26.1,28.1,28.1,27.6,27.1,27.6,27.6,25.6,27.5,28.1,28.1
9/12/18 0:00,25.6,28.1,28.1,27.6,27.1,27.6,27.6,25.6,27.5,27.6,28.1
9/12/18 1:00,25.6,27.6,28.1,27.1,26.6,27.6,27.6,25.6,27,27.6,27.6
9/12/18 2:00,25.1,27.6,27.6,27.1,26.6,27.1,27.1,25.1,26.5,27.1,27.1
9/12/18 3:00,25.1,27.6,27.6,26.6,26.1,26.6,27.1,25.1,26.5,27.1,27.1
9/12/18 4:00,25.1,27.6,27.1,26.6,26.1,26.6,26.6,24.6,26.5,27.1,27.1
9/12/18 5:00,25.1,27.6,28.1,26.6,26.6,26.6,27.6,25.1,26.5,27.6,27.1
9/12/18 6:00,28.1,28.6,31.1,29.1,28.6,28.6,41.1,29.1,28.5,29.6,29.1
9/12/18 7:00,29.6,29.1,34.1,30.6,29.6,29.6,31.6,29.6,30,33.1,31.6
9/12/18 8:00,29.6,30.1,33.6,31.6,30.1,30.6,30.6,30.1,31.5,33.6,32.6
9/12/18 9:00,31.1,30.6,35.1,32.6,32.6,31.6,32.1,32.1,32,36.1,34.6
9/12/18 10:00,33.1,32.6,35.6,33.1,33.1,31.6,32.6,33.1,32,35.1,33.6
9/12/18 11:00,33.1,33.1,35.1,33.6,35.1,32.6,32.6,32.6,33,36.1,33.6
9/12/18 12:00,32.6,33.1,36.6,33.1,35.1,33.1,33.6,33.1,33,35.1,35.1
9/12/18 13:00,30.1,32.1,35.1,34.1,31.1,31.1,30.6,29.6,33,35.1,33.6
9/12/18 14:00,30.1,32.6,32.6,31.6,31.1,30.6,31.1,30.1,31.5,33.6,32.6
9/12/18 15:00,30.1,31.1,33.1,32.1,32.1,32.1,31.1,29.6,31.5,33.6,32.6
9/12/18 16:00,29.6,30.6,31.6,30.6,31.6,30.6,30.6,29.1,30.5,31.6,31.6
9/12/18 17:00,28.6,30.1,31.1,29.6,29.1,29.1,29.6,28.1,30,30.6,30.6
9/12/18 18:00,27.6,29.6,30.1,29.6,28.6,29.1,29.1,27.6,29.5,30.1,30.1
9/12/18 19:00,27.6,29.6,30.1,29.1,28.6,28.6,29.1,27.1,29.5,29.6,29.6
9/12/18 20:00,27.1,29.1,29.6,29.1,28.6,28.6,29.1,27.1,29,29.6,29.6
9/12/18 21:00,26.6,29.1,29.6,28.6,28.1,28.6,29.1,26.6,29,29.1,29.1
9/12/18 22:00,26.6,28.6,29.1,28.6,27.6,28.6,28.6,26.1,28.5,29.1,29.1
9/12/18 23:00,26.1,28.6,29.1,28.1,27.6,28.1,28.6,26.1,28.5,28.6,29.1
9/13/18 0:00,26.1,28.1,28.6,28.1,27.1,27.6,28.1,25.6,28,28.6,28.6
9/13/18 1:00,25.6,27.6,28.6,28.1,27.1,28.1,28.1,25.6,28,28.6,28.6
9/13/18 2:00,25.6,27.6,28.6,27.6,26.6,27.6,27.6,25.6,27.5,28.1,28.1
9/13/18 3:00,25.6,28.1,28.6,27.6,26.6,27.6,27.6,25.6,27.5,28.1,28.1
9/13/18 4:00,25.6,28.1,28.6,27.6,26.6,27.1,27.6,25.1,27.5,28.1,28.1
9/13/18 5:00,26.1,28.1,28.6,28.1,27.6,28.1,29.6,26.1,28.5,28.6,28.6
9/13/18 6:00,28.1,29.1,38.1,29.6,29.1,29.6,38.1,28.1,31,32.6,31.1
9/13/18 7:00,30.6,29.6,31.6,30.1,31.1,30.6,31.6,31.1,30.5,33.1,31.6
9/13/18 8:00,31.6,30.6,33.1,32.1,32.1,31.1,33.1,32.1,30.5,32.6,32.6
9/13/18 9:00,32.6,31.6,34.1,33.6,32.6,32.1,33.1,33.1,33,33.6,32.6
9/13/18 10:00,34.1,32.6,32.6,33.6,34.6,32.6,32.6,32.6,32,32.6,31.6
9/13/18 11:00,36.1,34.6,25.6,30.6,35.6,32.6,33.6,33.6,29,25.1,24.1
9/13/18 12:00,32.6,35.1,31.6,31.6,35.1,33.1,33.6,33.6,31.5,32.1,28.6
9/13/18 13:00,33.1,34.1,30.6,31.1,35.1,33.1,32.6,32.6,31,31.6,29.6
9/13/18 14:00,31.6,31.6,31.1,30.6,32.1,31.1,31.1,31.6,30.5,31.1,30.6
9/13/18 15:00,29.6,30.6,30.6,30.1,30.1,30.1,30.6,29.1,30,30.6,30.1
9/13/18 16:00,29.1,30.6,30.6,29.6,29.6,29.6,29.6,29.1,29.5,30.1,29.6
9/13/18 17:00,28.6,30.1,30.1,29.1,29.6,29.1,29.6,28.6,29.5,29.6,29.1
9/13/18 18:00,28.6,30.1,29.6,29.1,29.1,29.1,29.6,28.1,29.5,29.6,29.1
9/13/18 19:00,28.6,29.6,29.6,29.1,29.1,29.1,29.6,28.1,29.5,29.6,29.1
9/13/18 20:00,28.6,29.6,29.6,29.1,29.1,29.1,29.6,28.1,29,29.6,29.1
9/13/18 21:00,28.1,29.1,27.6,28.1,27.6,28.1,28.6,27.6,27.5,27.1,27.1
9/13/18 22:00,27.6,28.1,26.6,27.1,27.6,28.1,28.6,27.1,26,26.1,26.6
9/13/18 23:00,26.1,26.6,26.1,25.6,26.1,26.6,27.1,26.6,25.5,25.6,25.6
9/14/18 0:00,26.1,27.1,26.1,26.1,26.1,26.6,26.6,25.6,25.5,25.6,26.1
9/14/18 1:00,25.6,26.6,26.1,26.1,26.1,26.6,27.1,25.6,25.5,26.1,26.1
9/14/18 2:00,25.6,26.6,26.1,26.1,26.1,26.6,27.1,25.6,25.5,26.1,26.1
9/14/18 3:00,25.6,27.1,26.1,25.6,25.1,26.6,26.6,25.1,25.5,26.1,26.1
9/14/18 4:00,25.1,26.6,26.1,25.6,25.6,26.6,26.6,25.1,25.5,26.1,26.1
9/14/18 5:00,25.6,27.1,29.6,27.6,26.6,27.6,28.6,26.1,27.5,30.6,27.1
9/14/18 6:00,28.1,28.6,35.6,29.6,28.1,29.1,37.6,28.1,29.5,31.1,29.6
9/14/18 7:00,30.1,29.1,36.1,31.6,29.6,30.1,32.1,30.1,31.5,32.6,31.1
9/14/18 8:00,30.6,29.6,31.6,33.6,31.1,30.6,32.1,31.6,32.5,33.6,32.1
9/14/18 9:00,32.1,30.6,32.6,34.1,32.6,31.6,32.6,33.1,33,35.6,33.1
9/14/18 10:00,33.6,32.1,33.1,34.6,34.1,32.1,33.1,33.1,33.5,32.6,33.6
9/14/18 11:00,34.1,32.6,32.1,34.1,35.1,32.1,34.1,33.6,34,31.6,30.6
9/14/18 12:00,32.6,34.1,29.6,34.1,30.6,32.6,31.1,30.1,33,29.6,28.6
9/14/18 13:00,33.1,32.6,32.6,32.1,32.6,32.1,33.6,29.1,32.5,32.1,30.1
9/14/18 14:00,29.6,31.6,35.1,30.1,25.1,30.6,25.1,25.6,33,34.1,31.6
9/14/18 15:00,29.1,30.6,29.1,28.6,27.1,30.1,27.1,26.1,29,28.6,29.6
9/14/18 16:00,28.1,29.1,29.6,29.1,24.6,28.6,24.6,24.1,28,29.1,28.6
9/14/18 17:00,27.6,28.6,29.1,28.6,24.1,28.6,24.1,23.6,28,28.1,28.1
9/14/18 18:00,27.6,28.1,28.1,28.1,23.6,28.1,24.1,23.6,27.5,27.6,27.6
9/14/18 19:00,27.1,28.6,28.1,28.1,23.6,28.1,23.6,23.6,28,27.6,27.6
9/14/18 20:00,26.6,28.1,28.1,27.6,23.6,28.1,23.6,23.6,27.5,27.6,27.6
9/14/18 21:00,26.1,28.1,28.1,27.6,23.6,27.6,23.6,23.6,27.5,27.6,27.1
9/14/18 22:00,26.1,28.1,27.6,27.1,23.6,27.6,24.1,23.6,27.5,27.1,27.1
9/14/18 23:00,26.1,27.6,27.6,27.6,23.6,27.6,24.1,23.6,27.5,27.1,27.1
9/15/18 0:00,25.6,27.6,27.1,27.1,23.6,27.6,24.1,23.6,27.5,27.1,27.1
9/15/18 1:00,25.6,27.6,27.1,27.1,23.6,27.1,24.1,23.6,26.5,26.6,26.6
9/15/18 2:00,25.1,27.1,26.6,26.6,23.6,27.1,24.1,23.6,26.5,26.1,26.6
9/15/18 3:00,25.1,27.6,26.6,26.6,23.6,26.6,24.1,23.6,26,26.1,26.6
9/15/18 4:00,25.1,27.1,26.6,26.1,23.6,26.6,24.1,23.6,26,26.1,26.1
9/15/18 5:00,25.1,27.1,32.1,27.1,23.6,27.1,23.6,23.6,28.5,31.6,27.1
9/15/18 6:00,28.6,27.6,37.6,29.6,23.6,28.6,23.6,23.6,30,31.1,29.6
9/15/18 7:00,30.1,29.1,33.6,31.6,23.6,30.1,23.6,23.6,31,32.1,31.1
9/15/18 8:00,32.1,29.6,36.1,32.6,25.1,31.1,25.6,24.1,33,35.1,32.1
9/15/18 9:00,33.1,30.1,35.1,33.6,24.1,31.1,23.6,24.1,33.5,35.6,33.1
9/15/18 10:00,33.6,32.6,36.1,27.1,25.6,32.6,24.6,24.6,34,36.1,32.6
9/15/18 11:00,34.1,33.6,35.6,22.1,23.6,32.6,24.1,24.6,26,36.6,33.6
9/15/18 12:00,32.6,34.1,32.6,24.1,25.6,33.1,25.6,25.1,22.5,33.1,31.1
9/15/18 13:00,31.1,27.6,22.1,21.1,21.1,27.6,19.6,23.1,20,21.1,26.6
9/15/18 14:00,27.6,25.6,20.6,20.6,20.1,26.1,20.1,22.6,20,20.1,21.1
9/15/18 15:00,26.1,27.6,23.6,23.1,23.1,26.6,23.1,23.1,23,23.1,23.1
9/15/18 16:00,25.6,26.6,23.6,23.1,23.1,26.1,23.6,23.1,23.5,23.6,23.1
9/15/18 17:00,26.1,27.1,23.6,23.1,23.1,26.1,23.6,23.1,23.5,23.6,23.1
9/15/18 18:00,26.1,27.6,23.6,23.1,23.1,26.6,23.6,23.1,23.5,23.6,23.1
9/15/18 19:00,26.6,28.1,23.6,23.1,23.1,26.6,23.6,23.1,23.5,23.6,23.1
9/15/18 20:00,26.6,28.1,23.6,23.1,23.1,26.6,23.6,23.1,23.5,23.6,23.1
9/15/18 21:00,26.6,27.6,23.6,23.6,23.1,26.6,23.6,23.1,23.5,23.6,23.1
9/15/18 22:00,26.1,27.1,24.1,23.6,23.6,26.6,23.6,23.1,23.5,23.6,23.6
9/15/18 23:00,25.6,27.1,24.1,23.6,23.6,26.6,23.6,23.6,23.5,23.6,23.6
9/16/18 0:00,25.6,27.1,24.1,23.6,23.6,26.1,23.6,23.1,23.5,23.6,23.6
9/16/18 1:00,25.6,26.6,24.1,23.6,23.6,26.1,23.6,23.1,23.5,23.6,23.6
9/16/18 2:00,25.6,26.6,24.1,23.6,23.6,26.1,23.6,23.1,23.5,23.6,23.6
9/16/18 3:00,25.1,26.6,24.1,23.6,23.1,26.1,23.6,23.1,23.5,23.6,23.6
9/16/18 4:00,25.1,26.6,23.6,23.1,23.1,25.6,23.6,23.1,23.5,23.6,23.1
9/16/18 5:00,25.1,27.1,23.6,23.1,23.1,26.1,23.6,23.1,23.5,23.6,23.1
9/16/18 6:00,28.1,27.6,23.6,23.1,23.1,28.1,23.6,23.1,23.5,23.6,23.1
9/16/18 7:00,30.6,28.6,23.6,23.1,23.1,29.6,23.1,23.1,23.5,23.6,23.1
9/16/18 8:00,31.1,29.6,23.6,23.1,23.1,30.1,23.1,23.1,23.5,23.6,23.1
9/16/18 9:00,32.6,30.6,23.6,23.1,23.1,30.6,23.1,23.1,23.5,23.6,23.1
9/16/18 10:00,33.1,32.6,23.6,23.1,23.1,31.1,23.1,23.1,23.5,23.6,23.1
9/16/18 11:00,34.1,33.1,27.1,26.1,28.6,31.6,28.1,27.1,27,26.6,28.1
9/16/18 12:00,32.6,33.6,26.6,25.6,25.6,31.6,26.1,25.6,27,26.6,26.6
9/16/18 13:00,32.6,29.6,30.6,29.1,28.6,32.1,28.6,28.1,29.5,29.6,30.1
9/16/18 14:00,31.1,26.6,27.1,26.6,27.6,32.1,26.1,26.6,26.5,27.1,26.6
9/16/18 15:00,30.6,25.6,26.1,25.6,25.6,25.6,25.6,25.1,26,26.1,25.1
9/16/18 16:00,29.6,24.1,24.6,24.1,24.1,24.1,24.6,24.1,24.5,24.6,24.1
9/16/18 17:00,29.1,24.1,24.6,24.1,23.6,24.1,24.1,23.6,24,24.6,23.6
9/16/18 18:00,28.6,23.6,24.1,24.1,23.6,24.1,24.1,23.6,24,24.1,23.6
9/16/18 19:00,28.6,23.6,24.1,24.1,23.6,24.1,24.1,23.6,24,24.1,23.6
9/16/18 20:00,28.6,23.6,24.1,24.1,23.6,24.1,24.1,23.6,24,24.1,23.6
9/16/18 21:00,28.6,23.6,24.1,24.1,23.6,24.1,23.6,23.6,24,24.1,23.6
9/16/18 22:00,28.1,23.6,24.6,24.1,23.6,24.1,24.1,23.6,24,24.1,23.6
9/16/18 23:00,28.1,23.6,24.6,24.1,23.6,24.1,24.1,23.6,24,24.1,23.6