Date - Time,hour,H16,H17,H18,H20,L17,L18,L19,L20,M17,M18,M19,M20,VH16,VH17,VH18,VH20,VL17,VL18,VL19,VL20
6/15/17 0:00,0:00,24.6,24.6,25.1,21.6,26.6,22.6,30.1,27.6,28.1,28.1,25.1,27.6,26.1,23.6,20.1,24.1,28.6,24.1,30.6,23.1
6/15/17 1:00,1:00,23.6,22.6,24.1,20.1,25.6,23.1,30.1,26.1,27.6,28.1,23.6,26.1,25.6,23.1,20.6,23.1,27.1,23.6,29.6,21.6
6/15/17 2:00,2:00,22.6,21.6,23.1,19.1,25.1,21.1,28.6,25.1,25.6,25.6,22.1,25.1,24.1,21.6,22.1,22.1,26.1,23.6,29.1,21.1
6/15/17 3:00,3:00,22.6,22.1,22.6,19.1,25.1,21.1,28.1,25.6,25.1,25.1,21.1,24.1,24.1,20.6,21.6,20.6,25.6,23.6,28.1,20.6
6/15/17 4:00,4:00,21.1,20.6,21.1,18.1,24.1,23.1,27.6,24.1,25.1,25.1,20.6,23.1,23.6,19.6,22.1,20.6,25.6,23.6,27.1,19.1
6/15/17 5:00,5:00,20.1,19.6,20.1,17.6,25.6,33.6,29.6,23.1,24.6,25.1,19.1,23.1,21.6,19.1,19.6,15,24.6,23.6,26.1,18.6
6/15/17 6:00,6:00,20.1,23.1,21.6,19.6,27.6,36.6,31.6,26.1,27.1,25.6,20.1,24.6,23.6,19.1,24.6,14.5,24.1,23.6,26.1,19.6
6/15/17 7:00,7:00,25.1,25.6,26.1,23.1,30.1,37.6,34.6,28.6,30.6,27.6,24.1,31.6,26.6,26.6,27.6,19.6,35.1,23.6,26.1,46.1
6/15/17 8:00,8:00,28.1,29.1,30.1,27.1,33.1,40.5,36.1,31.1,30.6,29.6,28.1,31.1,29.6,28.1,31.6,28.1,39.1,23.6,28.6,39.1
6/15/17 9:00,9:00,30.6,31.6,34.6,30.1,36.1,41.5,38.1,34.1,33.1,33.1,32.1,38.6,31.6,32.1,32.6,30.6,40.1,24.1,30.6,38.1
6/15/17 10:00,10:00,33.1,34.1,36.6,33.6,40.1,43.5,40.1,37.1,36.1,34.6,36.1,35.6,34.1,34.1,34.6,32.6,35.1,25.6,34.6,35.6
6/15/17 11:00,11:00,34.6,37.1,39.1,36.6,43.1,42.5,42.5,38.1,39.1,37.1,37.6,37.6,35.1,36.1,36.1,34.5,36.6,36.1,36.6,38.1
6/15/17 12:00,12:00,36.6,41.6,40.6,39.1,44.1,43,40.6,40.1,40.1,38.1,38.6,39.6,37.1,37.1,35.1,36.5,38.6,42.6,38.6,40.1
6/15/17 13:00,13:00,40.6,39.1,41.6,39.6,45.6,41.5,40.6,39.6,41.1,40.1,41.1,40.1,40.6,39.1,38.1,38,40.1,43.1,40.1,41.1
6/15/17 14:00,14:00,42.6,40.6,41.6,42.1,46.1,41,40.1,42.1,42.6,41.6,45.6,41.1,41.6,40.1,39.1,39.5,42.6,45.1,41.1,41.6
6/15/17 15:00,15:00,43.6,41.1,43.6,42.1,50.1,40,40.1,41.6,45.6,42.1,45.1,42.1,39.6,40.6,41.1,40.5,43.1,48.1,41.1,41.6
6/15/17 16:00,16:00,42.6,41.6,44.1,42.6,49.1,39,40.1,43.1,44.1,42.6,43.1,42.6,39.1,41.6,42,41.5,45.1,47.6,42.1,42.1
6/15/17 17:00,17:00,43.6,41.1,44.6,44.5,46.6,38,39.1,42.6,45.1,42.6,43.1,42.6,38.6,42.1,44,44,44.1,46.6,42.1,42.1
6/15/17 18:00,18:00,41.6,40.6,42.1,48.5,39.1,35.1,38.1,42.1,41.6,41.6,41.6,42.1,39.1,40.6,43.5,42,42.1,44.1,40.6,41.1
6/15/17 19:00,19:00,39.1,39.6,40.1,39.1,36.6,31.1,37.1,41.6,39.6,39.6,40.1,39.6,38.6,38.1,39.6,39.5,40.6,42.1,40.1,39.1
6/15/17 20:00,20:00,34.6,33.6,36.1,30.6,33.6,29.6,35.6,36.1,36.1,37.6,35.6,37.1,35.1,33.1,32.6,32.1,36.1,38.6,36.6,33.6
6/15/17 21:00,21:00,31.1,30.1,32.1,26.6,31.6,28.1,34.6,33.6,33.1,34.1,32.6,34.1,31.6,30.1,27.6,29.6,35.1,33.6,36.1,29.6
6/15/17 22:00,22:00,29.1,28.1,29.6,25.1,29.6,27.1,33.6,30.6,31.1,31.1,29.6,32.1,29.6,28.1,21.6,28.1,33.1,32.1,34.1,27.6
6/15/17 23:00,23:00,27.6,26.6,27.6,24.6,29.1,25.1,32.1,29.6,30.1,31.6,27.6,30.6,28.6,26.6,21.1,26.6,32.1,31.6,33.1,26.1
6/16/17 0:00,0:00,25.6,26.6,26.6,23.1,28.1,24.1,31.6,28.1,29.6,30.1,26.1,29.1,26.6,25.1,23.6,25.1,30.1,28.6,32.6,24.6
6/16/17 1:00,1:00,25.1,24.6,25.1,22.1,27.6,23.6,30.6,26.6,28.1,29.6,25.1,27.6,25.6,24.6,23.6,24.1,29.1,26.6,31.6,24.1
6/16/17 2:00,2:00,24.1,23.6,24.6,20.6,26.1,23.1,29.1,26.1,27.1,27.6,23.6,26.1,25.6,23.6,22.6,23.1,27.1,26.6,30.6,22.6
6/16/17 3:00,3:00,23.1,23.1,23.6,20.6,25.1,23.6,28.1,27.1,26.1,27.6,22.6,26.1,26.1,22.1,23.6,22.1,27.1,26.1,29.6,21.6
6/16/17 4:00,4:00,23.6,22.1,24.1,22.6,25.1,23.6,27.1,25.6,25.6,25.1,23.6,24.6,25.1,21.6,23.6,22.6,26.6,25.1,28.6,20.6
6/16/17 5:00,5:00,21.6,21.6,23.6,22.1,26.6,35.6,27.6,24.6,25.1,26.1,22.1,24.1,23.1,20.1,23.6,16.5,26.1,24.1,27.1,19.6
6/16/17 6:00,6:00,21.6,24.6,24.6,22.1,28.6,38,29.6,27.1,27.1,25.6,22.6,25.1,25.1,20.6,25.6,16,26.1,28.1,27.1,20.6
6/16/17 7:00,7:00,26.6,27.6,28.6,25.6,31.1,37.6,32.1,30.1,32.1,27.6,26.6,33.1,28.6,26.6,28.6,21.6,36.6,30.1,27.6,49.1
6/16/17 8:00,8:00,29.1,30.1,31.6,29.1,34.1,41.5,33.1,31.6,31.1,30.6,30.1,32.1,31.1,31.1,32.1,29.1,39.1,31.1,29.6,41.1
6/16/17 9:00,9:00,31.1,32.1,35.1,31.1,37.1,43,35.1,34.6,33.6,33.6,33.6,37.6,33.6,33.1,33.6,31.6,43.1,35.6,31.6,38.6
6/16/17 10:00,10:00,32.6,34.6,38.6,34.6,40.6,44.5,37.1,37.1,37.6,35.1,36.6,35.6,35.1,34.6,35.6,33.1,37.6,40.1,35.6,37.1
6/16/17 11:00,11:00,35.1,37.6,39.6,37.1,43.1,43.5,40.1,39.1,39.1,37.1,38.1,38.1,37.1,36.6,36.6,36,37.6,40.6,37.6,38.6
6/16/17 12:00,12:00,36.6,40.1,40.6,39.1,45.6,44,38.6,39.6,39.6,38.6,40.1,40.1,38.6,38.1,29.6,37.5,39.1,42.6,39.6,40.6
6/16/17 13:00,13:00,41.6,40.6,42.6,40.6,45.6,43,37.6,41.1,41.1,40.6,42.1,41.1,40.6,39.6,38.6,39,41.1,44.1,40.6,41.6
6/16/17 14:00,14:00,43.6,42.1,43.6,43,48.1,43,38.1,43.1,42.6,42.1,47.6,42.6,41.6,41.1,40.6,40.5,43.6,46.1,42.1,42.6
6/16/17 15:00,15:00,45.1,42.6,45.6,43,49.6,42,37.6,43.1,44.1,42.1,47.6,43.1,41.1,41.6,42,42,43.6,44.6,42.6,43.6
6/16/17 16:00,16:00,43.6,42.6,45.6,44,49.6,41,37.6,43.1,44.6,42.6,43.6,43.6,41.1,43.1,44,42.5,46.1,45.1,43.1,43.1
6/16/17 17:00,17:00,44.1,42.1,45.1,45,48.6,39.5,37.1,43.1,45.1,43.1,43.1,43.6,41.1,42.6,45,44,45.1,45.6,42.6,43.1
6/16/17 18:00,18:00,42.6,41.6,44.1,49,40.1,35.1,36.1,43.1,41.6,42.1,42.6,42.6,40.1,41.6,46,43.5,43.1,44.1,41.1,42.6
6/16/17 19:00,19:00,39.6,40.6,41.1,40.1,38.1,32.6,35.1,42.6,40.1,41.1,41.1,40.1,38.6,39.6,40.6,40.5,41.6,42.6,40.6,40.1
6/16/17 20:00,20:00,37.1,34.1,37.6,33.1,35.6,31.6,33.6,38.1,37.6,39.1,39.1,37.6,36.1,36.1,34.6,33.6,38.1,38.6,39.1,36.1
6/16/17 21:00,21:00,35.6,31.6,36.1,28.6,35.1,30.1,31.6,37.6,35.1,36.6,36.1,35.6,35.6,32.6,30.1,30.6,36.1,34.6,37.1,34.1
6/16/17 22:00,22:00,31.6,29.6,32.6,27.1,34.1,29.6,31.1,34.6,33.1,36.6,34.1,34.1,32.6,30.6,22.6,29.6,35.1,34.6,36.6,29.6
6/16/17 23:00,23:00,33.1,28.6,33.1,27.1,32.6,29.6,29.1,34.1,33.1,35.1,34.6,32.1,34.1,33.6,31.6,31.6,34.1,34.1,35.6,32.1
6/17/17 0:00,0:00,31.6,29.1,31.1,28.1,31.1,27.1,27.6,33.6,33.1,34.1,33.1,31.6,33.1,30.1,31.1,31.6,32.6,34.1,34.6,29.1
6/17/17 1:00,1:00,30.6,28.6,30.6,24.6,29.1,26.6,27.1,31.1,30.1,31.1,29.6,30.1,30.6,27.6,31.1,31.1,31.1,33.1,33.6,27.1
6/17/17 2:00,2:00,27.6,25.6,28.6,25.1,28.1,26.1,26.1,29.6,28.6,31.1,27.6,28.6,29.1,26.6,27.6,30.1,30.1,31.6,31.6,26.1
6/17/17 3:00,3:00,26.1,24.6,27.1,23.6,27.1,23.6,26.1,27.6,28.1,28.6,26.1,28.1,27.1,25.6,26.1,26.6,29.1,29.1,31.1,24.6
6/17/17 4:00,4:00,25.1,23.6,25.1,22.1,26.6,24.6,25.6,27.1,27.1,27.6,25.1,26.6,26.1,24.1,25.1,25.1,27.6,27.1,29.6,23.1
6/17/17 5:00,5:00,24.1,22.1,24.1,21.1,27.6,35.1,26.6,27.1,26.6,26.6,23.6,25.6,25.6,23.1,24.1,18.6,27.1,26.1,29.1,22.1
6/17/17 6:00,6:00,24.6,24.1,25.1,22.1,29.6,39.5,29.1,27.1,28.1,27.1,23.6,26.1,26.1,24.1,29.1,17.6,27.1,27.6,28.1,23.1
6/17/17 7:00,7:00,27.6,27.6,29.6,27.6,31.6,38.5,31.1,29.6,32.1,28.1,28.1,32.1,28.6,30.1,30.1,22.6,37.1,30.6,28.1,46.6
6/17/17 8:00,8:00,29.6,31.1,31.6,29.6,34.6,41.5,32.6,32.1,31.6,31.1,30.6,33.1,31.6,32.6,33.1,29.1,39.1,31.1,30.1,42.6
6/17/17 9:00,9:00,31.6,33.1,35.6,31.6,37.6,41.5,34.1,34.1,34.1,34.6,33.6,38.6,33.6,34.1,33.6,31.6,41.6,37.1,32.1,40.6
6/17/17 10:00,10:00,33.6,35.1,38.1,34.6,41.1,42.5,36.1,37.6,37.1,35.6,37.1,36.6,35.6,35.6,36.1,33.6,36.6,40.1,36.1,36.1
6/17/17 11:00,11:00,35.1,38.1,40.1,37.1,43.1,43.5,39.6,39.1,39.6,38.6,38.6,38.1,36.6,37.1,37.1,35.5,38.6,41.1,37.6,38.6
6/17/17 12:00,12:00,37.1,41.6,41.6,39.6,45.1,44,37.6,41.1,40.1,39.6,40.6,40.1,38.6,38.6,38.1,37.5,39.6,44.6,39.1,41.1
6/17/17 13:00,13:00,41.6,40.6,42.1,41.1,47.1,43.5,38.1,41.1,41.6,41.6,41.1,41.1,42.6,40.1,39.6,39.5,41.1,43.6,41.6,42.1
6/17/17 14:00,14:00,42.6,41.6,42.6,42.6,47.1,43,38.1,41.6,42.6,41.6,46.6,42.1,41.6,41.1,40.6,41,43.1,44.6,42.6,42.6
6/17/17 15:00,15:00,43.6,42.6,44.1,44,50.1,42,37.1,42.1,44.1,42.6,45.1,43.1,41.1,42.1,42,42,43.6,45.1,43.1,43.1
6/17/17 16:00,16:00,43.1,42.6,45.6,44,50.1,42,36.6,43.6,44.6,43.1,44.1,43.6,41.6,43.1,43.5,42.5,46.1,45.1,43.6,43.6
6/17/17 17:00,17:00,44.1,42.1,46.6,45.5,46.6,40,35.1,43.1,45.1,44.1,43.1,44.1,41.1,43.6,46.5,45.5,45.6,45.6,43.6,43.1
6/17/17 18:00,18:00,42.6,42.1,44.1,47.5,40.1,37.6,33.6,43.1,42.6,42.6,42.6,43.1,40.6,42.1,46.5,43.5,43.1,44.1,42.1,42.6
6/17/17 19:00,19:00,40.1,40.6,41.1,40.6,38.1,34.6,32.6,42.1,41.1,41.1,41.1,40.6,40.1,40.1,40.6,41,41.6,42.1,41.6,40.6
6/17/17 20:00,20:00,37.6,37.6,39.1,35.6,36.1,32.1,31.6,39.1,39.1,39.6,39.1,38.6,37.6,37.6,37.6,37,38.6,38.6,39.6,37.1
6/17/17 21:00,21:00,36.1,33.6,37.1,30.1,34.1,31.6,30.1,38.1,36.6,37.6,37.6,36.6,37.1,35.6,33.6,33.1,37.1,35.6,38.6,35.6
6/17/17 22:00,22:00,33.1,31.1,33.6,28.6,33.6,31.6,28.6,35.6,33.6,36.1,35.1,34.6,33.1,32.6,23.6,30.6,35.1,34.1,36.1,32.1
6/17/17 23:00,23:00,31.1,30.6,31.6,27.1,32.6,28.6,27.6,33.6,32.6,33.6,31.6,34.1,32.1,30.1,27.1,30.1,34.1,35.1,36.1,29.6
6/18/17 0:00,0:00,29.6,28.6,31.1,27.1,31.1,27.6,26.1,31.6,30.6,31.6,31.1,32.1,32.1,29.1,27.6,31.6,32.6,34.1,34.1,28.6
6/18/17 1:00,1:00,28.1,27.1,30.1,26.1,30.1,26.6,25.6,30.1,30.6,32.1,30.6,30.6,30.1,29.6,28.1,32.1,31.6,32.1,33.6,28.6
6/18/17 2:00,2:00,27.1,26.1,29.1,24.6,29.1,25.6,24.6,30.1,29.6,30.6,29.1,29.1,28.6,27.6,27.6,31.1,30.6,31.1,32.6,26.1
6/18/17 3:00,3:00,26.6,25.1,28.6,26.6,28.1,24.6,24.1,28.6,28.1,28.1,27.6,28.6,28.1,26.6,27.6,30.6,29.6,29.1,32.1,26.6
6/18/17 4:00,4:00,25.1,24.1,26.6,25.6,27.6,25.6,24.1,27.1,27.1,27.1,26.1,27.6,26.1,25.6,25.1,27.6,28.6,28.1,31.1,25.1
6/18/17 5:00,5:00,24.6,23.1,25.6,25.6,28.6,35.1,26.1,27.6,26.1,26.6,25.1,26.6,26.1,25.1,25.6,25.6,27.6,27.6,30.1,23.6
6/18/17 6:00,6:00,25.1,25.1,26.6,24.1,30.6,39,27.6,28.1,29.1,27.6,25.6,27.1,27.1,24.6,30.1,26.1,27.6,28.6,29.6,24.6
6/18/17 7:00,7:00,28.1,28.1,29.6,28.1,33.1,39.5,29.6,30.1,33.1,28.6,28.6,32.1,29.6,30.6,30.1,28.1,36.1,30.6,29.6,46.6
6/18/17 8:00,8:00,30.1,32.1,33.1,30.6,35.6,41.5,31.1,33.1,32.6,31.6,31.1,34.1,32.6,33.1,34.1,31.6,39.1,32.6,30.6,38.6
6/18/17 9:00,9:00,32.1,34.1,37.1,32.6,38.6,41.5,31.6,36.1,35.6,34.6,34.6,39.1,34.6,35.1,34.6,34,42.6,38.6,32.6,42.1
6/18/17 10:00,10:00,34.1,35.6,39.6,35.6,42.1,43,33.6,38.1,38.1,36.1,37.1,37.6,36.1,36.6,36.6,35,38.1,39.6,36.6,37.1
6/18/17 11:00,11:00,36.1,38.1,40.6,38.1,44.1,44.5,37.1,40.6,39.1,38.6,39.1,38.6,37.6,38.1,38.1,37,39.1,40.6,38.1,39.6
6/18/17 12:00,12:00,37.1,42.6,42.1,40.1,46.1,45,34.6,41.1,41.1,39.6,41.1,41.1,39.1,39.6,39.1,39,40.6,45.1,40.1,41.6
6/18/17 13:00,13:00,42.1,42.1,43.1,41.6,46.6,45,34.1,41.6,42.6,41.6,42.6,42.1,41.6,41.1,40.6,40,42.1,44.1,41.6,42.6
6/18/17 14:00,14:00,44.1,42.6,45.1,43.5,49.1,44,33.6,42.6,43.6,42.1,46.1,43.6,42.6,42.6,42,42,44.6,45.6,43.6,43.6
6/18/17 15:00,15:00,45.5,43.6,45.1,44.5,51.1,44,33.6,43.6,45.6,43.1,47.1,44.6,42.1,43.6,43.5,43.5,44.6,46.1,44.1,44.6
6/18/17 16:00,16:00,44.6,44.6,48,45.5,51.6,43.5,33.1,44.6,46.1,44.1,45.6,44.6,42.6,45.1,45,44.5,47.6,47.1,45.1,45.6
6/18/17 17:00,17:00,46,44.1,47.6,47.5,48.1,41.5,32.1,45.6,46.6,44.6,45.6,45.1,42.6,45.6,47,46.5,46.6,46.6,44.6,45.6
6/18/17 18:00,18:00,44.6,44.1,46.1,48.5,42.6,38,31.1,45.6,44.1,44.1,44.6,45.1,42.1,44.1,48,45.5,45.1,46.1,44.1,44.6
6/18/17 19:00,19:00,42.6,43.1,43.6,42.6,40.1,35.6,30.6,44.1,43.1,43.6,43.6,42.6,41.6,42.1,43,43,43.6,44.1,43.6,43.1
6/18/17 20:00,20:00,40.1,37.1,41.1,38.6,38.6,33.6,29.6,41.1,39.1,40.1,41.1,40.1,39.1,39.6,39.6,36.5,41.1,40.6,41.1,40.1
6/18/17 21:00,21:00,37.1,34.1,38.6,32.6,36.1,33.1,27.6,39.6,37.1,36.1,40.1,37.6,38.1,38.1,36.6,34,39.6,38.1,39.6,38.1
6/18/17 22:00,22:00,34.1,32.1,35.1,31.1,36.1,32.6,27.6,38.6,36.6,38.6,38.6,36.1,36.6,36.6,25.1,32.6,37.6,38.6,38.6,34.6
6/18/17 23:00,23:00,34.1,31.6,34.1,29.6,34.1,33.1,25.6,34.6,34.6,37.6,37.1,35.1,33.6,33.1,25.1,34,35.6,38.1,38.1,31.6
6/19/17 0:00,0:00,34.6,30.1,33.1,28.6,33.1,29.6,24.6,35.1,33.6,34.6,34.1,33.6,35.1,31.1,33.6,32.6,34.6,35.1,37.6,30.1
6/19/17 1:00,1:00,34.6,30.1,32.6,28.6,31.6,30.1,24.6,32.6,32.6,32.6,35.6,33.6,32.1,31.1,35.1,32.1,34.6,33.1,36.6,31.1
6/19/17 2:00,2:00,31.6,28.1,30.6,27.1,31.1,27.6,24.6,31.1,31.1,30.6,32.1,31.6,30.6,29.6,31.1,30.1,33.1,32.6,35.6,29.6
6/19/17 3:00,3:00,29.6,28.6,29.6,26.1,31.1,26.6,23.6,30.6,30.6,30.6,30.1,31.1,29.6,28.6,29.6,29.1,31.6,30.6,34.1,28.1
6/19/17 4:00,4:00,28.6,27.1,28.6,25.6,30.1,26.1,22.1,29.6,29.6,30.6,29.1,29.6,28.6,27.6,27.1,28.1,31.1,29.6,32.6,27.1
6/19/17 5:00,5:00,28.1,26.1,28.1,25.6,30.6,33.1,23.6,30.1,28.6,28.6,28.6,28.6,29.1,26.1,28.1,27.1,30.6,30.1,32.1,26.1
6/19/17 6:00,6:00,27.1,26.6,27.6,25.1,33.1,41,26.1,29.6,30.1,30.6,27.1,28.6,28.6,26.1,28.6,27.1,31.1,31.6,31.6,26.1
6/19/17 7:00,7:00,30.6,30.1,31.1,26.6,35.6,41.5,28.6,33.1,34.1,31.1,30.6,34.1,32.1,31.1,32.1,27.6,38.6,34.6,32.6,47.1
6/19/17 8:00,8:00,31.1,34.6,32.6,30.6,37.6,45.5,31.1,33.6,35.1,34.1,32.1,37.1,32.6,32.6,32.1,33.6,38.6,34.1,33.6,36.6
6/19/17 9:00,9:00,33.6,36.6,37.6,35.1,41.1,44.5,31.6,37.1,37.6,36.6,36.6,41.1,36.1,36.6,36.1,36,42.6,38.6,35.1,43.1
6/19/17 10:00,10:00,36.1,39.1,41.1,37.1,44.1,48.5,34.6,41.1,40.1,38.6,39.6,40.6,38.1,38.1,31.6,37.5,41.1,44.1,38.6,39.6
6/19/17 11:00,11:00,37.6,41.1,43.1,39.6,47.1,47.5,37.6,42.6,42.6,41.1,41.6,41.6,39.6,39.6,39.1,39.5,42.1,46.1,41.1,42.1
6/19/17 12:00,12:00,40.6,45.1,44.6,42.6,49.6,47.5,35.1,43.6,42.6,41.6,43.6,43.1,41.1,41.6,41.1,41.5,43.6,49.1,42.1,43.6
6/19/17 13:00,13:00,44.1,44.1,46.6,44,50.6,47.5,35.1,44.6,44.6,44.1,44.6,44.6,45,43.1,42.5,43,45.1,48.1,43.6,45.6
6/19/17 14:00,14:00,46.5,45.1,47.1,46.5,51.6,47,35.1,46.6,46.1,45.1,50.5,46.1,45.5,45.1,44.5,45,47.6,50.1,45.5,46.1
6/19/17 15:00,15:00,48,46.6,49,47.5,54.5,46.5,35.1,47.1,48.6,46.1,51,47,44.5,46.1,45.5,46,48.1,50.6,46.5,47.6
6/19/17 16:00,16:00,47,47.1,51,47.5,53.5,45.5,35.1,48.1,48.1,47.1,48.1,47.5,45,47.1,47.5,47,50.1,50.1,47,47.6
6/19/17 17:00,17:00,48,46.6,49.5,49.5,49.1,44.5,34.6,47.6,48.6,46.6,48.1,48,45,47.1,48.5,49,50.1,49.6,46.5,47.6
6/19/17 18:00,18:00,46.5,46.1,47.6,50,44.1,40.5,33.1,47.6,46.1,46.1,46.6,46.5,44.5,45.6,47.5,47.5,47.6,48.1,45.5,46.6
6/19/17 19:00,19:00,44.1,44.6,45.1,44.5,42.6,37.6,31.1,45.6,44.6,45.1,45.6,44.6,43,43.6,44.5,44.5,45.6,46.1,45.1,44.6
6/19/17 20:00,20:00,42.1,41.1,42.6,36.6,40.1,37.6,30.1,43.6,43.1,43.1,43.1,42.1,42.1,40.1,42,39.5,43.1,43.1,43.6,41.6
6/19/17 21:00,21:00,40.1,36.6,40.6,33.1,38.1,34.6,28.6,42.1,39.6,42.1,41.1,40.6,40.1,37.6,34.6,37,40.6,42.1,42.1,38.1
6/19/17 22:00,22:00,36.6,36.1,37.6,32.1,36.6,32.6,27.6,37.6,37.6,39.1,39.1,39.1,38.6,35.1,31.1,34.5,39.6,38.6,40.6,34.6
6/19/17 23:00,23:00,34.6,33.6,35.6,30.6,36.1,32.1,26.1,36.1,35.1,36.1,36.6,37.1,35.1,33.6,26.1,33.1,38.1,36.6,39.6,32.6
6/20/17 0:00,0:00,34.6,32.6,34.1,29.6,34.1,33.6,26.1,35.1,34.6,35.1,35.1,35.6,33.6,32.6,26.6,32.6,36.1,35.1,38.1,31.6
6/20/17 1:00,1:00,31.6,32.1,32.6,27.6,33.1,30.6,24.6,33.1,34.1,37.1,32.6,34.6,32.1,31.1,29.6,32.6,35.1,37.6,36.6,30.6
6/20/17 2:00,2:00,30.6,31.1,31.6,27.6,32.1,30.1,24.6,32.6,33.1,34.6,31.6,33.6,32.1,30.1,29.6,31.6,34.6,36.1,35.6,30.1
6/20/17 3:00,3:00,29.1,29.6,29.6,25.6,31.1,29.1,23.6,31.1,32.1,32.6,30.1,32.1,30.6,29.1,28.6,29.1,33.1,32.1,34.6,29.6
6/20/17 4:00,4:00,29.1,28.6,29.6,26.1,31.6,28.6,23.1,31.1,30.6,30.6,29.6,31.1,29.6,29.1,28.6,29.6,32.6,31.6,33.6,28.1
6/20/17 5:00,5:00,28.1,27.6,29.1,25.6,32.6,32.6,24.6,30.1,29.6,30.6,28.6,30.6,30.1,27.1,28.1,21.6,32.1,31.1,33.1,27.1
6/20/17 6:00,6:00,27.6,29.1,29.6,26.6,34.6,31.1,27.1,31.6,31.1,33.1,29.1,30.6,30.1,27.6,30.1,21.1,33.1,32.6,33.6,28.6
6/20/17 7:00,7:00,29.6,29.6,32.6,28.1,38.1,34.1,30.1,35.6,32.6,32.1,32.6,32.6,32.1,32.6,31.6,26.6,38.1,35.1,32.6,42.6
6/20/17 8:00,8:00,31.6,30.1,38.6,34.1,41.6,45.5,33.1,37.1,31.6,31.6,34.6,33.1,36.1,35.1,36.1,29.1,38.6,36.1,34.6,40.6
6/20/17 9:00,9:00,37.6,36.6,41.1,37.1,45.1,45.5,35.1,40.6,37.1,36.1,39.6,37.6,39.1,38.6,40.1,34.5,47.1,41.1,37.6,44.1
6/20/17 10:00,10:00,40.1,41.1,45.1,41.6,44.1,47,37.1,42.6,41.6,38.1,43.1,41.1,40.1,41.6,42,38.5,43.1,45.1,40.6,43.6
6/20/17 11:00,11:00,42.1,43.6,46.1,42.6,48.6,46,42.1,45.6,41.1,42.1,45.1,44.6,43.5,43.6,43,42,43.6,44.6,43.1,45.1
6/20/17 12:00,12:00,43.6,47.6,47.6,44.5,51.1,47,39.1,46.1,44.6,43.6,45.1,46.1,43.5,44.6,42,42,43.1,44.6,43.1,47.1
6/20/17 13:00,13:00,47,45.6,48.5,46.5,53,47.5,38.6,47.1,46.1,46.1,48.1,46.5,47.5,45.6,44.5,44,46.1,49.1,44.1,47.1
6/20/17 14:00,14:00,48,47.6,49.5,48,53,47,38.6,48.6,46.6,46.1,54,47.5,46.5,46.6,46,46,48.6,51.1,46,48.6
6/20/17 15:00,15:00,48.5,48.1,51.5,48,56,46.5,39.1,48.6,49.1,47.1,51.5,48.5,45.5,47.6,47.5,47.5,49.6,51.6,47,49.1
6/20/17 16:00,16:00,48,48.6,50.5,50,54.5,46.5,38.6,49.5,49.1,47.6,49.6,48.5,45.5,48.6,49.5,48,51.5,51.6,47.5,49.6
6/20/17 17:00,17:00,48,48.1,53,51,50.6,45,38.1,48.6,50.1,48.1,48.6,49,46.5,48.1,51,48.5,50.6,51.1,45.5,48.6
6/20/17 18:00,18:00,47,47.1,49,51,45.6,39.5,36.1,47.6,46.1,46.6,47.6,48,46,46.6,48.5,48.5,48.6,50.6,46,47.1
6/20/17 19:00,19:00,43.1,45.1,47.1,42.6,42.6,37.6,33.6,46.6,44.1,43.6,45.6,45.6,43,43.6,44,43.5,47.1,48.1,43.1,45.6
6/20/17 20:00,20:00,39.1,39.1,42.6,36.6,40.1,36.6,32.1,41.1,39.6,40.6,42.1,42.1,38.1,39.6,38.1,37.5,43.1,45.6,43.6,41.1
6/20/17 21:00,21:00,37.1,36.6,39.6,34.1,39.6,36.1,31.1,39.1,37.1,38.1,39.1,40.1,36.1,37.1,35.6,36,41.6,41.1,41.6,37.6
6/20/17 22:00,22:00,35.6,36.1,38.1,33.1,38.1,34.6,29.6,37.6,37.1,38.6,37.1,40.6,36.1,35.6,29.1,35.5,40.6,40.1,39.1,35.6
6/20/17 23:00,23:00,34.1,34.6,36.6,32.1,36.6,33.6,29.1,36.1,36.6,37.6,36.6,38.6,35.1,34.6,27.1,34,39.1,38.6,39.6,34.1
6/21/17 0:00,0:00,33.1,34.1,34.6,29.6,35.1,32.6,27.6,35.6,37.6,38.1,34.6,37.6,34.6,33.1,31.6,33.1,37.6,38.1,38.6,32.6
6/21/17 1:00,1:00,31.6,32.1,33.6,29.6,34.1,32.6,27.1,33.6,35.1,35.6,33.1,35.6,33.1,32.1,31.6,32.6,36.1,36.1,38.1,32.1
6/21/17 2:00,2:00,30.6,30.6,33.1,27.6,33.6,30.1,25.6,33.1,34.1,34.6,32.6,34.6,32.6,31.1,31.6,31.1,35.1,34.6,37.1,30.6
6/21/17 3:00,3:00,30.1,32.1,31.6,27.6,32.6,29.6,25.6,33.1,33.6,34.1,31.6,34.1,31.6,30.6,30.6,29.6,33.6,34.1,37.1,29.6
6/21/17 4:00,4:00,29.6,29.6,31.1,27.6,32.6,30.6,25.1,31.6,32.6,33.6,30.6,31.6,31.6,29.1,30.1,29.6,33.6,33.1,34.6,29.6
6/21/17 5:00,5:00,28.6,28.6,29.6,26.6,35.1,38,27.1,32.1,33.1,33.1,29.6,31.6,32.6,28.1,29.6,21.6,33.1,33.6,34.6,27.6
6/21/17 6:00,6:00,28.1,29.6,30.1,27.6,37.1,42.5,29.6,32.1,32.6,32.1,29.6,31.6,30.6,28.6,29.6,22.6,34.1,33.6,34.1,28.6
6/21/17 7:00,7:00,33.1,33.1,35.1,31.1,38.1,45.5,32.1,36.6,36.6,33.6,34.1,38.6,34.6,33.6,35.1,26.6,45.6,39.1,34.6,45.6
6/21/17 8:00,8:00,35.1,36.6,39.6,35.1,39.6,46.5,35.1,38.6,37.6,36.1,37.1,37.6,36.6,37.6,37.6,32.1,49.6,38.6,36.1,46.1
6/21/17 9:00,9:00,37.1,39.1,40.1,37.6,42.1,45.5,38.6,40.1,38.6,38.1,37.6,43.6,38.1,38.1,38.6,37,45.6,40.6,37.6,41.6
6/21/17 10:00,10:00,38.1,40.1,42.6,39.6,45.1,48.5,40.1,40.6,40.6,39.1,40.1,40.6,39.6,39.6,40.1,39,42.6,42.6,40.1,42.1
6/21/17 11:00,11:00,39.6,42.6,44.1,42.1,47.1,47.5,43,43.6,42.1,41.1,42.1,42.1,40.6,41.6,41.1,40.5,43.1,45.1,41.6,43.6
6/21/17 12:00,12:00,41.6,46.1,45.1,43.5,48.6,48.5,41.6,44.1,43.6,42.1,43.6,44.6,42.1,42.6,42,42,44.1,48.1,42.6,44.6
6/21/17 13:00,13:00,45.1,45.1,46.1,45,50.1,47.5,41.6,44.6,44.1,43.6,45.6,45.1,45,43.6,43,43.5,46.1,47.6,44.6,45.6
6/21/17 14:00,14:00,47,46.1,47.1,47,50.6,47,40.1,46.6,45.6,44.6,49.1,46.5,45,45.1,44,45,48.1,47.6,45.5,46.1
6/21/17 15:00,15:00,48,46.1,48,48.5,53,46.5,41.1,46.6,47.1,45.6,50.1,47,44.5,46.1,46,45.5,48.1,50.1,46.5,47.1
6/21/17 16:00,16:00,46.5,46.6,49.5,48,52.6,45.5,40.6,47.1,47.6,46.1,48.1,47,45,47.1,47.5,47,50.1,49.6,47,47.6
6/21/17 17:00,17:00,47.5,46.1,49,50,49.6,45,40.1,47.1,48.1,46.6,47.6,47.5,45.5,47.1,49,48,49.1,49.6,47,47.6
6/21/17 18:00,18:00,46.5,46.1,48,50.5,44.6,41.5,37.6,47.6,46.6,46.1,47.1,47,45,46.1,50,47.5,47.6,48.1,46,46.6
6/21/17 19:00,19:00,44.6,45.1,45.6,45,42.6,40.5,35.6,46.1,45.1,45.1,45.6,44.6,44,44.1,45,45,46.1,46.1,45.5,44.6
6/21/17 20:00,20:00,42.6,42.1,43.6,42.1,41.1,39.5,33.6,43.6,43.1,43.6,43.6,43.1,42.1,42.1,42,42,43.6,43.1,43.6,42.6
6/21/17 21:00,21:00,41.1,41.1,41.6,41.1,39.6,38,32.6,41.6,42.1,42.6,42.1,41.6,40.6,40.6,40.6,40,41.6,42.1,42.1,40.1
6/21/17 22:00,22:00,39.6,40.1,40.1,34.6,39.1,36.1,31.6,41.1,39.6,40.6,40.1,40.1,40.1,39.1,34.6,38.5,40.6,41.1,41.1,39.6
6/21/17 23:00,23:00,38.1,37.6,39.1,34.1,37.6,34.1,30.1,39.6,37.1,38.6,39.1,39.1,38.6,38.1,37.6,37,39.1,39.6,39.6,37.6
6/22/17 0:00,0:00,37.6,34.6,38.1,33.1,36.6,33.1,28.6,38.1,36.6,38.1,37.6,38.1,38.1,37.1,37.1,36,38.1,38.1,38.6,36.6
6/22/17 1:00,1:00,36.6,32.6,36.6,31.1,35.1,33.6,27.6,37.1,34.6,35.6,36.6,36.1,37.1,36.1,35.6,35,36.6,35.6,37.6,35.6
6/22/17 2:00,2:00,35.1,32.1,35.1,30.1,33.6,32.1,26.6,35.6,34.6,35.1,36.1,34.6,35.6,35.1,34.6,34.5,35.6,36.6,37.1,34.1
6/22/17 3:00,3:00,34.1,32.1,33.6,29.1,32.6,30.6,26.1,34.1,33.1,33.1,34.6,33.6,34.1,33.6,33.6,30.6,34.6,34.1,36.1,32.6
6/22/17 4:00,4:00,31.6,30.1,31.6,28.6,33.1,29.6,26.1,32.6,32.1,32.6,32.1,33.1,32.1,31.1,30.6,29.6,33.6,33.1,34.6,30.1
6/22/17 5:00,5:00,31.6,28.6,30.6,27.1,33.6,39,28.1,32.1,31.1,31.6,31.1,31.6,31.1,30.1,29.1,23.1,33.1,32.1,33.6,31.6
6/22/17 6:00,6:00,30.1,30.6,30.6,27.1,34.6,40.5,30.1,31.6,33.1,32.6,30.6,31.1,31.1,30.1,31.6,23.1,33.1,34.1,32.1,29.1
6/22/17 7:00,7:00,33.1,33.1,35.6,30.6,35.6,42,33.1,35.1,38.1,33.6,33.1,38.6,33.6,35.1,35.1,26.6,45.6,38.6,32.6,50.6
6/22/17 8:00,8:00,33.6,35.1,36.6,34.1,37.1,45,36.6,36.1,37.1,35.6,35.1,36.6,35.1,36.1,36.6,31.6,48.6,36.6,34.1,44.6
6/22/17 9:00,9:00,35.1,36.6,39.1,35.6,39.6,45,38.6,37.1,38.6,37.6,36.1,40.6,36.6,37.6,36.6,35.5,49.1,40.1,35.6,42.6
6/22/17 10:00,10:00,36.6,37.6,40.6,37.6,41.6,44.5,39.6,39.1,40.6,38.1,38.6,39.6,37.6,38.6,38.1,36.5,40.6,41.1,37.6,39.6
6/22/17 11:00,11:00,37.6,39.6,41.1,40.1,44.1,45.5,45,40.6,41.6,39.6,40.1,39.1,38.6,39.6,38.6,38.5,40.1,43.6,39.6,40.1
6/22/17 12:00,12:00,39.1,42.1,43.1,41.1,47.1,45.5,42.5,41.6,41.6,40.1,40.6,41.1,40.1,40.6,39.6,39.5,41.6,44.1,40.6,42.1
6/22/17 13:00,13:00,42.6,42.1,44.6,43,47.1,45.5,42.5,42.1,42.6,41.6,43.1,42.6,43,41.6,40.6,41,42.6,44.6,42.1,42.6
6/22/17 14:00,14:00,45.1,42.6,44.1,44.5,48.1,45,42.1,43.1,44.1,42.6,47.1,43.6,43,42.6,41.6,42.5,45.1,45.6,44.1,43.6
6/22/17 15:00,15:00,45.5,43.6,45.1,43.5,50.6,44.5,42.1,44.1,45.1,43.6,46.6,44.6,43,44.1,43.5,43.5,45.1,46.1,44.1,44.1
6/22/17 16:00,16:00,44.6,43.6,47.1,45.5,50.6,43.5,41.1,44.6,45.1,43.6,45.1,44.6,43,45.1,45,44.5,48.1,46.6,44.6,44.6
6/22/17 17:00,17:00,45.5,43.6,46.1,48,47.1,43,40.6,44.6,45.6,44.1,44.6,45.1,43.5,45.1,46.5,45.5,46.6,46.6,45.1,44.6
6/22/17 18:00,18:00,44.6,43.6,45.1,48,42.6,40.5,38.1,45.1,44.1,44.1,44.1,44.1,42.6,44.1,47,45,45.1,45.6,44.1,44.1
6/22/17 19:00,19:00,42.6,43.1,43.1,42.6,41.1,39.5,36.1,43.6,43.1,43.1,43.1,42.6,42.1,42.1,42.5,43,43.6,44.1,43.6,42.6
6/22/17 20:00,20:00,41.1,40.6,41.6,41.1,39.1,38.5,35.1,41.6,41.6,41.6,42.1,41.1,41.1,40.6,40.6,40.5,41.6,41.6,42.1,40.6
6/22/17 21:00,21:00,39.6,39.6,40.1,40.1,37.1,37.1,35.1,40.1,40.6,40.6,40.1,40.1,39.6,39.6,39.1,39.5,40.6,40.1,40.6,39.1
6/22/17 22:00,22:00,38.1,37.6,38.1,38.1,36.1,36.1,34.6,38.1,38.6,38.6,38.1,38.1,37.6,37.6,34.1,38,38.6,38.6,38.6,37.1
6/22/17 23:00,23:00,36.1,36.6,36.6,36.1,35.1,34.6,33.6,36.6,37.1,37.1,36.6,37.1,36.1,36.1,35.6,36.5,36.6,37.1,37.1,35.6
6/23/17 0:00,0:00,35.1,35.6,35.1,34.6,34.1,33.6,32.1,35.6,35.6,35.6,35.6,35.6,35.1,35.1,34.6,35,35.6,36.1,36.1,34.1
6/23/17 1:00,1:00,34.1,34.1,34.1,33.6,33.1,33.1,29.6,34.1,34.6,34.6,34.1,34.6,34.6,33.6,33.6,34,34.6,35.1,35.1,33.1
6/23/17 2:00,2:00,33.1,32.6,33.1,30.6,32.6,30.6,29.1,33.6,33.6,34.1,33.1,33.6,33.1,32.6,31.6,32.6,33.6,34.1,34.1,31.6
6/23/17 3:00,3:00,32.6,32.1,32.6,29.6,32.1,30.1,27.1,32.6,33.1,33.1,32.6,32.6,33.1,31.6,32.1,31.6,33.1,33.6,33.6,31.6
6/23/17 4:00,4:00,31.6,30.1,31.6,30.1,31.1,30.6,27.1,31.6,32.1,32.1,31.6,31.6,31.1,31.1,31.1,31.1,32.1,32.1,32.6,30.1
6/23/17 5:00,5:00,30.6,29.1,30.1,27.6,31.6,40,28.6,30.6,31.1,31.6,30.6,31.1,30.6,29.1,30.1,23.6,31.6,31.1,31.6,29.6
6/23/17 6:00,6:00,29.6,30.1,30.6,28.1,32.6,43,30.6,31.1,32.6,31.6,29.6,31.1,30.6,29.1,31.1,24.1,31.1,32.6,31.6,29.6
6/23/17 7:00,7:00,32.1,32.6,33.6,31.6,34.1,44,33.6,33.1,36.6,32.6,31.6,36.1,32.1,33.1,33.1,27.1,41.6,34.1,31.6,50.1
6/23/17 8:00,8:00,33.1,34.1,35.6,33.1,36.1,45,36.1,35.1,35.6,34.1,33.1,35.1,34.1,34.1,35.6,30.6,46.1,35.6,33.1,47.6
6/23/17 9:00,9:00,34.1,35.1,37.1,34.6,39.1,43,38.6,36.1,36.6,36.1,35.6,37.6,35.1,36.6,35.1,34.5,49.6,39.6,34.1,42.1
6/23/17 10:00,10:00,35.6,37.1,39.6,36.6,41.6,46.5,40.6,38.1,39.1,36.6,37.1,38.1,36.6,37.1,36.6,35.5,39.6,39.6,37.1,38.6
6/23/17 11:00,11:00,36.6,38.1,40.1,38.6,43.1,45,44,40.1,40.1,38.6,39.1,38.6,38.1,38.1,37.6,37,39.6,41.1,38.6,40.6
6/23/17 12:00,12:00,38.6,42.1,41.1,40.6,46.6,45,42.5,40.1,41.1,39.6,40.1,40.6,39.1,39.1,39.1,39,40.6,44.1,39.6,40.6
6/23/17 13:00,13:00,42.1,41.6,42.6,42.6,47.1,45,42.1,41.1,41.6,40.6,41.6,41.6,42.1,41.1,39.6,40.5,41.6,43.6,41.6,42.1
6/23/17 14:00,14:00,44.1,42.6,43.1,45,47.6,44.5,42.1,43.1,42.6,41.6,45.1,42.6,42.6,42.1,41.6,41.5,44.6,45.6,43.6,42.6
6/23/17 15:00,15:00,45.1,43.6,45.1,44.5,50.6,44,42.1,43.1,44.6,42.6,46.1,44.1,42.6,43.1,43,42.5,44.6,45.6,43.6,43.6
6/23/17 16:00,16:00,44.6,44.1,46.1,45.5,50.1,43.5,41.6,44.1,45.1,43.1,45.1,44.6,43,44.6,45.5,44,47.6,46.6,44.6,44.6
6/23/17 17:00,17:00,45.5,43.6,46.6,48.5,44.1,42.5,41.1,45.1,46.1,44.1,45.1,44.6,43.5,44.6,46.5,45,46.6,46.6,44.6,44.6
6/23/17 18:00,18:00,44.6,43.6,45.1,48.5,42.6,40.5,39.1,44.1,44.1,43.6,44.1,44.1,42.6,43.6,47,44.5,45.1,45.6,43.6,44.1
6/23/17 19:00,19:00,42.6,42.6,42.6,42.6,41.1,38,37.6,43.1,42.6,42.6,43.1,42.6,42.1,41.6,42,41.5,42.6,43.6,43.1,42.1
6/23/17 20:00,20:00,40.6,40.1,41.6,41.1,39.6,37.1,35.6,41.6,41.6,41.6,42.1,41.1,40.6,40.6,40.6,40.5,41.6,41.6,42.1,40.6
6/23/17 21:00,21:00,39.6,38.6,40.1,39.6,39.1,35.6,36.1,40.1,40.6,40.6,40.6,39.6,39.6,39.6,39.1,38.5,40.1,40.6,40.6,39.6
6/23/17 22:00,22:00,38.6,37.1,39.6,37.6,37.6,34.1,34.6,39.6,38.1,39.1,39.6,38.6,38.6,38.6,34.6,38,39.1,39.6,39.6,38.6
6/23/17 23:00,23:00,37.1,34.6,37.6,33.6,36.6,33.1,33.6,38.1,37.1,38.1,38.1,37.1,37.6,37.6,35.6,37,37.6,38.6,38.6,37.6
6/24/17 0:00,0:00,36.6,34.1,35.6,31.6,35.6,31.6,32.1,37.6,36.1,37.6,37.1,35.6,36.6,35.6,34.6,34,36.6,36.6,38.1,36.6
6/24/17 1:00,1:00,35.1,31.6,35.1,29.1,34.6,30.6,30.6,35.6,34.6,35.6,36.1,34.1,35.6,34.1,34.6,32.1,35.1,34.6,37.1,34.1
6/24/17 2:00,2:00,34.1,30.1,32.6,28.6,32.6,30.6,29.1,34.6,32.6,33.1,34.6,33.1,33.6,32.1,32.6,30.6,34.6,33.6,36.1,31.6
6/24/17 3:00,3:00,31.6,29.6,31.6,27.6,31.6,29.1,27.6,33.1,32.1,32.1,32.1,32.6,32.6,30.6,31.1,30.1,33.6,33.1,34.6,30.6
6/24/17 4:00,4:00,31.1,29.1,30.6,27.1,31.1,28.6,27.1,31.6,31.1,31.6,30.6,31.6,31.1,29.6,30.6,30.1,32.6,33.6,34.6,29.1
6/24/17 5:00,5:00,29.6,27.6,29.6,26.6,32.6,38,29.1,30.1,30.1,30.1,30.1,30.6,29.1,29.1,28.6,21.6,32.1,32.6,33.1,29.6
6/24/17 6:00,6:00,30.1,28.6,30.6,30.6,34.1,40,31.6,31.6,31.6,31.1,31.1,30.6,29.6,30.1,31.6,26.1,32.1,33.1,32.6,31.6
6/24/17 7:00,7:00,32.6,31.6,34.6,31.6,35.6,43,34.1,35.1,35.1,32.6,33.6,37.1,32.6,33.6,34.1,28.1,43.6,36.6,32.6,47.6
6/24/17 8:00,8:00,33.6,35.1,36.6,33.6,39.1,44,36.6,36.6,36.1,35.1,35.1,36.6,35.6,36.1,38.1,32.1,48.6,36.6,33.6,43.1
6/24/17 9:00,9:00,35.1,37.1,40.6,35.6,41.6,43,39.1,36.6,38.1,37.6,36.6,39.6,35.1,38.1,37.1,35,49.6,40.6,35.1,45.1
6/24/17 10:00,10:00,37.1,38.1,41.1,37.6,44.6,45.5,40.6,40.1,40.1,38.1,40.1,40.1,39.1,39.6,39.6,37,41.6,43.1,38.6,40.6
6/24/17 11:00,11:00,39.1,41.1,42.6,40.6,47.6,46.5,44,42.1,42.1,41.1,41.6,40.6,40.6,41.1,40.6,39,41.6,44.1,40.6,41.6
6/24/17 12:00,12:00,40.6,44.6,45.1,43,49.1,46.5,43,44.1,43.1,42.1,43.1,44.6,42.1,42.1,42,41,42.6,47.6,42.1,43.1
6/24/17 13:00,13:00,43.6,44.1,45.6,44.5,50.1,47,43.5,45.1,44.6,44.6,45.1,44.1,46.5,43.1,43,42.5,45.1,47.6,43.6,44.6
6/24/17 14:00,14:00,46.5,44.6,46.6,47.5,50.6,46.5,43,45.6,45.6,44.6,49.6,45.6,44.5,45.1,44.5,44.5,46.6,47.6,45.1,46.1
6/24/17 15:00,15:00,44.1,45.6,47.6,47,53,46,43.5,45.6,48.1,45.6,44.6,46.5,45,43.6,43,45,47.6,48.6,45.1,45.6
6/24/17 16:00,16:00,46,45.6,48.5,47,53,45.5,43.5,46.1,47.1,46.1,46.6,46.1,45,46.6,47.5,46,49.1,49.1,46.5,47.1
6/24/17 17:00,17:00,47.5,46.1,49,49,48.6,43,43,46.6,48.1,46.1,46.6,46.5,45,46.6,48,47,48.1,48.1,46.5,46.1
6/24/17 18:00,18:00,46,45.1,47.1,49.5,43.6,41.5,40.6,46.6,45.6,45.6,46.1,46.1,44.5,45.1,47.5,46.5,46.6,47.1,45.1,45.6
6/24/17 19:00,19:00,43.6,44.1,44.6,44,41.1,37.6,38.6,44.1,44.1,44.1,44.1,44.1,43,43.1,43.5,44,45.1,45.1,44.1,43.6
6/24/17 20:00,20:00,41.1,41.1,42.1,36.6,40.1,36.1,37.1,42.1,42.6,43.1,42.1,42.1,41.1,40.1,40.6,39.5,42.1,42.1,42.1,40.6
6/24/17 21:00,21:00,37.6,36.1,39.1,33.6,39.6,35.6,37.1,39.1,38.6,40.1,39.6,39.6,36.1,37.1,33.1,35.5,40.1,39.1,39.6,36.6
6/24/17 22:00,22:00,35.6,34.6,37.1,32.6,38.6,37.6,35.1,37.1,37.1,37.1,37.1,38.1,35.6,35.6,31.1,34.5,39.6,39.1,40.1,35.1
6/24/17 23:00,23:00,35.1,34.6,36.6,31.6,38.1,36.1,35.1,37.6,36.1,37.1,35.6,37.6,35.6,34.6,26.6,34.5,39.6,40.6,39.1,34.6
6/25/17 0:00,0:00,35.6,35.1,36.6,32.6,37.6,36.1,32.6,37.6,37.1,38.1,37.6,37.6,37.6,35.1,29.1,35,38.6,40.6,39.6,34.6
6/25/17 1:00,1:00,34.1,34.1,36.6,31.1,36.6,35.6,32.6,37.1,35.6,36.1,36.1,36.6,36.6,34.6,33.1,34.5,38.1,37.6,37.6,34.6
6/25/17 2:00,2:00,33.6,36.1,35.1,33.1,36.1,35.6,32.1,37.6,37.1,36.6,35.6,37.1,35.6,34.1,34.1,34,37.1,37.1,37.6,33.6
6/25/17 3:00,3:00,36.1,33.6,36.6,34.6,35.6,34.6,30.1,36.6,36.6,36.1,36.6,36.6,36.1,35.6,35.6,35.5,36.6,36.1,37.1,36.1
6/25/17 4:00,4:00,35.6,35.1,35.6,34.6,34.6,34.1,29.6,36.1,35.6,35.6,36.1,35.6,35.6,35.1,35.1,35,36.1,35.1,36.6,36.1
6/25/17 5:00,5:00,34.6,34.1,35.1,33.1,35.6,39.5,31.6,35.1,35.1,34.1,35.6,34.6,35.1,34.1,34.1,33.6,35.6,34.6,35.6,34.6
6/25/17 6:00,6:00,33.1,33.1,33.6,32.1,36.6,40,34.1,35.1,35.1,33.6,34.6,34.1,33.1,33.1,33.6,32.1,35.1,35.1,35.6,33.6
6/25/17 7:00,7:00,36.1,35.1,37.6,33.6,38.6,41.5,37.1,37.1,37.6,34.6,36.1,38.6,36.1,36.1,36.1,34,41.1,37.1,36.1,44.1
6/25/17 8:00,8:00,37.1,37.6,39.1,36.6,40.1,43,39.6,38.1,38.6,37.6,37.6,38.1,37.6,38.1,38.1,37.5,44.1,38.1,37.1,43.1
6/25/17 9:00,9:00,38.6,39.6,40.1,38.1,42.6,42.5,41.6,40.1,39.1,39.6,39.6,41.6,39.6,39.6,39.1,39,44.1,41.1,38.1,42.1
6/25/17 10:00,10:00,39.6,41.1,43.6,39.6,46.1,47,43,42.1,41.1,40.1,41.6,41.1,40.6,41.1,40.6,40,41.1,43.1,41.1,42.1
6/25/17 11:00,11:00,39.6,43.1,45.1,41.6,47.6,45.5,46.5,44.6,42.1,41.1,42.6,42.1,41.6,42.1,41.1,41,42.6,43.6,41.6,43.6
6/25/17 12:00,12:00,41.1,46.1,45.6,43.5,48.6,46,45,46.1,44.1,42.6,44.1,44.1,43,42.6,41.6,42.5,43.6,47.6,42.6,43.1
6/25/17 13:00,13:00,44.1,44.6,46.6,44.5,49.1,45.5,45.5,44.1,45.1,44.1,45.1,44.6,44,44.1,42.5,43.5,44.6,46.6,44.1,45.1
6/25/17 14:00,14:00,46,45.1,46.6,46.5,49.6,45.5,46.5,46.1,46.6,45.1,48.6,45.6,45,44.6,43.5,44.5,47.1,48.6,44.6,45.1
6/25/17 15:00,15:00,47,44.6,46.6,46,51.6,45,46,45.6,47.6,44.6,49.1,45.6,44,45.1,45,44.5,47.1,47.6,45.5,45.6
6/25/17 16:00,16:00,46,45.1,48,46.5,52.6,45,46,45.6,47.6,45.1,46.1,45.6,45,46.1,46.5,46,48.6,48.6,46,45.6
6/25/17 17:00,17:00,47,44.6,47.6,49,48.6,43.5,44.5,46.1,47.6,45.6,46.1,46.5,45,46.1,47,47,47.6,47.6,47,46.1
6/25/17 18:00,18:00,45.5,44.6,47.1,49.5,44.1,40,43,46.1,45.6,45.1,45.6,45.6,44.5,45.1,48.5,46,46.1,47.1,45.1,45.6
6/25/17 19:00,19:00,43.6,43.6,44.6,43.5,42.1,40,41.1,44.6,44.1,44.1,44.6,43.6,43,43.1,43.5,44,44.6,45.1,44.6,43.6
6/25/17 20:00,20:00,41.6,40.6,42.6,42.6,39.6,39,40.1,42.6,43.1,43.1,42.6,42.1,41.6,41.6,42,40.5,42.6,42.6,43.1,41.6
6/25/17 21:00,21:00,40.6,39.6,40.6,38.6,39.1,38,37.6,40.6,40.1,39.6,41.1,40.1,39.1,39.6,37.1,38.5,41.6,40.6,42.1,40.6
6/25/17 22:00,22:00,38.1,38.1,39.6,35.1,37.6,35.1,36.1,39.1,38.6,39.1,39.6,39.1,38.1,37.6,33.1,38,39.6,39.6,40.1,38.1
6/25/17 23:00,23:00,36.6,35.6,37.1,33.6,36.6,33.1,37.6,38.1,37.1,38.1,38.6,37.6,37.6,36.6,29.1,35.5,38.1,37.1,39.6,37.1
6/26/17 0:00,0:00,35.1,33.1,36.6,31.1,36.6,32.6,35.1,37.6,35.1,35.1,37.1,36.1,36.1,36.1,33.6,33.6,36.6,36.6,38.1,36.1
6/26/17 1:00,1:00,33.1,32.1,34.1,29.6,35.1,33.6,33.6,37.1,35.6,34.6,34.6,35.1,34.6,34.1,33.1,32.6,36.1,35.1,37.1,34.1
6/26/17 2:00,2:00,32.6,31.1,33.1,29.1,34.1,32.1,33.1,36.6,33.6,32.6,33.6,33.6,35.1,32.6,32.6,31.6,35.1,35.6,37.1,32.1
6/26/17 3:00,3:00,31.6,30.1,32.1,30.6,34.1,31.1,32.1,34.1,33.1,33.1,32.1,33.6,33.1,31.6,31.6,32.1,35.1,34.1,35.6,32.1
6/26/17 4:00,4:00,32.6,29.1,33.6,30.1,32.6,30.6,32.1,32.6,32.1,31.6,32.1,32.6,33.6,31.6,33.1,31.1,33.1,33.6,35.1,32.6
6/26/17 5:00,5:00,31.6,30.1,32.6,30.1,33.1,39.5,33.6,32.6,31.6,32.1,32.6,31.6,33.1,31.1,31.6,31.1,33.6,33.6,33.6,32.1
6/26/17 6:00,6:00,31.1,32.6,32.6,31.6,34.1,41.5,32.6,32.1,34.1,32.6,31.6,31.6,32.6,31.1,32.1,31.6,33.1,33.6,33.1,31.6
6/26/17 7:00,7:00,33.6,33.6,35.1,33.1,35.1,43.5,36.1,34.6,38.1,34.1,33.1,38.1,33.6,34.1,35.1,33.6,43.1,35.6,33.1,44.6
6/26/17 8:00,8:00,34.1,35.1,36.1,33.6,37.1,44,40.6,36.1,36.6,35.1,34.1,35.6,35.1,35.6,36.6,34.5,44.6,36.1,34.1,46.6
6/26/17 9:00,9:00,35.1,36.6,38.1,35.1,40.1,43.5,43,37.6,37.1,36.6,36.1,37.6,37.6,37.1,36.6,35.5,45.1,40.1,35.6,44.1
6/26/17 10:00,10:00,36.1,37.6,39.1,37.6,42.6,45.5,45.5,38.6,39.6,37.1,37.6,38.6,38.1,37.1,36.6,37.5,39.6,42.1,38.1,39.1
6/26/17 11:00,11:00,37.1,40.1,40.6,39.1,44.6,44.5,48.5,42.6,40.1,39.6,39.6,38.6,38.6,39.1,38.6,38,40.1,42.6,39.6,40.6
6/26/17 12:00,12:00,38.6,41.6,42.1,40.1,45.1,44,47,41.6,41.6,39.1,41.1,39.6,40.1,39.6,39.1,39.5,41.6,45.6,41.1,41.1
6/26/17 13:00,13:00,42.1,42.1,43.1,41.1,47.1,44.5,47.5,41.6,42.6,41.1,42.1,40.6,44,40.6,35.6,41,42.6,44.6,41.1,42.6
6/26/17 14:00,14:00,43.6,42.1,43.6,44.5,46.6,44.5,47,43.6,42.6,41.6,46.1,42.6,44.5,42.1,41.6,42,44.6,45.1,43.1,43.1
6/26/17 15:00,15:00,45.1,42.6,44.6,44,50.6,44,47,43.1,45.1,42.6,46.6,43.1,43,43.1,43,42.5,44.6,46.1,43.1,43.6
6/26/17 16:00,16:00,44.1,43.6,46.6,45,49.6,43,46.5,44.1,45.1,43.1,44.6,43.6,43,44.6,45,44,46.6,46.1,44.1,44.1
6/26/17 17:00,17:00,44.6,43.1,46.6,49,47.1,42.5,45.5,44.6,46.1,43.6,44.1,44.6,43.5,44.6,46,45,45.6,46.1,44.6,44.6
6/26/17 18:00,18:00,44.1,43.6,45.1,48,42.6,40.5,42.1,44.6,44.1,43.6,44.1,44.1,43,43.6,47,45,44.6,45.1,43.6,44.1
6/26/17 19:00,19:00,42.6,42.6,43.6,43,41.1,39.5,40.1,43.6,43.1,42.6,43.6,42.6,42.6,42.6,43,43.5,43.6,43.6,43.1,43.1
6/26/17 20:00,20:00,40.1,41.1,41.6,40.6,39.6,37.6,39.6,41.6,41.6,41.6,41.6,41.1,41.1,39.6,40.1,40.5,41.6,42.1,42.1,40.6
6/26/17 21:00,21:00,38.6,40.1,39.1,33.6,38.1,34.6,39.6,40.1,40.6,40.6,39.6,40.1,40.1,36.6,37.6,37,40.1,40.6,40.6,39.1
6/26/17 22:00,22:00,36.6,37.1,36.1,30.6,36.6,33.6,38.1,37.6,38.1,39.6,36.6,38.6,36.6,34.6,32.6,33.6,37.6,38.6,39.6,35.1
6/26/17 23:00,23:00,34.1,33.6,34.6,29.6,37.6,32.6,36.6,36.6,36.6,37.6,35.1,37.1,36.6,33.1,25.6,34,37.1,36.1,38.1,32.6
6/27/17 0:00,0:00,35.6,32.1,33.6,29.1,36.1,32.6,35.6,34.1,35.6,37.6,35.6,35.6,35.1,31.6,31.6,31.6,36.1,36.6,38.1,31.1
6/27/17 1:00,1:00,35.6,30.6,32.1,27.6,35.6,34.1,35.6,37.6,34.6,36.6,36.6,34.1,36.6,31.1,35.6,31.6,35.1,35.1,38.1,32.6
6/27/17 2:00,2:00,33.1,34.1,31.6,28.1,33.1,31.1,35.1,36.1,33.6,34.1,32.6,34.1,34.6,29.6,34.1,30.1,33.1,36.1,37.1,29.6
6/27/17 3:00,3:00,33.6,33.6,30.1,27.1,32.6,30.1,33.1,35.6,33.6,33.1,31.6,35.1,34.6,29.1,33.6,27.6,33.6,35.1,36.1,29.1
6/27/17 4:00,4:00,31.6,30.6,29.6,27.6,31.1,29.1,33.6,33.1,32.6,32.6,30.6,32.1,33.1,28.6,31.6,30.6,33.1,33.6,35.1,29.6
6/27/17 5:00,5:00,29.6,29.1,29.1,27.6,31.1,37.1,34.1,31.6,31.1,30.1,29.6,30.6,32.1,26.6,30.1,20.6,32.1,32.1,33.6,26.6
6/27/17 6:00,6:00,28.6,29.6,29.1,26.6,33.1,40,36.6,31.1,31.6,29.6,29.1,30.1,30.6,27.1,30.1,21.1,31.6,31.6,33.1,27.1
6/27/17 7:00,7:00,31.6,32.1,32.1,30.6,36.1,43.5,39.1,33.1,35.6,31.6,31.6,35.6,32.1,31.1,34.1,26.6,39.6,34.1,32.1,48.1
6/27/17 8:00,8:00,33.1,35.1,34.6,32.6,38.1,44,40.1,35.1,34.6,34.1,33.6,35.1,35.1,34.6,35.6,32.6,42.1,35.6,33.6,43.6
6/27/17 9:00,9:00,35.1,37.1,38.6,34.1,40.1,45.5,42.1,38.6,37.1,37.1,37.1,39.6,38.6,36.6,37.6,34.5,46.1,40.1,35.6,43.1
6/27/17 10:00,10:00,36.6,38.6,40.6,37.1,43.1,46.5,44,39.1,39.6,37.6,38.6,40.1,38.6,37.6,37.1,36.5,40.6,42.6,38.6,39.6
6/27/17 11:00,11:00,37.6,39.6,41.6,39.1,45.1,46,46.5,40.6,40.6,39.6,40.6,40.1,40.1,39.6,38.6,38.5,40.1,43.6,40.1,41.6
6/27/17 12:00,12:00,39.6,43.6,43.6,41.6,46.1,45.5,46,43.6,42.1,40.1,41.6,41.1,42.6,40.1,39.6,40,41.6,44.6,41.6,42.1
6/27/17 13:00,13:00,42.6,41.6,43.1,42.6,47.1,44,45.5,42.6,42.1,41.6,42.1,42.1,43.5,41.1,40.1,41,42.6,44.1,42.1,42.6
6/27/17 14:00,14:00,44.1,41.6,43.6,45,47.6,43,46,42.6,42.6,41.6,46.1,42.6,44,41.6,41.1,41.5,44.6,45.1,42.6,42.1
6/27/17 15:00,15:00,44.6,42.1,44.1,44.5,50.1,42.5,46,42.1,44.1,42.1,47.6,43.1,42.6,42.6,42,42,44.6,46.1,43.6,43.1
6/27/17 16:00,16:00,43.6,42.6,45.6,44,50.1,41.5,45.5,43.6,44.1,42.6,43.6,43.1,42.6,43.6,44.5,43,45.6,45.1,43.6,43.1
6/27/17 17:00,17:00,44.1,42.1,45.1,48,47.1,40,44.5,43.6,44.6,42.6,43.6,43.1,42.6,43.6,46,43.5,44.6,44.6,43.1,43.6
6/27/17 18:00,18:00,42.6,42.1,43.6,47.5,41.1,37.6,43.5,43.1,42.6,42.1,43.1,42.6,42.1,42.1,49,43.5,43.6,44.1,42.6,42.6
6/27/17 19:00,19:00,41.1,41.6,41.6,41.6,39.1,35.1,42.1,43.1,41.1,41.1,42.1,41.1,41.1,40.6,41.6,42,42.6,42.6,42.1,41.1
6/27/17 20:00,20:00,39.1,38.1,40.1,37.6,37.6,33.6,41.1,39.6,38.6,39.1,40.1,39.1,38.6,38.1,38.6,38,40.1,39.1,40.6,38.6
6/27/17 21:00,21:00,37.6,34.1,38.1,36.6,36.6,32.1,40.1,37.6,36.6,37.1,38.6,37.1,36.6,37.1,36.6,35,38.6,37.1,39.6,36.6
6/27/17 22:00,22:00,35.6,32.1,37.1,29.6,36.1,31.1,39.1,36.1,36.1,37.1,36.6,35.6,35.6,35.6,32.6,32.1,37.1,35.6,38.1,34.6
6/27/17 23:00,23:00,32.1,31.1,33.6,28.6,35.1,31.1,36.6,35.1,34.1,35.1,36.6,33.6,34.1,34.1,23.6,31.6,35.1,36.6,36.1,34.1
6/28/17 0:00,0:00,34.6,30.6,33.6,29.1,34.1,30.6,37.1,35.1,34.6,35.6,35.1,33.1,34.6,32.6,29.1,33.6,35.1,35.6,36.6,32.6
6/28/17 1:00,1:00,33.6,29.6,34.1,27.6,33.6,30.1,35.1,34.6,34.6,34.6,34.1,34.1,34.6,33.1,33.6,33.1,34.6,34.6,35.6,29.6
6/28/17 2:00,2:00,32.1,29.6,32.1,27.1,31.6,29.1,34.1,32.6,32.6,33.6,33.1,32.1,32.6,30.6,32.1,30.6,33.1,33.6,34.6,28.6
6/28/17 3:00,3:00,31.1,28.1,31.1,26.6,29.6,27.1,33.1,32.1,31.1,30.6,31.1,30.6,32.1,28.6,29.1,27.6,32.1,33.1,33.6,27.6
6/28/17 4:00,4:00,29.1,27.1,29.1,25.1,29.6,26.6,32.6,30.1,29.6,29.6,29.1,29.6,30.1,27.6,28.6,26.6,31.1,29.6,32.6,26.1
6/28/17 5:00,5:00,28.1,25.6,28.1,25.1,31.1,37.6,34.1,28.6,29.6,28.6,28.1,28.1,28.6,25.6,28.1,22.1,31.1,29.1,31.1,27.1
6/28/17 6:00,6:00,27.6,26.6,28.1,25.1,32.1,41,35.1,31.1,30.1,29.1,27.1,28.6,29.1,27.1,30.6,21.1,30.1,31.1,31.1,26.1
6/28/17 7:00,7:00,32.1,30.1,33.1,29.6,33.6,42.5,36.6,32.6,34.1,31.1,31.1,35.1,32.1,31.6,33.1,23.6,39.6,33.1,31.6,44.6
6/28/17 8:00,8:00,32.6,33.1,34.1,31.6,36.1,42,38.1,35.6,33.6,32.6,33.1,33.1,34.6,32.6,36.6,30.1,42.1,34.1,33.1,41.1
6/28/17 9:00,9:00,33.6,34.6,37.1,33.6,37.6,41,39.6,36.6,36.1,34.1,35.1,37.1,36.1,35.6,36.1,32.6,46.1,39.6,34.6,42.6
6/28/17 10:00,10:00,34.6,35.6,38.1,36.1,41.6,45,41.6,37.6,37.6,35.1,37.1,36.1,36.6,36.6,35.6,34.5,38.6,39.6,36.6,38.1
6/28/17 11:00,11:00,35.6,37.6,39.6,38.1,44.1,41,46,39.1,38.6,38.1,37.1,37.6,38.1,37.1,37.1,36.5,38.6,40.1,38.1,39.1
6/28/17 12:00,12:00,37.1,39.1,40.1,39.6,44.1,41.5,43.5,40.1,38.6,37.6,39.1,39.6,39.6,38.1,38.1,37.5,39.1,44.1,39.1,40.6
6/28/17 13:00,13:00,40.6,40.6,41.1,40.6,46.1,41,43,40.6,40.1,39.6,40.6,39.6,41.6,39.1,38.6,38.5,40.6,43.1,40.1,40.6
6/28/17 14:00,14:00,42.6,40.1,41.6,43.5,47.1,42,43.5,42.1,41.1,40.1,46.6,42.1,43.5,40.1,39.6,40,42.1,45.1,41.6,41.6
6/28/17 15:00,15:00,43.1,40.6,42.6,41.6,50.6,41,43.5,42.6,44.1,41.1,45.1,42.6,40.1,41.1,41.6,41.5,43.1,46.6,42.6,42.1
6/28/17 16:00,16:00,42.6,41.6,46.6,43.5,48.1,41,43.5,43.6,43.6,41.6,42.6,42.1,40.6,42.1,42.5,42,45.1,44.6,42.6,42.6
6/28/17 17:00,17:00,43.6,41.6,43.1,47,44.1,40,42.5,42.1,44.6,42.1,43.1,43.1,41.1,42.6,44.5,43.5,44.6,44.6,42.6,42.6
6/28/17 18:00,18:00,41.6,41.1,42.6,46,40.1,39,42.1,42.1,41.6,41.1,41.6,42.6,41.1,41.1,44,42.5,42.6,43.6,41.6,41.1
6/28/17 19:00,19:00,40.1,40.1,40.6,39.6,39.1,37.1,40.6,41.1,40.1,40.1,40.6,40.1,39.6,39.6,40.1,40,41.1,41.6,40.6,39.6
6/28/17 20:00,20:00,38.1,38.6,39.1,37.6,37.6,34.6,39.1,39.1,39.1,39.1,39.1,39.1,38.6,37.6,38.1,38,39.1,39.6,39.6,37.6
6/28/17 21:00,21:00,36.6,36.1,38.1,31.6,36.6,33.1,37.6,37.6,38.1,38.6,38.1,38.1,37.1,36.1,36.1,34.5,38.1,39.1,38.1,36.1
6/28/17 22:00,22:00,36.1,34.1,36.6,30.6,35.6,32.1,36.6,36.6,36.6,37.1,37.1,36.6,35.6,35.6,35.1,32.6,37.1,36.1,37.1,35.6
6/28/17 23:00,23:00,35.1,31.6,35.6,32.6,34.1,30.6,35.6,36.1,35.1,36.1,36.1,35.1,35.1,34.6,32.6,32.6,35.1,36.6,36.1,33.6
6/29/17 0:00,0:00,34.1,30.6,34.1,28.6,32.6,29.1,34.6,35.1,35.1,35.1,35.1,33.6,34.1,33.6,32.1,32.6,34.1,35.1,34.6,31.6
6/29/17 1:00,1:00,32.6,29.6,33.1,28.1,30.6,28.6,34.1,33.1,32.6,33.6,33.1,32.6,32.6,31.1,31.6,32.1,33.1,34.1,34.1,30.6
6/29/17 2:00,2:00,31.6,27.6,30.6,27.1,30.6,29.1,33.1,31.1,31.1,31.6,32.1,31.6,31.6,29.6,30.1,29.1,31.6,30.6,32.6,29.1
6/29/17 3:00,3:00,29.6,27.1,29.1,27.6,29.6,28.6,32.6,30.6,30.6,30.6,30.1,30.1,30.1,28.6,28.6,27.6,31.1,30.1,32.1,28.1
6/29/17 4:00,4:00,28.1,26.6,28.6,25.1,28.6,28.1,31.6,30.1,30.1,29.6,28.1,29.6,29.6,27.6,28.1,27.1,30.1,29.6,31.6,25.6
6/29/17 5:00,5:00,27.6,26.6,28.1,26.6,29.6,37.1,32.6,29.6,29.1,28.6,28.1,28.6,28.6,27.1,28.6,20.1,30.1,28.6,31.1,25.6
6/29/17 6:00,6:00,27.6,28.1,28.1,28.1,31.1,38,34.1,29.1,29.6,29.1,28.6,28.6,28.1,27.6,29.6,20.6,29.6,30.1,30.1,25.6
6/29/17 7:00,7:00,31.1,30.1,31.6,29.6,33.1,41,35.6,31.1,35.1,30.6,30.6,35.6,30.6,32.1,31.6,25.6,38.6,32.1,30.6,47.6
6/29/17 8:00,8:00,32.1,32.6,33.6,31.1,35.1,41.5,38.1,33.6,33.6,33.1,32.1,32.6,32.6,33.6,34.6,31.1,40.6,32.6,31.6,42.1
6/29/17 9:00,9:00,33.1,34.1,35.1,32.6,37.1,41.5,39.6,35.6,36.1,34.6,34.6,37.6,33.6,35.1,35.1,33.1,43.6,36.6,33.1,39.1
6/29/17 10:00,10:00,34.6,35.6,38.6,34.6,41.1,41.5,40.6,36.6,38.1,35.1,37.1,36.1,35.1,35.6,36.1,34,37.1,39.1,36.1,37.1
6/29/17 11:00,11:00,35.6,37.6,38.6,37.1,43.1,43,44.5,39.1,38.1,38.1,37.6,37.6,36.6,37.6,37.6,36,38.1,41.6,38.1,38.1
6/29/17 12:00,12:00,37.6,41.1,40.6,39.6,46.6,41.5,43,40.6,40.1,38.6,39.1,39.1,38.1,38.1,38.1,37.5,38.6,43.1,39.6,39.6
6/29/17 13:00,13:00,40.6,40.1,42.1,40.1,46.1,42,43,41.1,40.6,41.1,41.1,41.1,42.1,39.1,38.6,38.5,41.1,42.6,41.1,40.1
6/29/17 14:00,14:00,41.6,41.1,43.1,43.5,44.6,40.5,43.5,41.6,42.1,41.1,47.6,40.6,43.5,41.1,40.6,40.5,43.6,43.6,42.1,41.6
6/29/17 15:00,15:00,43.6,41.1,43.1,41.1,49.6,41,43.5,41.1,45.1,41.6,47.1,42.6,39.6,41.6,41.1,41,43.6,45.6,42.6,41.6
6/29/17 16:00,16:00,42.6,41.1,45.1,42.6,49.1,41,43.5,42.6,43.6,42.6,42.6,42.6,40.1,42.1,43,41.5,44.6,48.1,42.6,41.6
6/29/17 17:00,17:00,42.6,40.6,45.6,47.5,45.6,39.5,43,42.1,43.1,43.1,42.1,42.6,40.1,42.1,44,42.5,43.6,45.1,42.1,41.6
6/29/17 18:00,18:00,41.6,40.1,43.1,49.5,40.1,38,42.1,41.6,41.6,42.6,41.1,42.1,40.1,40.6,48,41,42.1,43.6,41.1,41.1
6/29/17 19:00,19:00,39.6,39.6,40.6,38.6,38.6,35.6,40.6,40.6,40.1,39.6,40.1,40.6,38.6,39.1,40.1,40,41.6,41.6,40.6,39.6
6/29/17 20:00,20:00,37.1,36.1,38.6,33.1,37.6,34.6,40.1,37.6,38.1,37.1,38.1,38.6,36.1,36.1,35.1,35,38.6,39.1,38.6,37.6
6/29/17 21:00,21:00,36.6,34.1,36.1,30.6,36.1,33.6,38.6,37.1,35.6,36.1,37.1,37.6,34.1,34.1,32.6,33.1,37.1,38.1,38.6,34.1
6/29/17 22:00,22:00,35.6,35.6,36.1,29.6,35.1,32.1,37.1,37.1,36.6,37.1,36.6,36.1,35.6,34.1,34.1,31.6,36.6,36.6,37.1,34.1
6/29/17 23:00,23:00,35.1,34.6,35.1,27.6,34.1,31.6,36.1,35.6,35.6,35.6,35.6,35.1,35.1,34.1,33.1,31.6,35.6,34.6,35.6,34.1
6/30/17 0:00,0:00,33.6,31.6,33.1,28.6,32.6,30.6,35.1,34.6,34.6,35.1,34.6,33.6,34.1,33.1,32.6,32.1,34.6,34.6,34.6,33.1
6/30/17 1:00,1:00,32.6,30.6,32.6,28.6,30.6,30.1,34.6,32.6,33.1,32.1,32.6,32.6,32.6,31.1,31.6,31.1,32.6,33.6,34.1,31.6
6/30/17 2:00,2:00,30.6,28.1,30.6,26.6,30.1,28.6,33.6,31.1,31.6,32.1,30.6,31.6,30.1,30.1,30.1,29.1,32.1,32.1,33.1,30.1
6/30/17 3:00,3:00,29.1,27.6,28.6,25.1,28.6,27.6,32.1,30.1,31.1,29.6,29.1,30.6,30.1,28.1,28.6,27.6,31.1,30.6,32.1,27.1
6/30/17 4:00,4:00,27.6,26.6,28.6,25.6,28.1,27.6,31.6,29.1,29.6,29.1,27.6,29.1,29.1,27.1,27.1,27.6,30.1,30.1,31.6,26.1
6/30/17 5:00,5:00,27.6,25.6,27.6,26.6,29.6,37.6,33.1,28.6,29.1,28.1,26.6,28.1,28.6,25.1,27.6,27.1,29.6,28.6,30.1,25.6
6/30/17 6:00,6:00,27.6,28.1,27.6,27.1,31.1,38.5,34.6,29.1,30.6,28.1,26.6,28.1,28.1,25.6,30.1,26.6,29.6,30.1,29.6,25.1
6/30/17 7:00,7:00,31.1,29.6,31.6,29.1,32.6,40,37.1,32.1,34.1,29.6,30.1,35.6,30.6,31.1,32.1,29.1,38.6,31.6,30.1,47.6
6/30/17 8:00,8:00,31.6,32.6,34.1,30.6,34.6,43,39.6,33.1,33.6,31.6,32.1,33.1,32.6,33.6,35.1,32.1,40.6,32.6,31.6,42.6
6/30/17 9:00,9:00,32.6,33.6,35.6,32.1,36.6,41.5,41.6,35.1,35.6,34.1,34.6,36.6,34.1,34.6,34.1,34,43.6,36.1,33.1,39.1
6/30/17 10:00,10:00,34.1,34.6,40.1,34.6,40.6,42,44,35.6,38.6,35.1,37.1,35.1,35.6,35.6,36.1,35,36.6,38.6,36.1,36.6
6/30/17 11:00,11:00,34.6,37.1,38.1,36.6,42.6,42.5,48,38.6,39.6,38.1,38.6,37.6,37.1,36.6,36.6,37,37.6,41.6,38.1,38.6
6/30/17 12:00,12:00,37.1,43.1,40.6,38.6,45.6,42.5,45,40.6,40.6,38.1,40.1,38.6,38.6,38.1,38.1,38,38.6,44.1,38.6,39.1
6/30/17 13:00,13:00,40.6,40.6,42.1,39.6,47.6,41.5,46,40.6,41.1,40.1,41.1,40.1,44.5,39.1,39.1,39,40.6,43.1,40.1,40.1
6/30/17 14:00,14:00,41.6,39.6,42.6,42.6,46.1,42,45,42.1,43.1,40.6,47.6,41.6,42.1,40.6,40.6,40.5,44.6,45.1,41.6,41.6
6/30/17 15:00,15:00,44.1,41.6,43.6,42.6,52.1,41,46,42.1,46.6,41.6,49.1,42.1,40.1,41.6,42.5,42,43.6,47.1,42.6,42.1
6/30/17 16:00,16:00,42.1,41.1,44.6,43,51.1,40.5,45,44.1,44.6,42.6,43.6,43.6,40.6,42.6,45,43,45.6,46.1,43.1,42.6
6/30/17 17:00,17:00,42.6,41.6,46.6,49,50.1,39,44.5,43.6,43.6,43.1,43.6,44.6,40.1,42.6,48.5,43,45.1,46.6,42.6,43.1
6/30/17 18:00,18:00,42.6,41.6,43.6,47.5,41.1,35.6,43,44.1,42.6,42.6,42.6,43.1,39.6,41.6,53,43,43.1,46.6,41.6,41.6
6/30/17 19:00,19:00,39.6,40.6,41.6,38.1,38.6,33.6,40.1,41.6,40.6,39.6,41.1,40.6,38.6,39.1,41.1,41,42.1,42.6,40.6,40.1
6/30/17 20:00,20:00,37.6,35.1,38.1,32.6,37.1,32.6,39.6,38.6,37.6,36.6,39.1,38.6,35.6,35.6,36.1,35,39.1,38.6,39.1,37.1
6/30/17 21:00,21:00,34.6,32.6,35.6,30.1,36.1,31.1,38.1,35.6,36.1,35.1,36.1,36.6,34.1,33.6,30.1,32.6,38.1,37.1,38.1,33.6
6/30/17 22:00,22:00,32.6,31.1,34.1,28.6,34.1,30.1,38.6,34.1,34.1,34.1,33.6,35.1,32.6,32.1,30.6,31.1,36.6,35.6,36.6,31.1
6/30/17 23:00,23:00,31.1,30.1,32.1,27.1,32.1,29.1,38.1,32.6,33.1,32.6,31.6,33.6,31.6,30.6,23.6,29.6,34.6,33.6,35.1,29.6
7/1/17 0:00,0:00,30.1,29.1,31.1,26.6,31.1,28.6,38.1,31.6,32.6,32.1,30.1,32.6,30.6,29.1,23.6,29.6,32.6,34.1,34.6,28.6
7/1/17 1:00,1:00,29.1,27.6,30.1,25.6,30.1,28.6,37.1,31.6,31.1,30.6,32.1,31.1,29.6,28.6,24.6,28.6,32.1,31.6,33.6,27.6
7/1/17 2:00,2:00,27.6,28.1,28.1,24.6,29.6,28.6,36.6,29.1,30.6,30.6,28.6,30.1,28.6,27.6,27.1,27.1,31.1,30.6,33.1,26.6
7/1/17 3:00,3:00,27.6,27.1,28.1,24.1,28.6,26.6,35.6,29.1,30.1,29.6,27.6,29.1,28.6,26.6,27.6,24.1,30.6,29.1,32.1,25.6
7/1/17 4:00,4:00,28.1,27.6,28.6,24.1,28.1,26.6,34.6,29.1,29.1,29.1,26.6,28.1,28.6,25.6,27.6,25.6,29.1,28.1,31.1,25.1
7/1/17 5:00,5:00,27.6,24.1,27.6,26.6,29.1,37.6,35.6,28.1,28.1,27.6,28.6,27.1,27.6,26.1,27.6,26.6,28.6,27.1,29.6,24.1
7/1/17 6:00,6:00,27.1,25.6,28.1,28.1,30.6,40,37.1,28.6,29.6,27.6,28.1,27.1,27.6,26.6,29.1,17.6,28.6,29.1,29.1,24.6
7/1/17 7:00,7:00,30.6,29.1,31.6,29.6,33.1,42,39.1,30.6,33.6,28.6,30.6,37.1,30.1,31.1,31.1,23.6,39.1,32.6,29.6,48.6
7/1/17 8:00,8:00,31.1,32.6,32.6,31.1,35.6,43.5,40.6,32.6,33.6,32.1,32.1,33.1,32.6,33.6,34.6,30.6,40.1,32.6,31.1,41.6
7/1/17 9:00,9:00,33.1,34.6,35.6,32.6,38.6,41,42.5,35.1,35.6,35.6,34.6,37.1,34.6,35.1,34.6,33.1,45.6,36.1,33.1,39.1
7/1/17 10:00,10:00,35.6,36.1,41.1,35.1,42.6,44.5,44,37.6,38.6,36.1,38.1,38.1,36.6,36.6,37.1,35,37.6,39.1,37.1,37.6
7/1/17 11:00,11:00,36.6,38.1,41.1,38.6,45.6,44,48,39.1,40.6,39.6,39.6,38.1,38.6,38.1,38.1,36.5,38.6,42.6,39.1,39.6
7/1/17 12:00,12:00,37.6,46.6,42.1,40.1,47.1,44,45.5,44.1,42.1,40.6,41.1,40.6,40.6,39.6,39.1,38.5,40.1,46.6,40.6,41.1
7/1/17 13:00,13:00,42.6,42.1,43.6,42.1,47.6,43.5,45,42.1,44.1,42.6,42.6,41.6,45,41.1,40.1,39.5,41.6,43.6,41.6,42.6
7/1/17 14:00,14:00,44.1,41.6,44.1,44,49.6,43.5,44.5,43.6,43.1,42.6,49.6,43.1,43.5,42.1,41.6,41.5,44.6,46.1,42.6,43.1
7/1/17 15:00,15:00,45.1,42.6,45.1,43,50.1,42,45,43.6,46.1,43.6,49.6,43.6,41.6,43.1,43,42.5,44.6,46.1,43.6,43.1
7/1/17 16:00,16:00,43.1,43.6,47.1,44,52.1,42,45,44.1,46.1,44.1,44.1,43.6,41.1,44.1,44.5,43.5,46.1,47.1,44.6,44.1
7/1/17 17:00,17:00,44.6,43.1,47.6,50,47.6,41.5,44.5,44.1,46.6,45.1,44.1,45.1,42.6,44.1,45.5,44,45.1,46.1,44.6,43.6
7/1/17 18:00,18:00,43.1,42.1,44.6,48.5,40.1,39.5,42.5,43.6,44.6,44.1,43.1,44.1,41.6,42.1,46,43,44.1,45.1,42.6,42.6
7/1/17 19:00,19:00,40.6,41.1,41.6,41.1,38.6,37.6,41.6,42.1,42.1,42.1,41.6,41.6,40.6,40.6,40.6,42,42.6,43.1,41.6,41.1
7/1/17 20:00,20:00,38.1,38.6,39.1,39.1,37.1,36.1,39.6,39.1,39.6,39.6,39.6,39.1,38.6,38.1,38.1,38.5,39.1,39.6,39.6,38.1
7/1/17 21:00,21:00,37.1,37.1,37.6,35.1,36.1,34.1,38.6,37.6,38.1,38.1,37.6,37.6,37.1,36.1,37.1,37,37.6,37.6,38.6,36.1
7/1/17 22:00,22:00,36.1,35.1,35.6,30.6,35.1,33.6,36.6,36.6,36.6,36.6,36.6,36.6,36.1,34.6,35.1,36,36.1,37.1,37.1,34.6
7/1/17 23:00,23:00,35.1,34.1,35.1,28.6,33.6,31.6,36.1,35.1,35.6,36.1,34.1,35.1,35.1,33.6,31.6,33.6,35.6,36.1,36.6,33.6
7/2/17 0:00,0:00,33.6,31.1,33.6,32.1,31.6,30.1,35.1,34.1,34.1,33.6,33.1,33.6,34.1,34.1,32.6,32.6,33.6,35.1,35.1,33.6
7/2/17 1:00,1:00,30.6,29.6,31.6,31.1,31.1,28.6,35.1,32.1,33.1,32.6,32.1,32.6,31.1,31.6,29.1,33.1,32.6,33.6,33.6,32.1
7/2/17 2:00,2:00,29.6,28.1,30.6,28.1,30.6,27.1,33.6,30.1,31.6,32.1,30.1,31.1,29.1,29.1,30.6,30.6,31.1,32.6,33.1,32.1
7/2/17 3:00,3:00,28.6,26.6,28.6,27.1,30.1,26.1,33.1,28.6,29.6,30.1,28.6,29.6,28.6,29.1,28.1,24.1,30.1,30.1,32.6,31.1
7/2/17 4:00,4:00,27.1,26.1,27.6,25.1,29.6,26.6,32.6,30.6,29.1,29.1,27.1,28.6,27.6,27.1,27.1,26.1,29.6,29.1,32.1,26.1
7/2/17 5:00,5:00,26.6,25.1,26.6,23.6,30.1,36.6,34.1,30.1,29.6,28.6,26.1,28.1,27.6,26.1,27.6,25.6,29.6,29.6,31.6,25.1
7/2/17 6:00,6:00,27.1,27.1,27.6,27.1,31.6,38.5,35.1,29.1,30.1,28.6,27.1,27.6,28.1,27.1,30.1,19.1,29.1,30.1,31.1,25.6
7/2/17 7:00,7:00,30.6,30.1,31.6,29.6,34.1,42.5,36.6,31.6,33.6,30.1,29.6,37.1,31.1,31.6,32.1,23.1,39.1,32.6,31.1,49.6
7/2/17 8:00,8:00,31.6,33.1,33.1,31.6,36.6,42.5,38.1,33.6,35.1,33.6,32.6,34.6,33.6,34.6,34.6,30.1,41.1,33.6,32.1,42.6
7/2/17 9:00,9:00,34.1,35.6,36.6,33.1,39.1,41,39.6,36.1,37.1,37.1,36.1,39.1,35.6,36.1,35.6,33.6,46.1,38.1,34.1,38.6
7/2/17 10:00,10:00,35.6,37.1,40.6,36.6,41.1,42.5,41.1,38.1,38.1,38.6,38.6,37.6,37.1,37.6,37.1,35,38.6,39.6,37.6,37.1
7/2/17 11:00,11:00,36.6,39.6,41.1,39.1,44.1,43.5,43.5,41.1,40.1,40.6,39.1,38.6,38.6,39.1,38.1,37,39.6,42.1,39.1,39.1
7/2/17 12:00,12:00,38.1,45.1,42.1,40.6,45.1,43.5,42.1,42.6,41.6,40.6,41.1,40.1,40.6,39.6,39.1,38.5,40.1,45.1,39.6,40.1
7/2/17 13:00,13:00,41.1,42.1,42.1,41.1,47.1,43.5,42.5,42.1,42.1,43.1,42.1,41.1,43,40.6,40.1,39.5,41.6,44.1,41.6,41.6
7/2/17 14:00,14:00,42.6,42.1,42.1,42.1,45.6,43,43,43.1,44.1,42.6,46.6,43.1,44,41.6,41.1,41,44.6,44.1,42.1,42.1
7/2/17 15:00,15:00,43.1,41.1,44.1,42.6,48.1,42,43.5,42.6,46.6,42.6,47.6,43.1,41.1,42.1,42,41.5,43.6,44.6,43.1,42.6
7/2/17 16:00,16:00,42.1,42.1,46.6,44,47.1,41.5,43,43.6,45.1,42.6,43.1,43.6,41.1,42.1,43,42.5,45.6,45.1,42.6,42.6
7/2/17 17:00,17:00,43.6,41.1,45.1,47.5,45.1,40.5,43,42.6,45.6,43.1,42.6,43.6,41.1,42.1,46.5,43,43.6,45.1,42.6,42.1
7/2/17 18:00,18:00,41.6,41.1,43.1,46.5,39.6,39,42.1,41.6,42.1,42.1,41.6,42.6,40.6,41.1,43.5,42,42.6,43.1,41.6,41.6
7/2/17 19:00,19:00,39.6,40.1,40.6,39.6,38.6,38,40.6,40.6,40.6,40.1,40.6,40.6,39.6,39.6,39.6,40.5,41.1,41.6,40.6,39.6
7/2/17 20:00,20:00,37.6,38.6,38.6,37.6,37.6,36.1,40.6,38.6,39.1,39.1,38.6,39.1,38.1,38.1,37.6,38,39.1,39.6,39.1,38.1
7/2/17 21:00,21:00,37.1,37.6,37.6,34.6,36.6,34.6,37.6,37.6,38.1,38.1,38.1,38.1,37.6,37.1,35.6,37,38.1,38.6,38.1,36.6
7/2/17 22:00,22:00,36.6,36.1,36.6,31.6,36.1,33.6,37.6,37.1,37.6,37.6,37.1,36.6,36.1,36.1,35.6,34,37.1,36.6,37.6,36.1
7/2/17 23:00,23:00,35.6,34.6,36.1,31.1,35.6,34.1,35.1,36.1,36.6,36.1,36.1,35.6,36.1,35.6,32.6,33.1,36.1,36.1,36.6,35.6
7/3/17 0:00,0:00,35.1,32.6,35.6,30.6,34.6,33.6,35.1,36.1,35.1,35.6,35.6,35.1,35.1,34.6,34.1,34,35.1,35.1,36.6,34.1
7/3/17 1:00,1:00,34.1,33.6,34.1,29.1,33.6,32.1,34.6,35.1,34.6,35.1,34.6,34.6,34.6,33.1,32.6,34,34.6,35.1,35.6,33.1
7/3/17 2:00,2:00,33.6,33.1,33.6,28.6,32.6,31.1,34.6,34.1,34.1,34.1,34.1,34.1,34.1,31.6,32.6,33.1,34.1,34.6,34.6,31.6
7/3/17 3:00,3:00,32.1,31.1,32.1,30.6,32.1,30.1,32.6,32.6,33.1,32.6,32.6,32.6,32.6,31.6,31.6,32.1,32.6,33.1,34.1,31.6
7/3/17 4:00,4:00,31.6,30.1,31.6,29.6,31.6,29.6,31.1,30.6,32.1,31.6,32.1,31.6,31.1,31.6,31.1,30.6,32.1,32.1,32.6,31.1
7/3/17 5:00,5:00,30.1,28.6,30.6,26.6,32.6,38,32.1,30.6,31.6,31.6,31.1,30.6,30.1,29.1,29.6,29.1,31.6,31.6,32.1,31.1
7/3/17 6:00,6:00,29.6,29.6,30.1,27.1,33.1,41.5,34.6,30.6,33.1,31.6,30.1,30.6,29.6,29.6,30.6,28.6,31.6,32.6,32.1,30.6
7/3/17 7:00,7:00,32.1,32.6,34.6,30.6,34.1,43,37.6,34.1,38.1,33.6,32.6,37.1,32.6,33.1,33.6,31.1,43.6,36.1,32.1,45.1
7/3/17 8:00,8:00,33.1,34.6,35.6,33.1,35.6,44.5,40.1,35.1,36.1,35.1,33.1,35.1,34.6,34.1,34.1,34,45.1,35.1,33.1,43.6
7/3/17 9:00,9:00,34.1,35.1,37.1,34.1,37.6,43.5,41.1,36.1,38.1,36.6,34.6,37.6,35.6,36.1,34.6,34,46.6,38.6,33.6,42.1
7/3/17 10:00,10:00,34.6,35.6,39.1,35.6,40.1,44,42.1,36.6,38.6,37.1,36.1,37.1,35.6,36.1,35.6,35.5,38.1,38.1,36.1,37.6
7/3/17 11:00,11:00,35.6,37.1,38.1,37.1,41.6,43.5,46.5,37.6,38.6,38.1,37.1,37.1,37.1,37.1,36.6,36,37.6,39.1,37.6,38.6
7/3/17 12:00,12:00,37.1,40.1,40.1,39.1,42.1,43.5,42.5,38.6,39.1,38.1,38.1,39.1,38.1,38.1,37.1,37.5,38.6,41.1,38.6,39.6
7/3/17 13:00,13:00,40.6,38.6,40.1,40.1,43.6,42.5,43,39.1,40.6,40.1,40.1,39.6,40.1,39.6,38.1,38.5,40.1,42.1,39.6,40.6
7/3/17 14:00,14:00,41.6,39.6,41.1,42.1,44.1,42,42.1,40.1,42.6,41.1,43.6,41.1,41.1,40.1,39.1,39.5,43.1,41.6,40.6,40.6
7/3/17 15:00,15:00,42.1,40.1,41.6,42.1,47.1,41.5,42.5,40.1,43.6,41.6,45.1,41.1,40.1,41.1,40.6,40.5,42.6,43.6,41.6,41.6
7/3/17 16:00,16:00,41.1,40.6,43.6,43.5,46.1,41,42.5,41.6,43.6,42.1,41.6,41.6,40.1,41.6,41.6,41.5,44.1,44.1,41.6,41.6
7/3/17 17:00,17:00,41.6,41.1,43.1,47.5,45.1,40,41.6,41.1,43.6,41.6,41.6,42.1,40.6,42.1,43.5,42.5,43.1,43.1,42.1,41.6
7/3/17 18:00,18:00,41.1,40.6,42.1,45,39.6,38.5,40.1,41.1,41.6,41.1,41.1,41.1,40.1,41.6,44.5,42,41.6,42.6,41.1,41.1
7/3/17 19:00,19:00,39.6,40.6,40.6,40.1,38.6,37.6,38.6,40.1,40.1,40.1,40.1,39.6,39.1,39.6,39.6,40.5,40.6,40.6,40.6,40.1
7/3/17 20:00,20:00,38.1,38.6,39.1,38.6,38.1,35.1,38.1,39.1,39.1,39.1,39.1,38.6,38.1,38.1,38.1,38,39.1,39.1,39.6,38.1
7/3/17 21:00,21:00,37.6,37.6,38.1,35.6,37.1,34.1,36.6,38.1,38.6,38.6,38.6,37.6,37.6,37.1,37.1,37,38.1,38.1,39.1,37.1
7/3/17 22:00,22:00,36.6,34.6,37.1,32.1,36.6,33.6,36.1,37.6,37.1,37.6,37.6,37.1,36.6,36.6,36.1,34,37.1,36.6,37.6,36.1
7/3/17 23:00,23:00,35.6,33.1,35.6,30.6,35.6,32.6,34.6,37.1,36.1,37.1,37.1,35.6,36.6,36.1,34.1,34,36.1,36.1,37.1,35.6
7/4/17 0:00,0:00,34.6,32.1,35.1,31.6,35.6,32.1,34.6,36.1,35.6,35.6,36.1,35.1,35.6,35.1,34.1,34,35.6,35.6,36.1,35.1
7/4/17 1:00,1:00,34.1,31.6,33.6,29.1,34.1,31.1,33.1,35.1,33.6,34.1,34.6,34.1,34.6,33.6,33.1,33.1,34.6,35.6,35.6,34.6
7/4/17 2:00,2:00,34.1,30.1,34.1,29.1,33.6,30.1,31.6,35.1,33.6,34.6,34.6,34.1,34.1,34.1,33.6,33.1,34.1,34.6,35.1,34.1
7/4/17 3:00,3:00,33.6,30.1,33.6,29.6,32.6,30.1,30.6,34.1,33.1,33.6,33.6,33.1,33.6,33.6,33.1,30.1,33.6,32.6,34.6,32.6
7/4/17 4:00,4:00,32.6,28.6,32.1,29.1,31.1,29.1,29.6,32.6,32.6,33.1,32.6,31.6,32.6,31.6,31.6,30.6,32.6,33.1,34.1,31.6
7/4/17 5:00,5:00,30.1,28.6,30.1,29.6,32.1,39,31.1,30.6,31.6,31.6,30.1,31.1,30.6,28.6,30.1,29.6,31.1,32.6,32.6,30.6
7/4/17 6:00,6:00,29.1,29.1,30.6,30.1,33.1,40,33.1,31.6,33.1,32.1,29.6,30.6,29.6,29.6,30.6,24.1,31.1,34.1,31.6,31.1
7/4/17 7:00,7:00,32.1,32.1,34.6,31.6,34.6,45,35.1,34.1,39.6,34.1,32.6,38.6,32.6,33.1,33.6,25.1,45.6,37.1,32.1,53
7/4/17 8:00,8:00,33.1,35.1,35.6,33.6,36.6,44.5,36.6,36.6,36.6,35.6,33.6,35.6,36.1,35.1,36.1,31.1,45.1,36.1,33.1,44.6
7/4/17 9:00,9:00,34.6,36.6,38.6,34.6,39.1,43.5,39.1,37.1,39.1,38.6,36.1,40.1,36.6,36.6,36.1,34,47.6,40.1,34.6,40.6
7/4/17 10:00,10:00,36.1,38.1,40.6,37.1,42.1,44.5,40.6,40.1,41.1,39.1,38.6,39.6,38.1,37.6,37.6,35,39.6,39.6,37.6,38.6
7/4/17 11:00,11:00,36.6,38.6,41.1,39.6,45.1,44,44,40.1,41.1,41.6,39.6,39.1,39.1,39.1,38.6,37,39.6,42.6,39.1,40.1
7/4/17 12:00,12:00,37.6,42.6,42.6,41.1,45.6,45.5,40.6,43.6,43.1,41.6,40.6,42.1,41.1,40.1,39.6,39.5,41.6,45.6,41.1,41.6
7/4/17 13:00,13:00,41.6,43.1,42.6,42.6,46.1,44.5,41.1,42.1,44.1,44.1,42.6,42.1,43.5,41.1,40.6,40.5,42.6,44.1,41.6,42.1
7/4/17 14:00,14:00,43.6,43.1,43.1,45.5,47.6,43.5,41.6,43.6,44.6,43.6,47.1,43.1,43.5,42.1,41.6,42,45.1,45.1,43.1,43.1
7/4/17 15:00,15:00,44.1,43.1,44.1,43.5,50.1,43.5,41.6,43.1,45.6,44.1,46.1,44.1,42.1,43.1,43,42.5,45.1,46.1,43.6,43.6
7/4/17 16:00,16:00,43.6,43.1,46.1,46,50.6,42.5,41.6,43.6,46.1,43.6,43.6,43.6,42.6,43.6,44,44,47.1,46.1,43.6,43.6
7/4/17 17:00,17:00,44.1,42.6,45.6,49.5,47.6,41,40.6,43.6,46.1,44.6,43.6,44.1,42.6,44.1,48,44,45.6,46.1,44.1,43.6
7/4/17 18:00,18:00,43.1,42.6,44.6,49,42.1,39,39.6,43.6,44.1,44.1,43.6,43.6,41.6,43.1,47,44,43.6,44.6,43.1,43.1
7/4/17 19:00,19:00,41.6,43.1,42.6,42.1,40.1,36.6,38.6,42.6,42.6,42.6,42.1,41.6,41.1,41.1,41.6,42.5,42.6,43.6,42.6,41.6
7/4/17 20:00,20:00,39.6,39.6,40.6,38.6,39.1,35.1,37.1,41.1,41.1,41.1,40.6,40.1,39.6,39.6,40.1,39.5,40.6,41.1,41.6,39.6
7/4/17 21:00,21:00,38.6,36.6,39.6,33.6,38.1,34.1,36.6,40.1,39.6,40.1,40.1,38.6,39.1,38.6,38.1,35,39.1,39.1,39.6,38.1
7/4/17 22:00,22:00,37.6,34.1,38.1,30.6,37.6,33.1,35.1,39.1,38.1,38.6,38.6,37.1,38.6,38.1,36.6,33.6,38.6,38.1,39.1,37.6
7/4/17 23:00,23:00,36.6,32.6,37.6,37.1,36.1,32.1,34.1,37.6,37.1,37.6,37.6,36.6,37.6,37.1,35.1,33.6,37.6,37.6,37.6,37.1
7/5/17 0:00,0:00,34.6,33.1,35.6,31.6,35.6,30.6,32.1,36.6,36.1,37.1,36.1,35.6,36.1,35.1,34.1,34.5,36.6,37.6,37.1,35.6
7/5/17 1:00,1:00,33.1,30.1,34.1,29.6,34.6,30.1,31.6,34.6,34.1,34.1,34.6,34.1,34.1,33.6,33.1,33.6,34.6,34.1,36.6,34.1
7/5/17 2:00,2:00,34.6,29.1,35.1,32.6,32.6,30.6,30.6,36.1,33.6,34.6,35.6,32.6,34.6,35.1,34.6,30.6,34.1,32.6,35.6,33.6
7/5/17 3:00,3:00,34.6,29.1,32.6,28.1,31.6,30.6,30.1,35.1,32.6,32.1,34.1,31.6,34.6,32.1,34.1,25.6,33.6,31.6,36.1,31.6
7/5/17 4:00,4:00,31.6,29.6,31.6,27.1,31.1,30.6,29.1,32.6,31.6,31.1,32.1,31.1,32.6,30.1,31.6,28.6,32.6,32.1,35.6,29.1
7/5/17 5:00,5:00,31.1,29.1,30.1,27.1,32.6,32.6,30.6,31.1,31.1,31.1,31.1,31.1,30.6,28.6,31.1,28.6,31.6,31.1,34.1,28.6
7/5/17 6:00,6:00,30.1,30.6,30.1,29.1,33.6,40,32.6,30.6,31.1,30.6,30.6,30.6,30.6,29.6,31.1,21.1,31.6,31.6,32.6,28.6
7/5/17 7:00,7:00,32.1,31.1,34.6,31.1,35.6,46,35.1,33.6,32.6,31.6,33.6,33.1,33.1,32.1,34.6,25.1,39.6,37.1,32.6,47.6
7/5/17 8:00,8:00,33.6,34.6,34.6,33.6,37.6,44,37.1,35.1,35.6,35.1,35.1,35.1,35.1,35.6,31.1,30.1,43.6,35.6,34.1,47.6
7/5/17 9:00,9:00,35.1,36.6,39.1,35.1,40.1,44.5,38.6,38.1,39.6,38.1,37.1,39.6,36.6,37.1,37.1,34,49.1,41.1,35.1,41.1
7/5/17 10:00,10:00,36.6,37.6,40.1,37.6,42.1,46.5,40.1,38.1,40.1,40.1,38.6,39.1,38.1,38.6,37.6,36,40.1,41.1,38.1,39.1
7/5/17 11:00,11:00,38.1,40.1,40.6,40.1,44.1,46,45,40.1,41.1,40.6,39.6,39.1,39.6,39.1,38.6,38.5,40.1,41.1,39.6,40.1
7/5/17 12:00,12:00,39.6,41.6,41.6,41.1,45.1,45.5,42.1,40.1,41.1,40.1,40.6,41.1,40.6,40.1,39.6,39.5,41.1,42.6,41.1,41.6
7/5/17 13:00,13:00,42.6,42.1,42.6,42.1,47.1,45,41.6,41.6,42.6,42.1,42.1,41.6,42.6,41.6,40.6,40.5,42.1,44.1,42.1,42.6
7/5/17 14:00,14:00,44.1,42.6,43.6,46,48.1,44.5,41.1,43.1,44.1,43.1,46.1,43.1,43,42.1,41.6,42,45.1,45.1,43.6,43.6
7/5/17 15:00,15:00,45.5,43.6,45.1,44.5,50.6,44,41.1,43.1,46.1,43.6,46.1,44.1,42.6,43.6,43,43,44.6,46.1,44.1,44.1
7/5/17 16:00,16:00,44.6,43.6,46.6,46.5,50.6,43.5,40.6,44.1,46.1,44.6,44.1,44.6,43,44.1,46.5,43.5,46.6,46.6,44.6,44.6
7/5/17 17:00,17:00,45.1,43.6,46.6,49.5,47.6,42,40.1,44.6,46.1,44.6,45.1,44.6,43.5,44.6,48,44.5,46.1,46.1,44.6,45.1
7/5/17 18:00,18:00,44.6,43.6,45.1,48.5,42.6,40,39.1,44.1,45.1,44.6,44.1,44.1,43,44.1,47.5,45,44.1,45.6,44.1,44.6
7/5/17 19:00,19:00,43.1,44.1,43.6,43,41.6,38,37.6,43.6,43.6,43.6,43.1,42.6,42.1,42.1,42.5,43.5,43.6,43.6,43.6,43.1
7/5/17 20:00,20:00,41.1,40.6,42.1,41.1,39.6,36.6,37.1,41.6,41.6,42.1,41.6,41.1,41.1,40.6,41.1,40.5,42.1,41.6,42.6,40.6
7/5/17 21:00,21:00,40.1,39.6,41.1,40.1,38.1,35.1,36.1,41.1,41.1,41.1,41.1,40.1,40.6,39.6,39.6,40,41.1,40.6,41.1,39.1
7/5/17 22:00,22:00,37.6,36.6,39.1,33.1,37.1,33.6,35.1,38.6,39.1,39.6,38.6,38.6,37.6,36.6,35.6,35.5,39.1,38.6,39.6,37.1
7/5/17 23:00,23:00,36.1,34.6,36.1,30.6,35.6,32.6,33.6,37.6,36.6,37.6,36.6,37.1,35.6,34.6,25.1,32.6,37.6,37.6,37.6,34.1
7/6/17 0:00,0:00,34.6,32.6,34.1,29.6,36.1,32.1,32.6,35.6,36.6,38.1,34.6,35.1,36.1,33.1,27.6,32.1,36.1,37.6,37.1,33.6
7/6/17 1:00,1:00,34.1,31.1,34.6,29.1,34.1,32.6,31.6,34.6,35.1,36.6,35.6,34.1,33.6,32.6,32.6,31.1,35.1,36.6,36.1,32.6
7/6/17 2:00,2:00,35.1,30.1,33.6,29.6,33.1,31.6,30.6,35.6,33.6,33.6,35.6,33.6,34.1,32.6,34.6,31.6,34.6,34.1,36.1,33.6
7/6/17 3:00,3:00,32.6,31.6,32.1,28.1,32.6,31.1,29.6,32.6,32.6,32.6,33.1,33.1,32.6,31.1,33.1,26.1,34.1,32.6,35.1,32.6
7/6/17 4:00,4:00,31.6,30.6,31.6,27.6,31.6,31.6,29.1,32.6,32.1,32.1,32.1,32.1,32.6,30.6,32.1,29.1,33.1,32.6,34.1,31.1
7/6/17 5:00,5:00,31.1,30.1,30.6,28.6,32.6,38.5,30.1,32.1,31.6,31.1,30.6,31.6,31.6,29.6,31.1,29.1,32.6,31.6,33.6,29.1
7/6/17 6:00,6:00,30.6,31.6,31.1,30.6,33.6,41.5,32.6,31.1,32.6,32.1,31.6,31.6,31.6,29.6,31.6,23.1,32.6,33.1,32.6,29.6
7/6/17 7:00,7:00,33.1,33.1,34.6,32.6,35.1,44.5,34.6,33.6,37.1,34.1,33.1,39.6,33.6,32.6,34.6,27.1,40.6,36.1,33.1,49.6
7/6/17 8:00,8:00,33.6,34.6,36.1,33.6,37.1,43.5,36.6,35.1,37.1,36.1,34.1,35.6,35.1,34.6,35.6,32.1,42.1,36.1,34.1,49.6
7/6/17 9:00,9:00,34.6,36.1,37.6,34.6,39.1,42.5,37.6,35.6,39.1,38.1,35.6,40.1,35.6,36.6,35.1,35,47.6,38.1,35.1,42.1
7/6/17 10:00,10:00,36.1,37.6,39.6,37.1,42.1,44,40.6,39.1,41.1,39.6,37.1,38.6,37.6,37.6,37.1,36,40.1,41.1,37.6,38.6
7/6/17 11:00,11:00,36.6,39.1,39.6,39.1,43.6,44,45.5,40.6,42.6,41.1,39.1,39.1,38.6,38.6,38.6,37.5,39.6,41.6,39.1,40.1
7/6/17 12:00,12:00,38.1,42.1,41.1,40.1,46.1,44,41.6,41.1,43.1,41.1,40.6,40.6,40.6,39.6,38.1,38.5,40.6,45.6,40.1,41.6
7/6/17 13:00,13:00,41.6,42.6,43.1,42.6,46.6,44,41.6,41.6,43.1,43.1,42.1,42.1,43.5,40.6,40.1,40,41.6,45.1,41.1,42.1
7/6/17 14:00,14:00,44.1,42.1,43.6,45.5,48.6,44,41.6,43.1,45.1,43.6,46.6,43.6,42.6,42.1,41.6,41.5,45.1,45.6,43.6,42.1
7/6/17 15:00,15:00,45.1,42.6,45.1,43.5,51.1,43.5,41.1,44.6,47.1,44.6,48.6,44.1,42.1,42.6,43,42.5,44.6,46.6,43.6,43.1
7/6/17 16:00,16:00,44.6,43.6,46.6,44.5,51.1,43.5,41.6,44.1,48.6,45.6,44.6,44.6,43,44.1,47,43.5,47.1,47.1,44.6,44.6
7/6/17 17:00,17:00,45.1,43.6,47.6,49.5,44.1,42.5,40.6,44.6,47.6,47.1,44.6,45.1,43,44.6,50,44,46.1,47.6,44.6,44.6
7/6/17 18:00,18:00,44.1,43.6,45.6,47.5,43.1,40,39.1,44.1,45.1,45.1,44.6,44.6,42.6,43.6,47.5,43,44.6,45.6,44.1,44.1
7/6/17 19:00,19:00,42.1,40.6,43.6,39.6,42.1,38,36.6,42.6,42.6,42.6,43.1,43.1,41.1,41.6,41.6,41.5,43.1,43.6,43.1,42.6
7/6/17 20:00,20:00,40.1,38.6,41.6,36.1,40.1,36.6,36.6,41.6,41.6,42.1,42.1,41.6,39.6,39.6,38.1,36.5,42.1,42.1,41.6,40.1
7/6/17 21:00,21:00,37.6,37.1,40.1,34.1,40.6,37.6,35.1,39.6,39.6,40.6,39.6,40.6,38.1,37.6,36.1,35.5,40.6,42.1,39.6,37.6
7/6/17 22:00,22:00,37.1,36.6,39.1,32.6,38.6,35.6,34.1,38.1,39.1,38.6,39.1,39.6,36.6,36.6,35.1,34.5,39.6,40.1,39.6,36.6
7/6/17 23:00,23:00,37.6,36.6,39.6,31.6,36.6,36.1,32.1,39.6,38.1,37.6,39.6,38.6,38.1,36.6,26.1,36.5,39.6,39.1,40.1,35.6
7/7/17 0:00,0:00,34.6,33.6,36.1,30.6,36.1,35.1,32.1,37.1,36.6,37.1,36.1,36.6,36.1,34.6,30.6,33.6,37.6,39.1,38.6,34.1
7/7/17 1:00,1:00,33.6,33.1,36.1,30.6,35.1,33.1,31.1,35.6,36.1,36.6,35.1,36.1,35.1,33.6,31.6,34,37.6,36.1,37.1,33.1
7/7/17 2:00,2:00,33.6,33.1,34.6,30.6,35.1,32.6,29.6,36.1,34.6,36.1,35.1,35.6,33.6,33.1,33.1,32.6,35.6,35.6,37.6,33.1
7/7/17 3:00,3:00,33.1,31.1,33.1,29.1,34.1,31.6,29.1,34.1,33.6,33.6,33.1,34.6,33.1,32.1,33.1,27.6,35.1,35.1,36.1,31.6
7/7/17 4:00,4:00,33.6,31.6,33.6,31.1,34.1,31.6,28.1,35.1,33.6,34.1,34.1,33.6,34.6,31.6,34.1,30.6,35.1,34.6,36.6,30.6
7/7/17 5:00,5:00,31.6,30.1,32.1,29.6,34.6,40,29.6,33.1,32.6,33.1,32.1,33.1,32.6,31.1,31.6,30.1,34.1,33.6,35.6,30.6
7/7/17 6:00,6:00,32.6,31.1,32.6,31.6,36.1,41.5,32.1,34.6,33.6,34.1,33.1,33.1,34.1,31.6,33.6,23.1,34.6,34.6,35.1,30.6
7/7/17 7:00,7:00,33.1,34.6,36.1,34.1,38.1,45.5,35.1,36.6,38.1,35.6,35.1,42.1,35.6,34.1,36.1,26.1,42.1,36.6,34.6,49.6
7/7/17 8:00,8:00,36.1,36.6,38.1,35.1,40.1,48.5,37.1,37.6,38.1,37.6,37.6,38.1,37.6,38.1,39.1,34,43.6,38.1,36.1,49.1
7/7/17 9:00,9:00,37.6,39.1,40.1,37.1,42.6,46,40.1,40.1,40.6,39.6,39.6,40.6,39.6,39.1,39.1,37,49.6,41.6,38.1,43.6
7/7/17 10:00,10:00,39.6,40.6,43.1,40.6,45.6,47.5,41.6,43.1,43.1,42.1,41.6,41.6,40.6,41.1,41.1,39,43.1,44.1,41.1,41.6
7/7/17 11:00,11:00,41.1,43.1,44.6,42.6,47.6,46,47,44.1,44.1,44.1,44.1,43.1,42.1,42.1,39.6,41,44.1,45.6,42.6,43.6
7/7/17 12:00,12:00,42.6,47.1,47.1,45,50.6,46.5,42.5,45.6,45.1,46.1,45.1,45.1,44,43.6,42.5,43,44.6,48.6,44.6,45.6
7/7/17 13:00,13:00,46,47.1,47.1,45.5,52.1,46,43,46.1,46.1,47.6,47.1,45.6,47,44.6,43.5,44,45.6,47.1,45.1,45.6
7/7/17 14:00,14:00,47.5,46.1,48,49,53.5,46,43,47.1,47.1,48.1,51.5,47,47,45.6,44.5,45,47.6,51.6,46.5,46.6
7/7/17 15:00,15:00,47,46.6,49.5,46.5,52.6,46,42.5,46.6,50.1,47.1,51,47.5,45,46.6,46.5,46,47.1,50.1,47,46.6
7/7/17 16:00,16:00,47,46.6,50,48.5,54,46,42.1,47.1,50.1,48.1,48.1,47.5,45.5,47.1,50,47,49.1,51.1,47,47.6
7/7/17 17:00,17:00,46.5,46.1,48.5,50,47.1,44.5,42.1,46.6,47.6,48.1,47.6,47,45.5,48.1,51.5,46,48.6,50.1,46.5,48.1
7/7/17 18:00,18:00,45.5,45.1,48,45,44.6,43,40.1,46.1,45.6,46.6,46.1,46.5,43,45.1,49.5,46,47.1,48.6,45.1,46.1
7/7/17 19:00,19:00,43.1,44.1,45.6,41.6,43.6,42.5,38.6,44.6,44.6,44.6,44.6,44.1,42.1,43.1,43,42.5,45.6,45.6,43.1,44.1
7/7/17 20:00,20:00,42.6,42.1,44.6,39.6,42.1,40.5,37.1,44.1,43.6,43.6,44.1,42.6,42.1,41.1,42,40,44.6,44.1,43.6,42.1
7/7/17 21:00,21:00,41.1,42.1,42.1,39.1,41.1,40.5,36.1,42.6,41.6,41.6,41.6,42.6,42.1,41.1,41.1,39.5,43.1,43.1,42.1,41.6
7/7/17 22:00,22:00,41.1,40.6,41.6,39.1,40.6,38.5,35.6,41.1,40.6,40.6,41.6,40.6,41.1,41.1,40.6,40,41.6,41.6,41.6,40.6
7/7/17 23:00,23:00,39.6,38.1,40.6,38.1,39.6,38.5,34.1,40.6,40.1,40.1,40.6,40.6,39.6,38.6,24.6,38.5,41.1,40.6,41.1,39.6
7/8/17 0:00,0:00,39.1,34.6,39.6,34.6,40.1,38,32.6,40.1,39.1,39.1,40.1,39.1,39.6,38.1,31.6,37,40.1,38.6,40.6,37.6
7/8/17 1:00,1:00,38.6,34.6,39.1,36.1,38.6,38.5,31.6,39.1,40.6,39.1,39.6,39.1,38.6,37.6,38.1,36,39.6,39.1,39.6,37.6
7/8/17 2:00,2:00,39.6,38.1,39.6,38.1,38.6,37.6,30.6,40.1,39.1,39.1,39.6,38.6,39.6,38.6,38.6,37.5,39.1,39.1,40.6,38.1
7/8/17 3:00,3:00,38.1,37.1,37.6,37.1,37.1,35.1,29.6,38.6,38.6,38.6,38.1,38.6,38.6,37.6,37.6,31.6,38.6,38.1,39.6,39.1
7/8/17 4:00,4:00,37.6,34.6,37.6,37.1,36.6,35.1,29.1,38.1,37.1,36.6,38.1,37.1,37.6,38.6,37.1,36,38.6,37.6,38.6,38.6
7/8/17 5:00,5:00,37.1,33.1,37.1,36.6,36.6,40.5,30.6,37.1,36.6,36.1,38.1,35.6,37.1,37.1,36.6,35.5,37.1,36.1,37.6,38.1
7/8/17 6:00,6:00,36.1,34.6,35.6,34.6,37.1,41.5,33.1,36.6,36.1,35.1,36.6,35.6,36.1,36.1,36.1,23.6,36.6,35.6,37.1,36.6
7/8/17 7:00,7:00,36.6,36.6,37.6,35.6,38.1,41,36.1,37.6,38.6,37.1,37.1,41.6,36.6,36.6,37.1,31.6,41.6,37.6,36.6,43.6
7/8/17 8:00,8:00,36.6,38.6,39.6,38.1,40.1,45,38.1,37.1,38.1,38.1,37.1,38.1,36.6,37.6,36.6,37,44.6,38.6,36.6,38.1
7/8/17 9:00,9:00,38.1,37.6,39.1,38.1,42.1,43.5,40.1,39.6,38.6,39.1,38.6,38.6,38.6,39.1,38.6,37.5,42.6,38.6,38.1,42.1
7/8/17 10:00,10:00,38.6,40.6,42.6,39.6,45.1,47,41.1,42.6,41.1,41.1,40.1,40.6,40.1,40.6,39.6,38.5,41.6,41.6,40.6,41.1
7/8/17 11:00,11:00,40.1,43.1,43.1,42.1,46.6,45.5,45.5,44.1,42.6,43.1,42.1,41.6,41.1,42.1,40.6,40,42.1,43.6,41.6,42.1
7/8/17 12:00,12:00,41.6,47.1,44.6,43.5,48.1,45,42.5,45.1,43.6,43.1,43.1,43.1,42.6,42.6,41.6,41,42.1,46.6,43.1,43.1
7/8/17 13:00,13:00,44.1,44.6,45.1,44,49.6,45.5,42.1,45.1,44.6,44.6,44.1,43.1,45.5,43.1,42,42,43.6,46.1,43.6,43.1
7/8/17 14:00,14:00,46,44.1,45.6,45.5,49.1,45,41.6,45.1,45.6,45.1,49.1,45.1,44,44.1,43,43,46.6,46.6,44.6,44.6
7/8/17 15:00,15:00,46,45.1,47.6,46.5,50.1,44.5,41.6,45.1,48.6,45.6,47.6,45.6,43.5,45.6,44.5,44,45.6,48.1,46,45.6
7/8/17 16:00,16:00,44.1,44.1,47.1,45,43.1,41.5,41.1,45.6,45.1,44.1,45.1,44.6,42.1,45.6,44,43,45.6,47.6,44.1,45.6
7/8/17 17:00,17:00,43.6,43.6,45.1,43,42.1,40,40.6,44.1,44.6,44.1,45.6,44.1,43.5,44.6,44,42,44.6,46.1,44.1,44.1
7/8/17 18:00,18:00,41.1,40.6,42.1,40.1,41.1,39.5,39.6,41.1,41.1,41.1,41.1,41.6,41.1,40.6,40.6,39.5,41.6,42.1,42.1,40.6
7/8/17 19:00,19:00,40.1,39.6,41.1,39.1,40.6,39.5,38.1,40.6,40.1,40.1,40.6,40.1,40.6,40.1,40.1,39,41.6,41.6,41.1,40.1
7/8/17 20:00,20:00,38.1,39.1,40.1,36.6,39.6,38,37.6,39.6,39.1,39.1,39.6,40.1,39.6,39.1,38.6,38,41.1,41.1,40.6,38.6
7/8/17 21:00,21:00,37.6,38.6,39.6,37.6,37.1,37.1,36.6,38.6,38.6,38.6,39.6,39.6,38.6,38.6,37.1,38,40.1,39.6,40.1,38.6
7/8/17 22:00,22:00,38.1,37.6,39.1,38.1,36.6,36.6,35.6,38.1,38.6,38.1,38.6,38.6,38.6,38.6,37.1,37.5,39.1,38.1,39.1,37.6
7/8/17 23:00,23:00,36.6,36.1,36.6,36.1,35.6,35.6,35.6,36.6,37.1,37.1,37.1,36.6,36.6,36.6,29.1,36,37.1,37.1,37.1,36.6
7/9/17 0:00,0:00,36.1,36.1,36.1,36.1,35.6,34.1,34.6,36.1,36.6,36.1,36.1,36.1,36.1,36.6,35.1,36,36.1,36.1,36.6,36.1
7/9/17 1:00,1:00,35.1,35.1,35.1,35.1,35.1,33.6,33.6,35.1,35.6,35.6,35.1,35.1,35.1,35.6,34.6,35,35.6,35.6,36.1,35.1
7/9/17 2:00,2:00,34.6,33.6,35.1,33.1,34.1,33.1,32.6,34.6,35.1,34.6,35.1,34.6,34.1,34.6,34.1,34,35.1,34.6,35.6,34.1
7/9/17 3:00,3:00,34.1,33.1,34.1,31.1,33.6,32.1,31.6,34.1,33.6,33.6,34.6,33.6,33.1,34.1,33.1,32.6,34.6,34.6,35.1,33.6
7/9/17 4:00,4:00,33.1,32.6,33.6,31.6,31.6,31.6,31.6,33.1,33.1,32.6,34.1,33.1,33.6,34.1,33.6,32.1,33.6,33.6,35.1,34.1
7/9/17 5:00,5:00,32.1,31.6,32.1,31.6,31.1,31.1,32.6,31.6,33.1,32.6,31.6,32.1,32.1,32.1,31.1,32.1,33.1,33.1,32.6,31.6
7/9/17 6:00,6:00,30.6,31.1,30.6,30.1,32.1,36.6,34.1,30.6,31.6,31.1,30.1,31.1,30.6,30.6,30.1,24.1,31.6,31.6,31.1,30.6
7/9/17 7:00,7:00,31.1,30.6,31.1,30.1,33.1,37.6,35.6,31.6,31.1,30.6,30.6,32.1,31.6,31.1,31.1,28.1,32.1,32.1,31.1,31.6
7/9/17 8:00,8:00,32.1,32.6,33.6,32.1,35.1,37.6,36.6,32.6,34.1,33.1,32.1,33.1,33.1,33.6,33.6,31.6,42.6,33.6,32.1,44.6
7/9/17 9:00,9:00,33.1,34.1,35.1,34.1,37.6,41.5,38.1,34.1,36.6,34.6,34.6,34.6,34.6,34.6,33.6,33.1,38.1,35.6,33.6,36.6
7/9/17 10:00,10:00,34.6,35.1,35.6,35.1,39.6,43,39.1,36.1,36.1,35.1,36.1,35.6,36.1,36.6,35.6,34,36.6,36.6,36.1,38.6
7/9/17 11:00,11:00,36.1,36.6,38.1,38.6,43.1,43.5,43.5,38.1,38.6,37.6,37.6,36.6,38.1,37.6,37.1,36,38.6,41.6,37.6,40.1
7/9/17 12:00,12:00,38.1,39.6,40.1,39.6,44.6,43,40.6,39.6,40.1,38.6,39.1,39.1,39.1,39.6,38.1,37.5,40.1,42.6,39.1,41.6
7/9/17 13:00,13:00,40.1,40.1,42.6,40.1,44.6,42,40.1,40.1,41.1,40.1,40.6,40.6,42.1,40.1,38.6,39,40.6,43.6,40.1,42.1
7/9/17 14:00,14:00,42.1,40.6,42.1,45,46.6,42.5,40.6,42.1,42.6,41.1,45.6,41.1,42.6,41.6,40.1,40.5,43.6,43.6,42.1,41.6
7/9/17 15:00,15:00,43.1,41.6,43.1,43.5,49.6,42.5,40.6,42.1,47.1,42.6,45.6,43.1,41.6,42.6,42.5,41,43.1,44.1,42.6,42.1
7/9/17 16:00,16:00,42.6,42.1,44.6,44.5,50.1,41.5,40.6,42.6,44.6,42.6,43.6,43.1,42.1,43.6,42,42,44.1,45.6,43.1,42.6
7/9/17 17:00,17:00,43.1,42.1,43.6,45.5,47.1,41,40.1,42.1,45.6,43.1,43.1,43.1,42.1,45.1,45,42.5,44.1,45.1,43.1,43.1
7/9/17 18:00,18:00,41.6,41.6,43.1,47.5,41.1,39.5,39.1,42.6,43.6,42.6,42.1,43.1,41.6,42.6,44.5,43,43.1,43.6,42.1,42.6
7/9/17 19:00,19:00,40.6,42.1,41.1,41.1,40.1,39,38.6,41.6,41.6,41.1,41.1,41.1,40.6,40.6,40.6,41.5,42.1,42.1,41.6,41.1
7/9/17 20:00,20:00,39.1,39.6,40.1,39.6,39.1,36.6,37.1,40.1,40.6,40.1,40.1,40.1,39.6,39.6,39.6,39,40.1,40.6,40.6,39.1
7/9/17 21:00,21:00,38.6,39.1,39.1,38.6,36.6,36.1,36.6,39.1,39.6,39.6,39.1,39.1,39.1,38.6,38.6,38.5,39.1,39.1,39.6,38.6
7/9/17 22:00,22:00,37.1,37.6,37.6,37.1,35.6,35.6,35.6,36.6,37.6,37.1,36.6,36.6,36.6,36.6,36.1,37.5,37.6,36.6,37.1,36.6
7/9/17 23:00,23:00,35.1,35.6,35.6,35.1,35.6,35.1,35.6,35.6,36.1,35.6,35.1,35.6,35.6,35.1,27.6,35.5,36.1,36.1,36.1,35.1
7/10/17 0:00,0:00,34.6,35.1,35.1,33.6,35.1,34.6,35.1,34.6,35.1,35.1,34.6,35.1,35.1,34.6,31.6,34.5,35.1,35.6,35.6,34.1
7/10/17 1:00,1:00,34.1,34.1,34.6,33.1,34.1,33.1,33.1,34.6,35.1,34.6,34.6,35.1,34.6,34.1,33.6,34,35.1,35.1,35.1,34.1
7/10/17 2:00,2:00,33.1,33.6,34.1,31.1,33.6,32.1,33.6,34.1,34.1,33.6,34.1,34.1,34.1,33.6,32.6,33.1,34.6,34.6,35.1,33.6
7/10/17 3:00,3:00,33.1,32.1,33.6,32.1,32.6,31.1,33.1,33.1,33.1,32.6,33.1,33.1,33.6,33.1,32.6,32.6,33.6,33.6,33.1,32.6
7/10/17 4:00,4:00,32.1,31.6,32.6,31.6,32.1,30.6,31.1,32.6,32.6,32.6,32.1,32.6,32.6,32.1,31.6,31.6,33.1,33.1,33.6,31.6
7/10/17 5:00,5:00,31.1,30.6,31.6,31.1,33.1,38,33.1,31.1,31.6,31.1,31.1,31.6,31.6,30.6,30.6,31.1,32.1,32.6,32.1,31.1
7/10/17 6:00,6:00,30.6,30.6,31.6,30.1,34.1,39.5,34.6,30.6,31.6,31.1,31.1,31.6,31.1,30.6,31.1,30.6,32.1,31.6,32.1,32.1
7/10/17 7:00,7:00,32.1,33.1,34.6,33.1,35.6,40.5,37.1,33.6,35.1,32.6,32.6,39.1,33.6,32.6,33.6,33.1,40.1,35.6,32.6,41.6
7/10/17 8:00,8:00,34.1,35.1,36.1,34.1,37.1,44.5,39.1,35.6,35.6,35.1,34.1,35.6,35.6,36.6,37.6,35,43.6,36.1,34.1,43.6
7/10/17 9:00,9:00,35.1,35.1,36.1,34.6,38.1,41.5,39.1,36.6,35.6,35.1,36.6,37.1,37.1,37.6,37.1,36,43.1,37.6,35.1,43.1
7/10/17 10:00,10:00,36.1,36.1,38.1,36.6,40.1,45,41.6,37.1,39.6,37.1,38.1,38.1,38.1,38.1,37.1,36.5,39.1,41.1,37.6,37.6
7/10/17 11:00,11:00,36.6,37.6,40.1,37.6,43.1,44.5,47,40.1,40.6,39.1,39.6,39.1,39.1,38.6,37.6,37.5,39.1,42.1,39.1,39.1
7/10/17 12:00,12:00,38.1,44.1,40.6,40.6,45.1,44.5,43,40.6,40.1,39.1,40.1,40.6,40.6,39.1,38.6,38.5,40.1,46.1,40.1,41.1
7/10/17 13:00,13:00,41.1,40.6,41.6,41.1,45.6,44,42.5,40.6,42.1,41.1,41.6,40.6,43.5,40.6,29.6,40.5,41.1,43.1,41.1,41.1
7/10/17 14:00,14:00,42.6,41.1,41.6,44.5,46.1,43.5,42.5,42.6,42.1,41.1,44.1,42.1,42.1,41.6,39.6,41,44.6,43.1,41.6,42.1
7/10/17 15:00,15:00,43.1,41.1,42.6,43.5,48.1,42.5,42.5,41.6,42.6,41.1,42.6,42.6,42.1,41.6,41.1,41,43.1,43.6,42.6,42.6
7/10/17 16:00,16:00,42.1,41.6,44.6,46.5,48.1,42,42.1,42.1,44.1,41.6,43.1,42.6,42.1,43.6,42,42.5,44.6,44.1,42.6,42.6
7/10/17 17:00,17:00,43.1,42.1,43.6,47,45.6,41.5,42.1,42.6,44.1,42.1,43.1,42.6,42.6,43.1,44,43,44.1,44.6,43.1,43.1
7/10/17 18:00,18:00,42.6,41.6,42.6,46,41.1,40,40.6,42.6,42.6,41.6,42.6,42.6,41.6,42.6,44.5,43.5,42.6,43.6,42.1,42.6
7/10/17 19:00,19:00,41.1,43.1,41.6,41.1,40.1,39,39.1,41.6,41.6,41.1,41.6,41.1,40.6,40.6,40.6,41.5,42.1,42.1,41.6,41.1
7/10/17 20:00,20:00,39.6,39.6,40.1,40.1,38.6,39,37.6,40.1,40.6,40.1,40.1,40.1,39.6,39.6,39.6,39.5,40.1,40.6,40.6,39.6
7/10/17 21:00,21:00,39.1,39.1,39.6,38.6,38.6,35.1,36.6,39.6,40.1,39.6,39.1,39.6,39.6,38.6,38.1,39,39.6,40.1,39.6,38.6
7/10/17 22:00,22:00,37.6,38.1,38.1,36.1,34.1,32.6,36.6,38.1,38.1,38.1,38.1,38.6,38.1,37.1,36.1,37.5,38.1,39.1,39.1,37.1
7/10/17 23:00,23:00,37.6,34.6,38.1,34.6,33.1,31.6,35.1,38.1,35.1,35.1,38.1,34.1,38.1,37.1,33.1,35.5,36.6,34.6,38.6,37.1
7/11/17 0:00,0:00,33.6,33.1,30.1,28.6,31.1,30.1,33.6,32.6,33.1,33.1,34.1,32.1,32.6,34.1,33.1,31.6,30.6,26.6,34.6,34.1
7/11/17 1:00,1:00,32.6,32.6,29.1,29.1,31.1,29.6,33.1,32.1,30.1,30.1,32.1,32.1,31.6,31.6,31.1,29.6,30.6,31.1,34.1,31.1
7/11/17 2:00,2:00,31.1,30.6,30.1,29.6,30.6,29.1,32.1,30.6,30.6,31.1,30.6,31.1,30.6,30.6,30.6,30.1,30.6,30.1,32.1,30.6
7/11/17 3:00,3:00,30.6,29.1,29.6,29.6,30.6,29.6,31.6,29.6,29.1,29.1,30.6,29.1,29.6,30.6,30.1,28.1,29.6,29.1,31.6,30.1
7/11/17 4:00,4:00,30.1,29.6,29.1,29.1,31.1,29.6,31.6,29.6,29.1,29.1,30.1,29.6,29.6,30.1,29.6,29.1,29.1,29.1,31.1,30.1
7/11/17 5:00,5:00,30.1,29.1,29.1,28.6,30.6,31.1,31.6,30.1,29.6,29.1,30.1,29.6,30.1,29.6,29.6,29.1,29.6,29.6,31.1,29.6
7/11/17 6:00,6:00,30.6,29.6,30.1,29.1,31.6,32.1,34.1,30.6,30.1,29.6,31.1,29.6,30.6,30.1,30.6,24.6,30.6,29.6,31.6,29.6
7/11/17 7:00,7:00,30.1,30.6,30.6,30.1,33.1,33.6,37.1,30.6,31.1,30.1,30.6,32.1,30.6,30.6,30.1,26.1,33.6,30.6,31.1,31.1
7/11/17 8:00,8:00,31.1,31.6,33.1,31.6,34.6,35.6,38.6,32.1,30.6,30.6,31.1,30.6,32.1,32.6,30.6,28.1,32.6,31.6,31.6,32.1
7/11/17 9:00,9:00,31.6,32.1,32.1,31.6,37.1,38,40.6,32.6,31.6,31.1,32.1,32.1,32.1,32.6,31.6,30.6,33.1,32.6,32.1,32.6
7/11/17 10:00,10:00,33.6,33.1,35.1,33.6,40.1,39,41.1,35.1,33.6,33.1,35.1,33.1,35.6,34.6,34.1,32.1,35.1,35.1,35.1,34.6
7/11/17 11:00,11:00,34.6,34.6,36.6,36.1,38.6,39.5,45,37.1,35.1,34.6,36.1,34.6,37.1,35.6,35.1,34,35.6,40.6,35.6,36.6
7/11/17 12:00,12:00,35.6,39.1,37.1,37.1,41.6,37.6,43,36.1,39.1,37.1,37.6,37.1,37.1,37.1,37.1,35,38.6,42.1,36.6,38.1
7/11/17 13:00,13:00,37.1,40.6,39.6,39.6,43.6,40,43,37.6,39.1,37.1,38.6,37.1,37.6,37.6,36.6,36,39.6,37.6,36.6,38.1
7/11/17 14:00,14:00,39.6,38.6,39.1,41.6,44.1,40,43.5,39.6,40.1,38.1,42.1,38.1,41.1,39.1,37.6,38,42.1,42.1,38.1,38.6
7/11/17 15:00,15:00,40.6,38.6,40.6,41.6,44.1,39.5,43.5,39.1,41.6,39.6,42.1,40.1,39.6,39.1,39.6,39,40.6,42.1,40.6,39.6
7/11/17 16:00,16:00,40.6,39.1,42.1,42.6,47.6,39,43.5,40.1,42.6,40.1,41.1,40.1,40.6,40.6,40.1,39.5,41.6,44.1,41.1,40.1
7/11/17 17:00,17:00,39.6,38.6,40.1,42.6,43.6,39.5,43.5,39.1,39.1,38.1,40.6,39.6,38.6,41.6,40.6,39,40.1,40.1,39.1,41.1
7/11/17 18:00,18:00,40.1,39.1,41.1,44.5,39.6,35.1,42.1,40.6,41.1,40.1,40.6,40.6,40.1,40.6,43,41,41.1,42.6,40.1,40.6
7/11/17 19:00,19:00,38.6,41.1,39.6,39.1,36.1,34.1,41.1,40.6,39.6,38.6,39.6,39.1,39.1,38.6,39.1,39.5,40.1,41.6,39.6,39.1
7/11/17 20:00,20:00,37.1,34.6,36.1,34.1,35.1,33.6,39.6,37.6,35.1,34.6,37.1,35.1,38.1,35.6,36.6,35,37.6,37.1,39.1,35.6
7/11/17 21:00,21:00,35.1,34.1,35.1,33.6,35.1,33.1,38.1,35.1,34.6,34.6,35.1,34.1,35.1,34.1,34.1,34.5,36.1,35.6,36.1,34.6
7/11/17 22:00,22:00,34.6,33.6,34.6,33.1,34.6,32.1,37.1,34.1,34.1,33.6,34.6,33.1,34.6,34.1,34.1,33.6,35.1,34.6,35.1,34.1
7/11/17 23:00,23:00,33.6,32.6,34.1,32.1,34.1,31.6,36.1,33.1,33.6,33.1,34.1,33.1,33.1,33.1,25.6,32.1,34.6,33.6,34.6,33.1
7/12/17 0:00,0:00,32.1,31.1,33.1,31.6,32.6,31.1,35.1,32.6,33.1,32.1,32.6,32.6,32.6,32.1,26.6,32.1,33.6,33.1,33.6,32.6
7/12/17 1:00,1:00,31.6,31.1,32.6,30.6,32.1,31.1,34.1,32.1,32.1,31.6,32.6,32.1,31.1,31.1,27.6,31.1,33.1,32.6,33.1,31.1
7/12/17 2:00,2:00,31.1,31.1,31.6,28.6,31.6,31.1,33.1,32.1,31.1,30.6,31.1,31.1,31.1,30.6,30.6,30.1,32.6,32.1,33.6,31.1
7/12/17 3:00,3:00,30.6,30.6,31.1,28.1,31.6,30.6,32.1,30.6,31.1,30.6,30.6,31.1,30.6,30.1,29.6,27.1,32.1,31.1,32.6,30.1
7/12/17 4:00,4:00,29.6,30.6,31.1,27.1,31.1,30.1,32.6,31.1,30.6,30.6,30.1,31.1,30.6,29.6,28.6,28.6,31.6,30.6,32.1,29.1
7/12/17 5:00,5:00,29.1,30.1,30.6,27.1,31.6,36.1,33.1,31.1,30.6,30.1,29.6,30.1,30.6,28.1,29.1,28.6,31.1,30.6,32.1,28.6
7/12/17 6:00,6:00,29.1,30.1,30.6,27.6,33.1,39.5,35.1,31.1,30.1,29.6,29.6,30.1,30.6,28.6,29.6,23.6,31.6,30.6,32.1,29.1
7/12/17 7:00,7:00,31.6,32.1,32.6,30.6,34.6,42,35.6,32.1,33.6,31.1,32.6,38.1,31.6,31.6,33.6,26.1,36.6,34.1,32.1,43.6
7/12/17 8:00,8:00,33.1,34.1,35.6,33.1,36.1,43.5,38.1,36.6,34.1,33.1,34.1,34.6,35.6,35.6,36.6,29.6,42.1,36.1,33.1,45.6
7/12/17 9:00,9:00,34.6,35.6,36.6,34.1,38.1,43.5,39.1,37.1,35.6,35.1,35.6,36.1,37.1,36.6,36.1,33.6,47.6,39.1,34.1,44.6
7/12/17 10:00,10:00,35.6,37.1,39.1,36.1,41.6,45,41.1,38.1,39.6,36.1,37.1,37.6,38.6,37.6,37.1,34.5,39.1,41.1,37.1,38.1
7/12/17 11:00,11:00,36.1,40.1,39.6,38.6,43.1,43.5,45.5,39.1,40.6,38.1,39.1,38.6,39.6,38.1,38.1,36.5,39.1,42.1,38.1,39.6
7/12/17 12:00,12:00,38.1,41.6,40.1,39.6,44.6,43.5,42.5,41.1,40.1,38.6,40.1,39.6,41.1,38.6,38.1,38.5,39.6,42.1,39.6,40.1
7/12/17 13:00,13:00,41.1,41.6,41.1,40.6,45.6,44,43,41.1,41.6,39.6,40.6,41.1,42.6,39.1,39.1,39.5,41.1,45.1,40.6,42.1
7/12/17 14:00,14:00,42.6,41.1,42.6,45.5,46.1,43,43,43.1,42.6,41.1,45.1,41.6,44,41.1,40.1,40.5,44.6,45.6,42.1,41.6
7/12/17 15:00,15:00,43.1,41.1,43.1,43.5,48.6,42.5,43.5,41.6,43.6,41.1,44.6,43.1,42.6,42.1,41.6,41.5,43.6,45.6,43.1,42.6
7/12/17 16:00,16:00,42.6,41.6,44.1,46,49.6,42,43,42.1,43.6,41.6,43.1,43.1,42.1,42.1,42,42.5,45.1,46.1,43.6,42.6
7/12/17 17:00,17:00,43.1,42.1,44.1,47,44.6,41,42.5,42.1,43.6,41.6,42.6,43.1,41.6,43.1,44,42.5,44.1,46.1,42.6,42.6
7/12/17 18:00,18:00,42.1,41.6,42.6,46.5,39.1,38.5,42.1,42.6,42.1,41.1,42.6,42.1,41.6,41.1,44.5,43,42.6,44.1,41.6,42.1
7/12/17 19:00,19:00,39.6,41.6,40.6,38.6,38.1,37.6,40.1,40.1,40.6,40.1,39.6,41.1,40.1,39.1,39.6,37.5,41.1,42.1,41.1,39.1
7/12/17 20:00,20:00,37.1,37.1,38.1,36.6,37.6,36.1,39.1,37.6,37.6,36.6,37.1,38.6,38.1,37.1,37.6,37.5,38.6,38.6,38.6,37.1
7/12/17 21:00,21:00,36.1,36.6,37.1,35.1,37.1,36.1,38.6,36.6,37.6,37.1,36.6,37.6,36.6,35.6,35.1,36,37.6,38.1,38.1,36.6
7/12/17 22:00,22:00,36.6,36.1,37.1,36.1,36.1,35.1,37.1,37.1,37.1,37.1,37.1,37.1,36.6,35.1,36.1,35,37.1,38.1,37.6,36.1
7/12/17 23:00,23:00,36.1,36.1,36.1,36.1,35.6,34.6,37.1,36.1,37.1,36.6,36.6,36.6,35.6,35.6,27.1,36,36.6,37.1,37.1,35.6
7/13/17 0:00,0:00,35.1,35.1,35.6,35.1,34.6,33.1,36.6,35.6,36.1,36.1,35.6,35.6,34.6,34.6,34.6,35,35.6,35.6,36.1,34.6
7/13/17 1:00,1:00,34.6,34.1,34.6,34.1,33.6,32.6,35.1,34.6,35.1,35.1,34.6,35.1,34.1,34.1,33.6,34.5,35.1,34.6,35.1,34.1
7/13/17 2:00,2:00,33.1,32.6,33.6,30.1,32.6,31.1,35.1,33.6,33.6,33.1,34.1,33.6,32.6,32.6,32.1,32.6,34.1,33.6,34.6,33.1
7/13/17 3:00,3:00,32.1,32.6,32.6,31.6,31.6,30.6,33.6,32.6,32.6,32.1,32.6,32.6,32.6,32.1,31.1,29.1,33.1,32.6,34.1,32.6
7/13/17 4:00,4:00,31.6,31.1,31.6,30.1,31.6,30.1,33.1,31.6,31.6,31.1,32.1,31.1,31.6,31.6,32.1,30.1,32.1,31.6,33.6,31.6
7/13/17 5:00,5:00,30.6,30.1,30.6,29.1,32.6,38.5,35.1,31.1,31.1,30.6,31.1,30.6,30.6,30.6,30.6,29.6,31.6,30.6,32.1,30.6
7/13/17 6:00,6:00,30.6,30.1,30.6,29.1,33.1,42.5,37.1,31.1,32.6,30.6,31.6,31.1,30.6,30.6,30.6,24.6,31.6,32.1,32.1,30.6
7/13/17 7:00,7:00,32.6,32.6,33.1,31.1,34.6,44.5,40.1,34.6,38.6,32.6,32.6,37.1,32.6,32.6,34.1,25.1,42.6,36.6,32.1,43.6
7/13/17 8:00,8:00,33.1,35.1,35.1,33.6,36.1,44.5,42.1,34.1,36.6,34.6,33.1,35.1,33.6,35.1,34.1,28.6,47.6,36.1,33.1,46.1
7/13/17 9:00,9:00,34.1,35.1,36.1,34.1,38.1,43.5,43.5,36.6,39.1,36.1,35.1,36.1,35.1,35.6,35.1,32.6,47.1,37.6,34.1,42.6
7/13/17 10:00,10:00,34.6,36.6,38.6,35.6,40.6,43.5,45,36.6,39.1,36.1,36.1,37.1,36.1,36.6,35.6,35,38.1,38.1,36.1,38.1
7/13/17 11:00,11:00,36.1,37.6,38.6,39.1,42.1,45,49.5,38.6,39.1,38.1,38.1,37.6,37.1,38.1,36.1,36.5,38.6,39.1,37.1,39.6
7/13/17 12:00,12:00,37.1,43.6,40.1,39.6,43.6,44.5,46,40.6,40.1,38.6,38.6,39.1,39.1,38.6,37.6,38,39.1,41.6,39.6,40.1
7/13/17 13:00,13:00,40.6,40.6,41.1,40.6,45.6,44,46.5,39.6,41.6,39.1,40.6,40.1,40.6,39.6,38.6,39,40.6,42.1,40.6,41.6
7/13/17 14:00,14:00,42.6,40.6,41.6,44,46.1,43.5,46,41.1,42.6,40.1,44.1,41.1,40.6,40.1,39.6,40,44.1,43.6,42.1,41.1
7/13/17 15:00,15:00,43.1,42.1,43.6,43.5,49.1,42.5,45.5,42.6,44.1,41.1,43.6,42.6,41.1,42.6,41.1,41.5,43.6,46.1,43.1,42.1
7/13/17 16:00,16:00,42.6,42.1,45.1,46,48.6,42.5,45.5,41.6,44.6,41.6,42.6,42.6,41.6,43.1,42.5,42.5,45.1,45.1,43.6,43.6
7/13/17 17:00,17:00,43.6,41.6,44.6,47.5,46.1,41,44.5,42.6,44.6,42.1,43.1,43.1,41.6,43.1,45,42.5,44.6,45.1,43.1,43.6
7/13/17 18:00,18:00,42.6,42.1,43.6,46.5,41.1,39.5,44,42.6,42.6,41.1,42.1,43.1,41.1,42.6,44,43.5,42.6,45.1,42.1,42.6
7/13/17 19:00,19:00,41.1,42.6,41.6,41.1,40.1,38.5,42.5,41.6,41.6,40.6,41.6,41.1,40.1,40.6,40.6,41.5,42.1,42.6,41.6,41.6
7/13/17 20:00,20:00,39.6,39.6,40.1,40.1,39.6,37.1,41.1,40.1,40.6,40.1,40.1,40.1,39.1,39.6,39.6,39,40.1,40.6,40.6,39.6
7/13/17 21:00,21:00,39.1,38.6,39.6,38.6,38.6,36.6,40.1,39.6,40.1,39.6,39.6,39.1,38.6,38.6,38.6,38.5,39.6,39.6,40.1,38.6
7/13/17 22:00,22:00,38.6,37.6,39.1,36.1,34.6,33.1,39.6,38.6,38.6,38.6,39.1,38.6,38.1,38.1,37.6,35.5,39.1,38.1,39.6,38.1
7/13/17 23:00,23:00,37.6,36.6,38.1,35.1,33.1,32.6,39.1,38.1,38.1,37.6,38.1,38.1,37.1,37.1,26.1,35,38.6,37.6,38.6,37.1
7/14/17 0:00,0:00,34.6,32.6,34.6,33.1,32.6,32.1,39.1,34.1,33.1,33.1,34.6,32.6,34.1,35.1,29.1,32.6,33.6,33.1,35.6,35.1
7/14/17 1:00,1:00,33.6,32.1,33.1,32.1,32.1,31.1,39.1,32.6,32.6,32.1,33.6,32.6,32.6,33.1,32.6,32.1,33.1,32.1,34.6,33.1
7/14/17 2:00,2:00,32.6,31.6,32.6,31.6,31.6,30.1,38.1,32.1,32.1,32.1,32.6,31.6,32.1,32.1,32.1,32.1,32.6,31.6,33.1,32.1
7/14/17 3:00,3:00,32.1,30.6,31.6,30.6,31.1,30.1,36.6,31.6,31.1,30.6,32.1,31.1,31.6,31.6,31.6,29.1,31.6,31.1,32.6,31.1
7/14/17 4:00,4:00,31.1,30.1,30.6,30.1,31.1,30.1,36.1,30.6,30.1,30.1,31.1,30.6,30.6,31.1,30.6,30.1,31.1,30.6,32.1,30.6
7/14/17 5:00,5:00,30.6,29.6,30.1,29.6,32.1,34.1,36.6,30.6,30.1,30.1,30.6,30.1,30.6,30.6,30.1,29.6,30.6,30.1,31.6,30.1
7/14/17 6:00,6:00,31.1,30.1,30.6,30.1,33.1,39.5,38.1,31.1,31.6,30.1,31.1,30.6,30.6,31.1,31.1,23.6,31.6,31.1,31.6,30.6
7/14/17 7:00,7:00,33.6,32.1,32.1,31.1,34.6,43,38.1,32.6,34.6,31.6,32.1,35.1,32.1,31.6,33.1,26.1,35.6,33.6,32.1,35.6
7/14/17 8:00,8:00,33.1,33.6,34.1,32.6,36.1,43,40.1,35.6,35.1,32.1,33.6,34.1,33.6,35.6,36.6,29.1,38.1,35.1,33.1,43.6
7/14/17 9:00,9:00,34.1,35.1,36.6,34.6,37.1,43,41.6,35.6,37.1,35.1,35.1,36.1,35.6,36.1,35.6,33.1,45.6,36.6,34.1,43.6
7/14/17 10:00,10:00,35.1,35.6,39.6,36.1,41.1,44,43.5,39.1,40.6,35.6,37.6,37.1,36.6,36.6,37.1,34.5,38.6,39.6,36.6,38.1
7/14/17 11:00,11:00,36.1,37.1,40.1,39.1,43.1,42,48,40.1,39.1,38.1,38.1,38.1,38.1,37.6,37.6,36,38.1,42.6,38.6,38.1
7/14/17 12:00,12:00,37.6,41.1,40.1,40.1,44.1,43.5,44.5,40.6,40.6,37.6,39.6,38.6,39.6,38.6,37.6,37.5,40.6,41.6,39.6,39.6
7/14/17 13:00,13:00,40.1,41.1,41.1,41.1,45.1,43.5,44.5,41.1,41.1,39.6,40.6,40.1,40.6,39.1,38.6,38.5,41.6,41.6,40.6,41.1
7/14/17 14:00,14:00,42.1,40.6,41.6,44.5,46.6,42.5,43.5,42.1,42.6,39.6,44.6,41.1,42.6,40.6,40.1,40,43.6,47.1,41.1,41.1
7/14/17 15:00,15:00,42.6,41.1,43.6,43.5,47.6,43,43,41.6,44.1,40.6,43.6,41.6,40.6,41.6,41.1,41,43.1,45.6,41.6,41.6
7/14/17 16:00,16:00,42.6,41.6,44.6,45,38.1,42,41.6,41.6,44.6,41.1,43.1,42.1,41.1,42.6,43,41.5,44.6,45.6,42.6,43.1
7/14/17 17:00,17:00,43.6,42.1,45.6,46,40.1,38.5,40.6,43.6,44.1,42.1,43.1,43.6,42.1,43.1,47,41.5,45.6,44.6,43.1,42.1
7/14/17 18:00,18:00,38.1,38.6,38.1,37.1,38.6,37.6,40.1,37.1,37.6,37.6,38.1,39.6,37.6,37.1,37.6,37,39.1,38.6,39.1,39.1
7/14/17 19:00,19:00,38.6,38.1,39.6,37.6,37.1,35.6,39.1,38.6,38.1,36.6,39.1,38.1,38.6,37.6,38.1,36,39.6,39.6,39.6,39.1
7/14/17 20:00,20:00,37.6,36.6,37.6,35.6,36.1,34.1,39.1,37.1,37.1,36.1,39.1,37.6,36.6,36.6,37.1,35,37.6,37.6,39.6,37.1
7/14/17 21:00,21:00,36.1,35.1,37.1,34.6,34.1,33.1,37.6,36.1,35.6,34.6,37.1,36.1,35.6,35.1,34.1,35,36.6,35.6,37.6,35.6
7/14/17 22:00,22:00,35.6,33.6,34.6,33.6,34.1,33.1,36.6,35.6,33.6,33.6,36.6,34.1,35.1,34.6,34.6,33.6,34.6,35.1,36.6,34.6
7/14/17 23:00,23:00,34.1,33.1,34.1,32.1,35.1,32.6,36.1,33.6,33.6,33.1,34.1,33.6,33.6,33.1,24.6,32.6,34.1,33.1,35.1,33.1
7/15/17 0:00,0:00,33.6,32.6,33.6,32.1,33.6,33.1,35.1,33.6,33.1,32.6,34.1,33.1,33.1,33.1,27.6,32.6,33.6,33.6,34.6,33.1
7/15/17 1:00,1:00,32.6,32.1,34.1,31.6,33.6,32.6,34.6,34.6,33.1,32.1,33.6,33.1,33.6,32.6,29.1,32.1,34.1,34.1,34.6,32.1
7/15/17 2:00,2:00,33.1,32.1,33.1,32.1,33.1,32.1,34.1,33.1,33.1,32.1,33.6,33.1,33.1,32.6,32.6,32.1,33.6,33.1,34.6,32.6
7/15/17 3:00,3:00,33.1,32.6,32.6,32.1,32.6,32.1,33.1,33.1,33.1,32.6,33.1,33.1,33.1,32.1,32.6,28.1,33.1,33.1,34.1,32.6
7/15/17 4:00,4:00,32.1,31.6,32.1,31.6,33.1,31.6,32.1,32.6,32.6,32.1,32.6,32.6,32.6,32.1,31.6,30.6,33.1,32.6,33.6,32.6
7/15/17 5:00,5:00,31.6,31.6,32.1,31.6,33.6,34.1,31.1,32.6,32.1,32.1,32.6,32.1,32.1,31.6,32.1,30.6,32.6,32.1,33.1,31.6
7/15/17 6:00,6:00,32.1,31.6,32.6,31.6,34.6,41,32.6,32.6,32.6,31.6,33.1,32.1,32.6,32.1,32.1,25.6,33.1,32.6,33.1,32.1
7/15/17 7:00,7:00,31.6,32.1,34.1,33.1,36.1,40,33.1,33.6,33.1,32.1,33.6,32.6,33.1,33.1,32.1,26.6,34.6,33.1,33.6,33.6
7/15/17 8:00,8:00,33.6,35.1,36.1,34.6,37.6,44.5,35.1,35.6,36.1,33.6,34.6,35.1,35.1,36.1,35.6,29.1,42.6,35.6,34.1,38.6
7/15/17 9:00,9:00,35.1,35.6,37.1,35.1,39.1,42.5,37.1,38.1,37.6,35.1,36.6,36.1,36.6,37.6,36.6,31.6,44.1,37.6,35.1,40.1
7/15/17 10:00,10:00,36.1,36.6,39.6,37.6,43.1,43.5,39.1,39.6,39.1,36.1,38.6,37.1,38.1,38.1,38.1,35,40.1,41.1,37.6,38.6
7/15/17 11:00,11:00,37.1,39.6,41.1,39.1,44.1,43.5,43.5,40.1,40.6,38.1,39.6,39.6,38.6,38.6,37.6,37.5,40.1,43.1,38.6,39.6
7/15/17 12:00,12:00,38.1,43.1,41.1,40.1,45.6,43,42.1,41.1,41.6,38.1,41.1,40.1,40.1,39.6,38.6,38.5,39.1,43.1,40.6,41.1
7/15/17 13:00,13:00,41.1,41.1,42.6,41.6,45.1,43.5,41.6,42.1,43.1,39.6,41.6,40.6,43,41.1,39.1,39.5,41.6,45.6,41.1,41.6
7/15/17 14:00,14:00,43.1,42.1,43.1,44.5,47.6,44,41.1,43.1,43.1,40.1,44.6,42.6,42.1,41.6,40.1,40.5,44.6,47.1,42.1,42.1
7/15/17 15:00,15:00,43.1,42.1,43.6,43,49.6,42,42.1,41.6,44.6,41.1,43.1,42.6,41.1,42.6,41.1,41.5,44.1,44.6,42.1,42.1
7/15/17 16:00,16:00,42.6,42.6,44.1,45,42.6,40,41.6,42.1,43.6,41.1,42.6,42.6,42.1,42.6,42.5,42,45.6,48.6,43.1,43.1
7/15/17 17:00,17:00,43.1,41.1,44.6,44.5,27.1,36.1,41.1,42.1,42.6,40.1,43.1,42.1,41.6,43.1,45.5,40.5,43.6,44.1,42.6,42.6
7/15/17 18:00,18:00,39.1,38.6,27.6,37.6,31.6,35.6,40.6,40.1,36.6,34.1,32.1,39.6,39.6,32.1,36.6,34,40.1,40.6,41.1,35.6
7/15/17 19:00,19:00,25.1,36.1,30.6,33.1,32.1,35.1,40.1,27.6,35.6,33.1,31.6,36.6,29.6,33.1,27.6,30.1,29.1,35.1,25.1,35.1
7/15/17 20:00,20:00,27.1,34.6,32.6,32.1,31.1,33.1,38.6,31.1,34.6,33.6,32.6,34.6,32.6,32.1,32.1,32.1,34.1,35.6,32.1,32.6
7/15/17 21:00,21:00,28.6,34.1,33.1,34.1,30.6,31.6,36.1,32.6,34.6,33.6,32.6,34.6,32.1,33.1,31.1,31.6,32.6,34.6,33.1,34.1
7/15/17 22:00,22:00,30.6,33.1,30.6,31.6,31.1,31.1,36.1,30.6,31.6,31.6,32.1,32.6,30.1,32.6,31.1,30.6,29.1,29.6,32.6,32.6
7/15/17 23:00,23:00,29.6,31.1,31.1,30.6,30.6,31.1,35.1,30.1,32.1,31.6,31.6,31.6,30.6,32.1,24.6,29.6,31.1,31.1,32.1,31.6
7/16/17 0:00,0:00,29.1,31.1,31.1,30.1,30.1,30.1,35.1,30.1,31.1,30.6,30.1,31.1,30.1,30.6,26.1,29.6,31.1,31.1,31.1,30.1
7/16/17 1:00,1:00,29.6,31.1,30.6,30.1,30.1,30.1,33.6,30.6,30.6,30.1,30.6,31.1,30.6,30.6,27.6,29.6,30.6,31.1,31.6,30.6
7/16/17 2:00,2:00,29.6,30.1,30.6,29.6,29.6,29.6,33.1,30.1,30.1,29.6,30.6,30.6,30.1,30.1,29.6,29.6,30.6,30.1,31.1,30.1
7/16/17 3:00,3:00,29.6,30.1,30.1,29.1,29.1,29.1,32.6,29.6,30.1,29.6,30.1,30.1,29.6,30.1,29.1,26.6,30.1,30.1,30.6,29.6
7/16/17 4:00,4:00,29.1,29.6,29.1,28.6,29.6,29.6,32.1,29.1,29.6,29.1,29.6,30.1,29.1,29.6,29.1,28.1,29.6,29.6,30.6,29.1
7/16/17 5:00,5:00,28.6,29.1,28.6,28.6,30.6,30.6,33.1,29.1,29.1,29.1,29.1,29.6,29.1,29.1,28.6,28.1,29.6,29.1,30.1,29.1
7/16/17 6:00,6:00,28.6,29.1,29.1,28.6,31.1,31.1,34.6,29.1,29.6,29.1,29.1,29.6,29.1,29.1,28.6,25.1,29.6,29.6,30.1,29.1
7/16/17 7:00,7:00,31.1,30.1,31.6,31.1,33.6,37.1,35.6,30.6,30.6,29.6,30.1,30.1,30.1,31.1,31.1,26.1,40.1,32.6,30.6,38.6
7/16/17 8:00,8:00,30.1,30.6,31.6,31.1,33.6,39,37.6,31.6,30.6,29.6,30.6,30.6,30.6,32.1,30.6,27.1,31.6,31.6,31.1,31.6
7/16/17 9:00,9:00,31.6,33.1,34.6,32.6,35.6,38.5,39.1,34.1,34.6,32.6,33.1,33.6,32.6,33.1,33.1,29.6,44.1,35.1,32.6,36.1
7/16/17 10:00,10:00,33.1,34.1,39.1,34.1,38.6,40.5,40.1,35.6,37.1,33.6,35.6,34.6,35.1,35.1,35.1,32.6,36.6,36.6,35.1,35.1
7/16/17 11:00,11:00,34.1,36.6,37.1,36.1,40.6,41.5,44.5,36.1,37.1,34.6,36.1,35.6,35.1,36.1,34.1,34,36.6,39.1,35.6,36.6
7/16/17 12:00,12:00,35.6,41.1,38.6,38.1,41.6,40.5,42.5,37.6,38.1,36.1,37.1,38.1,37.6,36.6,36.1,36,37.1,39.6,36.6,37.1
7/16/17 13:00,13:00,38.1,39.1,38.6,38.6,42.1,41,41.6,37.6,39.1,37.6,38.6,38.6,40.1,38.1,36.6,37,38.1,43.6,38.6,39.1
7/16/17 14:00,14:00,39.6,38.1,39.1,42.1,43.6,40.5,41.6,38.6,41.1,37.6,42.1,39.6,38.6,38.6,37.6,38,40.6,42.6,40.1,39.6
7/16/17 15:00,15:00,40.1,38.6,39.6,41.1,47.1,40,41.6,39.1,42.1,38.6,40.6,40.1,38.6,39.6,38.6,39,41.1,41.1,40.6,40.1
7/16/17 16:00,16:00,40.1,39.6,41.6,43,44.6,40.5,42.1,39.6,42.1,38.6,41.1,40.1,39.6,40.1,39.6,39.5,42.6,44.1,40.6,40.1
7/16/17 17:00,17:00,42.1,39.1,42.6,43.5,41.1,39.5,41.1,39.6,42.6,39.1,40.6,41.1,39.6,40.6,43,40.5,42.1,44.1,40.6,40.1
7/16/17 18:00,18:00,40.1,39.6,40.6,42.6,38.6,38,40.1,40.1,40.6,38.6,39.6,40.6,38.6,40.1,41.6,40,41.1,42.1,39.6,39.6
7/16/17 19:00,19:00,38.1,38.1,39.1,38.6,38.1,36.6,40.1,38.1,38.6,37.1,38.6,39.1,37.6,38.1,37.6,38,39.1,39.6,39.1,38.6
7/16/17 20:00,20:00,37.1,37.1,38.1,37.1,34.6,33.6,39.1,37.6,38.1,37.1,38.1,38.1,37.1,37.1,37.1,36.5,38.1,38.1,38.6,37.6
7/16/17 21:00,21:00,36.6,36.6,37.6,36.6,22.6,22.6,36.1,37.6,37.6,36.1,37.6,37.6,36.6,37.1,35.1,35.5,37.6,37.6,38.6,37.1
7/16/17 22:00,22:00,34.6,33.6,34.6,32.6,24.1,23.6,34.1,34.1,34.1,33.6,33.1,34.1,34.1,26.1,28.1,33.6,34.6,33.6,35.6,32.6
7/16/17 23:00,23:00,22.1,23.6,22.6,22.6,25.1,23.6,32.1,22.1,23.6,22.6,22.1,23.1,22.1,22.6,22.6,22.1,22.6,23.1,23.1,22.1
7/17/17 0:00,0:00,23.1,24.6,23.6,24.1,24.1,23.1,30.6,23.1,24.6,24.1,22.6,24.1,23.6,23.6,23.1,23.6,23.6,24.6,23.6,23.1
7/17/17 1:00,1:00,23.6,24.1,24.6,24.6,24.1,23.1,30.1,24.1,25.1,23.6,23.6,23.6,24.1,24.6,23.6,24.1,24.1,24.6,24.6,23.1
7/17/17 2:00,2:00,23.6,24.1,24.1,24.1,25.1,25.1,29.6,23.1,25.6,23.6,23.6,23.6,24.1,24.1,23.6,23.6,23.6,24.1,24.6,23.1
7/17/17 3:00,3:00,23.1,24.6,24.6,25.6,25.1,25.6,30.1,22.6,26.1,24.1,23.6,24.1,24.6,24.1,27.1,23.6,24.1,25.1,25.1,23.6
7/17/17 4:00,4:00,23.6,25.6,25.1,25.1,25.6,25.6,30.1,24.1,26.6,25.6,23.6,24.6,25.6,24.6,27.6,24.1,25.1,26.1,26.6,24.1
7/17/17 5:00,5:00,24.1,26.1,25.6,25.6,26.6,27.1,30.1,24.6,26.1,25.6,24.1,25.1,25.1,25.1,28.6,24.6,25.1,26.1,26.1,25.1
7/17/17 6:00,6:00,24.6,26.1,26.1,26.6,27.6,27.6,30.6,25.6,28.1,26.1,24.6,25.6,26.1,25.1,30.1,25.1,25.6,27.1,26.6,26.1
7/17/17 7:00,7:00,25.6,27.6,27.6,27.6,29.1,28.1,31.6,26.6,27.6,27.1,25.6,27.1,27.1,25.6,31.1,26.1,27.1,27.1,27.6,27.1
7/17/17 8:00,8:00,25.6,28.1,27.6,27.6,30.6,29.6,32.6,27.1,28.1,27.1,26.1,27.6,27.6,26.1,33.6,26.6,27.6,28.1,28.6,27.6
7/17/17 9:00,9:00,28.1,28.6,29.1,30.1,32.6,31.1,34.6,28.1,28.6,28.1,27.6,28.6,28.6,27.6,34.1,28.1,29.1,29.1,29.6,29.1
7/17/17 10:00,10:00,29.6,30.6,30.6,31.1,35.1,34.6,36.6,29.1,29.6,29.1,29.1,29.6,29.6,28.6,34.6,29.6,30.6,31.1,30.6,31.1
7/17/17 11:00,11:00,30.6,32.1,31.6,32.6,37.6,37.1,37.1,30.6,31.6,30.6,30.1,31.1,31.1,30.1,35.6,30.6,31.6,32.1,31.6,32.1
7/17/17 12:00,12:00,33.1,35.6,33.1,33.1,39.6,37.1,38.6,33.1,35.6,33.1,31.6,34.6,33.6,31.6,38.6,33.1,33.1,38.1,34.6,33.6
7/17/17 13:00,13:00,37.6,37.6,36.1,36.1,41.1,37.6,38.6,34.6,36.6,35.6,34.1,36.1,38.1,32.1,40.6,34,35.1,38.1,36.1,36.1
7/17/17 14:00,14:00,38.1,36.6,37.6,38.6,42.1,37.6,39.1,36.6,37.6,36.1,39.1,37.1,39.6,34.1,44,36,37.1,40.1,38.1,36.1
7/17/17 15:00,15:00,38.6,37.1,38.1,37.6,46.6,37.6,39.1,36.6,40.6,37.1,37.6,37.6,36.6,35.6,36.1,36.5,38.6,39.6,37.6,37.1
7/17/17 16:00,16:00,38.1,38.1,39.6,40.6,48.6,36.6,39.1,37.1,40.6,37.6,37.6,39.1,37.1,36.1,33.1,38,39.6,40.1,38.6,38.1
7/17/17 17:00,17:00,40.1,38.6,39.6,39.1,44.6,36.1,39.1,38.1,40.1,38.1,38.1,39.1,37.6,38.1,26.1,38,40.1,40.1,38.6,38.6
7/17/17 18:00,18:00,39.1,37.1,39.6,44.5,37.1,35.1,37.1,39.1,37.6,36.1,38.1,38.1,37.1,36.1,29.1,41,39.1,39.6,38.1,38.1
7/17/17 19:00,19:00,36.6,38.1,38.1,36.6,35.1,33.6,35.1,37.1,37.1,35.6,36.6,37.1,35.6,34.6,31.6,37.5,37.6,37.6,37.1,37.1
7/17/17 20:00,20:00,34.6,35.1,36.1,33.6,34.1,33.1,34.6,35.6,36.1,33.6,35.1,36.1,35.1,33.1,31.6,33.6,36.1,35.6,36.1,35.1
7/17/17 21:00,21:00,34.1,33.6,34.6,34.1,33.1,32.1,33.6,34.1,34.1,33.1,34.6,34.1,34.1,32.1,30.1,33.1,34.6,34.1,35.6,34.1
7/17/17 22:00,22:00,33.1,32.6,33.6,33.1,32.6,31.6,33.1,33.1,33.6,32.6,33.6,33.6,33.1,32.1,29.1,32.6,33.6,33.1,34.6,33.6
7/17/17 23:00,23:00,32.6,32.1,33.1,32.1,30.6,29.6,32.6,32.6,32.6,32.1,33.1,32.6,32.6,31.6,28.6,31.6,33.1,32.1,33.6,32.6
7/18/17 0:00,0:00,32.1,31.6,32.1,31.1,29.6,29.1,31.6,32.1,32.1,31.6,32.1,32.1,32.1,31.1,28.1,31.6,32.1,31.6,33.1,32.1
7/18/17 1:00,1:00,30.6,29.6,30.1,29.6,29.6,27.1,31.1,30.1,29.6,29.6,30.6,29.6,30.1,29.6,27.1,29.6,30.1,29.6,31.1,30.1
7/18/17 2:00,2:00,29.6,29.1,29.6,29.1,28.1,26.1,31.1,29.1,29.1,29.1,29.6,29.6,29.1,28.6,27.6,29.1,29.6,29.1,30.6,29.1
7/18/17 3:00,3:00,29.1,27.6,29.6,28.6,27.6,26.6,30.6,28.6,28.1,27.6,29.6,27.1,28.6,28.6,29.1,25.6,29.1,28.1,29.6,29.1
7/18/17 4:00,4:00,28.1,26.6,28.1,27.1,28.1,27.1,30.1,27.6,27.1,26.6,28.1,26.6,27.6,28.1,33.1,26.6,27.1,27.1,29.1,28.1
7/18/17 5:00,5:00,27.1,26.6,27.1,27.1,29.6,36.6,31.1,27.1,27.1,26.6,27.1,26.6,27.1,27.6,33.6,26.6,27.1,26.6,28.1,27.6
7/18/17 6:00,6:00,27.6,27.6,28.1,27.1,31.1,40,33.1,27.6,28.6,27.6,27.6,27.6,27.6,27.6,34.6,23.6,28.1,28.6,28.6,28.1
7/18/17 7:00,7:00,29.6,31.1,30.6,30.1,32.6,38,35.6,30.1,31.6,29.6,29.1,36.6,30.1,29.1,35.1,25.6,37.1,31.6,29.6,33.1
7/18/17 8:00,8:00,31.1,32.1,33.1,31.6,33.6,39,37.1,32.6,33.6,31.6,30.6,32.6,32.6,31.6,36.1,29.1,40.1,34.1,30.6,35.6
7/18/17 9:00,9:00,32.6,33.6,33.1,32.1,35.6,39,38.1,34.1,33.6,32.1,32.6,34.1,33.6,33.1,36.6,31.6,40.1,34.1,32.1,38.6
7/18/17 10:00,10:00,33.6,34.6,34.6,34.6,39.6,40,40.6,36.1,36.6,33.1,35.1,34.6,35.1,34.1,37.6,32.6,37.1,36.6,35.1,37.6
7/18/17 11:00,11:00,34.1,38.6,36.6,36.6,40.6,40,44,38.1,37.6,34.1,36.1,36.1,35.6,35.1,39.1,34.5,36.6,39.1,36.1,37.1
7/18/17 12:00,12:00,35.1,38.6,38.1,37.1,43.1,41,42.1,37.6,37.1,35.6,36.6,37.6,37.1,36.1,40.1,35.5,36.6,39.6,36.6,36.6
7/18/17 13:00,13:00,39.6,38.1,39.1,38.1,44.6,40,41.1,38.1,39.1,36.6,38.1,37.6,40.6,36.1,36.6,36.5,38.6,41.6,38.1,39.1
7/18/17 14:00,14:00,41.1,38.1,39.6,41.6,42.1,39.5,41.6,39.1,38.6,37.1,43.1,39.6,39.6,38.1,33.1,37.5,40.1,44.1,39.6,39.6
7/18/17 15:00,15:00,40.1,39.6,41.6,39.6,38.6,36.6,41.6,38.6,40.6,38.1,40.1,40.6,37.6,38.1,32.1,39,40.1,45.6,40.1,40.1
7/18/17 16:00,16:00,40.1,38.1,40.6,39.1,35.1,32.6,41.6,39.1,37.6,36.6,40.6,39.1,37.1,38.1,29.1,37,39.6,41.6,39.1,40.1
7/18/17 17:00,17:00,37.6,36.6,37.6,36.6,33.1,31.6,41.1,37.1,36.1,34.6,37.6,36.6,36.6,36.1,24.6,35.5,37.1,37.6,37.6,37.6
7/18/17 18:00,18:00,33.6,32.1,30.6,30.1,30.6,31.1,38.6,33.1,32.1,30.6,33.1,32.6,33.1,32.1,26.6,31.1,32.6,32.6,34.6,32.6
7/18/17 19:00,19:00,32.6,31.6,32.1,31.1,31.6,30.6,38.1,32.1,31.6,30.6,32.6,31.6,31.6,31.6,28.1,30.6,32.6,32.1,33.6,31.6
7/18/17 20:00,20:00,29.1,30.6,30.1,30.1,31.6,30.6,37.1,29.6,31.6,30.6,29.1,31.1,30.1,29.1,28.6,29.6,30.6,30.6,30.6,29.6
7/18/17 21:00,21:00,30.1,30.6,31.1,29.6,30.6,30.6,37.1,30.6,31.1,30.6,30.1,30.6,30.1,29.6,29.1,29.6,31.1,31.1,31.6,30.1
7/18/17 22:00,22:00,29.6,30.6,30.1,29.6,30.1,30.6,36.1,30.1,31.1,31.1,29.6,31.1,30.1,29.1,29.1,30.6,31.1,30.6,30.6,29.6
7/18/17 23:00,23:00,29.1,30.1,29.6,29.6,30.6,29.6,34.6,29.6,30.6,30.1,29.1,30.6,29.6,29.1,29.6,29.6,30.1,30.6,30.6,29.6
7/19/17 0:00,0:00,29.1,30.1,29.6,28.1,30.6,30.1,34.1,29.1,30.6,29.6,29.1,30.6,29.1,28.6,29.1,29.1,30.1,30.1,30.1,28.6
7/19/17 1:00,1:00,29.1,29.1,30.1,28.6,30.6,29.6,33.1,29.6,30.1,29.6,30.1,30.1,29.6,29.1,29.1,29.1,30.6,30.1,30.6,29.1
7/19/17 2:00,2:00,29.1,29.6,30.1,28.1,30.1,29.6,32.1,30.1,30.1,29.6,30.1,30.1,29.6,29.1,29.1,29.1,30.6,30.6,31.1,29.6
7/19/17 3:00,3:00,29.6,29.6,29.6,28.1,30.1,29.1,31.1,30.1,30.1,29.6,30.1,30.1,30.1,29.1,32.6,26.6,30.1,30.1,31.1,28.6
7/19/17 4:00,4:00,29.1,29.1,29.6,28.1,29.6,29.1,31.1,29.6,29.6,29.6,29.6,29.6,29.6,28.6,33.1,28.1,30.1,30.1,30.6,28.1
7/19/17 5:00,5:00,29.1,28.6,29.1,28.1,31.1,34.6,32.6,29.6,29.6,29.1,29.1,29.6,29.6,28.6,34.1,28.1,30.1,29.6,30.1,28.1
7/19/17 6:00,6:00,29.1,29.6,29.1,28.1,31.6,37.6,34.6,29.6,29.6,29.1,28.6,29.1,29.6,28.1,35.6,24.1,30.1,30.1,30.1,28.6
7/19/17 7:00,7:00,33.1,31.1,32.1,31.6,33.1,38.5,35.6,31.6,33.1,30.1,31.1,36.6,31.6,30.1,35.6,25.6,37.1,33.1,30.6,42.1
7/19/17 8:00,8:00,31.6,32.1,33.1,32.1,34.6,39.5,37.6,33.1,33.6,31.1,31.6,33.1,33.1,31.1,37.1,29.1,39.6,34.6,32.1,34.1
7/19/17 9:00,9:00,33.1,34.1,33.6,32.6,36.6,41,38.6,35.1,35.1,33.1,33.6,34.6,34.6,34.1,36.6,32.6,41.1,35.1,32.6,38.6
7/19/17 10:00,10:00,33.6,34.6,37.6,35.1,40.1,40.5,39.6,35.6,37.1,34.6,34.6,35.6,35.6,34.6,37.1,33.6,38.1,38.1,35.6,36.6
7/19/17 11:00,11:00,34.6,39.1,37.1,38.1,41.1,41,44,37.6,38.1,35.1,36.6,37.6,36.6,35.6,34.1,35.5,39.1,40.1,36.6,37.6
7/19/17 12:00,12:00,36.1,40.6,38.1,37.6,43.6,42,41.6,38.6,38.6,36.1,38.1,38.1,38.1,37.1,35.1,36,38.6,41.6,38.1,39.1
7/19/17 13:00,13:00,39.6,39.1,40.1,39.1,38.1,39.5,41.6,38.6,39.6,38.1,39.1,38.6,39.6,36.6,38.6,37.5,39.6,42.1,38.1,39.6
7/19/17 14:00,14:00,36.6,39.1,40.6,40.1,37.6,38.5,41.6,38.6,39.1,36.6,38.1,39.6,38.6,38.6,38.1,37.5,40.6,39.6,37.1,40.6
7/19/17 15:00,15:00,36.1,36.1,36.1,37.1,39.6,38,42.1,34.6,37.6,35.6,34.6,37.6,35.1,35.6,36.1,36,37.1,37.6,36.1,36.1
7/19/17 16:00,16:00,35.6,37.1,36.6,37.6,40.1,37.6,42.1,35.6,38.1,36.6,35.6,37.6,36.1,36.1,35.1,35,37.6,37.6,36.6,37.1
7/19/17 17:00,17:00,37.1,36.6,39.1,40.1,38.6,37.1,41.6,37.1,37.1,35.6,37.6,37.1,36.6,38.6,25.6,36.5,38.1,37.6,36.6,38.6
7/19/17 18:00,18:00,37.1,36.1,37.6,40.6,36.6,36.1,40.6,37.1,36.6,36.1,37.1,36.6,36.6,37.6,27.6,38.5,38.1,37.1,37.1,38.6
7/19/17 19:00,19:00,36.1,36.1,37.1,36.6,35.6,35.6,39.6,36.6,36.6,35.6,36.6,36.1,36.1,36.1,28.1,36.5,37.1,36.6,37.1,37.1
7/19/17 20:00,20:00,35.1,35.1,36.1,34.6,35.1,34.6,39.1,35.1,35.6,35.1,35.6,35.6,35.1,35.1,30.6,35.5,36.1,36.6,36.1,35.6
7/19/17 21:00,21:00,34.1,34.6,35.1,34.1,34.1,33.1,38.1,34.6,35.1,35.1,34.6,35.1,34.6,34.1,31.1,34,35.1,35.6,35.6,34.6
7/19/17 22:00,22:00,33.1,33.6,34.6,32.6,33.6,31.6,33.6,34.1,34.6,34.6,33.6,34.6,34.1,33.1,31.1,32.1,34.6,35.1,35.1,33.6
7/19/17 23:00,23:00,32.1,33.1,33.6,30.6,32.1,31.1,32.6,33.1,34.1,33.6,32.6,34.1,33.1,32.1,30.6,32.1,33.6,34.1,34.1,33.1
7/20/17 0:00,0:00,31.6,31.1,32.1,29.6,31.6,31.1,32.6,33.1,31.6,31.6,31.6,32.1,32.6,31.6,29.6,31.6,33.1,31.6,33.1,31.1
7/20/17 1:00,1:00,31.6,31.1,31.6,30.6,31.6,30.6,31.6,31.6,31.6,31.1,31.6,31.1,31.6,31.1,30.1,30.6,31.6,31.1,32.1,31.1
7/20/17 2:00,2:00,31.6,31.1,31.6,30.6,31.1,30.1,31.1,31.6,31.6,31.1,31.6,31.6,31.6,31.1,30.1,30.6,32.1,31.6,32.1,31.1
7/20/17 3:00,3:00,31.1,30.1,31.6,30.6,30.6,29.6,30.6,31.1,31.1,30.6,31.6,31.1,31.1,30.6,30.6,27.1,31.6,31.1,32.1,31.1
7/20/17 4:00,4:00,30.1,29.6,30.6,29.1,30.6,29.6,30.6,31.1,31.1,30.1,30.1,30.6,30.6,30.1,31.1,28.6,31.1,30.6,31.6,30.1
7/20/17 5:00,5:00,30.1,28.6,30.6,28.6,31.1,30.1,31.6,30.1,30.1,29.6,30.6,30.1,30.1,30.1,32.1,28.6,30.6,30.1,31.6,30.1
7/20/17 6:00,6:00,30.1,29.6,30.1,29.1,32.1,30.6,33.1,30.6,30.6,29.6,30.6,30.1,30.6,30.1,33.1,24.1,30.6,30.6,31.6,29.6
7/20/17 7:00,7:00,30.6,29.6,31.1,29.6,33.1,32.1,36.1,30.6,30.6,29.6,31.1,30.6,30.6,30.1,33.6,24.1,31.1,30.6,31.6,30.6
7/20/17 8:00,8:00,31.1,30.6,31.1,30.6,34.1,33.1,37.1,31.1,30.6,30.1,31.6,30.6,31.1,31.1,35.6,27.6,32.1,31.6,32.1,31.1
7/20/17 9:00,9:00,31.6,32.1,32.6,32.1,36.1,36.6,38.6,31.6,31.6,30.6,32.6,32.1,31.6,32.6,36.6,30.1,32.6,32.1,32.6,32.6
7/20/17 10:00,10:00,32.6,32.1,33.1,32.6,39.1,39.5,39.1,32.6,32.6,31.6,33.6,32.6,32.6,34.6,37.6,30.6,33.1,33.6,33.6,33.6
7/20/17 11:00,11:00,33.6,34.6,34.6,33.6,40.1,39.5,43.5,35.6,35.1,33.6,33.6,35.1,36.1,34.1,39.1,33.1,35.6,40.1,34.6,34.1
7/20/17 12:00,12:00,35.1,39.1,37.6,37.1,41.1,39.5,41.6,38.1,39.6,35.1,36.6,37.1,37.1,36.1,40.6,34.5,37.1,41.1,36.6,35.6
7/20/17 13:00,13:00,38.1,38.6,38.6,38.1,42.1,39.5,41.6,38.6,39.1,37.1,37.6,37.1,38.6,37.1,43,36,38.6,41.1,38.1,38.1
7/20/17 14:00,14:00,40.1,38.1,39.1,41.1,43.6,40.5,41.6,38.1,40.1,37.6,40.6,39.1,38.6,38.6,41.1,37.5,41.1,41.6,39.6,39.1
7/20/17 15:00,15:00,41.1,38.6,40.1,40.1,44.6,39,41.6,38.6,42.1,38.1,39.6,40.1,39.1,38.6,37.1,38.5,40.6,42.6,40.1,39.6
7/20/17 16:00,16:00,40.1,39.6,41.6,43,46.6,38.5,40.6,39.6,41.1,38.6,40.1,40.1,39.6,39.6,35.1,39.5,42.1,42.6,40.6,40.1
7/20/17 17:00,17:00,40.1,39.1,41.1,41.1,40.1,38,38.6,39.6,42.6,38.6,40.6,40.1,39.1,41.6,33.6,39.5,41.6,43.1,40.1,40.1
7/20/17 18:00,18:00,39.6,39.6,40.1,44.5,36.6,35.6,37.6,39.6,40.1,38.1,39.6,40.1,38.6,39.6,24.6,41.5,40.6,40.6,39.1,39.6
7/20/17 19:00,19:00,37.6,37.6,38.6,36.1,35.6,34.6,37.1,38.1,38.1,37.1,37.1,38.6,37.1,36.6,24.6,37.5,38.1,38.1,38.6,36.6
7/20/17 20:00,20:00,35.6,35.1,35.6,34.1,34.6,33.6,35.1,35.1,35.1,34.1,35.6,35.6,35.6,35.6,25.6,34,36.1,36.1,36.6,35.6
7/20/17 21:00,21:00,34.1,34.6,35.1,34.1,30.1,29.6,33.6,34.1,35.6,34.6,34.6,35.6,34.6,34.1,26.6,33.1,35.6,35.1,35.6,34.6
7/20/17 22:00,22:00,32.1,32.1,34.6,31.1,30.1,30.1,33.6,34.1,32.1,32.1,34.6,31.6,34.1,33.6,28.6,32.1,34.6,33.6,35.6,34.6
7/20/17 23:00,23:00,24.6,30.1,27.6,26.1,30.6,30.1,33.6,25.1,30.6,30.1,29.1,30.6,25.1,25.6,28.1,30.1,31.1,30.6,25.1,27.1
7/21/17 0:00,0:00,25.6,30.1,29.6,27.6,30.6,29.6,33.6,26.6,30.6,30.1,28.6,30.6,26.1,26.1,28.6,29.6,30.1,30.1,26.6,28.1
7/21/17 1:00,1:00,25.1,30.1,28.6,25.1,30.1,29.6,33.6,29.1,29.6,29.1,30.1,30.1,28.1,26.1,28.6,28.6,29.6,29.6,28.1,28.1
7/21/17 2:00,2:00,25.6,30.1,29.1,27.6,30.1,29.6,33.1,29.6,29.6,29.6,29.1,29.6,29.1,26.6,28.6,29.1,30.1,30.1,29.6,29.1
7/21/17 3:00,3:00,26.1,29.6,29.6,28.1,29.6,29.6,33.1,29.1,29.6,29.6,29.6,30.1,29.1,26.6,31.1,27.1,30.1,29.6,29.6,28.6
7/21/17 4:00,4:00,27.1,29.6,29.6,27.6,29.6,29.6,32.6,29.1,29.6,29.6,29.6,30.1,29.1,26.6,33.1,28.6,30.1,29.6,29.6,28.6
7/21/17 5:00,5:00,28.6,29.1,29.6,27.6,30.1,37.6,32.6,29.1,29.1,28.6,29.6,29.6,29.1,26.6,32.1,28.1,29.6,29.1,30.1,28.1
7/21/17 6:00,6:00,28.6,29.6,29.6,27.6,31.1,40.5,33.6,29.1,30.1,29.6,29.6,29.6,29.1,27.1,35.1,24.6,30.1,29.6,29.6,28.6
7/21/17 7:00,7:00,31.1,31.1,31.6,30.1,33.6,38.5,36.6,30.6,33.6,30.6,30.6,37.6,30.6,28.1,35.1,26.1,38.1,32.1,30.1,37.6
7/21/17 8:00,8:00,31.1,32.6,33.1,31.1,34.6,39.5,37.6,33.1,34.1,32.1,31.6,33.6,32.6,30.6,35.1,28.6,42.1,33.1,31.1,37.1
7/21/17 9:00,9:00,31.1,33.6,35.1,32.1,35.6,42,39.6,33.1,36.1,34.1,32.1,34.6,33.1,32.1,36.1,32.1,47.1,35.6,32.1,39.6
7/21/17 10:00,10:00,32.6,35.1,36.1,34.1,39.1,42,40.1,35.6,38.1,34.1,35.1,35.6,35.1,33.6,37.1,33.1,36.6,37.1,34.1,36.1
7/21/17 11:00,11:00,34.6,37.6,37.1,37.6,39.1,41.5,44.5,35.6,37.6,35.1,34.6,36.6,35.6,35.1,38.6,34.5,37.6,41.1,35.6,38.6
7/21/17 12:00,12:00,34.6,40.1,38.1,38.1,41.6,42,42.1,36.1,38.6,35.6,37.1,37.1,37.6,35.6,40.1,35.5,37.6,41.6,37.1,38.6
7/21/17 13:00,13:00,37.6,38.6,38.1,38.1,42.6,40.5,42.1,37.6,39.1,37.6,38.1,38.6,39.6,36.1,44.5,36.5,39.1,40.1,38.1,39.1
7/21/17 14:00,14:00,39.1,38.6,40.1,42.1,43.6,41,41.6,38.1,39.6,37.6,41.6,39.6,38.6,37.1,44,37.5,40.6,43.6,39.6,39.6
7/21/17 15:00,15:00,40.1,39.1,40.1,41.1,46.1,40,41.6,38.1,41.6,38.1,40.1,39.6,39.1,38.1,35.1,38.5,41.1,41.1,40.1,40.1
7/21/17 16:00,16:00,40.1,39.1,41.6,42.6,49.1,40,39.6,39.6,41.1,39.1,40.1,40.6,39.6,39.1,29.1,39.5,41.6,42.1,40.6,40.6
7/21/17 17:00,17:00,39.6,39.1,42.1,41.1,37.1,34.1,36.1,39.6,42.6,38.6,41.1,41.1,39.1,40.6,30.6,40,41.6,44.1,41.1,40.1
7/21/17 18:00,18:00,39.6,40.1,41.1,46.5,27.1,33.6,35.6,41.6,40.6,39.1,40.1,40.6,39.1,39.6,25.1,43,41.6,42.1,39.6,39.6
7/21/17 19:00,19:00,35.1,33.1,34.6,33.1,30.1,32.6,34.6,34.6,32.1,32.1,34.1,33.1,35.1,28.6,27.1,33.1,35.1,35.1,35.6,23.6
7/21/17 20:00,20:00,27.6,33.1,31.6,29.6,30.1,31.6,33.6,27.1,33.1,32.1,31.1,33.6,27.6,29.1,28.6,28.6,31.6,27.1,33.6,25.6
7/21/17 21:00,21:00,28.6,32.6,32.1,30.6,31.1,31.1,32.6,28.6,32.1,31.6,31.6,32.6,30.6,30.6,29.6,30.6,33.1,32.6,32.6,27.1
7/21/17 22:00,22:00,30.1,31.6,31.1,30.6,31.1,31.6,31.6,30.6,31.1,30.6,31.6,31.6,30.6,30.6,30.6,30.6,31.6,31.6,32.1,28.6
7/21/17 23:00,23:00,30.1,31.6,32.1,30.6,31.1,31.1,31.6,30.6,31.6,31.1,31.6,31.6,30.1,30.6,30.1,30.6,31.6,31.6,32.1,30.6
7/22/17 0:00,0:00,30.1,31.6,31.6,30.6,31.1,31.6,30.6,30.6,31.6,31.1,31.1,32.1,30.6,30.1,29.6,30.1,32.1,32.1,32.1,31.1
7/22/17 1:00,1:00,30.1,31.1,31.6,29.6,30.1,30.6,30.6,31.1,31.6,30.6,31.1,31.6,30.1,29.6,29.6,29.6,32.1,32.1,32.1,29.6
7/22/17 2:00,2:00,30.1,31.1,31.1,29.6,30.1,30.6,30.1,30.6,31.1,30.6,30.6,31.6,30.6,30.1,29.6,29.6,31.6,31.6,32.1,28.6
7/22/17 3:00,3:00,29.1,30.1,30.6,29.6,29.6,30.1,29.6,30.1,30.6,30.1,30.1,31.1,30.1,29.1,32.6,27.6,31.1,31.1,31.6,28.6
7/22/17 4:00,4:00,29.6,30.1,30.6,29.6,29.6,30.1,30.1,30.1,30.1,29.6,30.6,30.6,30.1,28.1,32.6,29.1,30.6,30.6,31.1,28.6
7/22/17 5:00,5:00,29.1,30.1,30.1,28.6,30.1,32.1,30.1,29.6,30.1,29.6,30.1,30.1,29.6,28.6,35.1,29.1,30.6,30.1,30.6,28.1
7/22/17 6:00,6:00,29.1,30.1,29.6,29.1,32.1,33.6,30.1,29.6,30.1,29.1,29.6,30.1,29.6,28.6,33.6,24.1,30.6,30.6,30.6,28.1
7/22/17 7:00,7:00,32.1,31.1,31.1,30.6,33.6,36.1,32.6,31.1,33.6,30.6,31.6,34.6,30.6,31.1,35.6,26.6,33.6,34.6,31.1,38.6
7/22/17 8:00,8:00,31.6,32.6,32.1,32.1,35.6,39.5,34.1,32.1,32.1,31.1,32.1,32.6,31.6,32.6,36.6,29.1,33.1,33.1,32.1,32.6
7/22/17 9:00,9:00,32.6,33.6,34.1,33.6,36.1,40.5,36.6,34.6,33.1,31.6,33.6,34.1,34.6,33.6,37.1,31.1,35.6,36.1,33.1,37.1
7/22/17 10:00,10:00,32.6,34.6,36.6,36.1,39.1,42.5,37.6,34.6,38.1,34.1,34.1,36.1,34.6,34.6,38.6,33.1,37.1,38.6,34.6,36.6
7/22/17 11:00,11:00,34.6,38.6,37.6,38.1,40.1,43.5,41.6,37.1,38.1,35.1,36.6,37.1,36.6,36.6,39.6,35,38.6,40.1,36.6,38.1
7/22/17 12:00,12:00,35.1,41.1,38.6,38.6,42.1,42.5,39.6,38.1,38.6,36.6,37.6,38.6,38.1,37.1,41.1,36.5,38.6,41.6,38.1,39.6
7/22/17 13:00,13:00,39.1,39.6,40.1,38.6,43.6,42,39.1,38.6,39.6,37.6,39.1,39.1,40.1,37.6,37.1,37.5,39.6,41.1,39.6,39.6
7/22/17 14:00,14:00,40.6,39.6,40.6,42.6,44.6,41.5,39.1,39.6,40.1,38.1,42.1,40.1,39.6,39.1,35.6,39,41.6,41.6,41.1,40.1
7/22/17 15:00,15:00,41.1,40.1,42.1,42.6,41.1,41,39.1,40.1,41.6,39.1,41.6,40.6,39.6,40.1,33.1,40,42.1,43.6,41.1,41.6
7/22/17 16:00,16:00,40.6,41.1,42.6,43.5,37.1,31.6,39.1,41.1,43.1,40.1,41.1,42.1,40.6,40.1,32.1,41,43.1,43.6,41.6,41.6
7/22/17 17:00,17:00,37.1,39.1,39.1,36.6,34.6,34.1,39.1,37.6,37.6,37.6,37.6,38.6,38.1,37.1,32.1,36,38.6,39.6,39.1,37.6
7/22/17 18:00,18:00,35.6,35.6,36.6,35.6,34.6,34.1,38.1,35.6,35.6,33.6,36.1,32.6,35.6,36.1,25.1,33.1,36.6,36.6,37.1,36.6
7/22/17 19:00,19:00,33.6,34.1,34.1,32.6,34.1,33.6,37.6,33.6,34.6,33.6,33.6,33.6,33.6,33.1,26.1,34.5,34.6,34.1,34.6,33.6
7/22/17 20:00,20:00,33.1,33.1,34.6,32.1,34.1,33.6,34.6,33.1,34.1,33.1,34.1,33.6,32.6,33.1,27.1,32.6,34.1,33.6,35.1,33.6
7/22/17 21:00,21:00,32.6,32.6,34.1,31.1,33.6,33.6,23.6,33.1,33.6,33.1,33.1,33.6,32.6,32.6,28.6,32.1,34.6,34.1,34.1,32.6
7/22/17 22:00,22:00,32.1,33.1,33.6,31.1,33.1,32.1,24.1,33.1,33.6,33.1,33.1,33.6,33.1,32.1,30.6,32.1,34.1,34.1,34.6,32.1
7/22/17 23:00,23:00,32.1,33.1,32.6,31.1,32.6,31.1,24.1,33.1,33.1,32.6,33.1,33.1,33.1,32.1,30.1,31.1,34.1,33.6,34.6,31.6
7/23/17 0:00,0:00,32.1,32.1,32.1,31.1,31.6,30.6,24.1,32.1,32.1,31.6,32.6,32.1,32.1,31.6,30.1,31.1,32.1,33.1,33.6,31.6
7/23/17 1:00,1:00,31.6,31.1,31.6,30.6,31.1,30.6,24.6,31.6,31.1,31.1,31.6,31.6,31.6,31.1,30.1,30.6,31.6,31.6,33.1,31.1
7/23/17 2:00,2:00,31.1,30.6,31.1,30.1,31.1,30.1,25.6,30.6,30.6,30.1,31.1,31.1,30.6,30.6,30.1,30.1,31.1,31.1,32.1,30.6
7/23/17 3:00,3:00,30.6,30.1,31.1,29.6,30.6,29.6,26.1,30.6,30.6,30.1,31.1,30.6,30.6,30.1,31.6,27.1,31.1,30.6,31.6,30.1
7/23/17 4:00,4:00,30.6,30.1,31.1,29.6,30.6,29.6,26.1,30.6,30.6,30.1,31.1,30.6,30.6,30.1,32.1,29.6,31.1,30.6,31.6,30.1
7/23/17 5:00,5:00,30.1,29.6,30.6,29.1,31.6,35.6,27.1,30.1,30.1,29.6,30.6,30.1,30.1,29.6,35.1,29.1,30.6,30.1,31.1,29.6
7/23/17 6:00,6:00,30.1,30.1,30.6,29.1,33.1,32.6,27.6,30.1,30.6,29.6,30.6,30.1,30.6,29.6,35.1,25.1,30.6,30.6,31.1,29.6
7/23/17 7:00,7:00,31.1,32.6,32.1,31.6,35.1,38,28.1,32.6,34.1,31.6,31.6,38.6,32.6,30.6,35.6,26.6,37.6,33.6,32.1,30.6
7/23/17 8:00,8:00,31.1,32.1,32.1,31.6,34.6,38.5,29.1,31.6,31.6,30.6,32.1,32.1,32.1,32.1,35.1,28.6,32.6,33.1,32.1,32.1
7/23/17 9:00,9:00,33.1,34.1,35.1,33.6,37.1,38,30.1,34.6,36.1,34.1,34.6,34.1,35.6,35.1,36.6,32.1,45.1,37.6,34.1,39.1
7/23/17 10:00,10:00,33.1,35.1,36.1,35.1,37.6,38.5,32.1,36.6,36.6,33.6,35.6,34.1,36.1,35.1,37.1,34,38.1,40.1,35.1,37.6
7/23/17 11:00,11:00,34.1,36.1,37.1,36.1,42.6,40,38.1,36.6,35.6,33.6,36.6,36.1,36.6,36.1,39.1,34.5,38.6,39.1,37.1,38.1
7/23/17 12:00,12:00,34.6,40.1,36.6,36.6,41.6,40.5,36.6,36.1,38.1,36.1,36.1,37.6,36.1,36.1,40.6,34,37.1,39.1,36.1,37.6
7/23/17 13:00,13:00,38.1,38.6,39.6,39.1,43.6,39.5,36.6,37.6,39.1,37.1,38.1,38.1,40.6,37.6,41.6,36,39.1,44.1,38.1,38.1
7/23/17 14:00,14:00,39.6,37.6,40.6,41.1,42.6,39.5,37.1,38.6,40.1,37.1,41.1,39.1,38.6,38.6,41.6,37.5,40.6,42.1,38.6,39.1
7/23/17 15:00,15:00,39.6,39.6,40.6,40.1,45.1,40,37.1,38.6,40.1,37.6,39.1,39.6,38.6,39.1,36.6,39,40.6,42.1,39.1,39.6
7/23/17 16:00,16:00,39.1,39.1,41.1,42.6,43.6,39.5,37.6,39.6,41.6,38.6,39.1,39.6,39.1,39.1,28.1,39,41.6,43.1,40.6,39.6
7/23/17 17:00,17:00,40.1,39.1,41.1,42.1,40.6,38.5,37.1,39.1,40.6,38.6,40.1,40.1,39.1,39.6,26.6,39.5,41.1,43.1,40.1,39.6
7/23/17 18:00,18:00,38.6,39.1,39.6,40.1,28.1,23.1,36.6,38.6,40.1,38.1,39.1,40.1,37.6,38.6,24.6,39,40.6,42.1,39.1,38.6
7/23/17 19:00,19:00,37.1,36.1,38.1,36.1,27.1,23.6,34.6,38.1,34.1,34.1,37.1,35.6,37.6,36.1,23.6,35.5,39.1,39.6,38.6,36.1
7/23/17 20:00,20:00,28.1,24.1,25.6,27.6,27.1,23.6,33.6,26.6,23.1,23.1,28.6,23.1,26.6,29.1,24.1,23.1,23.1,23.6,29.6,28.6
7/23/17 21:00,21:00,27.1,24.1,25.1,25.6,27.1,23.6,33.1,26.1,24.6,24.1,27.1,24.1,26.1,27.6,24.6,24.1,24.1,24.6,28.1,26.1
7/23/17 22:00,22:00,26.6,24.1,25.6,25.1,27.6,24.1,32.1,25.6,24.6,24.1,27.1,24.1,26.1,28.1,25.1,24.1,24.6,25.1,27.6,27.1
7/23/17 23:00,23:00,25.6,24.1,25.1,24.6,27.1,24.1,30.1,24.6,25.1,23.6,26.6,23.6,25.6,28.6,25.6,24.1,24.6,24.6,27.1,27.1
7/24/17 0:00,0:00,26.6,24.1,26.1,26.1,27.1,24.6,29.6,25.6,25.6,24.1,27.1,23.6,26.1,28.1,25.6,24.6,24.6,25.1,27.1,27.1
7/24/17 1:00,1:00,26.6,24.1,26.1,26.1,27.6,24.6,28.6,25.6,25.6,24.1,27.1,24.1,26.1,28.1,27.1,24.6,24.6,25.1,27.1,27.1
7/24/17 2:00,2:00,26.6,24.6,26.6,26.1,28.1,24.6,26.6,26.1,26.1,24.6,27.1,24.6,26.6,27.6,27.1,25.1,25.1,26.1,27.1,26.6
7/24/17 3:00,3:00,26.6,25.1,27.1,26.6,28.1,25.1,27.1,26.6,26.1,25.1,27.6,24.6,26.6,28.1,26.6,25.1,25.6,26.1,27.6,27.1
7/24/17 4:00,4:00,27.1,25.1,27.1,26.6,28.1,25.6,27.6,26.6,26.1,25.1,27.6,25.1,26.6,28.1,26.6,25.1,26.1,26.6,28.1,27.1
7/24/17 5:00,5:00,27.1,25.1,27.1,26.6,27.1,24.6,29.6,26.6,26.6,25.6,27.6,25.1,27.1,28.1,26.6,25.6,26.6,27.1,28.1,27.1
7/24/17 6:00,6:00,27.1,25.1,27.1,27.1,27.1,23.6,31.6,26.1,26.6,25.1,27.6,25.1,27.1,28.1,25.1,26.1,27.1,26.1,28.6,27.6
7/24/17 7:00,7:00,25.6,25.6,26.6,26.1,27.6,24.1,33.1,26.1,26.1,25.1,27.1,24.6,26.6,27.6,24.1,25.1,26.6,26.1,26.1,27.6
7/24/17 8:00,8:00,26.1,24.6,27.1,26.1,26.6,23.6,34.6,25.6,25.6,24.6,26.6,24.1,26.1,27.6,27.6,25.1,26.1,25.6,27.1,27.1
7/24/17 9:00,9:00,26.6,24.6,26.6,26.6,25.1,23.6,35.6,26.1,25.1,24.6,27.1,24.6,26.1,28.1,28.1,25.1,26.6,26.1,27.6,28.1
7/24/17 10:00,10:00,25.1,23.6,24.6,24.6,29.1,27.1,37.6,24.6,24.6,23.6,25.6,23.6,25.1,27.1,29.6,24.1,25.1,24.1,24.6,26.1
7/24/17 11:00,11:00,24.1,23.6,24.1,24.1,31.6,29.1,43,23.1,24.6,23.6,24.1,23.6,24.1,25.1,30.6,23.6,24.1,24.1,24.1,24.1
7/24/17 12:00,12:00,25.6,29.6,26.1,27.1,32.1,30.6,39.1,25.1,30.6,27.1,26.1,26.6,28.1,26.6,33.6,26.6,27.1,28.1,25.6,26.1
7/24/17 13:00,13:00,26.1,31.6,28.1,29.6,34.1,31.1,38.6,27.1,32.6,29.6,26.6,29.1,32.1,27.6,35.6,29.1,29.1,31.1,28.1,27.6
7/24/17 14:00,14:00,29.1,31.6,30.1,33.6,36.6,32.1,39.1,29.6,32.6,29.6,31.1,30.6,30.1,29.6,36.6,31.1,32.1,35.6,30.6,30.6
7/24/17 15:00,15:00,31.1,31.6,31.1,32.1,39.6,31.6,37.6,30.6,32.6,29.6,30.6,30.6,31.1,29.6,32.6,30.6,31.1,33.1,31.6,32.1
7/24/17 16:00,16:00,32.6,34.1,33.6,33.6,41.6,32.1,33.1,31.6,34.6,33.1,31.6,31.6,32.6,31.6,30.6,32.1,33.1,37.1,33.6,32.6
7/24/17 17:00,17:00,33.6,33.6,34.6,34.6,40.6,31.6,31.6,32.6,33.1,32.6,32.6,33.1,33.6,33.6,28.6,32.6,34.6,39.1,34.1,32.6
7/24/17 18:00,18:00,33.6,33.6,34.6,36.1,33.1,30.6,31.6,34.1,33.6,32.6,32.6,33.1,33.1,31.6,26.1,34.5,33.1,35.6,33.6,33.1
7/24/17 19:00,19:00,32.1,34.1,33.6,32.1,32.6,30.1,31.6,33.1,33.1,32.1,32.1,32.6,32.6,31.1,25.6,32.6,33.6,33.6,33.1,33.1
7/24/17 20:00,20:00,31.1,31.1,32.6,30.6,31.6,29.6,31.6,31.1,31.6,30.6,30.1,31.6,31.1,29.6,26.6,30.6,32.1,31.6,32.6,31.1
7/24/17 21:00,21:00,31.1,30.6,31.1,30.1,31.1,29.6,31.1,30.6,31.1,30.6,30.1,31.1,31.1,29.6,26.6,30.1,31.6,31.1,31.6,30.6
7/24/17 22:00,22:00,30.1,30.1,31.1,29.6,31.1,29.1,31.1,30.6,31.1,30.1,29.6,31.1,30.6,29.1,27.6,29.1,31.6,30.6,31.1,29.6
7/24/17 23:00,23:00,29.6,29.6,30.1,29.1,31.1,28.6,31.1,30.6,30.6,29.6,29.1,30.6,30.6,28.6,27.1,29.1,30.6,30.1,31.1,29.6
7/25/17 0:00,0:00,29.6,29.1,30.1,29.1,29.6,28.6,30.6,30.1,30.1,29.6,29.1,30.1,30.6,28.6,28.1,28.6,30.1,30.1,31.1,29.1
7/25/17 1:00,1:00,30.1,29.1,30.1,28.6,29.6,28.6,30.6,30.1,30.1,29.1,29.6,29.6,30.1,28.6,28.6,28.1,30.1,29.6,31.1,29.1
7/25/17 2:00,2:00,26.1,28.6,29.6,28.6,29.6,28.6,30.1,29.1,30.1,28.6,25.6,29.6,29.1,26.1,28.1,28.6,28.6,27.6,29.6,26.6
7/25/17 3:00,3:00,26.6,29.1,29.1,28.1,29.1,28.1,30.1,28.6,29.1,28.6,26.1,29.1,29.1,26.6,29.6,28.1,29.1,28.1,29.6,27.1
7/25/17 4:00,4:00,27.1,29.1,28.6,28.1,28.6,28.1,29.6,28.6,28.6,28.1,26.6,28.6,29.1,27.1,31.1,28.1,28.6,28.6,29.6,27.6
7/25/17 5:00,5:00,26.6,28.6,28.6,28.1,29.6,32.1,30.6,28.1,28.6,28.1,28.1,28.1,28.6,27.6,32.1,27.6,28.6,28.1,29.6,27.6
7/25/17 6:00,6:00,28.1,28.6,28.6,28.1,30.6,33.6,31.6,28.1,28.6,28.1,28.1,28.1,28.6,27.6,33.6,27.6,28.6,28.6,29.1,28.1
7/25/17 7:00,7:00,28.6,29.6,29.6,29.6,32.6,34.1,33.6,29.1,29.1,28.6,29.1,31.1,29.1,28.6,35.1,29.1,29.6,29.1,29.6,29.6
7/25/17 8:00,8:00,30.6,31.6,31.6,31.6,35.1,35.6,35.6,32.1,32.1,29.6,30.6,31.6,32.6,30.6,35.6,31.6,32.1,32.6,31.6,33.6
7/25/17 9:00,9:00,31.6,32.6,32.6,32.6,37.6,35.6,36.6,33.1,33.1,31.6,32.1,32.6,33.6,33.1,36.6,32.1,39.1,35.6,32.1,35.1
7/25/17 10:00,10:00,33.6,35.6,34.6,34.1,38.6,37.6,38.1,35.6,34.6,32.6,34.1,35.1,34.6,33.6,36.1,33.6,36.1,37.1,34.1,34.6
7/25/17 11:00,11:00,34.6,37.6,35.6,36.1,40.6,40.5,42.1,35.1,36.1,34.6,35.1,35.6,35.1,34.6,37.6,34,36.1,37.6,35.6,35.1
7/25/17 12:00,12:00,35.1,39.6,39.1,36.1,43.1,41.5,39.6,37.1,35.6,36.1,36.6,37.1,37.1,35.6,36.1,34.5,36.6,38.6,37.6,36.1
7/25/17 13:00,13:00,38.6,39.1,37.6,37.1,41.1,38,36.6,38.1,36.6,35.1,37.6,37.6,39.1,37.1,36.6,36.5,39.6,42.1,38.6,39.1
7/25/17 14:00,14:00,39.1,39.6,39.1,39.6,38.1,38,36.1,37.1,38.6,36.6,37.1,38.1,37.1,36.6,40.1,35.5,39.6,44.6,39.1,38.6
7/25/17 15:00,15:00,38.6,39.6,39.1,39.1,41.1,38.5,36.6,37.6,39.6,38.6,37.1,38.6,37.1,36.1,36.1,36.5,38.6,42.6,38.6,38.1
7/25/17 16:00,16:00,36.6,39.6,36.6,37.6,42.6,37.6,36.6,36.6,37.6,38.1,37.1,37.6,36.1,36.6,33.1,36,38.1,38.6,37.6,38.1
7/25/17 17:00,17:00,38.6,37.1,39.1,39.6,40.6,36.6,37.1,37.6,39.1,37.1,38.1,38.1,36.1,38.1,26.1,36.5,39.6,42.6,38.6,38.1
7/25/17 18:00,18:00,37.6,37.6,38.6,42.6,36.6,35.1,36.6,38.1,38.1,37.1,37.6,38.1,37.6,37.6,27.1,39.5,38.6,39.6,38.1,37.6
7/25/17 19:00,19:00,36.1,37.1,37.6,36.1,35.6,33.6,36.1,36.6,36.6,36.1,37.1,36.6,36.1,36.1,26.1,36.5,37.6,38.1,37.1,36.6
7/25/17 20:00,20:00,34.1,35.1,36.1,32.6,34.6,32.1,35.1,34.6,35.1,34.6,35.1,35.6,35.1,33.6,30.1,33.6,35.6,36.1,36.1,34.6
7/25/17 21:00,21:00,33.1,33.1,34.6,31.1,34.1,32.6,34.6,33.6,34.1,34.1,33.6,35.1,33.1,32.1,29.6,31.6,35.6,35.6,34.6,32.6
7/25/17 22:00,22:00,31.6,32.1,33.1,29.6,32.6,31.6,32.6,32.6,33.1,32.6,32.1,33.6,32.1,31.6,29.6,30.6,34.1,34.1,33.6,32.1
7/25/17 23:00,23:00,31.1,32.1,32.6,28.1,31.6,31.1,31.6,32.6,32.1,31.6,31.1,32.1,32.1,30.6,28.6,30.1,32.6,32.1,33.6,31.6
7/26/17 0:00,0:00,30.6,31.6,31.1,27.6,32.1,30.1,32.1,31.1,31.1,31.1,30.6,31.6,30.6,30.1,28.1,29.6,32.1,31.1,33.1,31.6
7/26/17 1:00,1:00,30.1,30.1,30.1,27.6,31.6,29.1,31.6,30.6,30.6,30.1,30.1,31.1,30.1,30.1,27.6,29.1,31.6,30.6,32.1,30.1
7/26/17 2:00,2:00,29.1,29.1,30.1,27.1,30.6,28.1,31.1,31.1,30.1,30.1,30.1,30.1,30.1,29.6,27.6,29.1,31.1,30.6,31.6,30.1
7/26/17 3:00,3:00,28.6,28.6,29.6,27.6,30.1,28.6,30.6,30.1,30.1,30.1,29.1,30.1,29.1,29.1,30.6,29.1,30.6,29.6,31.1,30.1
7/26/17 4:00,4:00,28.1,28.1,29.1,26.6,29.6,28.6,30.6,29.1,29.6,29.6,28.6,29.6,28.1,28.1,32.1,27.6,30.1,29.1,30.1,27.6
7/26/17 5:00,5:00,27.6,27.6,28.1,26.1,30.6,30.1,30.6,28.1,29.1,28.6,27.6,28.6,27.6,27.6,33.6,28.1,30.1,29.1,30.1,27.6
7/26/17 6:00,6:00,27.1,28.6,28.1,26.1,31.6,38,31.1,28.6,29.6,29.1,27.6,28.6,28.6,27.6,36.1,27.6,29.1,29.6,30.1,27.1
7/26/17 7:00,7:00,29.1,29.1,30.6,29.1,33.1,37.1,31.6,30.6,29.6,29.6,29.6,29.6,30.1,29.6,37.1,29.6,31.1,30.6,30.6,31.1
7/26/17 8:00,8:00,30.1,32.6,33.1,32.1,35.1,38.5,32.1,32.6,31.6,31.1,31.6,33.1,31.6,32.6,38.1,32.6,35.6,34.6,31.1,33.1
7/26/17 9:00,9:00,32.6,34.1,34.6,33.1,37.6,43,34.1,35.6,34.1,33.6,33.1,35.1,35.1,33.6,38.6,33.6,41.6,37.6,33.1,37.1
7/26/17 10:00,10:00,34.1,36.1,37.1,36.1,40.1,42,36.6,37.6,37.1,35.1,36.6,37.1,37.1,35.1,39.1,35,38.6,40.1,36.1,40.6
7/26/17 11:00,11:00,35.6,41.1,39.1,39.1,42.6,41.5,39.6,38.6,38.6,37.1,38.1,38.1,38.6,36.6,39.6,37,39.1,41.1,38.6,39.6
7/26/17 12:00,12:00,37.1,42.1,40.6,40.1,44.1,42,38.6,38.6,40.1,38.1,39.1,38.1,39.6,38.1,41.1,38,39.1,43.1,39.6,41.1
7/26/17 13:00,13:00,39.6,42.1,41.6,40.6,42.6,40.5,38.1,39.6,41.1,39.1,40.6,40.1,42.6,38.6,43,39.5,41.1,42.1,40.1,41.1
7/26/17 14:00,14:00,40.6,40.1,41.6,42.1,44.6,41,38.6,40.1,41.1,39.6,42.1,40.6,40.6,39.1,41.1,40,42.1,45.1,40.1,40.1
7/26/17 15:00,15:00,41.6,40.1,43.1,41.1,47.6,40.5,38.6,40.6,41.6,40.1,41.6,40.1,40.1,40.1,38.6,40.5,42.1,44.1,41.1,40.6
7/26/17 16:00,16:00,41.6,40.6,42.6,44.5,48.1,40,38.6,41.1,42.6,40.6,41.6,41.1,40.6,40.6,37.1,41,42.6,44.6,42.1,41.6
7/26/17 17:00,17:00,41.6,39.6,42.6,41.6,44.6,38.5,38.6,41.1,42.6,39.6,41.6,41.1,40.6,42.1,36.6,41,42.6,44.6,41.6,41.1
7/26/17 18:00,18:00,40.6,39.6,41.6,44.5,39.1,36.6,36.1,40.6,41.1,39.6,40.6,41.1,39.6,40.6,34.6,43,41.6,44.1,40.6,40.1
7/26/17 19:00,19:00,38.6,39.1,39.6,40.6,38.1,35.6,35.1,39.1,39.1,38.1,39.1,38.6,38.1,38.1,33.1,40,40.1,40.6,39.6,39.1
7/26/17 20:00,20:00,37.6,37.1,38.1,37.6,37.6,34.1,34.6,37.6,37.6,37.6,38.1,37.6,37.1,36.1,32.6,37,38.1,38.1,38.6,37.6
7/26/17 21:00,21:00,36.6,35.6,37.1,34.1,36.6,33.6,30.6,37.1,37.6,37.1,37.6,36.6,36.6,35.6,31.6,35,37.1,37.6,37.6,36.6
7/26/17 22:00,22:00,36.1,33.6,36.6,31.6,36.1,32.6,31.1,36.6,37.1,36.6,36.6,36.1,35.6,34.6,32.1,33.1,36.1,35.6,37.1,35.6
7/26/17 23:00,23:00,35.1,32.6,35.1,31.1,35.1,32.6,30.1,35.6,35.6,35.6,35.6,35.1,34.6,33.6,31.1,32.6,35.6,34.6,36.1,33.6
7/27/17 0:00,0:00,33.1,31.6,33.6,30.1,34.6,31.6,30.1,33.6,34.6,35.1,33.1,34.6,33.1,32.6,30.1,32.1,35.1,34.1,35.1,32.1
7/27/17 1:00,1:00,32.1,31.1,32.6,29.1,33.6,31.1,30.1,33.1,33.6,33.1,32.1,33.6,32.6,31.6,30.1,31.1,34.1,35.1,35.1,31.6
7/27/17 2:00,2:00,32.1,30.6,33.1,29.6,33.1,31.1,30.1,33.1,33.1,34.1,33.1,33.1,33.6,31.6,30.6,31.1,33.6,34.6,34.6,32.1
7/27/17 3:00,3:00,30.6,30.1,32.1,28.6,32.6,29.6,29.6,32.1,33.1,33.6,32.1,32.6,32.1,31.1,33.1,31.6,33.1,34.1,34.1,32.1
7/27/17 4:00,4:00,30.6,29.6,31.1,28.1,31.6,30.6,29.6,31.1,32.1,33.1,32.1,32.1,30.6,30.6,34.1,26.6,32.6,33.6,33.1,31.1
7/27/17 5:00,5:00,29.6,29.1,30.1,27.1,32.1,37.6,31.1,31.1,32.1,32.6,30.1,31.1,31.1,29.1,35.1,23.6,32.1,31.6,33.1,29.1
7/27/17 6:00,6:00,29.1,29.6,30.1,29.6,33.1,42.5,32.6,30.1,32.6,31.6,30.1,31.1,30.6,30.1,36.6,26.1,31.6,32.6,32.1,31.1
7/27/17 7:00,7:00,32.1,32.1,32.6,31.6,34.6,42,34.1,32.6,36.6,32.1,31.6,36.6,32.6,31.6,37.6,30.6,42.1,34.1,31.6,36.1
7/27/17 8:00,8:00,32.1,34.1,35.6,33.1,36.1,44,34.6,34.1,35.6,33.6,33.1,34.6,34.6,34.1,39.1,33.1,47.6,35.6,33.6,39.6
7/27/17 9:00,9:00,33.6,35.6,37.6,34.6,39.1,44.5,36.6,36.6,37.1,35.1,35.1,36.6,36.1,35.6,40.1,34.5,48.1,38.1,35.1,39.6
7/27/17 10:00,10:00,35.1,37.6,39.1,37.6,42.6,45,37.6,37.6,39.1,36.6,37.6,38.1,37.6,37.1,40.6,36,39.6,39.6,37.6,41.1
7/27/17 11:00,11:00,36.6,40.1,40.6,40.6,44.6,45,40.1,39.6,40.6,38.1,38.6,39.1,39.6,38.6,41.6,38,41.1,42.1,39.1,40.6
7/27/17 12:00,12:00,38.1,45.6,41.6,41.1,45.1,44,39.1,41.1,42.1,39.6,41.1,40.1,41.1,39.6,41.6,39.5,41.6,43.6,40.1,42.1
7/27/17 13:00,13:00,41.1,41.6,42.1,43,45.6,43.5,38.6,42.1,42.6,40.6,42.1,41.6,44.5,40.6,41.1,40.5,43.1,45.6,41.6,43.1
7/27/17 14:00,14:00,42.6,41.6,43.1,43.5,46.6,43,38.6,42.1,42.1,41.1,43.1,42.1,42.1,41.6,41.1,41.5,43.6,45.6,42.6,42.6
7/27/17 15:00,15:00,42.6,41.6,43.6,44,48.1,43,39.1,42.6,43.6,41.6,43.1,42.6,42.1,42.1,40.1,41.5,44.1,45.6,43.1,43.1
7/27/17 16:00,16:00,42.1,43.1,43.1,45,42.6,41.5,39.1,42.1,45.1,42.6,43.6,42.6,42.1,43.1,37.1,42.5,44.6,45.6,42.1,43.1
7/27/17 17:00,17:00,41.1,41.6,44.1,43,42.1,39.5,34.1,42.1,41.1,40.1,42.6,42.1,41.1,42.1,35.1,40.5,43.1,43.6,42.1,42.6
7/27/17 18:00,18:00,40.6,41.1,42.6,42.6,38.6,37.6,34.1,41.6,40.6,40.1,42.1,41.1,39.6,41.1,29.6,40.5,42.1,42.1,41.6,42.1
7/27/17 19:00,19:00,40.1,38.6,42.1,39.6,36.6,35.6,32.6,40.1,38.6,38.1,41.1,39.1,38.6,39.6,29.6,38,40.6,40.1,41.1,41.1
7/27/17 20:00,20:00,37.6,36.6,37.1,36.6,35.6,35.1,31.6,37.1,36.1,35.6,38.1,37.1,36.6,37.6,33.1,35.5,37.1,37.1,38.1,37.6
7/27/17 21:00,21:00,35.6,35.6,35.6,35.1,35.1,34.6,32.1,35.6,35.1,35.1,36.1,35.6,35.6,35.6,33.1,34.5,35.6,35.6,36.6,36.1
7/27/17 22:00,22:00,35.1,35.1,35.6,34.1,34.1,33.1,32.1,35.1,34.6,34.6,35.6,35.1,35.1,35.1,32.6,34.5,35.1,35.1,36.1,35.6
7/27/17 23:00,23:00,34.6,34.1,34.6,33.6,34.1,33.1,32.6,34.6,34.6,34.1,35.1,35.1,34.6,34.6,31.6,33.6,34.6,34.6,35.1,34.6
7/28/17 0:00,0:00,34.1,33.1,34.1,33.6,33.1,32.6,32.1,33.6,33.6,33.1,34.1,33.1,34.1,33.6,30.6,33.1,34.1,33.6,34.6,33.6
7/28/17 1:00,1:00,33.6,32.6,33.6,32.1,32.1,31.6,31.6,33.6,33.1,32.6,34.1,33.1,33.6,33.6,30.1,32.6,33.6,33.1,34.1,33.6
7/28/17 2:00,2:00,33.1,32.6,33.1,32.1,31.1,30.6,30.6,32.6,32.6,32.6,33.1,32.6,33.1,33.1,30.1,31.6,33.1,32.6,33.6,32.6
7/28/17 3:00,3:00,32.1,31.6,32.1,31.6,30.6,30.1,30.1,31.6,31.6,31.1,32.1,31.6,31.6,32.1,30.6,31.1,32.1,31.1,32.6,31.6
7/28/17 4:00,4:00,31.1,30.1,31.1,30.6,30.6,29.6,30.1,30.6,30.1,30.1,31.1,30.1,30.6,31.1,30.6,26.1,31.1,30.6,31.6,31.1
7/28/17 5:00,5:00,30.6,30.1,30.6,29.6,31.1,29.6,30.6,30.1,30.1,30.1,30.6,30.1,30.6,30.6,32.1,24.6,30.6,30.1,31.1,30.1
7/28/17 6:00,6:00,30.1,29.6,30.6,29.6,32.1,30.6,32.1,30.1,30.1,30.1,30.6,30.1,30.1,30.6,32.1,25.6,30.6,30.1,31.1,30.1
7/28/17 7:00,7:00,30.6,30.1,31.1,30.1,33.6,30.6,33.1,30.6,29.6,29.6,31.1,30.1,30.6,31.1,33.1,27.1,31.1,30.6,31.6,30.6
7/28/17 8:00,8:00,30.6,30.6,31.1,30.6,34.6,33.1,34.6,30.6,30.1,30.1,31.1,30.1,30.6,31.1,34.6,29.1,31.1,31.1,31.6,30.1
7/28/17 9:00,9:00,31.6,31.1,32.6,32.1,34.6,39,37.1,31.6,30.6,30.1,32.1,30.6,31.6,32.6,35.6,30.6,31.6,32.6,32.6,33.1
7/28/17 10:00,10:00,32.1,33.1,32.6,32.6,38.6,39,38.1,32.6,31.6,31.1,33.1,32.6,32.1,33.1,36.1,31.1,33.6,33.6,33.1,33.6
7/28/17 11:00,11:00,32.6,37.1,34.6,37.6,39.1,40.5,40.1,34.6,35.1,34.1,33.1,34.6,33.1,34.6,37.1,34,36.1,39.1,33.6,33.6
7/28/17 12:00,12:00,33.6,39.1,36.1,36.1,40.6,40.5,40.1,36.1,38.1,35.1,35.6,35.6,35.6,36.6,37.6,34,37.6,38.6,35.6,36.6
7/28/17 13:00,13:00,36.6,37.6,37.6,36.6,41.6,39.5,40.1,36.1,37.1,35.6,36.1,36.1,37.6,37.1,37.6,35.5,38.6,40.1,37.6,38.1
7/28/17 14:00,14:00,38.1,36.6,38.1,39.1,43.1,39,40.1,36.6,38.1,37.1,38.6,37.6,37.1,37.6,38.1,36.5,38.6,39.6,38.6,37.6
7/28/17 15:00,15:00,39.1,37.6,40.1,38.6,41.6,39,40.1,37.1,39.1,37.6,38.6,38.1,37.1,38.1,35.6,37.5,39.6,42.1,39.6,39.1
7/28/17 16:00,16:00,39.1,38.1,39.6,41.1,39.1,38.5,35.6,38.1,39.6,37.6,39.1,38.6,37.6,38.6,32.6,38,40.1,41.6,39.6,39.1
7/28/17 17:00,17:00,38.1,37.1,38.6,38.6,37.6,37.1,34.1,37.1,38.6,36.6,38.1,38.1,37.1,38.1,25.1,37.5,38.6,39.1,39.1,38.6
7/28/17 18:00,18:00,36.6,37.1,38.1,41.1,35.6,36.1,34.6,36.6,37.1,37.1,38.1,38.1,36.6,38.1,30.6,37,37.6,37.6,37.6,38.6
7/28/17 19:00,19:00,36.1,36.1,36.6,36.1,33.6,34.1,34.6,36.1,36.1,36.1,36.1,36.6,36.1,35.1,30.6,36,37.1,37.1,37.1,35.6
7/28/17 20:00,20:00,33.1,35.1,33.1,32.1,32.6,33.1,34.1,33.1,35.1,34.6,32.6,35.6,33.6,32.1,30.6,34,34.6,34.1,34.1,32.6
7/28/17 21:00,21:00,32.6,33.6,33.1,32.1,32.1,32.6,34.1,32.6,33.6,33.1,32.1,34.1,33.1,32.1,30.6,33.1,33.6,33.6,33.1,32.1
7/28/17 22:00,22:00,31.6,32.6,32.1,30.6,32.1,32.1,33.1,31.6,32.6,32.6,31.1,33.1,31.6,31.1,29.6,32.1,32.6,32.6,32.1,31.1
7/28/17 23:00,23:00,31.1,31.6,31.6,30.6,31.6,31.6,31.6,31.1,32.1,31.6,31.1,32.1,31.1,31.1,29.6,31.1,32.1,31.6,32.1,31.1
7/29/17 0:00,0:00,31.1,31.6,31.6,30.6,31.6,31.1,31.1,31.1,31.6,31.6,31.1,31.6,31.1,31.1,29.1,31.1,31.6,31.6,32.1,31.1
7/29/17 1:00,1:00,30.6,30.6,31.1,30.1,31.6,31.1,31.1,30.6,31.1,30.6,31.1,31.6,31.1,30.6,28.6,30.1,31.6,31.1,31.6,30.6
7/29/17 2:00,2:00,30.6,30.1,31.1,29.6,31.6,30.6,31.1,30.6,31.1,30.6,30.6,31.1,30.6,30.6,28.6,29.6,31.6,31.1,31.6,31.1
7/29/17 3:00,3:00,29.6,30.1,30.6,26.1,31.1,30.6,30.6,30.1,31.1,30.6,30.6,31.1,30.6,30.1,29.6,29.1,31.6,31.1,31.1,30.6
7/29/17 4:00,4:00,29.6,30.1,30.6,28.6,30.1,30.6,30.6,30.1,31.1,30.1,30.1,30.6,30.6,30.1,32.1,26.1,31.1,31.1,31.1,30.6
7/29/17 5:00,5:00,28.6,30.1,30.6,28.1,30.6,30.6,32.6,27.1,30.6,30.1,30.1,30.6,28.6,30.1,35.6,24.6,31.1,31.1,31.1,30.1
7/29/17 6:00,6:00,29.1,30.6,30.1,28.1,31.6,31.6,31.6,29.1,30.6,29.6,30.1,30.6,29.1,29.6,33.6,25.1,31.1,29.1,30.6,30.1
7/29/17 7:00,7:00,29.6,29.6,30.6,29.1,33.6,34.6,34.1,29.6,30.1,29.6,30.6,30.6,29.6,30.6,35.6,26.6,31.1,30.1,30.6,31.1
7/29/17 8:00,8:00,30.1,31.6,36.1,32.6,35.1,35.6,35.6,33.6,35.6,32.1,32.1,32.6,32.6,34.1,35.6,29.1,40.6,31.6,31.1,39.6
7/29/17 9:00,9:00,33.1,32.6,35.1,33.6,37.6,39,35.6,36.1,34.1,32.1,34.1,33.1,35.1,35.1,36.6,32.1,38.6,35.1,33.1,35.6
7/29/17 10:00,10:00,33.6,33.6,35.1,33.6,38.6,40,36.6,33.6,35.1,33.6,34.1,34.6,33.6,34.6,37.6,33.6,36.1,37.6,34.1,34.6
7/29/17 11:00,11:00,35.1,36.1,37.6,36.6,41.6,40,39.1,35.6,35.1,34.1,35.6,35.1,35.1,36.1,37.6,35,38.6,39.6,37.1,36.1
7/29/17 12:00,12:00,35.1,40.6,38.1,37.6,39.1,40.5,38.6,37.6,37.1,36.6,37.6,36.1,36.6,37.1,40.1,35.5,37.1,40.1,37.6,38.1
7/29/17 13:00,13:00,38.6,37.1,40.6,38.6,41.6,40,38.1,37.6,38.6,36.6,38.1,38.1,39.6,38.6,38.1,37,40.1,40.6,39.1,39.6
7/29/17 14:00,14:00,37.1,39.1,40.1,38.6,43.6,40,38.6,37.6,40.6,38.1,38.1,38.6,37.1,38.6,25.1,36.5,40.1,42.1,40.1,39.6
7/29/17 15:00,15:00,38.1,39.1,40.6,41.1,41.1,39.5,39.1,39.1,41.1,39.1,39.6,39.6,38.6,39.6,27.6,38,40.6,40.6,39.6,39.6
7/29/17 16:00,16:00,39.1,39.6,41.6,42.6,31.1,35.1,39.1,39.6,41.1,38.6,41.1,39.6,38.6,40.6,28.1,39,41.1,42.6,39.1,39.6
7/29/17 17:00,17:00,37.6,38.1,38.6,38.1,30.6,32.6,38.1,38.6,38.1,37.1,38.1,38.6,38.1,37.6,26.6,37.5,39.6,39.6,39.1,38.1
7/29/17 18:00,18:00,24.6,31.6,29.1,29.1,30.6,31.1,23.6,28.1,31.6,31.1,23.1,32.1,28.6,24.1,27.6,30.6,31.1,31.1,28.6,24.1
7/29/17 19:00,19:00,26.1,30.1,29.6,29.1,30.6,31.1,23.6,29.6,30.6,29.6,25.1,31.1,29.6,25.1,28.1,30.6,30.6,30.1,29.6,24.1
7/29/17 20:00,20:00,28.1,30.6,29.6,28.6,29.6,30.6,23.6,29.1,31.1,30.6,26.6,31.1,29.6,25.6,28.1,29.6,31.1,30.6,29.6,24.6
7/29/17 21:00,21:00,27.6,30.1,29.6,27.6,30.1,30.6,23.6,29.1,30.6,30.1,26.6,30.6,29.6,26.1,27.6,29.6,30.6,30.1,29.1,25.1
7/29/17 22:00,22:00,28.1,30.1,29.6,28.1,29.6,30.1,24.1,29.1,30.6,30.1,27.1,30.6,29.6,25.6,27.1,29.6,30.6,30.1,29.6,26.6
7/29/17 23:00,23:00,28.6,30.1,29.6,29.1,29.1,28.6,24.1,29.1,30.6,30.1,28.1,30.1,29.6,26.1,27.1,30.1,30.1,30.1,29.6,27.6
7/30/17 0:00,0:00,28.6,29.1,29.6,29.1,29.1,28.6,25.1,29.1,29.6,29.6,28.1,29.6,29.1,27.1,27.1,29.6,29.6,29.1,29.6,28.6
7/30/17 1:00,1:00,28.1,28.6,29.6,28.1,29.1,28.1,25.1,28.1,28.6,28.1,27.1,28.6,28.1,26.6,27.1,28.6,29.1,27.6,29.1,28.6
7/30/17 2:00,2:00,27.6,28.1,28.6,28.1,29.1,28.1,25.1,28.1,28.6,28.1,26.6,28.6,28.1,26.6,27.1,27.6,28.6,28.1,29.1,27.6
7/30/17 3:00,3:00,27.6,28.1,28.6,28.1,28.1,28.1,25.6,28.6,28.6,28.1,27.6,28.6,28.6,26.6,27.1,27.1,29.1,28.6,29.6,28.1
7/30/17 4:00,4:00,27.6,28.1,28.1,27.1,28.6,28.1,25.6,28.1,28.6,28.1,27.6,28.1,28.1,26.1,27.6,25.6,28.6,28.6,28.6,27.6
7/30/17 5:00,5:00,27.1,28.1,28.1,27.1,28.6,28.6,25.6,27.6,28.1,28.1,27.1,28.1,27.6,26.6,30.1,24.1,28.6,28.1,28.1,27.6
7/30/17 6:00,6:00,27.1,27.6,28.1,27.6,28.6,29.1,24.6,27.6,28.6,28.1,27.1,28.1,28.1,26.1,31.1,25.1,28.1,27.6,28.6,27.1
7/30/17 7:00,7:00,27.1,28.1,28.1,27.6,31.6,30.1,25.1,27.6,28.6,28.1,27.1,28.6,28.1,26.6,34.6,25.6,28.6,28.6,28.1,27.6
7/30/17 8:00,8:00,26.6,29.1,28.6,25.6,32.6,32.6,24.6,27.6,29.1,28.6,26.1,29.1,27.6,27.1,34.1,26.1,29.1,29.6,27.6,27.6
7/30/17 9:00,9:00,28.6,29.6,30.6,30.1,33.6,36.1,23.6,29.6,30.1,29.6,28.6,30.1,29.6,28.6,35.1,28.1,30.6,32.1,29.6,29.6
7/30/17 10:00,10:00,30.1,32.6,32.6,31.6,36.1,38.5,25.1,31.1,32.6,31.1,30.1,31.1,31.1,30.6,35.6,29.6,32.6,34.1,31.1,32.6
7/30/17 11:00,11:00,32.6,35.1,34.1,34.1,37.6,37.6,27.1,32.6,35.6,33.1,32.1,32.6,33.1,32.6,36.6,32.1,35.1,35.6,33.6,34.6
7/30/17 12:00,12:00,33.1,34.6,35.6,34.6,38.1,37.1,28.1,33.6,36.6,34.1,33.6,34.1,33.6,33.1,38.1,34,37.6,38.1,35.1,34.6
7/30/17 13:00,13:00,35.6,35.6,36.6,37.1,41.6,38.5,29.1,35.6,36.6,34.1,36.1,36.1,37.1,35.1,41.6,34.5,36.6,38.1,35.6,37.1
7/30/17 14:00,14:00,37.6,36.6,36.6,36.6,40.1,37.6,32.1,35.6,37.1,35.1,36.1,36.6,35.6,35.1,37.6,35,37.1,40.1,36.6,36.1
7/30/17 15:00,15:00,37.1,36.6,38.1,38.1,43.6,37.6,32.1,36.1,38.1,36.1,37.1,37.1,35.6,36.1,36.1,36.5,38.6,42.1,36.6,37.1
7/30/17 16:00,16:00,38.1,37.6,37.6,39.6,39.6,36.6,32.1,36.6,39.6,37.1,37.1,37.1,36.6,37.1,28.6,37,38.6,39.6,38.6,38.1
7/30/17 17:00,17:00,37.6,37.6,39.1,38.6,40.1,36.1,32.6,37.6,38.1,36.1,39.6,38.6,38.6,39.6,33.1,37,39.6,40.1,38.6,37.6
7/30/17 18:00,18:00,37.1,36.6,37.6,37.1,37.1,35.1,32.1,36.1,36.6,35.1,36.6,36.6,36.1,36.6,32.6,36,37.1,37.1,37.6,37.6
7/30/17 19:00,19:00,36.1,36.1,37.6,35.6,36.1,34.1,31.6,36.1,36.1,35.1,36.1,36.1,35.6,35.6,32.1,35,37.1,37.1,37.1,36.1
7/30/17 20:00,20:00,35.1,34.6,36.1,32.6,36.1,34.1,31.6,35.1,35.1,33.6,35.1,35.6,35.1,34.1,33.1,33.1,36.1,35.6,36.1,35.6
7/30/17 21:00,21:00,34.6,33.6,35.6,31.6,35.6,33.6,31.1,35.1,35.1,34.6,35.1,35.6,34.6,33.6,32.1,32.6,35.6,35.1,35.6,34.6
7/30/17 22:00,22:00,34.1,33.6,35.1,31.1,35.1,34.1,30.6,34.6,34.6,33.6,34.6,35.1,34.6,33.1,31.6,32.6,35.1,35.1,35.1,34.1
7/30/17 23:00,23:00,33.1,33.6,35.1,31.1,34.6,34.1,30.1,33.6,34.6,34.6,33.6,34.6,34.6,32.6,32.1,33.6,35.1,35.1,34.6,32.6
7/31/17 0:00,0:00,32.6,32.6,34.1,30.6,34.1,33.6,30.1,33.1,34.1,33.1,33.1,34.6,33.6,32.1,32.1,31.1,34.6,35.1,34.1,33.6
7/31/17 1:00,1:00,32.6,32.6,34.1,30.1,33.6,32.6,29.6,33.1,34.1,33.6,32.6,34.1,33.6,32.1,31.6,32.1,34.6,34.6,33.6,32.6
7/31/17 2:00,2:00,31.6,33.1,33.1,31.6,33.1,32.1,29.1,33.6,33.1,32.6,32.1,33.1,33.6,31.6,31.1,32.6,34.1,34.1,34.1,32.1
7/31/17 3:00,3:00,31.6,32.6,33.1,30.6,32.6,31.6,28.6,32.6,32.6,32.1,31.6,32.6,33.1,31.1,36.1,32.1,33.1,33.1,33.1,32.1
7/31/17 4:00,4:00,32.1,32.1,32.6,30.1,32.1,31.1,28.6,32.6,32.1,32.1,32.6,32.1,32.1,30.6,34.6,31.6,32.6,32.6,33.1,30.6
7/31/17 5:00,5:00,31.6,31.1,32.1,29.6,32.6,36.6,29.6,32.1,31.6,31.1,32.1,31.6,32.1,30.1,37.6,30.6,32.1,32.1,32.6,30.6
7/31/17 6:00,6:00,31.1,31.1,31.6,30.1,34.1,42,30.6,32.1,31.1,31.1,31.6,31.6,31.6,30.1,37.6,30.6,32.1,31.6,32.1,30.6
7/31/17 7:00,7:00,33.6,33.1,33.1,32.1,34.6,39.5,32.6,33.1,35.6,32.1,32.6,40.6,33.1,32.6,37.6,32.1,38.6,34.1,32.1,34.1
7/31/17 8:00,8:00,33.6,34.6,35.1,33.1,37.1,41,34.1,34.6,35.1,33.1,34.1,34.6,35.1,34.1,38.1,34,41.1,35.1,33.6,33.6
7/31/17 9:00,9:00,34.6,35.1,36.6,33.6,38.6,40.5,35.6,36.1,36.6,34.6,35.1,36.1,36.1,35.6,38.6,35,47.6,37.6,34.1,37.1
7/31/17 10:00,10:00,35.1,36.1,38.1,37.1,40.1,41.5,37.1,37.1,37.1,35.6,37.1,38.1,37.6,36.1,39.1,36,39.6,40.1,37.6,38.1
7/31/17 11:00,11:00,36.6,38.1,37.6,37.6,41.1,41.5,39.1,36.6,39.1,37.1,38.1,38.6,36.6,37.6,40.6,36,39.6,39.1,38.1,37.6
7/31/17 12:00,12:00,36.6,43.1,40.1,39.1,45.1,40.5,38.1,38.1,40.1,38.1,37.6,39.6,38.6,37.1,42.5,37,40.1,41.6,38.1,37.6
7/31/17 13:00,13:00,39.6,40.1,40.1,40.6,47.1,40,38.1,39.6,40.6,38.6,39.6,39.6,42.1,38.6,48,38.5,39.6,43.6,39.1,39.6
7/31/17 14:00,14:00,41.1,39.6,41.1,41.6,47.6,40,38.1,39.6,40.1,38.6,41.1,41.6,40.6,39.6,45.5,39.5,41.6,44.6,41.1,40.6
7/31/17 15:00,15:00,42.1,40.6,44.6,41.6,50.1,40.5,37.6,40.1,41.1,39.6,43.1,40.6,40.6,40.6,37.1,40,42.6,46.6,41.6,41.1
7/31/17 16:00,16:00,42.1,43.6,44.1,44,52.1,39.5,37.6,40.1,42.6,40.6,42.1,42.6,40.6,42.1,36.1,41,43.1,47.1,42.1,41.1
7/31/17 17:00,17:00,41.1,40.6,44.1,42.1,43.1,39.5,37.1,41.6,44.6,40.1,43.1,42.1,42.1,42.1,29.6,42,43.1,44.1,41.6,41.1
7/31/17 18:00,18:00,41.1,41.1,43.1,42.6,38.1,36.6,36.6,41.6,42.1,39.6,41.6,42.1,40.6,41.6,32.6,42.5,42.6,44.1,40.6,40.6
7/31/17 19:00,19:00,37.1,38.6,38.1,37.1,37.6,36.6,35.6,37.6,38.6,38.1,37.6,39.1,37.6,36.6,32.1,38,38.6,39.1,38.6,37.1
7/31/17 20:00,20:00,36.6,36.1,37.1,35.1,37.1,36.1,35.1,36.6,36.6,36.1,37.1,37.1,37.1,35.6,34.1,35,37.1,37.1,37.6,36.1
7/31/17 21:00,21:00,36.1,36.1,36.6,35.1,36.6,35.6,33.1,36.1,36.6,36.1,36.6,36.6,36.6,35.1,33.6,35,37.1,36.6,36.6,35.6
7/31/17 22:00,22:00,34.6,36.1,36.1,33.6,36.1,34.6,32.1,35.6,35.6,35.6,34.6,36.1,36.1,34.1,33.1,34.5,37.1,37.1,36.6,34.6
7/31/17 23:00,23:00,34.1,35.6,35.6,31.6,34.6,33.6,31.1,34.6,35.6,35.1,34.1,35.6,34.6,33.6,32.6,34.5,36.1,36.1,35.1,34.6
8/1/17 0:00,0:00,34.6,34.6,35.1,33.6,34.1,32.6,30.1,35.1,35.1,34.6,34.6,34.6,35.1,34.1,32.1,34,35.6,34.6,35.6,34.1
8/1/17 1:00,1:00,34.1,34.1,34.6,33.1,33.1,32.1,30.1,34.1,34.1,33.1,34.6,34.1,34.1,33.6,31.6,33.1,34.6,34.1,34.6,33.6
8/1/17 2:00,2:00,33.6,32.6,33.6,32.6,32.6,31.6,29.6,33.6,32.6,32.6,34.1,33.1,33.6,33.1,31.6,32.6,33.6,33.1,34.1,33.1
8/1/17 3:00,3:00,33.1,32.1,33.1,31.6,32.6,31.1,29.6,32.6,32.6,32.1,33.1,32.6,32.6,32.1,32.6,32.1,33.1,32.6,33.6,32.1
8/1/17 4:00,4:00,32.6,31.1,32.1,31.1,32.1,31.1,29.1,32.1,32.1,31.6,32.6,32.1,32.1,31.6,33.1,24.6,32.6,32.1,33.1,31.6
8/1/17 5:00,5:00,32.1,31.1,32.1,30.6,32.6,32.1,29.6,32.1,31.6,31.6,32.1,31.6,32.1,31.1,35.1,24.1,32.1,31.6,32.6,31.1
8/1/17 6:00,6:00,31.6,30.6,31.6,30.6,33.6,32.6,32.6,32.1,30.6,30.6,32.1,31.6,31.6,31.1,34.6,27.6,32.1,31.6,32.6,31.1
8/1/17 7:00,7:00,32.1,31.6,33.1,32.1,33.6,32.6,34.1,32.6,32.1,32.1,32.6,31.6,33.1,32.1,34.6,31.6,35.6,32.6,32.6,32.1
8/1/17 8:00,8:00,32.6,32.6,33.6,33.1,33.1,31.6,36.1,33.1,32.1,32.6,33.1,32.1,33.1,33.1,35.6,32.1,34.1,33.6,33.1,33.6
8/1/17 9:00,9:00,33.6,32.1,35.1,34.1,34.6,35.1,38.1,34.6,31.6,32.1,34.1,32.6,33.6,35.1,37.1,33.6,40.6,33.6,33.6,35.6
8/1/17 10:00,10:00,33.6,31.6,35.6,35.6,38.6,36.6,39.6,32.6,31.1,31.1,35.1,32.1,33.1,35.1,37.6,32.1,33.1,31.6,33.6,35.6
8/1/17 11:00,11:00,33.1,33.6,35.1,36.1,39.6,35.6,41.6,34.6,34.6,34.1,33.6,33.1,34.1,33.1,38.1,33.6,34.1,35.6,35.1,34.1
8/1/17 12:00,12:00,35.1,34.6,37.6,36.6,39.6,37.6,40.6,38.1,34.6,34.1,35.6,34.1,37.1,35.6,40.1,35,37.1,39.6,36.6,36.6
8/1/17 13:00,13:00,36.6,35.1,38.1,37.1,42.1,38,40.1,36.6,35.6,35.1,37.1,35.1,36.6,37.1,42,34.5,37.1,38.6,36.6,37.1
8/1/17 14:00,14:00,37.1,37.1,38.1,37.6,43.1,38,40.1,37.1,37.6,37.1,37.6,36.6,36.6,38.1,37.1,36.5,39.1,41.6,37.1,38.1
8/1/17 15:00,15:00,38.6,39.1,40.6,39.1,46.1,37.1,40.1,37.6,39.1,37.1,37.6,38.6,38.1,37.1,35.1,37.5,39.6,42.6,38.6,37.6
8/1/17 16:00,16:00,38.6,41.1,39.1,40.1,45.1,36.6,40.1,38.1,40.1,38.6,39.1,38.6,38.6,40.1,34.1,38.5,40.6,43.6,39.1,38.6
8/1/17 17:00,17:00,38.1,38.1,41.6,39.1,38.1,34.6,39.6,39.1,38.1,36.6,40.1,39.1,39.6,40.1,32.6,39.5,39.1,39.6,39.6,38.6
8/1/17 18:00,18:00,37.1,36.6,37.6,38.6,35.6,34.1,38.6,37.6,36.6,36.1,37.6,37.1,38.1,37.6,31.6,37,37.6,39.1,38.1,37.1
8/1/17 19:00,19:00,35.1,34.6,35.1,34.6,34.6,32.6,37.6,35.1,34.6,34.1,35.6,35.1,35.1,35.1,25.1,34.5,35.6,35.1,36.1,35.1
8/1/17 20:00,20:00,34.6,34.1,34.6,33.6,33.1,32.1,36.6,34.1,33.6,33.6,34.6,34.6,34.6,33.6,27.1,33.6,34.6,34.6,35.1,34.1
8/1/17 21:00,21:00,33.6,32.6,33.6,32.1,33.1,31.6,35.6,33.1,32.6,32.1,33.6,33.1,33.1,33.1,30.6,32.1,33.1,33.1,34.6,33.6
8/1/17 22:00,22:00,32.6,31.6,32.1,31.6,32.6,31.1,35.1,32.1,31.6,31.6,32.6,32.1,32.1,32.1,30.6,31.6,32.1,32.1,33.1,32.1
8/1/17 23:00,23:00,32.1,31.6,31.6,31.6,32.1,30.6,35.6,31.6,31.1,30.6,32.1,31.6,31.6,32.1,30.1,30.6,32.1,31.6,32.6,31.6
8/2/17 0:00,0:00,31.6,31.1,31.6,30.6,31.6,29.6,35.1,31.1,31.1,31.1,31.6,31.1,31.1,31.6,30.1,30.6,31.6,31.1,32.6,31.1
8/2/17 1:00,1:00,31.6,29.6,31.1,29.6,31.1,30.6,34.6,31.1,30.6,30.1,31.6,30.6,31.1,31.1,30.1,30.6,31.6,31.1,32.1,31.1
8/2/17 2:00,2:00,31.1,29.6,31.1,30.6,31.1,30.6,33.6,30.6,30.6,30.1,31.1,30.1,30.6,30.6,30.6,30.6,31.1,30.6,32.1,30.6
8/2/17 3:00,3:00,30.6,30.1,30.6,30.1,31.6,30.6,32.6,30.1,30.1,29.6,31.1,30.1,30.6,30.6,31.1,28.1,30.6,30.6,31.6,30.1
8/2/17 4:00,4:00,30.6,30.1,30.6,30.1,31.6,30.6,32.6,30.6,30.1,30.1,30.6,30.6,30.6,29.6,31.6,29.6,31.1,30.6,31.6,30.1
8/2/17 5:00,5:00,30.6,30.1,30.6,29.6,32.1,30.6,33.1,30.6,30.6,30.1,31.1,30.6,31.1,30.1,33.1,30.1,31.1,30.6,31.6,29.6
8/2/17 6:00,6:00,30.6,30.6,31.1,30.6,32.6,31.6,34.1,31.1,30.1,30.1,30.6,30.6,31.1,30.1,35.1,24.1,31.6,30.6,31.6,29.6
8/2/17 7:00,7:00,31.1,30.6,31.6,31.6,34.1,33.1,36.6,31.6,31.1,30.6,31.6,31.1,31.6,31.1,34.1,28.1,32.6,31.6,31.6,31.1
8/2/17 8:00,8:00,31.1,31.6,32.1,32.1,36.1,35.1,38.1,31.6,31.6,31.1,32.1,31.6,32.1,31.6,31.6,31.6,33.1,32.1,32.1,32.1
8/2/17 9:00,9:00,32.6,33.1,33.6,33.6,36.6,33.1,39.6,33.1,32.6,32.6,33.1,33.6,33.1,33.6,33.1,32.6,34.1,33.6,33.1,34.6
8/2/17 10:00,10:00,34.6,34.1,34.6,34.1,32.6,30.1,41.6,35.6,33.6,33.6,34.6,34.6,35.6,34.1,36.6,33.6,36.1,35.1,35.1,34.1
8/2/17 11:00,11:00,34.1,32.6,33.6,34.1,35.1,36.6,42.1,33.6,31.6,31.6,36.1,32.1,33.6,34.1,35.6,32.1,33.6,34.6,34.6,34.6
8/2/17 12:00,12:00,31.6,31.6,28.6,28.1,38.1,36.6,42.5,30.1,31.1,30.6,32.6,31.6,30.6,32.1,34.6,30.6,30.6,30.6,32.6,31.1
8/2/17 13:00,13:00,32.6,38.6,33.1,35.1,38.1,36.6,42.1,34.6,37.6,36.1,32.6,36.1,34.1,32.6,34.6,34,36.1,38.1,34.1,33.6
8/2/17 14:00,14:00,34.6,36.1,36.6,37.6,37.1,36.1,42.5,35.1,35.6,35.1,35.6,36.6,36.1,36.6,33.1,36.5,36.6,37.6,35.6,36.6
8/2/17 15:00,15:00,35.1,36.1,37.1,37.1,36.6,34.1,41.6,36.1,35.6,35.6,35.6,36.6,35.6,36.1,32.6,35.5,36.6,37.1,36.1,36.6
8/2/17 16:00,16:00,34.1,35.6,37.1,36.1,34.6,32.1,41.6,35.6,35.1,35.1,35.1,36.1,35.6,35.6,31.6,34.5,36.6,36.1,35.6,36.1
8/2/17 17:00,17:00,34.1,33.1,36.1,35.1,33.1,31.1,39.6,34.6,33.1,33.1,35.1,33.6,35.1,34.6,31.1,34,34.6,34.1,35.6,35.1
8/2/17 18:00,18:00,33.6,31.6,34.1,33.6,32.1,30.6,37.6,33.1,32.1,31.6,34.1,31.6,33.6,33.6,31.1,32.1,33.6,33.1,34.1,34.1
8/2/17 19:00,19:00,32.6,31.1,33.1,32.6,31.6,31.1,36.1,32.6,31.6,31.1,33.1,31.1,32.6,32.1,30.6,31.1,32.6,32.1,33.6,33.1
8/2/17 20:00,20:00,32.1,30.6,31.6,31.1,31.6,30.6,35.1,31.6,31.1,30.6,32.1,31.6,31.6,31.1,30.1,31.1,31.6,31.1,33.1,32.1
8/2/17 21:00,21:00,31.6,30.6,31.6,30.6,31.1,30.1,35.1,31.1,31.1,31.1,31.6,31.1,31.6,31.1,30.1,31.1,31.6,31.1,32.1,31.6
8/2/17 22:00,22:00,31.1,30.1,31.1,30.6,30.6,30.1,34.1,31.1,30.6,30.6,31.6,30.6,31.1,30.6,30.1,30.1,31.1,30.6,32.1,30.6
8/2/17 23:00,23:00,30.6,30.1,30.6,30.1,30.6,29.6,33.6,30.6,30.1,30.1,30.6,30.6,30.6,30.6,30.1,29.6,30.6,30.1,31.6,30.6
8/3/17 0:00,0:00,30.6,30.1,30.6,30.1,30.6,30.1,33.1,30.1,30.1,30.1,30.6,30.1,30.1,30.1,29.1,29.6,30.6,30.1,31.1,30.1
8/3/17 1:00,1:00,30.1,29.1,30.6,29.6,30.6,29.6,32.1,30.1,30.1,30.1,30.6,30.1,30.1,30.1,29.1,29.6,30.6,30.1,31.1,30.1
8/3/17 2:00,2:00,30.1,29.1,30.1,29.6,30.6,29.1,31.1,30.1,30.1,30.1,30.6,30.1,30.1,29.6,29.1,29.1,30.6,30.1,31.1,30.1
8/3/17 3:00,3:00,29.6,29.1,30.1,29.6,30.6,29.1,30.6,30.1,30.1,30.1,30.1,30.1,30.1,29.6,33.6,27.1,30.1,30.1,31.1,29.6
8/3/17 4:00,4:00,29.1,29.1,29.6,28.6,30.6,28.6,30.6,30.1,29.6,29.6,29.6,29.6,30.1,29.1,34.1,28.6,30.1,30.1,30.6,29.6
8/3/17 5:00,5:00,29.1,28.6,29.6,28.1,30.6,29.6,30.6,29.6,29.6,29.1,29.6,29.6,30.1,29.1,35.1,28.6,30.1,30.1,30.6,29.1
8/3/17 6:00,6:00,29.1,28.6,29.6,28.1,31.6,32.6,30.6,29.6,29.1,29.1,29.1,29.1,30.1,29.1,35.1,25.1,30.1,29.6,30.6,29.6
8/3/17 7:00,7:00,31.1,29.6,30.1,29.1,33.6,39,30.6,30.1,30.6,30.1,30.1,33.6,30.1,29.6,37.1,25.6,31.6,30.6,30.1,30.1
8/3/17 8:00,8:00,32.1,32.6,34.1,31.6,36.1,41,31.6,34.1,35.1,32.1,32.6,32.1,33.1,31.6,37.1,27.6,40.6,35.6,31.6,32.1
8/3/17 9:00,9:00,32.6,34.1,34.6,33.1,37.6,39.5,34.6,35.1,35.1,33.6,33.1,34.6,34.6,34.1,38.1,29.1,41.1,39.1,32.6,35.1
8/3/17 10:00,10:00,34.1,36.6,35.6,35.1,41.1,40,36.6,35.6,38.1,35.6,35.1,36.6,36.6,34.6,38.1,32.6,38.1,39.6,35.6,35.6
8/3/17 11:00,11:00,34.6,38.6,37.1,37.6,42.1,41,37.1,38.1,39.6,36.6,36.6,36.6,37.6,35.6,40.1,35,38.6,40.6,38.1,37.1
8/3/17 12:00,12:00,36.1,42.6,38.1,37.6,42.1,40,37.1,38.1,39.6,37.1,38.1,37.6,39.1,36.6,39.1,36,39.1,41.6,38.6,38.1
8/3/17 13:00,13:00,39.1,40.1,39.1,37.1,41.1,41,37.6,40.1,39.1,38.1,38.6,39.6,42.1,37.1,35.1,38,40.6,46.1,39.1,39.6
8/3/17 14:00,14:00,40.1,40.1,39.6,40.6,47.1,39,37.6,39.1,40.6,39.1,40.6,41.6,39.6,39.6,29.6,39,40.1,44.1,40.6,40.1
8/3/17 15:00,15:00,40.6,40.6,43.1,41.1,41.1,38.5,38.1,38.1,40.6,40.1,40.6,40.1,40.1,39.1,29.1,39.5,40.6,45.1,43.1,38.6
8/3/17 16:00,16:00,39.1,39.1,41.6,39.1,24.1,23.1,37.6,41.1,37.6,37.1,39.6,39.1,40.6,39.6,29.1,38,39.6,46.1,40.6,40.1
8/3/17 17:00,17:00,35.6,30.1,35.1,26.1,24.6,23.6,37.1,36.1,25.6,24.1,35.6,38.1,36.1,35.1,28.6,26.1,35.6,31.6,38.1,33.6
8/3/17 18:00,18:00,29.6,22.6,25.6,26.6,25.6,25.1,36.1,23.1,22.6,22.6,29.6,22.6,24.1,29.1,24.6,22.6,22.6,23.1,30.1,29.6
8/3/17 19:00,19:00,29.6,24.6,27.6,26.6,25.6,25.1,34.1,25.6,25.6,23.6,30.6,23.6,26.6,30.1,25.1,24.1,25.1,25.1,30.1,31.1
8/3/17 20:00,20:00,29.6,25.1,28.1,27.6,25.6,25.6,33.6,26.1,26.6,25.6,30.1,24.6,26.6,30.1,25.6,25.1,26.1,26.1,30.6,30.1
8/3/17 21:00,21:00,30.1,25.1,27.6,27.1,26.1,25.1,32.6,27.6,27.1,26.6,30.1,24.6,27.6,29.6,27.1,25.1,26.1,27.6,30.1,29.6
8/3/17 22:00,22:00,29.1,25.6,27.6,27.1,27.1,26.1,32.6,27.6,28.1,28.1,29.1,26.1,27.6,28.6,27.1,25.1,26.6,27.1,29.6,28.6
8/3/17 23:00,23:00,28.6,26.1,27.6,26.6,27.1,25.6,32.1,27.6,27.6,27.6,28.6,26.6,27.6,28.6,26.1,25.1,27.1,27.1,30.1,28.6
8/4/17 0:00,0:00,29.1,26.1,27.6,26.6,26.6,26.1,31.1,27.6,27.6,27.6,29.1,27.1,27.6,28.6,27.1,25.1,27.1,27.1,29.6,28.6
8/4/17 1:00,1:00,28.1,26.1,27.1,25.6,26.1,25.1,31.6,26.6,27.6,27.1,28.1,26.6,27.1,28.1,26.6,25.1,27.1,27.1,29.1,28.1
8/4/17 2:00,2:00,27.6,25.1,26.6,25.1,26.6,25.6,31.1,26.6,27.1,26.6,27.6,26.6,26.6,27.1,26.6,24.6,26.6,26.6,29.1,27.1
8/4/17 3:00,3:00,27.1,25.1,26.6,25.1,26.6,24.6,31.1,26.6,27.1,26.6,27.1,26.1,26.6,27.1,31.6,24.1,27.1,26.6,29.1,27.1
8/4/17 4:00,4:00,27.1,25.1,26.1,25.1,26.1,25.1,31.1,26.6,27.1,26.6,27.6,26.1,26.6,26.6,30.6,24.1,26.6,26.1,28.6,26.1
8/4/17 5:00,5:00,26.6,24.6,25.6,24.6,27.1,31.6,30.6,26.6,26.1,26.1,27.1,26.1,26.6,26.6,32.6,24.6,26.6,26.6,28.1,26.1
8/4/17 6:00,6:00,26.6,25.1,26.1,24.6,28.1,35.1,31.1,26.6,27.1,27.1,26.6,26.1,27.1,26.6,33.6,24.1,27.1,26.6,28.6,26.1
8/4/17 7:00,7:00,30.1,28.1,28.1,27.6,29.6,36.6,31.6,28.6,30.1,28.1,28.6,30.6,28.6,28.1,35.6,25.1,32.6,28.1,29.1,30.1
8/4/17 8:00,8:00,29.6,29.1,32.6,29.1,31.1,38,33.6,30.6,31.6,29.6,30.1,28.6,31.1,30.6,35.6,26.1,35.6,31.6,30.1,33.1
8/4/17 9:00,9:00,31.1,31.1,31.6,30.1,33.6,39,36.1,31.6,32.1,30.6,31.6,32.1,33.1,31.6,37.1,28.1,39.6,33.6,31.1,34.1
8/4/17 10:00,10:00,32.1,33.6,34.1,33.1,36.6,39,36.6,34.1,34.6,32.1,34.1,32.1,34.1,33.1,38.1,30.6,35.6,36.1,34.6,34.1
8/4/17 11:00,11:00,33.1,36.6,36.1,35.1,40.1,39.5,37.6,35.6,36.1,34.1,35.1,34.1,36.1,34.1,39.1,33.1,35.6,39.1,36.1,36.1
8/4/17 12:00,12:00,34.6,36.6,37.1,36.1,41.1,39,39.1,37.1,37.6,36.1,36.1,36.1,37.1,35.6,40.1,34.5,36.6,41.1,36.6,37.6
8/4/17 13:00,13:00,37.6,39.1,39.6,37.6,42.6,38.5,38.6,37.6,38.1,37.1,38.6,37.6,40.1,36.6,44,36,38.1,40.6,39.1,38.1
8/4/17 14:00,14:00,39.6,38.6,39.1,39.1,43.1,39,38.6,38.6,39.6,38.1,40.1,38.6,39.1,38.1,44,37,40.1,42.1,40.1,39.1
8/4/17 15:00,15:00,40.6,40.1,42.6,40.6,46.6,39,39.1,39.6,39.6,39.6,41.1,39.1,39.1,39.1,38.1,38,40.1,42.6,40.6,40.1
8/4/17 16:00,16:00,40.6,42.1,41.6,41.6,49.6,38.5,33.1,39.6,40.6,39.6,41.1,40.6,39.6,41.6,34.6,39.5,41.1,43.6,40.6,41.1
8/4/17 17:00,17:00,40.1,39.6,46.1,40.1,45.1,37.6,31.1,40.1,41.6,39.1,41.1,40.6,39.6,41.1,33.1,40,41.1,42.6,40.6,40.1
8/4/17 18:00,18:00,40.1,39.6,40.6,43,38.1,35.1,31.6,39.6,39.6,38.6,40.1,40.1,39.1,39.6,25.1,44,41.1,40.6,39.6,39.6
8/4/17 19:00,19:00,38.1,37.6,39.1,38.1,37.1,33.6,31.1,38.6,37.6,36.6,39.6,38.1,37.6,37.6,27.6,42,39.1,38.1,38.6,38.6
8/4/17 20:00,20:00,36.6,34.6,37.6,33.6,36.1,34.1,31.1,36.6,36.6,36.6,37.6,37.1,36.6,34.1,32.6,33.6,36.6,37.1,37.6,36.1
8/4/17 21:00,21:00,34.6,33.6,36.1,32.1,35.1,32.6,31.1,35.6,35.1,35.1,35.6,36.1,35.6,34.1,32.1,32.6,36.1,35.1,36.6,34.6
8/4/17 22:00,22:00,34.6,33.6,34.6,31.6,33.6,31.6,30.6,35.1,34.6,34.1,34.6,35.1,35.1,33.1,31.6,32.1,36.1,34.6,36.6,33.1
8/4/17 23:00,23:00,34.1,32.1,34.6,32.1,33.6,32.1,29.6,34.1,33.1,33.1,34.1,32.1,34.1,33.6,31.1,32.6,34.6,33.1,35.1,34.1
8/5/17 0:00,0:00,33.6,32.1,33.6,32.6,32.6,32.6,29.6,33.1,32.6,32.1,33.6,32.1,33.1,32.6,30.6,32.1,33.6,32.6,34.6,32.6
8/5/17 1:00,1:00,32.6,31.6,32.6,30.6,31.6,30.1,29.6,32.6,32.6,32.1,32.6,32.6,33.1,31.6,30.1,31.6,33.1,33.6,34.1,32.6
8/5/17 2:00,2:00,32.1,32.1,31.6,31.1,31.1,29.6,29.1,32.1,32.6,32.1,32.6,31.6,32.1,31.1,29.1,30.6,32.6,31.6,33.1,31.1
8/5/17 3:00,3:00,31.6,29.6,31.1,30.1,30.1,29.6,29.1,31.1,30.6,30.6,31.6,30.6,31.1,30.6,33.1,30.1,31.6,29.6,32.6,31.1
8/5/17 4:00,4:00,30.6,29.6,30.1,29.1,30.1,29.1,28.6,30.6,30.6,30.1,30.6,30.1,30.6,29.6,33.1,29.1,31.1,30.1,31.6,29.6
8/5/17 5:00,5:00,30.1,29.1,29.1,28.6,30.1,36.6,29.1,29.6,30.1,29.6,30.1,29.6,30.1,29.1,34.6,28.6,30.1,29.6,31.6,29.1
8/5/17 6:00,6:00,29.6,28.1,28.6,27.6,31.1,36.6,29.1,30.1,29.6,29.6,29.6,29.6,29.6,29.1,35.6,28.1,30.1,29.1,31.1,28.6
8/5/17 7:00,7:00,32.1,30.6,30.1,29.6,32.6,36.6,29.6,31.1,32.1,30.1,30.6,35.1,31.1,30.6,36.6,29.6,34.6,30.6,31.1,31.6
8/5/17 8:00,8:00,32.1,32.1,35.1,31.6,34.1,38.5,30.6,33.1,33.6,31.6,32.1,32.1,33.6,33.1,37.1,32.1,39.1,34.1,31.6,37.6
8/5/17 9:00,9:00,33.1,32.6,34.6,33.1,36.6,39.5,32.6,34.1,33.6,32.6,33.6,35.1,34.6,34.1,37.6,33.1,39.1,35.1,32.6,34.6
8/5/17 10:00,10:00,33.6,34.6,36.1,36.1,39.6,40.5,35.1,35.1,35.6,34.1,36.1,35.1,36.1,35.1,37.6,34.5,37.1,37.6,36.1,35.6
8/5/17 11:00,11:00,35.1,36.6,37.6,37.1,40.6,40,36.6,38.6,37.1,35.6,36.6,35.6,38.1,36.1,39.6,35.5,37.6,39.1,38.1,37.1
8/5/17 12:00,12:00,35.6,39.1,38.1,37.1,42.6,40,36.1,38.6,38.1,38.1,38.1,38.1,38.6,37.1,40.1,36,38.6,41.6,38.6,37.1
8/5/17 13:00,13:00,38.6,39.6,39.1,39.1,44.1,39.5,36.1,39.1,39.1,38.1,39.1,38.1,41.1,38.1,43.5,38,39.1,42.1,39.6,39.1
8/5/17 14:00,14:00,39.6,40.6,41.1,40.1,44.6,40.5,36.6,39.1,40.1,39.1,41.1,40.6,41.1,38.6,42,39,42.1,43.6,41.1,40.1
8/5/17 15:00,15:00,41.1,38.6,40.6,41.6,47.1,39.5,36.6,39.1,40.1,39.1,41.1,40.1,39.6,39.6,38.1,40,41.6,43.1,43.6,40.1
8/5/17 16:00,16:00,41.1,42.1,42.1,42.1,47.6,38.5,36.6,40.6,42.1,39.6,40.6,42.1,40.6,42.1,34.6,40,42.1,43.6,41.1,40.6
8/5/17 17:00,17:00,39.6,39.1,47.1,41.1,42.1,37.1,36.6,40.1,42.6,39.1,41.6,40.6,39.6,41.6,36.1,40.5,42.1,43.1,40.6,40.1
8/5/17 18:00,18:00,39.6,39.1,40.6,42.6,38.1,34.6,36.1,39.6,40.6,38.6,40.1,40.6,39.1,39.6,23.1,42,41.1,41.6,39.6,39.1
8/5/17 19:00,19:00,37.6,37.6,39.6,37.6,38.1,34.1,35.6,38.6,37.6,37.6,38.6,38.6,37.6,38.1,33.6,39,39.1,38.6,38.6,38.1
8/5/17 20:00,20:00,36.1,34.6,37.6,33.1,36.6,33.6,35.6,36.1,35.6,35.6,37.6,37.1,36.1,36.1,34.1,35.5,37.1,37.1,37.1,36.6
8/5/17 21:00,21:00,36.6,33.1,36.1,31.6,35.6,32.6,35.1,37.1,34.6,35.1,37.1,36.6,37.1,36.1,33.6,33.1,36.6,38.1,37.6,36.1
8/5/17 22:00,22:00,36.1,34.6,35.6,35.1,35.1,31.6,35.1,36.1,35.6,36.1,36.1,35.6,35.6,35.1,31.1,33.6,36.1,35.6,36.6,35.1
8/5/17 23:00,23:00,35.1,32.6,35.1,32.1,34.6,30.6,34.6,35.6,35.6,35.1,35.6,34.6,35.6,34.6,30.6,33.6,35.1,33.6,36.1,34.1
8/6/17 0:00,0:00,34.6,31.6,34.6,30.1,33.1,30.6,33.6,35.1,34.1,34.6,34.6,33.6,34.6,33.6,30.1,33.1,34.6,33.6,35.6,33.1
8/6/17 1:00,1:00,33.6,30.1,33.6,32.1,32.1,30.6,33.1,34.1,33.1,32.6,34.1,32.6,33.6,33.1,29.1,31.6,33.1,32.6,34.6,32.6
8/6/17 2:00,2:00,32.1,29.6,31.6,29.1,31.6,30.1,32.6,32.1,32.1,31.6,32.1,32.1,32.1,31.6,28.1,30.1,32.6,33.1,33.6,31.6
8/6/17 3:00,3:00,31.1,29.1,31.1,30.1,30.6,29.6,32.1,31.6,31.1,30.6,32.1,31.6,31.6,31.1,33.1,29.6,31.6,32.6,32.6,31.1
8/6/17 4:00,4:00,30.6,28.6,30.6,29.1,29.6,28.6,31.6,31.1,31.6,31.1,31.1,30.6,30.6,30.6,32.6,29.6,31.6,31.1,31.6,30.6
8/6/17 5:00,5:00,29.6,27.6,29.6,27.1,30.1,38.5,33.1,29.6,30.6,30.1,30.6,30.1,29.1,29.6,33.6,28.1,31.1,30.1,31.1,29.6
8/6/17 6:00,6:00,28.1,28.1,28.1,26.6,30.6,38,34.1,29.1,29.6,29.1,28.1,29.1,29.1,28.1,35.1,28.1,30.1,29.1,30.6,28.1
8/6/17 7:00,7:00,31.6,29.1,29.6,29.1,32.1,38,35.6,31.1,36.1,30.6,30.1,34.6,31.1,29.6,35.6,29.1,35.6,30.1,30.1,29.6
8/6/17 8:00,8:00,31.1,31.6,33.1,31.1,34.1,40,37.6,33.1,32.6,31.1,31.6,31.6,33.1,32.6,36.6,31.6,41.1,33.6,31.1,35.1
8/6/17 9:00,9:00,32.1,32.1,33.6,32.1,36.6,39,37.1,33.6,34.1,32.6,33.6,33.1,34.6,34.1,37.1,33.1,40.6,35.6,32.1,34.6
8/6/17 10:00,10:00,33.6,34.6,36.1,37.1,40.1,40.5,39.1,36.1,36.1,34.1,35.6,35.1,36.1,35.1,38.1,34,36.6,36.6,36.1,36.1
8/6/17 11:00,11:00,34.6,37.6,36.1,37.1,42.6,39.5,40.6,38.1,36.6,35.1,36.6,35.6,37.1,36.1,39.6,35.5,37.1,40.1,38.1,37.1
8/6/17 12:00,12:00,35.6,37.6,38.6,38.1,44.1,40,40.1,37.6,38.6,36.6,37.6,38.1,38.1,37.1,38.6,37,37.6,44.1,38.1,37.6
8/6/17 13:00,13:00,37.6,39.6,39.6,38.1,46.6,39.5,40.1,39.1,39.1,38.1,39.6,38.6,41.6,38.1,41.6,38,39.1,41.6,39.6,38.6
8/6/17 14:00,14:00,40.1,39.6,40.1,39.6,44.6,39,40.1,40.1,38.6,38.6,39.6,40.1,41.1,39.1,45,39,41.1,43.6,40.1,39.1
8/6/17 15:00,15:00,40.6,39.1,42.6,42.1,44.1,39,40.1,40.6,40.1,39.1,41.1,40.1,41.1,39.6,37.6,39.5,42.6,44.1,40.1,38.1
8/6/17 16:00,16:00,39.1,43.1,41.1,42.1,45.1,37.6,40.1,40.1,40.1,40.1,41.6,39.6,40.1,42.6,33.6,40,40.6,41.1,41.6,40.1
8/6/17 17:00,17:00,39.1,39.6,46.6,41.6,43.1,37.1,39.6,40.1,41.1,39.1,40.6,39.6,40.1,39.6,31.1,41,40.6,42.6,41.1,39.6
8/6/17 18:00,18:00,39.1,39.1,39.6,42.1,38.1,34.6,37.1,39.1,40.1,38.6,40.1,39.1,39.1,39.6,24.1,42.5,41.6,40.6,39.1,38.6
8/6/17 19:00,19:00,37.1,37.1,39.1,37.6,36.6,34.6,37.1,38.1,37.6,37.1,38.6,38.1,37.6,37.6,25.1,40.5,39.6,39.1,38.1,37.6
8/6/17 20:00,20:00,34.6,34.1,36.6,32.1,36.1,33.6,36.6,35.6,35.1,35.6,36.1,36.1,37.1,35.1,25.6,33.6,38.1,37.1,36.6,34.1
8/6/17 21:00,21:00,33.6,32.6,35.1,30.1,35.6,33.1,36.1,35.6,35.1,35.6,34.6,36.1,36.1,33.6,30.1,32.6,37.1,36.1,36.1,32.1
8/6/17 22:00,22:00,32.6,32.1,34.1,29.6,35.6,32.1,35.6,35.1,34.6,35.1,34.6,35.1,34.6,32.6,29.6,32.1,36.1,35.6,35.1,31.6
8/6/17 23:00,23:00,32.1,31.6,33.1,29.1,34.1,31.6,34.6,34.6,34.6,34.6,33.6,35.1,34.1,32.1,29.6,31.6,35.6,34.1,35.1,31.1
8/7/17 0:00,0:00,32.6,31.1,33.6,32.1,33.1,29.6,33.1,35.1,33.6,33.6,34.1,33.6,34.1,32.6,28.1,31.1,35.1,33.6,35.1,32.1
8/7/17 1:00,1:00,30.6,29.6,31.6,27.6,31.1,29.1,33.1,32.1,32.1,32.6,31.6,32.6,32.1,30.6,26.6,30.6,33.1,34.6,33.6,29.1
8/7/17 2:00,2:00,29.6,28.6,30.1,27.1,30.6,28.1,32.6,31.1,32.1,32.1,30.1,31.1,30.6,29.1,26.6,30.6,32.1,33.1,33.1,28.6
8/7/17 3:00,3:00,29.6,27.6,30.1,28.1,30.6,27.6,32.1,30.1,31.1,30.1,29.1,30.1,30.6,28.6,33.6,29.1,31.1,32.1,32.6,27.6
8/7/17 4:00,4:00,28.1,27.1,28.6,26.1,29.6,26.6,31.6,29.1,30.1,29.1,28.1,29.6,28.6,28.1,33.1,27.6,31.1,30.1,32.6,27.1
8/7/17 5:00,5:00,27.6,26.1,27.6,25.1,30.1,37.1,32.1,28.6,29.1,28.6,28.1,28.6,28.1,27.1,35.1,27.1,29.6,29.1,30.6,26.1
8/7/17 6:00,6:00,26.6,26.1,27.6,24.6,31.6,39.5,32.6,28.6,29.6,29.1,27.1,28.1,28.1,26.6,36.1,26.6,29.6,29.1,30.1,25.6
8/7/17 7:00,7:00,31.1,29.6,29.6,27.1,33.1,38,32.6,31.1,33.6,29.6,29.6,34.6,31.1,28.6,37.1,29.1,35.6,30.6,30.6,28.6
8/7/17 8:00,8:00,31.1,32.1,34.6,31.1,35.1,41,32.1,33.6,33.6,31.1,32.1,32.6,33.6,32.6,37.6,32.1,39.1,34.1,31.6,35.1
8/7/17 9:00,9:00,33.1,34.1,34.6,32.6,37.6,41,33.1,34.6,34.6,33.1,34.6,34.6,35.1,34.1,38.6,33.6,40.6,37.1,33.6,35.6
8/7/17 10:00,10:00,34.1,36.6,37.1,38.6,41.6,41,35.6,37.6,36.6,35.1,36.6,36.1,37.1,35.1,39.1,25.1,39.1,38.6,37.1,37.1
8/7/17 11:00,11:00,35.1,39.1,38.6,38.1,44.1,41.5,35.1,40.6,37.6,36.1,38.1,37.1,39.1,36.6,40.6,30.6,38.6,43.6,38.6,38.6
8/7/17 12:00,12:00,36.6,40.1,40.1,39.1,45.6,41,36.6,40.6,39.1,38.1,39.6,38.6,40.6,37.6,42,37,40.1,43.1,39.6,39.6
8/7/17 13:00,13:00,39.1,42.6,41.6,40.6,46.6,41.5,37.6,40.6,40.1,39.1,40.1,40.1,42.6,38.6,45,38,40.6,44.1,40.1,40.6
8/7/17 14:00,14:00,42.6,41.1,42.1,41.6,48.1,40.5,37.1,41.1,40.1,39.6,42.1,41.1,42.6,39.6,47,39,42.6,43.6,43.6,40.6
8/7/17 15:00,15:00,41.6,41.6,42.6,42.6,48.6,39.5,37.6,41.1,40.6,40.6,41.6,41.1,42.1,40.6,39.1,40,42.6,45.6,44.6,41.1
8/7/17 16:00,16:00,41.6,44.6,43.1,44,50.1,39,36.1,41.1,42.6,41.1,42.1,41.6,42.6,43.1,36.6,41.5,43.6,45.1,42.6,40.1
8/7/17 17:00,17:00,40.1,40.1,44.1,42.1,45.1,38.5,35.1,41.6,41.6,40.6,42.6,41.1,42.1,42.6,31.6,41,43.1,43.6,41.6,40.6
8/7/17 18:00,18:00,40.1,40.1,42.1,44.5,39.1,35.6,35.1,41.1,40.6,39.6,41.1,41.6,40.6,40.1,23.6,43,42.1,42.6,40.6,39.6
8/7/17 19:00,19:00,37.6,38.1,40.1,38.6,37.6,33.6,33.6,39.1,39.1,37.6,39.6,39.1,39.1,37.6,23.6,41,40.1,40.1,39.6,38.6
8/7/17 20:00,20:00,36.6,34.6,37.6,31.6,35.6,32.6,32.1,37.1,36.1,36.6,37.6,37.6,37.6,34.6,24.6,34,37.1,39.1,38.1,36.1
8/7/17 21:00,21:00,34.6,32.6,35.1,30.1,35.1,31.6,32.1,35.1,35.6,36.1,35.1,36.1,35.6,33.1,28.6,32.1,37.1,38.1,36.1,33.6
8/7/17 22:00,22:00,33.1,31.1,33.1,29.1,33.6,32.1,31.6,35.1,34.1,34.1,33.6,34.6,34.6,32.1,28.1,31.1,35.1,35.1,35.1,32.1
8/7/17 23:00,23:00,31.6,30.1,32.1,27.6,32.1,32.1,31.1,32.1,33.1,33.6,32.1,34.1,32.1,30.6,27.6,30.1,34.6,34.1,34.6,30.6
8/8/17 0:00,0:00,30.1,29.6,31.1,27.1,32.1,29.6,30.6,31.6,32.6,32.1,31.1,32.6,31.1,30.1,26.6,29.1,33.6,33.1,34.1,29.1
8/8/17 1:00,1:00,29.6,31.1,30.6,26.1,31.1,28.1,30.6,31.1,31.6,31.6,29.6,32.6,31.1,29.1,26.1,28.6,32.6,31.1,33.6,29.1
8/8/17 2:00,2:00,29.1,28.1,30.1,26.6,29.6,27.6,30.6,31.1,30.6,31.1,29.6,31.1,30.1,29.1,27.1,28.6,31.1,30.1,33.1,29.1
8/8/17 3:00,3:00,28.1,27.1,28.1,24.6,29.1,28.1,30.6,29.1,29.6,29.6,28.1,30.1,28.6,27.6,33.1,24.6,30.1,31.1,32.1,27.1
8/8/17 4:00,4:00,27.1,26.1,27.6,24.6,29.1,27.1,30.6,28.1,29.1,29.1,27.1,29.1,27.6,26.6,33.6,26.6,30.1,29.6,31.6,26.6
8/8/17 5:00,5:00,26.1,27.6,26.6,24.1,29.6,36.6,31.1,27.6,29.1,28.6,26.1,28.1,28.1,26.1,35.6,26.1,30.1,28.6,30.6,26.1
8/8/17 6:00,6:00,25.6,26.1,26.6,24.6,31.1,39,31.6,29.1,28.6,28.6,26.1,28.6,28.1,25.6,36.6,21.1,29.1,29.1,30.1,25.1
8/8/17 7:00,7:00,31.6,29.1,29.6,28.1,33.6,38,32.1,31.1,31.6,29.6,27.6,33.6,30.1,28.1,38.1,22.1,34.6,30.1,30.1,28.6
8/8/17 8:00,8:00,30.6,32.1,35.1,30.6,35.6,41,34.1,33.6,34.1,31.1,31.6,32.6,33.6,32.1,38.6,29.6,41.6,35.1,31.6,35.1
8/8/17 9:00,9:00,33.1,33.6,35.1,33.1,37.6,42.5,33.6,36.1,34.6,33.1,34.6,35.6,36.1,33.6,39.1,33.1,41.1,36.6,33.6,37.6
8/8/17 10:00,10:00,35.1,36.6,37.6,40.6,41.6,44,29.1,37.6,37.1,35.1,37.6,36.6,38.1,35.6,40.1,34.5,39.6,39.1,40.1,37.6
8/8/17 11:00,11:00,35.6,39.1,39.1,38.6,43.1,43.5,34.1,40.1,38.6,37.1,38.6,38.1,39.6,36.6,41.6,36.5,39.6,44.6,40.6,39.1
8/8/17 12:00,12:00,37.1,40.1,40.6,40.1,46.6,43,35.6,41.1,39.6,39.1,40.6,41.1,41.6,38.1,41.6,38,41.1,48.6,40.6,40.6
8/8/17 13:00,13:00,40.1,42.6,42.6,41.1,45.6,43,36.1,42.1,41.6,40.1,42.1,41.1,43.5,39.6,43.5,39,42.6,44.6,42.1,41.1
8/8/17 14:00,14:00,43.1,41.6,42.1,41.1,48.6,40.5,36.1,42.1,41.1,40.6,43.1,42.1,44,40.1,43.5,40,44.6,47.6,45.5,42.6
8/8/17 15:00,15:00,43.6,41.6,44.6,44,52.1,40.5,35.1,42.1,42.6,41.1,43.1,42.6,42.6,41.1,39.6,41,44.1,46.1,49,42.6
8/8/17 16:00,16:00,42.6,45.1,43.6,47,51.1,40,33.6,42.6,44.1,41.1,43.1,43.1,44,44.1,35.1,42,44.1,44.6,48,42.1
8/8/17 17:00,17:00,41.6,40.6,45.1,44,44.6,39.5,32.1,42.1,41.6,40.6,43.6,42.1,43.5,42.1,31.6,42,43.6,46.1,50.5,41.6
8/8/17 18:00,18:00,41.6,41.1,43.1,44,39.6,36.6,31.6,41.1,41.6,39.6,41.6,41.6,41.6,40.6,24.6,43,43.1,43.1,40.6,40.6
8/8/17 19:00,19:00,38.6,38.6,41.1,39.1,37.6,34.1,31.6,40.1,39.1,37.6,40.6,40.1,40.1,38.1,24.1,42,41.1,40.6,40.1,39.1
8/8/17 20:00,20:00,35.6,34.6,38.1,32.1,36.6,32.6,31.1,36.6,37.6,36.6,37.6,38.6,38.1,34.1,25.1,34.5,38.1,39.6,38.1,36.6
8/8/17 21:00,21:00,33.6,32.6,36.1,30.6,35.1,31.6,30.6,35.1,36.1,36.6,34.6,36.6,36.1,33.1,25.6,32.6,36.6,38.6,36.1,33.1
8/8/17 22:00,22:00,32.6,31.6,34.1,29.6,34.1,30.6,30.6,33.6,34.1,34.6,33.6,35.1,34.1,32.1,28.1,31.6,35.6,36.1,35.1,32.1
8/8/17 23:00,23:00,31.6,30.1,32.6,28.6,32.6,30.6,30.6,32.6,33.6,32.6,32.1,33.6,32.6,30.6,28.6,30.1,35.6,35.1,34.6,30.6
8/9/17 0:00,0:00,30.6,29.6,31.6,27.6,32.1,30.1,30.6,32.1,33.6,33.1,30.6,32.6,32.6,29.6,27.1,30.1,34.1,33.6,34.6,29.6
8/9/17 1:00,1:00,29.6,29.6,30.6,26.6,31.1,29.6,30.1,31.1,32.1,31.6,30.1,31.6,31.6,29.1,26.6,29.1,33.6,31.6,33.1,28.6
8/9/17 2:00,2:00,28.6,28.6,29.6,26.1,30.6,28.1,30.1,29.6,30.6,31.1,28.6,30.6,29.1,28.1,26.6,28.1,31.1,31.1,32.6,28.6
8/9/17 3:00,3:00,28.1,28.6,28.6,25.1,31.1,26.6,30.1,29.6,30.1,29.6,28.1,30.1,28.6,27.6,32.6,24.6,30.6,30.6,31.6,27.1
8/9/17 4:00,4:00,27.1,26.6,28.1,24.6,30.1,29.6,29.6,29.6,29.6,30.1,28.1,29.1,28.6,27.1,34.6,24.1,30.1,30.1,31.1,26.6
8/9/17 5:00,5:00,26.6,26.1,27.1,24.1,30.1,36.6,30.1,30.6,30.1,30.1,26.6,29.6,29.1,26.6,36.6,23.1,30.1,30.1,31.1,25.6
8/9/17 6:00,6:00,26.1,30.1,27.1,24.1,33.1,37.6,31.1,29.6,29.1,29.6,26.1,29.6,28.6,25.6,38.1,19.6,31.1,30.1,30.1,26.1
8/9/17 7:00,7:00,30.1,30.6,30.1,27.6,35.1,40,33.1,31.1,32.6,30.6,28.6,35.1,31.1,28.1,38.6,24.1,38.1,31.6,30.1,29.6
8/9/17 8:00,8:00,31.1,33.1,35.1,32.6,36.6,40.5,36.6,35.1,34.6,32.6,31.6,33.6,35.1,30.1,40.1,31.6,40.1,36.1,33.1,33.1
8/9/17 9:00,9:00,34.1,34.6,36.1,34.1,39.1,43,38.1,37.6,35.1,34.1,35.6,36.1,37.1,34.1,40.1,34,42.1,37.6,35.1,39.1
8/9/17 10:00,10:00,36.1,37.6,38.6,42.6,43.1,42.5,39.1,39.1,37.6,36.1,38.6,38.1,39.6,36.6,41.6,36,41.1,40.1,40.1,39.1
8/9/17 11:00,11:00,37.6,40.6,39.6,40.1,45.6,44,39.6,43.1,39.1,38.1,39.6,39.1,41.1,38.1,43,37,40.6,46.1,41.1,40.6
8/9/17 12:00,12:00,38.1,42.6,42.1,40.1,48.1,43.5,39.6,43.6,40.6,40.1,41.6,41.1,42.6,39.1,43,38.5,41.1,49.1,42.1,41.1
8/9/17 13:00,13:00,41.1,44.6,43.1,42.1,48.6,42.5,39.6,43.1,42.1,40.6,43.1,42.6,45,40.1,44.5,40,42.6,46.6,43.6,42.6
8/9/17 14:00,14:00,43.6,44.6,44.6,43,50.1,42,38.1,43.1,42.6,41.6,44.1,43.6,46,41.1,45.5,41,44.6,47.6,46.5,43.6
8/9/17 15:00,15:00,43.6,43.6,46.6,44,49.1,42.5,38.1,43.1,44.1,42.6,44.6,43.6,44.5,42.1,40.1,42,45.6,48.1,50,43.6
8/9/17 16:00,16:00,44.1,48.1,45.1,46.5,48.6,41.5,22.6,43.6,44.1,42.6,44.6,44.1,42.6,46.6,38.6,43,46.1,49.1,46.5,44.1
8/9/17 17:00,17:00,42.6,42.6,45.6,46,45.6,40.5,23.6,43.1,44.1,41.6,44.6,43.6,42.6,43.1,33.6,43.5,45.1,47.1,49,43.1
8/9/17 18:00,18:00,42.6,42.1,43.6,44,41.1,38.5,24.6,42.6,42.6,41.1,43.1,43.1,43,41.6,29.6,45,44.1,45.6,42.6,42.1
8/9/17 19:00,19:00,40.1,40.1,42.1,40.1,39.6,36.1,25.6,41.1,40.6,40.1,41.6,41.1,40.6,39.6,25.6,42,42.1,42.1,41.6,40.6
8/9/17 20:00,20:00,38.6,36.6,39.6,34.1,38.1,35.1,26.1,38.6,38.6,38.6,39.1,39.6,39.6,37.1,27.6,36.5,39.6,40.6,39.1,38.1
8/9/17 21:00,21:00,36.1,34.6,37.6,32.1,37.6,34.1,26.1,36.6,36.1,38.1,37.1,38.6,37.1,34.6,31.1,34.5,38.6,40.1,37.6,35.1
8/9/17 22:00,22:00,34.6,33.1,36.1,31.6,36.6,32.6,26.6,35.6,35.1,37.6,35.6,37.1,35.1,33.6,31.6,33.1,37.1,37.1,36.6,33.6
8/9/17 23:00,23:00,33.6,32.6,34.6,30.1,35.6,33.1,26.6,34.6,34.6,35.1,34.6,36.1,34.6,32.6,31.6,32.1,36.6,36.1,36.1,33.1
8/10/17 0:00,0:00,32.6,31.6,33.1,29.6,34.6,33.1,26.6,33.6,33.6,34.1,33.6,34.6,33.6,31.6,31.6,31.6,35.6,35.1,35.6,32.1
8/10/17 1:00,1:00,32.1,32.1,33.1,29.6,33.6,32.1,27.1,34.6,34.6,33.6,32.6,34.1,34.1,31.1,31.6,32.1,35.1,35.1,35.1,31.1
8/10/17 2:00,2:00,31.6,32.1,32.6,28.6,32.6,32.1,26.6,32.6,33.1,33.1,33.1,33.6,33.1,31.6,31.1,31.1,34.1,34.1,35.1,31.6
8/10/17 3:00,3:00,31.6,31.6,32.1,30.6,32.6,30.6,26.6,32.6,33.1,32.6,32.6,32.6,32.6,30.6,34.1,30.6,33.1,32.6,33.6,30.1
8/10/17 4:00,4:00,31.6,29.6,32.1,31.1,32.6,30.1,26.6,31.6,31.6,31.6,32.1,32.1,31.6,30.1,35.6,31.1,32.6,32.1,33.1,29.6
8/10/17 5:00,5:00,31.1,29.1,31.1,30.1,33.1,33.1,28.1,32.1,31.6,31.6,32.1,32.1,32.1,30.6,36.6,30.6,32.6,31.6,33.1,31.6
8/10/17 6:00,6:00,30.6,29.1,30.6,29.1,34.1,39,29.6,32.6,31.6,31.1,31.6,31.6,32.1,30.6,36.1,23.1,32.6,32.1,32.6,31.1
8/10/17 7:00,7:00,32.6,31.1,31.6,31.1,35.1,41,31.6,33.1,32.6,31.6,32.1,33.1,33.1,31.1,37.6,25.1,35.6,33.6,33.1,32.1
8/10/17 8:00,8:00,33.1,34.6,37.6,33.1,36.6,38,33.1,36.1,37.6,34.1,34.1,34.6,35.1,34.6,36.6,32.6,43.6,38.1,34.6,37.1
8/10/17 9:00,9:00,34.6,35.6,36.6,34.6,38.1,37.6,35.6,37.6,35.6,33.6,36.1,35.6,36.6,35.6,38.1,34,42.6,37.6,35.6,39.1
8/10/17 10:00,10:00,34.6,36.1,36.6,40.1,38.1,37.6,36.6,37.1,37.6,35.6,37.1,35.6,36.1,36.6,39.1,35,41.6,38.6,37.1,38.6
8/10/17 11:00,11:00,36.1,36.1,39.1,39.1,39.1,39.5,38.1,36.6,36.1,35.1,37.6,36.1,36.6,38.1,39.1,36,38.6,37.1,37.1,41.1
8/10/17 12:00,12:00,36.1,37.1,37.6,37.1,41.1,40,38.6,37.1,37.1,35.6,37.6,36.6,36.1,37.1,41.1,36,38.6,39.1,38.1,38.6
8/10/17 13:00,13:00,37.6,39.6,38.6,38.6,43.1,40.5,38.6,38.1,38.6,37.6,39.1,38.1,36.6,38.6,42.5,36.5,40.1,39.6,39.6,39.1
8/10/17 14:00,14:00,38.1,41.1,40.1,40.1,45.6,40.5,38.6,39.1,41.1,38.6,39.6,39.1,37.6,39.1,38.6,37.5,41.1,41.1,40.1,40.1
8/10/17 15:00,15:00,40.1,40.6,41.1,40.6,43.1,40,39.1,40.1,43.6,40.1,40.6,40.6,38.6,40.1,36.6,40,41.6,42.1,41.6,40.1
8/10/17 16:00,16:00,41.1,44.6,42.6,41.6,41.1,39.5,38.6,41.1,40.1,39.1,42.1,42.6,39.6,40.1,36.1,40,41.1,42.6,42.1,39.6
8/10/17 17:00,17:00,40.1,40.1,44.6,43,39.6,39,38.1,39.6,39.6,39.1,42.1,40.6,39.6,41.1,26.1,40.5,41.6,41.6,41.1,40.6
8/10/17 18:00,18:00,38.6,38.6,40.6,38.1,39.1,38,36.6,39.1,38.6,38.1,39.1,39.6,38.6,38.1,33.6,38.5,40.1,40.1,39.1,39.1
8/10/17 19:00,19:00,37.1,37.1,39.1,34.6,37.6,37.1,36.1,38.1,38.1,38.1,38.1,38.6,37.6,36.6,30.6,36.5,39.1,39.1,37.1,37.6
8/10/17 20:00,20:00,36.6,36.1,38.1,33.6,35.1,33.1,36.1,37.1,37.1,37.6,37.1,37.6,38.1,36.1,29.1,36,38.1,39.1,38.1,36.6
8/10/17 21:00,21:00,35.6,36.1,37.1,34.6,33.1,31.6,34.1,36.1,37.1,37.1,36.1,37.1,36.6,36.1,27.6,35,37.1,37.1,37.1,36.1
8/10/17 22:00,22:00,34.6,33.1,34.1,33.6,32.6,31.6,33.1,33.6,33.1,33.1,34.6,33.1,34.1,34.6,27.1,32.6,34.1,33.6,34.6,34.6
8/10/17 23:00,23:00,31.6,31.6,33.1,32.1,30.6,31.6,33.1,32.1,32.1,32.1,30.6,31.6,32.6,31.6,28.1,31.6,33.1,32.1,32.6,31.1
8/11/17 0:00,0:00,30.1,31.6,32.1,30.6,28.6,30.6,33.1,32.1,31.6,31.6,29.6,31.6,31.6,30.1,28.6,31.1,32.6,31.6,31.1,30.1
8/11/17 1:00,1:00,28.1,30.6,29.1,28.6,28.6,30.6,31.6,28.6,31.1,30.6,27.1,31.1,29.1,27.6,27.6,30.6,30.6,30.6,28.1,28.1
8/11/17 2:00,2:00,27.6,29.1,28.1,27.6,29.6,30.1,30.6,27.6,29.1,29.1,27.1,30.6,28.1,27.6,27.6,29.6,29.1,28.6,28.1,27.6
8/11/17 3:00,3:00,28.6,29.1,29.1,29.1,29.1,29.1,30.6,28.1,29.6,29.1,28.1,30.1,28.1,28.1,29.6,30.6,29.6,28.6,28.6,28.6
8/11/17 4:00,4:00,28.6,29.1,29.6,30.1,29.6,28.6,30.1,28.6,29.6,29.6,29.1,29.6,28.6,29.1,35.1,30.1,29.6,28.6,29.6,29.1
8/11/17 5:00,5:00,28.1,28.6,29.1,29.1,30.6,31.1,31.1,28.1,29.1,29.1,28.1,29.1,28.1,29.1,35.6,29.1,29.1,29.1,28.6,29.6
8/11/17 6:00,6:00,28.6,28.6,29.1,28.1,32.6,36.6,32.1,28.6,29.1,29.1,28.6,29.1,28.1,28.6,37.6,24.6,30.1,29.6,29.1,28.6
8/11/17 7:00,7:00,29.1,31.1,30.1,29.1,34.1,39.5,33.6,30.1,32.1,30.6,29.6,32.1,29.6,29.6,37.1,25.6,31.6,32.1,30.6,29.6
8/11/17 8:00,8:00,32.1,33.6,34.6,32.6,35.6,40.5,35.6,34.1,34.6,33.1,32.1,32.1,33.1,32.6,38.1,28.1,35.6,36.6,33.1,32.6
8/11/17 9:00,9:00,34.1,34.1,35.6,34.1,38.6,40.5,37.6,36.1,34.6,33.6,34.6,34.6,35.1,35.1,39.1,33.1,44.1,36.6,34.1,35.6
8/11/17 10:00,10:00,35.6,36.6,38.1,42.1,42.1,41.5,37.6,37.6,38.1,35.1,37.1,35.6,36.1,36.6,40.1,35,42.6,40.1,38.6,38.1
8/11/17 11:00,11:00,36.1,38.6,39.1,39.1,44.6,41.5,39.1,40.1,39.1,36.6,37.6,38.1,37.1,37.1,39.1,36.5,38.1,40.1,39.6,39.6
8/11/17 12:00,12:00,37.6,39.1,41.1,39.1,45.6,42.5,40.1,41.6,39.6,38.1,39.1,39.6,38.6,39.1,42.5,38,40.1,43.6,40.6,39.6
8/11/17 13:00,13:00,39.1,42.6,40.6,40.6,47.6,41.5,40.6,40.6,40.1,39.1,40.1,39.6,39.1,38.6,42.5,39,41.1,45.1,39.6,40.1
8/11/17 14:00,14:00,42.6,43.6,42.1,41.6,46.6,41,39.6,41.1,41.6,39.6,41.1,43.1,40.6,39.6,47,40,42.1,47.6,45.5,40.6
8/11/17 15:00,15:00,40.6,41.6,43.6,41.1,49.6,40,39.6,40.1,41.6,40.1,40.6,41.6,39.1,40.6,39.1,41,43.6,46.1,42.1,42.1
8/11/17 16:00,16:00,41.6,46.6,42.1,43.5,51.6,39.5,39.1,42.1,43.1,41.1,42.1,42.1,40.1,46.1,37.1,41,42.6,44.1,45.1,40.6
8/11/17 17:00,17:00,41.1,41.1,45.6,43.5,45.1,38,38.6,42.1,42.6,40.6,42.6,41.6,41.6,43.1,27.1,41.5,43.1,46.6,48.5,40.6
8/11/17 18:00,18:00,41.6,41.1,43.1,43.5,39.6,36.1,37.6,41.1,41.1,39.6,41.6,41.6,39.6,40.6,31.1,42.5,43.1,43.6,40.6,40.1
8/11/17 19:00,19:00,38.6,38.6,40.6,38.1,38.6,36.6,36.1,39.6,38.1,37.6,39.6,39.6,38.6,38.6,31.6,41,40.6,40.1,39.6,38.6
8/11/17 20:00,20:00,38.1,37.6,38.6,34.6,37.6,34.6,37.1,38.6,37.6,38.1,38.6,38.1,38.1,36.1,32.1,36,38.6,38.6,38.1,37.6
8/11/17 21:00,21:00,37.1,36.6,37.6,32.6,37.1,34.6,36.1,37.6,37.6,37.1,37.6,37.1,36.6,35.6,31.6,34,38.1,37.1,37.6,36.1
8/11/17 22:00,22:00,35.6,34.1,36.1,31.1,36.1,34.6,34.6,36.6,36.1,36.1,36.1,36.1,34.6,34.1,31.1,33.6,36.6,36.1,36.1,35.6
8/11/17 23:00,23:00,34.6,34.6,35.1,30.1,35.1,34.1,34.1,35.1,35.1,36.1,35.1,36.1,35.1,33.1,31.1,33.6,36.1,37.1,35.1,34.1
8/12/17 0:00,0:00,33.1,34.1,34.1,29.6,34.6,33.1,33.1,34.1,34.6,35.6,34.1,35.6,34.1,32.6,32.6,33.6,35.1,36.1,35.6,32.6
8/12/17 1:00,1:00,32.6,32.6,33.6,31.1,33.6,31.6,32.6,33.1,34.6,34.6,33.1,34.6,33.1,32.1,31.1,32.1,35.1,35.6,34.1,32.1
8/12/17 2:00,2:00,31.6,31.1,32.6,29.1,34.1,31.1,32.1,32.6,33.1,33.6,32.1,33.6,32.1,31.1,30.1,31.1,34.1,34.1,34.1,31.6
8/12/17 3:00,3:00,31.6,30.6,32.1,28.6,33.1,28.1,31.1,32.1,33.1,33.1,31.6,33.1,31.6,31.1,30.6,31.1,34.1,33.6,34.1,31.6
8/12/17 4:00,4:00,32.6,30.1,31.6,28.6,31.1,26.1,30.1,32.6,32.1,32.6,33.1,32.6,32.1,31.1,32.6,30.1,33.1,33.1,34.1,31.1
8/12/17 5:00,5:00,31.6,28.6,32.1,31.6,32.1,27.6,31.1,32.1,32.1,31.1,32.1,23.6,32.1,31.6,34.1,31.6,33.1,28.1,32.1,31.6
8/12/17 6:00,6:00,30.1,29.1,31.1,30.6,31.6,28.1,31.6,30.1,31.1,30.6,30.6,26.6,30.1,31.1,34.6,25.6,32.1,29.6,30.6,31.6
8/12/17 7:00,7:00,30.6,29.1,31.6,29.6,32.6,30.1,33.6,31.1,29.6,29.6,31.1,27.1,31.1,30.6,35.6,28.6,31.6,30.1,31.1,30.6
8/12/17 8:00,8:00,31.1,29.1,31.6,30.6,34.1,37.1,35.1,31.6,29.6,29.1,32.1,27.6,31.6,32.6,35.6,28.6,31.6,30.1,31.6,37.1
8/12/17 9:00,9:00,32.1,30.1,33.1,33.6,36.1,35.6,36.6,32.1,31.1,30.1,33.6,28.6,32.1,33.6,36.6,31.6,34.1,31.6,32.1,36.1
8/12/17 10:00,10:00,33.6,33.6,34.6,39.1,38.6,37.1,38.1,34.6,34.6,33.1,35.1,33.1,33.6,34.1,37.6,32.6,36.6,36.1,37.1,35.6
8/12/17 11:00,11:00,34.6,36.6,36.1,36.1,41.6,38,39.6,36.6,35.1,34.6,36.1,35.1,35.1,35.6,39.1,34.5,35.6,37.6,37.1,36.6
8/12/17 12:00,12:00,35.6,37.6,37.1,37.6,43.1,40,40.1,38.6,36.6,36.1,37.1,36.1,37.6,36.6,39.6,35.5,36.6,38.1,37.1,37.6
8/12/17 13:00,13:00,37.6,41.1,39.6,38.1,44.1,39,38.6,38.6,38.1,37.1,38.1,36.6,38.1,37.1,40.6,37,38.6,42.1,39.1,39.1
8/12/17 14:00,14:00,40.1,40.1,39.1,39.6,45.6,38.5,39.1,39.1,39.6,38.1,39.6,39.6,38.6,38.1,43,37.5,39.6,42.6,42.6,38.6
8/12/17 15:00,15:00,41.6,40.1,43.1,41.1,47.6,38.5,38.6,39.6,40.1,39.6,40.6,39.1,38.6,39.6,38.1,39,40.6,42.6,46,40.1
8/12/17 16:00,16:00,41.6,41.6,42.1,41.6,49.6,38,38.6,40.1,41.1,39.6,41.1,40.6,38.6,45.1,35.1,40,42.1,43.6,43.6,40.1
8/12/17 17:00,17:00,40.1,39.6,42.6,44,43.6,38,38.1,41.1,42.1,38.6,41.1,40.1,39.1,41.1,27.1,40,41.6,42.1,47.5,39.6
8/12/17 18:00,18:00,40.6,39.6,40.6,41.1,39.1,35.6,37.1,39.6,40.1,38.6,40.1,39.6,38.1,39.6,32.1,40.5,41.1,42.1,39.6,39.1
8/12/17 19:00,19:00,38.1,38.1,39.1,38.1,38.6,35.1,36.1,38.6,37.6,37.1,39.1,38.1,37.6,37.6,29.6,38.5,39.1,38.6,38.6,38.1
8/12/17 20:00,20:00,37.1,35.6,38.1,34.1,35.6,34.1,35.6,37.6,37.1,36.6,37.1,37.6,36.6,36.1,28.6,35,37.6,37.6,37.1,36.6
8/12/17 21:00,21:00,36.1,35.1,37.6,32.6,31.1,24.1,35.1,36.1,36.6,36.6,36.1,37.1,35.6,34.1,28.6,34,37.6,37.1,36.6,34.1
8/12/17 22:00,22:00,32.6,34.1,33.6,32.6,28.6,26.1,34.1,33.1,35.6,35.6,32.1,28.6,33.6,32.1,26.6,34.5,35.6,35.1,31.6,32.1
8/12/17 23:00,23:00,30.1,24.6,31.1,30.6,30.1,25.1,34.1,29.1,30.6,30.1,29.1,25.6,30.1,30.1,25.6,30.1,31.1,31.1,26.6,29.6
8/13/17 0:00,0:00,26.6,26.1,25.1,24.1,25.1,24.6,33.1,28.1,29.1,28.1,27.6,25.6,27.1,28.1,25.6,26.6,24.6,26.6,26.6,26.6
8/13/17 1:00,1:00,25.1,25.6,27.1,25.6,25.1,24.6,31.6,28.6,27.6,27.1,29.1,25.1,27.6,29.1,26.1,27.1,26.6,27.1,27.1,28.1
8/13/17 2:00,2:00,25.1,24.6,24.6,25.1,26.1,24.1,30.6,23.6,25.1,24.6,27.6,25.1,24.1,27.1,26.1,26.1,24.1,23.6,25.1,26.1
8/13/17 3:00,3:00,24.1,24.6,25.1,24.6,26.1,24.6,30.1,23.1,25.1,24.1,24.1,24.6,23.1,26.1,25.6,25.6,24.1,23.1,23.6,24.6
8/13/17 4:00,4:00,24.1,24.1,25.1,24.6,26.1,24.1,29.6,24.6,25.1,24.1,24.6,24.1,24.6,26.1,26.1,25.6,24.6,23.6,25.1,25.1
8/13/17 5:00,5:00,24.1,24.6,25.1,23.6,25.6,24.6,30.6,25.1,25.6,25.1,25.1,25.1,25.1,25.6,29.6,25.6,25.1,24.1,25.1,24.1
8/13/17 6:00,6:00,24.6,24.1,24.6,23.6,26.6,26.6,32.1,25.1,24.6,24.6,25.1,24.1,25.1,24.6,31.6,25.1,25.1,24.1,25.1,23.6
8/13/17 7:00,7:00,24.1,25.1,24.6,24.1,27.6,29.1,34.1,25.1,25.6,25.1,25.1,25.6,24.6,24.6,33.1,25.6,25.6,24.6,25.6,23.6
8/13/17 8:00,8:00,25.1,26.6,25.6,25.1,29.6,37.6,36.6,25.6,27.1,26.6,26.1,26.6,25.6,24.6,33.6,25.6,26.6,26.6,26.6,24.6
8/13/17 9:00,9:00,28.6,28.6,28.1,27.6,32.1,37.6,38.1,30.1,29.1,28.1,27.6,30.1,29.1,26.6,35.1,29.1,35.1,30.1,28.6,30.1
8/13/17 10:00,10:00,29.1,32.1,32.1,33.6,35.6,36.6,40.6,32.1,33.1,31.1,31.1,32.1,31.6,30.1,36.1,30.6,38.6,33.1,37.6,32.6
8/13/17 11:00,11:00,30.6,34.6,34.1,33.6,38.6,36.6,41.1,34.6,35.6,33.1,32.6,33.1,33.1,31.6,37.6,32.1,33.1,36.1,35.1,33.6
8/13/17 12:00,12:00,33.1,37.1,35.1,35.1,40.1,36.6,41.1,36.1,36.1,34.1,34.6,34.1,36.1,33.1,37.6,34,34.6,39.1,36.6,36.1
8/13/17 13:00,13:00,35.6,39.1,38.1,35.6,41.1,37.6,40.6,35.6,37.1,35.6,36.6,35.6,35.6,35.1,40.1,35,35.6,38.1,37.1,37.1
8/13/17 14:00,14:00,38.1,38.6,38.1,36.6,43.1,37.6,40.6,36.1,38.1,36.1,37.6,39.1,36.6,36.1,43,36,37.1,41.1,42.1,37.6
8/13/17 15:00,15:00,38.6,37.6,40.1,38.6,45.6,37.1,40.1,37.6,39.6,37.1,38.6,38.1,37.1,37.1,36.1,37,38.6,40.6,44.1,38.1
8/13/17 16:00,16:00,39.6,42.6,39.6,40.1,46.6,37.1,40.1,38.1,39.6,37.1,39.1,38.6,37.1,42.1,34.6,38.5,39.6,40.6,43.1,37.6
8/13/17 17:00,17:00,38.1,37.6,40.6,43,42.1,35.6,39.1,38.1,39.6,37.6,39.1,38.1,38.6,38.6,26.6,38.5,39.1,41.1,45.5,37.6
8/13/17 18:00,18:00,38.6,37.1,39.1,40.1,36.6,34.1,38.1,38.1,37.6,36.6,38.1,37.6,36.6,37.6,28.1,39,39.1,38.6,38.1,37.1
8/13/17 19:00,19:00,36.1,36.1,37.6,35.6,36.1,33.6,37.1,36.1,35.6,35.1,37.1,36.1,35.6,35.6,33.1,37,36.6,36.1,37.1,36.1
8/13/17 20:00,20:00,35.6,34.1,36.1,32.1,35.1,33.1,36.6,35.6,35.1,33.6,36.1,35.1,35.1,34.1,33.1,33.6,36.1,35.1,36.1,34.6
8/13/17 21:00,21:00,35.1,33.6,35.6,31.1,35.1,32.6,35.6,34.6,34.6,33.6,35.1,34.6,34.6,33.6,32.1,33.1,35.6,34.1,35.6,34.1
8/13/17 22:00,22:00,34.1,32.6,34.6,30.6,34.6,32.1,34.1,34.1,33.6,33.1,34.6,33.6,33.6,33.1,32.1,32.6,35.1,34.1,35.1,34.1
8/13/17 23:00,23:00,34.1,33.1,34.6,30.6,33.6,31.6,33.1,34.1,33.6,33.1,34.6,33.1,34.1,32.6,31.6,33.1,34.6,33.6,34.6,32.6
8/14/17 0:00,0:00,33.6,32.1,34.1,31.6,32.6,31.1,32.1,33.6,33.1,32.6,34.1,32.6,33.6,32.6,30.6,32.6,34.1,33.1,34.1,32.6
8/14/17 1:00,1:00,32.6,31.1,33.1,30.6,32.6,31.6,31.1,33.1,32.1,31.6,33.6,32.1,33.1,31.6,30.1,32.1,33.1,32.6,33.1,31.1
8/14/17 2:00,2:00,31.6,31.1,32.1,31.1,30.6,30.6,30.6,32.1,32.1,31.6,32.1,32.1,32.1,31.6,29.1,31.6,32.6,31.6,33.1,30.6
8/14/17 3:00,3:00,32.1,31.1,32.1,31.1,29.6,28.6,29.6,32.1,32.1,31.6,31.6,31.6,32.1,31.1,31.1,31.1,32.6,31.6,32.6,30.6
8/14/17 4:00,4:00,31.1,26.1,31.1,29.6,29.1,28.1,29.6,30.6,30.1,29.1,30.6,29.6,30.6,30.1,32.1,30.1,31.1,26.6,31.6,30.1
8/14/17 5:00,5:00,30.1,28.1,29.6,28.6,30.1,32.1,30.6,29.6,29.1,28.6,30.6,28.6,29.6,29.6,34.1,28.6,29.6,27.6,30.6,28.6
8/14/17 6:00,6:00,29.1,28.1,28.6,27.6,30.6,34.1,32.1,29.1,28.1,28.1,29.6,28.1,29.1,28.6,35.1,28.6,30.1,28.1,30.1,28.6
8/14/17 7:00,7:00,30.6,28.6,29.6,28.6,32.1,36.6,34.6,29.6,29.1,28.1,30.1,29.1,29.6,29.6,35.6,29.1,33.1,30.1,30.1,29.1
8/14/17 8:00,8:00,31.1,30.1,33.1,29.6,34.1,39,36.6,32.6,33.1,30.1,32.1,31.1,32.1,32.6,36.1,30.6,34.1,33.1,31.6,34.6
8/14/17 9:00,9:00,32.6,33.6,34.1,31.6,36.1,37.6,39.1,34.1,33.6,32.6,33.1,33.6,34.1,33.1,36.1,32.6,39.1,34.6,32.1,33.6
8/14/17 10:00,10:00,33.6,35.1,35.6,36.1,39.1,38.5,40.6,35.1,35.1,34.1,35.1,34.1,35.6,34.6,37.1,34,40.6,36.6,39.1,35.1
8/14/17 11:00,11:00,34.1,37.6,37.1,37.1,41.1,40,41.6,37.6,35.6,34.6,35.6,36.1,36.1,35.6,39.1,35,36.6,37.1,37.6,36.1
8/14/17 12:00,12:00,35.1,39.1,38.1,37.6,42.1,39,42.5,38.6,37.6,35.6,38.1,36.6,37.1,36.1,40.1,36.5,38.1,38.1,36.6,37.1
8/14/17 13:00,13:00,37.6,39.6,39.1,38.1,43.6,38.5,41.1,38.1,38.1,36.6,37.6,37.1,37.6,37.1,41.1,37.5,38.6,42.1,38.6,38.6
8/14/17 14:00,14:00,40.1,40.1,40.6,37.6,44.1,39,40.6,38.6,39.6,37.1,40.1,39.1,39.1,37.6,41.6,37.5,39.6,42.1,41.6,39.1
8/14/17 15:00,15:00,40.6,39.6,41.1,41.6,45.6,38.5,40.6,39.1,40.1,39.1,39.6,39.1,38.6,39.1,37.1,38.5,40.6,44.6,45.1,39.6
8/14/17 16:00,16:00,40.1,41.1,41.1,41.6,45.1,38,40.6,38.6,40.6,39.1,40.6,39.6,38.1,44.1,35.6,39.5,40.6,41.6,44.6,39.6
8/14/17 17:00,17:00,39.1,39.6,41.6,43.5,42.1,37.1,39.6,39.1,40.6,38.1,40.1,39.6,38.6,40.6,25.1,40,40.6,42.1,47,39.1
8/14/17 18:00,18:00,39.6,39.1,40.1,41.6,38.1,35.1,38.6,39.1,39.1,38.1,39.1,39.1,38.1,39.1,32.6,40.5,40.1,40.6,39.1,38.6
8/14/17 19:00,19:00,37.1,37.6,38.6,37.6,36.6,33.1,37.1,38.1,37.6,37.6,38.6,37.6,37.1,36.6,34.1,39.5,38.1,37.6,38.6,37.1
8/14/17 20:00,20:00,36.6,36.1,37.1,36.6,35.6,32.1,35.6,36.6,36.6,36.6,37.1,36.6,36.1,34.6,30.6,36,37.1,36.1,37.6,35.6
8/14/17 21:00,21:00,35.6,33.1,35.6,31.6,35.1,31.6,34.6,35.1,35.6,35.1,36.1,35.6,34.1,33.6,29.6,32.6,36.1,34.6,35.1,34.1
8/14/17 22:00,22:00,35.1,31.6,35.1,31.6,34.1,31.1,34.6,34.1,34.1,34.6,36.1,34.1,33.1,34.1,31.1,31.6,34.6,33.6,35.6,34.1
8/14/17 23:00,23:00,34.6,31.6,35.1,34.1,33.1,29.1,33.1,35.6,34.6,34.6,34.1,33.6,34.6,32.1,31.1,34,34.6,33.1,35.1,32.1
8/15/17 0:00,0:00,32.1,30.1,33.1,28.6,32.6,28.6,32.1,33.6,32.6,32.6,33.1,32.1,32.1,30.6,29.6,31.1,33.6,33.6,34.1,30.6
8/15/17 1:00,1:00,31.6,29.1,31.6,26.6,31.6,28.6,31.1,32.6,32.1,32.6,30.1,31.1,31.6,28.6,29.1,28.6,32.6,33.1,32.6,30.1
8/15/17 2:00,2:00,31.6,28.6,30.6,28.1,31.1,27.6,30.6,32.1,31.1,31.1,32.1,30.6,31.6,30.1,28.1,31.1,31.6,31.6,32.1,30.1
8/15/17 3:00,3:00,31.1,28.1,29.6,27.1,29.6,28.1,30.1,30.6,30.6,30.6,31.6,30.1,30.1,29.1,30.6,28.6,31.6,31.1,31.6,28.1
8/15/17 4:00,4:00,29.6,27.6,29.1,28.1,29.1,27.1,30.6,29.1,30.1,30.1,30.6,29.6,30.1,29.6,33.1,27.6,30.1,31.1,30.6,28.6
8/15/17 5:00,5:00,28.1,26.6,28.6,26.1,29.1,34.1,31.1,28.6,29.1,28.6,29.1,29.1,29.1,28.6,35.1,27.6,29.6,29.1,30.6,28.6
8/15/17 6:00,6:00,27.1,26.6,27.6,25.1,30.6,34.6,33.1,28.6,28.6,28.1,27.6,28.1,28.6,27.1,35.1,22.1,29.6,28.6,29.1,28.6
8/15/17 7:00,7:00,29.1,28.6,29.1,28.1,31.6,32.1,35.6,30.1,32.1,29.1,29.1,33.1,29.6,28.1,35.1,24.1,34.1,31.1,29.6,28.1
8/15/17 8:00,8:00,30.6,31.1,34.1,30.1,33.6,25.1,37.6,32.6,33.6,30.6,31.1,31.1,32.1,31.6,35.6,28.6,41.1,33.1,31.1,38.1
8/15/17 9:00,9:00,32.1,32.6,33.6,32.1,35.6,28.6,40.1,34.6,33.1,32.1,32.6,24.6,34.1,32.6,36.1,31.6,40.1,34.1,32.6,33.6
8/15/17 10:00,10:00,32.6,28.6,35.6,37.1,38.6,27.6,41.6,37.1,35.1,34.1,35.1,26.6,34.6,33.6,36.6,33.1,42.1,36.6,39.1,35.1
8/15/17 11:00,11:00,33.1,27.6,36.1,36.6,41.6,27.6,42.5,37.6,36.6,32.1,36.1,26.6,36.1,34.6,38.1,34,37.1,37.6,37.1,37.1
8/15/17 12:00,12:00,34.6,28.1,37.6,37.6,42.1,26.6,43,36.6,28.6,28.1,37.1,27.6,36.6,35.6,38.6,35.5,37.6,40.1,37.6,37.6
8/15/17 13:00,13:00,36.6,28.1,37.1,37.6,42.6,25.1,42.5,37.6,27.6,27.6,37.1,27.1,37.6,36.1,39.1,36.5,38.1,42.1,38.1,38.1
8/15/17 14:00,14:00,39.1,26.1,38.6,38.6,45.1,24.6,42.5,38.1,26.1,25.1,38.1,24.6,40.1,37.1,40.1,36.5,39.6,41.6,40.6,38.1
8/15/17 15:00,15:00,40.1,25.1,39.6,40.1,45.1,24.1,42.1,38.6,25.1,24.6,39.6,24.1,38.1,38.1,35.6,38,39.6,41.6,45.5,38.6
8/15/17 16:00,16:00,40.1,24.6,40.1,40.6,45.1,23.6,41.6,38.1,24.6,24.1,39.6,24.1,37.6,43.6,33.6,38.5,40.6,43.6,45.1,38.6
8/15/17 17:00,17:00,38.6,24.1,40.6,44.5,40.6,24.1,41.1,38.6,24.1,23.6,39.1,23.6,38.1,39.6,21.6,38.5,40.1,42.6,44.1,38.6
8/15/17 18:00,18:00,38.1,24.1,38.6,39.6,36.1,24.1,39.6,38.1,24.1,23.6,38.1,23.6,37.1,37.1,24.6,39,39.6,41.1,38.1,37.1
8/15/17 19:00,19:00,36.1,24.1,37.6,35.1,34.6,24.1,38.6,36.6,24.1,24.1,37.1,24.1,35.6,35.1,27.1,37.5,36.6,37.1,37.1,36.1
8/15/17 20:00,20:00,34.1,24.1,34.6,31.1,34.6,24.1,38.1,34.6,24.1,24.1,34.1,24.1,33.6,31.6,26.6,32.1,34.6,36.1,35.1,34.1
8/15/17 21:00,21:00,33.1,24.6,32.6,28.1,32.6,24.1,37.1,33.1,24.1,24.1,33.1,24.1,32.1,31.1,25.6,30.1,33.1,33.1,34.6,32.6
8/15/17 22:00,22:00,32.6,24.6,32.6,26.1,31.1,24.1,36.1,33.6,24.1,24.1,33.1,24.1,32.6,29.1,25.6,29.1,32.6,33.6,33.6,30.6
8/15/17 23:00,23:00,29.6,24.6,29.6,25.6,32.1,24.1,35.1,29.6,24.1,24.1,29.6,24.1,29.6,27.6,25.1,27.1,30.6,30.1,31.6,27.1
, ,,,,,,,,,,,,,,,,,,,,
, ,,,,,,,,,,,,,,,,,,,,
, ,,,,,,,,,,,,,,,,,,,,