Date - Time,hour,H16,H17,H18,H19,H20,L16 ,L17,L18,L19,L20,M16,M17,M18,M19,M20,VH16,VH17,VH18,VH19,VH20,VL16,VL17,VL18,VL19,VL20
6/19/17 23:59,0:00,27.1,27.1,27,27.6,27.1,27.6,27.6,27.7,27.1,27.6,26.6,27.1,27.1,27.1,27.1,27.1,27.2,27.1,27.1,27.1,27.1,26.6,27.1,27,27.1
6/20/17 0:59,1:00,26.6,27.1,26.5,27.6,27.1,27.6,27.1,27.2,27.1,27.1,26.6,27.1,27.1,27.1,27.1,27.1,27.2,27.1,27.1,27.1,27.1,26.6,27.1,27,27.1
6/20/17 1:59,2:00,26.6,26.6,26.5,27.6,27.1,27.6,27.1,27.2,27.1,27.1,26.6,27.1,27.1,26.6,27.1,26.6,27.2,27.1,27.1,27.1,27.1,26.6,26.6,26.5,27.1
6/20/17 2:59,3:00,26.6,26.6,26.5,27.6,26.6,27.6,27.1,27.2,27.1,27.1,26.6,27.1,26.6,26.6,26.6,26.6,27.2,26.6,27.1,27.1,27.1,26.6,26.6,26.5,27.1
6/20/17 3:59,4:00,26.6,26.6,26.5,27.1,26.6,27.1,27.1,27.2,26.6,27.1,26.6,27.1,26.6,26.6,26.6,26.6,26.7,26.6,27.1,27.1,26.6,26.1,26.6,26.5,27.1
6/20/17 4:59,5:00,26.6,26.6,26.5,27.1,26.6,27.1,27.1,26.7,26.6,26.6,26.1,26.6,26.6,26.6,26.6,26.6,26.7,26.6,27.1,27.1,26.6,26.1,26.6,26.5,26.6
6/20/17 5:59,6:00,26.1,26.6,26,27.1,26.6,27.1,26.6,26.7,26.6,26.6,26.1,26.6,26.6,26.6,26.6,26.6,26.7,26.6,26.6,26.6,26.6,26.1,26.6,26.5,26.6
6/20/17 6:59,7:00,26.1,26.1,26,27.1,26.6,27.1,27.1,26.7,26.6,26.6,26.1,26.6,26.6,26.6,26.6,26.6,27.2,26.6,27.1,27.1,26.6,26.1,26.6,26.5,26.6
6/20/17 7:59,8:00,27.1,27.1,26.5,27.6,27.1,27.6,28.6,27.7,28.1,27.6,27.6,27.6,27.6,28.1,27.6,28.1,28.7,28.1,28.6,28.6,27.6,27.1,27.1,27.5,27.1
6/20/17 8:59,9:00,27.6,27.6,27.5,28.1,28.1,28.1,29.1,28.2,28.6,28.1,28.1,28.1,28.1,29.1,28.6,28.6,30.2,29.1,29.6,29.6,28.1,27.6,28.1,28.5,28.1
6/20/17 9:59,10:00,28.1,28.1,28,28.1,28.1,28.6,29.6,28.7,28.6,28.6,28.6,28.6,28.6,29.1,29.1,29.1,29.7,29.1,29.6,29.6,28.6,28.1,28.6,28.5,28.6
6/20/17 10:59,11:00,28.1,28.1,28,28.6,28.6,28.6,29.6,29.2,29.1,28.6,28.6,28.6,29.1,29.1,29.1,29.1,29.7,29.6,29.6,29.6,28.6,28.6,28.6,29,28.6
6/20/17 11:59,12:00,27.1,27.6,27.5,28.1,27.6,28.1,28.1,28.2,28.1,28.1,27.6,28.1,28.1,28.1,28.1,28.1,28.2,28.1,28.6,28.6,27.6,27.6,27.6,27.5,28.1
6/20/17 12:59,13:00,27.1,27.1,27,27.6,27.1,27.6,27.6,27.7,27.6,27.6,27.1,27.6,27.6,27.6,27.6,27.6,27.7,27.6,28.1,28.1,27.1,27.1,27.1,27,27.6
6/20/17 13:59,14:00,27.1,27.1,27,27.6,27.1,27.6,27.6,27.7,27.6,27.6,27.1,27.6,27.1,27.6,27.6,27.6,28.2,27.6,28.1,28.1,27.1,27.1,27.1,27,27.6
6/20/17 14:59,15:00,27.1,27.1,27,27.6,27.1,27.6,27.6,27.7,27.6,27.6,27.1,27.6,27.1,27.6,27.6,27.6,27.7,27.6,27.6,28.1,27.1,27.1,27.1,27,27.6
6/20/17 15:59,16:00,26.6,27.1,26.5,27.6,27.1,27.6,27.6,27.2,27.1,27.6,26.6,27.1,27.1,27.1,27.1,27.1,27.2,27.1,27.1,27.6,27.1,26.6,27.1,27,27.1
6/20/17 16:59,17:00,27.1,27.1,26.5,27.6,27.1,27.6,27.6,27.2,27.1,27.6,27.1,27.1,27.1,27.1,27.1,27.1,27.7,27.1,27.6,27.6,27.1,26.6,27.1,27,27.1
6/20/17 17:59,18:00,27.1,27.1,26.5,27.6,27.1,27.6,27.6,27.2,27.1,27.1,26.6,27.1,27.1,27.1,27.1,27.1,27.7,27.1,27.1,27.6,27.1,26.6,27.1,27,27.1
6/20/17 18:59,19:00,26.1,26.6,26.5,27.6,26.6,27.1,27.6,27.7,27.6,27.6,27.1,27.6,27.1,27.6,27.6,26.6,27.2,27.1,27.6,27.6,27.1,27.1,27.1,27,27.6
6/20/17 19:59,20:00,23.6,24.1,24.5,25.1,24.1,24.6,25.1,25.2,25.1,25.1,24.6,25.6,25.1,24.6,25.1,24.1,24.7,24.6,25.1,25.1,24.6,24.6,25.1,24,25.1
6/20/17 20:59,21:00,21.6,22.1,22,22.6,22.1,23.1,23.1,23.2,22.6,23.1,22.6,23.1,22.6,22.6,22.6,22.1,22.2,22.1,22.6,22.6,22.1,22.1,22.6,22,22.6
6/20/17 21:59,22:00,20.6,21.1,21,21.6,20.6,21.6,21.6,21.7,21.6,21.6,21.1,21.6,21.6,21.1,21.6,20.6,20.7,21.1,21.6,21.1,21.1,21.1,21.1,21,21.6
6/20/17 22:59,23:00,20.1,20.6,20,20.6,20.1,21.1,21.1,21.2,20.6,21.1,20.1,20.6,20.6,20.6,20.6,20.1,20.2,20.6,20.6,20.6,20.6,20.1,20.1,20.5,20.6
6/20/17 23:59,0:00,20.1,20.1,20,20.6,20.6,20.6,21.1,20.6,20.6,20.6,20.1,20.6,20.6,20.6,20.6,20.6,20.7,20.6,20.6,20.6,20.6,20.1,20.1,20.5,20.6
6/21/17 0:59,1:00,20.1,20.1,20,21.1,20.6,20.6,21.1,20.6,20.6,20.6,20.1,20.6,20.6,20.6,20.6,20.6,20.7,20.6,21.1,20.6,20.6,20.1,20.6,20.5,20.6
6/21/17 1:59,2:00,20.1,20.1,20,21.1,20.6,20.6,21.1,20.6,20.6,20.6,20.1,20.6,20.6,20.6,20.6,20.6,20.7,20.6,21.1,20.6,20.6,20.1,20.6,20.5,20.6
6/21/17 2:59,3:00,20.1,20.1,20,20.6,20.1,20.6,20.6,20.6,20.6,20.6,20.1,20.6,20.6,20.6,20.6,20.6,20.7,20.6,20.6,20.6,20.6,20.1,20.1,20.5,20.6
6/21/17 3:59,4:00,19.6,20.1,20,20.6,20.1,20.6,20.6,20.6,20.1,20.6,20.1,20.1,20.1,20.1,20.1,20.1,20.2,20.1,20.6,20.6,20.1,20.1,20.1,20,20.1
6/21/17 4:59,5:00,19.1,19.6,19.5,20.1,19.6,20.1,20.1,20.1,19.6,20.1,19.6,20.1,20.1,19.6,20.1,19.6,19.7,20.1,20.1,20.1,19.6,19.6,19.6,19.5,20.1
6/21/17 5:59,6:00,19.1,19.1,19,19.6,19.1,19.6,19.6,19.6,19.6,19.6,19.1,19.6,19.6,19.6,19.6,19.1,19.7,19.6,19.6,19.6,19.6,19.1,19.6,19.5,19.6
6/21/17 6:59,7:00,18.6,19.1,18.5,19.6,19.1,19.6,19.1,19.1,19.1,19.1,19.1,19.1,19.1,19.1,19.1,19.1,19.2,19.1,19.6,19.1,19.1,18.6,19.1,19,19.1
6/21/17 7:59,8:00,16.6,17.1,17.5,17.6,17.6,17.6,18.6,18.1,17.6,17.6,18.1,18.1,18.6,19.1,18.6,19.1,19.7,19.1,19.6,19.1,18.1,18.1,18.1,18.5,18.1
6/21/17 8:59,9:00,19.6,19.6,19.5,19.6,20.1,19.6,21.6,20.6,20.6,20.6,23.6,23.1,24.1,23.6,22.6,22.1,23.7,22.6,22.6,23.1,21.1,20.6,21.1,21.5,20.6
6/21/17 9:59,10:00,23.6,23.6,23,23.6,24.1,13.6,22.1,21.7,21.1,21.1,16.1,23.1,22.6,23.1,22.6,16.6,24.2,23.1,23.6,23.6,22.1,21.6,22.1,22.5,22.1
6/21/17 10:59,11:00,25.1,22.1,22,22.6,22.6,17.1,22.1,21.7,21.6,21.6,25.6,22.6,24.6,25.1,23.6,17.6,23.7,23.1,23.1,23.1,23.1,23.1,23.1,22.5,23.1
6/21/17 11:59,12:00,21.6,22.1,22.5,23.1,22.6,21.1,23.6,23.7,23.1,23.1,28.1,23.1,23.1,23.6,22.6,18.6,24.7,24.1,23.6,23.6,23.6,23.1,23.6,23.5,24.1
6/21/17 12:59,13:00,21.6,24.6,25,25.1,24.1,22.6,25.1,25.7,24.6,25.1,28.1,24.1,24.1,24.6,23.6,20.1,26.2,25.6,25.1,25.6,25.1,24.6,25.1,25,25.1
6/21/17 13:59,14:00,22.1,26.1,26,26.6,26.6,25.1,27.1,26.7,26.6,26.6,30.1,27.1,27.1,26.6,27.1,20.6,27.2,27.1,27.1,27.1,23.6,27.1,28.1,27.5,27.1
6/21/17 14:59,15:00,23.6,24.6,24.5,25.1,25.1,26.1,26.1,26.2,26.1,26.1,29.1,26.6,27.1,26.6,26.6,21.6,25.7,25.1,25.1,25.6,25.6,26.6,24.1,26.5,24.6
6/21/17 15:59,16:00,23.6,29.1,28,28.1,29.6,27.1,29.6,28.7,30.1,29.1,27.6,31.1,31.6,31.1,30.6,22.6,27.7,26.6,27.1,26.6,27.1,29.1,23.1,30.5,25.1
6/21/17 16:59,17:00,23.6,27.6,27.5,28.1,28.1,27.6,27.6,28.7,27.1,27.6,26.6,28.1,28.6,29.1,28.6,21.6,23.7,29.1,29.1,30.1,25.6,27.1,23.1,27,25.6
6/21/17 17:59,18:00,23.6,26.1,26,26.6,26.6,26.6,25.6,26.2,25.6,26.1,25.1,26.1,26.6,26.6,26.6,21.1,23.7,26.6,24.1,27.1,26.1,25.1,22.6,25.5,24.6
6/21/17 18:59,19:00,22.1,26.6,26,26.6,26.6,25.6,26.6,26.2,26.1,26.1,23.1,27.6,21.6,27.6,27.1,20.1,23.2,26.6,22.6,27.1,28.6,25.6,22.6,26,23.6
6/21/17 19:59,20:00,20.6,26.1,26,27.1,26.1,24.1,26.6,26.7,26.6,26.6,20.6,26.1,20.1,26.1,26.1,19.6,22.2,26.6,21.1,26.6,22.1,26.1,21.6,26.5,22.1
6/21/17 20:59,21:00,18.6,24.6,25,25.6,24.6,19.6,25.1,24.7,25.1,25.1,18.6,24.1,18.6,24.6,24.1,18.1,19.7,23.1,19.1,23.6,20.6,23.6,19.6,24,19.6
6/21/17 21:59,22:00,16.1,22.6,23,23.6,22.6,17.1,23.6,23.2,23.6,23.6,16.1,23.1,17.1,23.1,23.1,16.1,17.7,22.1,17.6,22.6,18.6,22.1,17.6,22.5,17.6
6/21/17 22:59,23:00,14.6,21.6,21.5,22.1,22.1,15.6,22.1,21.7,21.6,21.6,14.1,22.1,15.6,22.1,22.1,15.1,16.2,22.1,16.1,22.6,17.1,21.1,16.6,21.5,16.1
6/21/17 23:59,0:00,14.6,21.1,20.5,21.6,21.1,15.1,21.6,21.2,21.1,21.1,14.1,21.6,14.6,21.1,21.1,14.6,15.6,21.6,15.1,21.6,16.1,20.6,15.6,21,15.1
6/22/17 0:59,1:00,13.6,20.6,20.5,21.1,20.6,14.6,21.1,20.6,20.6,21.1,13.1,21.1,13.1,21.1,20.6,14.1,14.6,21.1,14.1,21.1,15.6,20.6,14.6,21,14.6
6/22/17 1:59,2:00,12.6,20.1,20.5,21.1,20.6,13.6,21.1,20.6,20.6,20.6,12.1,20.6,12.1,20.6,20.6,13.6,14.6,20.6,13.1,21.1,14.6,20.1,14.1,20.5,14.1
6/22/17 2:59,3:00,11.1,20.1,20,20.6,20.1,12.6,20.6,20.6,20.6,20.6,10.6,20.6,11.6,20.6,20.1,13,13.6,20.6,12.6,20.6,14.6,20.1,13.6,20.5,14.1
6/22/17 3:59,4:00,11.1,19.6,20,20.6,20.1,12.6,20.6,20.6,20.1,20.6,9.6,20.1,11.1,20.1,20.1,12,13.1,20.1,11.6,20.6,14.1,19.6,13.1,20,13.6
6/22/17 4:59,5:00,10.6,19.6,19.5,20.6,20.1,12.1,20.1,20.1,20.1,20.1,9.6,20.1,10.1,20.1,19.6,11.5,11.6,20.1,11.6,20.1,13.6,19.6,12.6,20,13.1
6/22/17 5:59,6:00,11.1,19.6,19.5,20.1,19.6,12.1,20.1,20.1,19.6,20.1,9.6,19.6,9.6,19.6,19.6,11.5,12.1,19.6,11.1,20.1,13.6,19.1,12.6,19.5,13.1
6/22/17 6:59,7:00,12.1,19.1,19,20.1,19.6,12.6,19.6,19.6,19.6,19.6,11.1,19.6,17.1,19.6,19.1,11.5,13.1,19.6,13.1,19.6,13.6,19.1,15.1,19.5,17.1
6/22/17 7:59,8:00,21.1,19.1,19,19.6,19.1,13.1,19.6,19.6,19.1,19.6,17.1,19.1,27.1,19.1,19.1,13,14.6,19.6,14.6,19.6,14.6,19.1,15.1,19,17.1
6/22/17 8:59,9:00,21.1,18.6,18.5,19.6,19.1,14.6,19.6,19.1,19.1,19.1,18.1,19.1,20.1,19.1,19.1,15.6,16.2,19.1,16.1,19.6,16.1,18.6,16.6,19,19.1
6/22/17 9:59,10:00,26.1,18.6,19,19.6,19.1,16.6,19.6,19.1,19.1,19.1,19.1,19.1,21.1,19.1,19.1,17.6,17.7,19.1,17.6,19.6,17.6,19.1,19.1,19,20.6
6/22/17 10:59,11:00,29.6,19.1,19,19.6,19.1,20.1,19.6,19.6,19.1,19.6,28.1,19.1,23.1,19.1,19.1,20.1,20.2,19.6,19.6,19.6,19.6,19.1,22.6,19.5,22.1
6/22/17 11:59,12:00,24.1,19.1,19,19.6,19.6,24.6,20.1,19.6,19.6,19.6,31.1,19.6,25.1,19.6,19.6,21.6,21.7,19.6,21.1,20.1,23.1,19.1,24.1,19.5,24.6
6/22/17 12:59,13:00,25.1,19.6,19,20.1,19.6,26.6,20.1,19.6,19.6,19.6,31.1,19.6,26.6,19.6,19.6,23.1,23.7,20.1,23.6,20.1,25.6,19.6,26.1,19.5,25.6
6/22/17 13:59,14:00,26.6,19.6,19.5,20.1,20.1,28.6,20.1,19.6,19.6,19.6,33.1,20.1,28.6,20.1,20.1,24.6,25.7,20.1,26.1,20.1,26.1,19.6,28.1,20,28.6
6/22/17 14:59,15:00,27.6,19.6,19.5,20.1,20.1,31.6,20.1,19.6,19.6,19.6,33.6,20.1,30.1,20.1,20.1,26.1,26.7,20.6,28.1,20.6,30.1,19.6,27.6,20,29.6
6/22/17 15:59,16:00,28.1,20.1,19.5,20.6,20.6,32.1,20.6,19.6,20.1,20.1,32.1,20.6,28.1,20.6,20.6,26.6,27.2,20.6,30.6,20.6,31.1,19.6,27.1,20,29.6
6/22/17 16:59,17:00,27.1,20.1,20,20.6,20.6,30.6,20.6,20.1,20.1,20.1,29.6,20.6,27.6,20.6,20.6,25.1,27.2,21.1,29.6,21.1,29.1,20.1,26.6,20.5,29.1
6/22/17 17:59,18:00,27.1,20.6,20,21.1,21.1,30.1,20.6,20.1,20.6,20.1,29.6,21.1,26.1,21.1,21.1,24.1,27.2,21.1,27.6,21.6,29.6,20.1,26.6,20.5,28.6
6/22/17 18:59,19:00,26.1,20.6,20.5,21.1,21.1,29.1,21.1,20.1,20.6,20.6,27.1,21.1,25.1,21.1,21.1,24.1,26.7,21.6,26.6,21.6,31.6,20.1,26.6,21,27.1
6/22/17 19:59,20:00,24.1,21.1,20.5,21.1,21.1,27.6,21.1,20.6,20.6,20.6,24.1,21.1,22.6,21.1,21.1,22.6,25.7,21.6,24.6,21.6,26.1,20.6,25.1,21,25.6
6/22/17 20:59,21:00,22.1,21.1,20.5,21.1,21.6,23.6,21.1,20.6,20.6,20.6,22.1,21.6,21.6,21.6,21.6,21.6,23.7,21.6,22.6,22.1,24.6,20.6,23.6,21,23.6
6/22/17 21:59,22:00,21.1,22.6,22.5,23.1,23.1,22.1,23.1,23.2,22.6,22.6,19.6,22.6,20.1,23.1,23.1,21.1,22.7,23.6,21.6,23.6,23.1,23.1,22.6,23,22.1
6/22/17 22:59,23:00,20.1,23.1,23,23.6,23.6,21.1,23.6,23.7,23.1,23.1,19.1,23.6,18.6,23.6,23.6,20.1,21.2,24.1,20.1,24.1,22.1,23.1,21.1,23.5,21.1
6/22/17 23:59,0:00,19.1,23.1,23,23.6,23.6,20.1,23.6,23.7,23.6,23.6,17.1,23.6,17.6,23.6,23.6,19.1,20.2,24.1,18.6,24.1,21.1,23.1,20.1,23.5,20.6
6/23/17 0:59,1:00,17.6,23.1,23,23.6,23.6,19.1,23.6,23.7,23.6,23.6,15.1,23.6,15.6,23.6,23.6,17.6,19.2,23.6,17.1,24.1,20.1,23.1,19.6,23.5,19.6
6/23/17 1:59,2:00,17.1,23.1,23,23.6,23.1,18.1,23.6,23.2,23.1,23.1,15.1,23.1,14.6,23.1,23.1,17.1,18.2,23.1,16.1,23.6,19.6,23.1,18.6,23,18.6
6/23/17 2:59,3:00,15.6,22.6,22.5,23.1,23.1,18.1,23.1,23.2,22.6,23.1,14.6,23.1,13.6,23.1,22.6,16.1,17.2,23.1,15.1,23.1,18.6,22.6,17.6,23,18.1
6/23/17 3:59,4:00,14.6,22.1,22,23.1,22.6,17.1,22.6,22.7,22.6,22.6,13.6,22.6,13.1,22.6,22.6,15.1,15.6,22.6,14.6,23.1,18.1,22.1,17.1,22.5,17.1
6/23/17 4:59,5:00,13.6,22.1,22,22.6,22.1,16.1,22.6,22.2,22.1,22.1,13.1,22.1,11.6,22.1,22.1,14.6,14.1,22.1,13.6,22.6,17.6,21.6,16.1,22,16.6
6/23/17 5:59,6:00,14.1,21.6,21.5,22.1,22.1,16.1,22.1,22.2,22.1,22.1,12.6,22.1,11.6,21.6,21.6,13.6,13.6,22.1,13.6,22.1,17.1,21.6,15.6,22,16.6
6/23/17 6:59,7:00,14.1,21.1,21,22.1,21.6,15.6,22.1,21.7,21.6,21.6,13.1,21.6,19.6,21.6,21.6,13.6,16.2,21.6,15.6,21.6,17.1,21.1,18.6,21.5,20.1
6/23/17 7:59,8:00,24.6,22.1,21.5,22.6,22.1,17.1,21.6,21.7,21.6,21.6,20.1,22.1,28.6,22.1,22.1,15.6,18.2,22.1,18.1,22.6,18.1,20.6,18.6,21,21.6
6/23/17 8:59,9:00,25.1,20.6,20,21.1,20.6,18.6,20.6,20.6,20.1,20.1,21.6,20.6,23.1,20.1,20.1,19.1,19.2,20.6,19.6,20.6,19.6,19.6,19.6,20,22.6
6/23/17 9:59,10:00,28.1,23.1,22,23.1,23.6,20.6,23.1,22.2,22.1,22.1,23.1,22.1,26.1,22.1,23.1,21.1,21.2,23.1,21.6,23.6,21.6,21.6,22.1,22.5,25.1
6/23/17 10:59,11:00,31.6,25.1,24.5,25.1,25.6,24.6,25.6,24.2,24.6,24.6,33.6,24.1,27.1,24.1,24.6,24.1,23.7,24.6,23.6,25.1,24.1,24.1,26.6,25,26.6
6/23/17 11:59,12:00,29.1,27.6,27.5,27.6,27.6,30.1,28.1,26.7,27.6,27.1,35.1,26.6,29.6,26.6,27.6,26.1,25.7,26.6,25.6,27.1,27.1,27.6,29.1,28.5,28.6
6/23/17 12:59,13:00,30.1,25.6,25.5,25.6,26.1,32.1,30.1,27.2,27.1,27.1,37.1,26.6,32.1,28.6,26.6,28.1,27.7,26.6,28.6,27.1,29.6,26.1,31.1,27.5,31.1
6/23/17 13:59,14:00,31.1,33.6,30,34.1,33.1,34.1,32.1,33.1,32.6,33.1,37.6,30.1,34.1,31.1,31.6,29.1,30.2,32.6,31.1,33.6,32.1,33.6,32.1,33.5,32.6
6/23/17 14:59,15:00,32.1,29.1,31.5,29.6,29.1,35.6,34.1,31.1,30.1,30.6,36.6,30.1,36.1,32.6,29.6,29.6,31.2,29.6,33.1,29.6,34.1,30.1,32.1,30.5,33.6
6/23/17 15:59,16:00,32.6,32.6,30,31.1,31.6,35.6,35.6,30.6,29.6,30.1,37.1,30.1,33.1,33.1,29.1,30.1,31.2,30.1,34.6,29.6,35.1,34.6,31.6,31,33.1
6/23/17 16:59,17:00,31.6,32.1,29.5,30.6,29.1,35.6,35.1,32.6,30.1,30.6,35.1,29.6,32.6,33.6,33.1,29.1,31.7,30.1,34.1,30.1,33.6,33.6,31.1,34.5,33.6
6/23/17 17:59,18:00,31.1,31.1,29,30.1,30.6,35.1,36.1,32.1,33.6,32.1,32.6,31.6,31.6,33.6,32.1,28.1,31.2,32.6,32.1,29.6,33.6,32.1,31.1,37,32.6
6/23/17 18:59,19:00,30.6,30.6,28,28.1,28.6,34.1,36.1,31.1,31.1,33.1,31.1,30.6,29.6,32.1,31.1,27.1,30.7,31.1,31.1,30.1,36.6,31.6,30.1,35.5,31.6
6/23/17 19:59,20:00,27.6,29.1,27,27.6,26.6,31.1,33.1,29.7,29.6,29.1,28.1,29.6,26.1,29.6,29.1,26.1,29.7,29.6,29.6,27.6,30.1,30.1,29.1,32,29.1
6/23/17 20:59,21:00,26.1,26.1,25.5,27.1,26.1,27.1,28.1,27.7,27.6,27.6,25.6,27.6,24.1,27.1,27.1,24.6,26.7,27.1,26.1,26.1,27.6,27.6,27.1,26.5,27.1
6/23/17 21:59,22:00,24.6,24.6,24,26.1,25.1,25.6,26.6,25.7,26.1,26.1,22.6,26.1,23.1,25.1,25.6,22.6,24.7,25.6,23.6,21.6,26.1,25.6,25.1,25,25.1
6/23/17 22:59,23:00,22.6,23.1,22.5,25.6,25.6,24.1,25.1,23.7,24.6,25.1,20.6,25.1,21.6,24.1,24.1,22.1,23.2,24.1,22.6,25.6,25.6,24.1,24.1,23,24.6
6/23/17 23:59,0:00,20.6,21.6,21.5,24.6,24.6,22.6,23.6,22.7,24.1,24.1,20.1,23.6,21.6,23.1,23.1,21.1,22.2,23.1,21.1,24.6,24.1,23.1,23.1,21.5,23.1
6/24/17 0:59,1:00,19.6,19.6,20.5,24.1,23.6,21.6,22.6,21.2,23.1,23.1,19.6,22.6,20.6,22.1,21.6,20.1,20.7,22.1,20.1,24.1,23.6,21.1,22.1,19.5,22.1
6/24/17 1:59,2:00,20.6,18.6,19.5,23.6,23.6,21.6,21.6,20.1,22.1,22.1,19.6,21.6,19.6,21.1,20.6,19.1,19.2,21.1,19.1,23.6,22.6,20.1,20.6,18.5,21.1
6/24/17 2:59,3:00,20.1,17.1,18.5,23.6,23.1,20.6,20.6,18.6,21.1,21.1,18.6,21.1,19.1,20.1,19.6,19.1,17.7,20.6,17.6,23.6,21.6,19.1,19.6,17.5,19.6
6/24/17 3:59,4:00,20.1,18.1,18,23.1,23.1,19.6,19.6,18.1,20.1,20.6,16.6,20.1,18.1,19.1,19.1,18.1,17.2,19.6,17.6,23.1,20.6,18.6,19.1,17,18.6
6/24/17 4:59,5:00,19.6,17.1,17,23.1,22.6,19.1,19.1,17.6,19.6,19.6,16.6,19.1,17.1,17.6,18.1,17.6,16.2,19.1,17.1,23.1,19.6,17.6,18.1,16,17.6
6/24/17 5:59,6:00,18.6,17.1,17,22.6,22.6,18.6,18.6,17.6,18.6,19.6,16.1,18.6,17.1,18.6,18.1,17.6,16.2,18.1,16.6,22.6,19.1,17.6,17.6,18,18.1
6/24/17 6:59,7:00,19.6,18.6,17.5,22.6,22.1,19.6,19.6,20.6,19.1,23.1,18.6,19.6,23.1,20.6,21.6,17.6,18.2,19.1,18.1,22.6,20.1,24.6,21.1,22,23.1
6/24/17 7:59,8:00,27.6,21.1,19,22.1,21.6,21.1,21.6,24.2,21.1,23.1,24.6,21.1,31.1,22.1,23.1,20.6,20.2,21.1,21.1,22.1,21.1,21.6,21.6,26,24.1
6/24/17 8:59,9:00,29.6,28.1,20.5,22.1,21.6,22.1,23.6,26.2,23.1,25.1,25.6,23.1,27.6,24.1,25.6,23.6,22.2,23.6,23.6,22.1,22.6,24.6,23.1,30.5,25.6
6/24/17 9:59,10:00,32.1,28.1,22.5,22.1,21.6,23.6,26.6,28.7,25.6,27.1,27.1,25.1,29.6,25.6,28.6,26.1,24.2,27.6,25.6,22.1,24.6,28.6,26.1,32.5,29.1
6/24/17 10:59,11:00,35.6,32.1,25.5,22.1,22.1,28.1,29.1,31.6,28.1,29.6,35.6,28.1,32.1,28.1,31.1,28.1,26.7,29.6,27.6,22.1,27.6,29.1,30.1,35,30.6
6/24/17 11:59,12:00,32.6,33.6,29.5,22.6,22.6,33.1,32.1,34.6,32.6,32.6,39.6,31.6,35.6,31.6,34.1,29.6,29.7,33.6,30.6,22.6,31.6,35.1,33.6,35.5,33.1
6/24/17 12:59,13:00,34.6,34.6,32,23.1,23.1,37.1,35.1,40.1,35.1,36.1,40.6,34.1,36.1,34.6,35.1,31.6,33.7,36.6,33.1,23.1,35.1,39.1,38.1,35.5,35.6
6/24/17 13:59,14:00,35.1,35.1,33,23.6,23.6,38.1,36.6,36.6,36.1,36.1,40.6,34.6,37.1,36.1,35.6,33.1,34.7,37.6,34.6,24.1,37.6,35.6,36.6,36,37.6
6/24/17 14:59,15:00,35.6,35.6,33.5,24.1,24.1,40.1,37.6,36.6,37.6,36.6,42.1,35.6,37.6,36.6,36.1,33.6,35.2,38.1,36.1,24.6,37.6,36.6,36.1,37,38.1
6/24/17 15:59,16:00,35.6,35.6,32,25.1,24.6,40.1,38.5,36.6,37.6,36.6,40.6,35.6,35.6,37.1,36.1,33.6,35.2,39.1,37.6,25.1,38.6,37.1,35.6,37,38.6
6/24/17 16:59,17:00,35.6,35.6,32.5,25.1,25.1,40.6,39.5,36.1,38.6,36.6,38.6,36.1,35.6,37.6,36.6,33.1,35.2,39.1,37.1,25.6,39.1,37.6,35.6,37,38.6
6/24/17 17:59,18:00,35.6,35.1,32.5,25.6,25.6,40.1,41,36.1,38.1,37.1,36.6,35.6,35.1,37.6,36.1,32.1,35.6,38.1,35.6,26.1,38.6,36.1,35.6,37.5,38.1
6/24/17 18:59,19:00,35.1,34.1,31.5,26.1,25.6,38.6,41.5,35.6,35.6,37.6,35.1,35.1,34.1,38.1,35.1,31.1,34.7,35.6,35.1,26.1,41.1,36.1,35.1,37,36.6
6/24/17 19:59,20:00,32.6,33.6,30.5,26.1,26.1,36.6,38.1,33.6,33.6,34.6,32.1,34.1,32.6,34.6,33.6,29.6,33.7,33.6,33.6,26.6,35.1,34.6,34.1,35.5,34.6
6/24/17 20:59,21:00,31.1,30.6,29.5,26.1,26.1,31.1,33.1,32.1,31.6,32.6,29.1,32.1,31.1,32.1,32.1,28.1,30.2,30.6,31.6,26.6,33.1,32.6,32.1,31.5,32.1
6/24/17 21:59,22:00,28.6,29.1,29.5,26.1,26.1,29.1,32.1,30.6,30.6,31.6,27.6,30.6,30.1,30.1,29.6,26.6,28.7,29.6,31.1,26.6,31.6,31.1,30.6,29,29.1
6/24/17 22:59,23:00,28.1,28.6,28,26.1,26.1,27.6,30.6,29.7,28.6,30.6,26.6,29.6,29.1,28.1,28.6,25.1,25.7,29.1,29.6,26.6,31.1,29.6,29.1,28,27.6
6/24/17 23:59,0:00,27.6,25.6,27,25.6,25.6,27.6,29.6,27.7,26.1,29.6,26.6,27.1,28.6,24.6,26.6,24.6,23.2,27.6,29.1,26.1,27.6,28.6,25.6,27,26.1
6/25/17 0:59,1:00,26.6,24.6,26.5,25.6,25.1,26.6,29.1,26.2,24.6,28.6,25.6,25.1,28.1,24.1,27.1,24.1,21.7,26.1,29.1,25.6,27.1,27.6,24.1,26.5,24.6
6/25/17 1:59,2:00,25.6,26.1,26.5,25.1,25.1,25.1,28.1,27.2,24.6,25.6,24.1,25.6,27.1,23.1,26.6,24.1,20.2,25.6,28.6,25.6,25.6,27.1,23.1,25.5,22.6
6/25/17 2:59,3:00,25.1,25.6,25.5,24.6,24.6,25.1,27.6,26.7,23.6,24.6,24.1,24.1,26.1,22.6,26.1,23.6,20.7,23.6,28.1,25.1,24.6,27.1,23.1,25,21.6
6/25/17 3:59,4:00,24.6,25.1,24.5,24.6,24.6,24.1,27.1,25.7,23.1,24.1,23.6,23.1,26.1,21.6,24.6,22.6,20.2,22.6,26.6,24.6,24.6,26.6,22.1,25,20.6
6/25/17 4:59,5:00,24.1,22.6,23,24.1,24.1,23.6,23.1,23.2,22.1,23.1,23.6,22.1,25.1,20.6,22.1,21.6,19.2,22.1,25.6,24.1,23.1,23.1,21.1,24,19.6
6/25/17 5:59,6:00,23.6,22.6,22,23.6,23.6,23.1,24.1,22.2,21.6,23.6,22.6,22.1,24.1,21.1,21.6,21.6,18.2,21.1,23.6,24.1,23.6,22.6,20.1,22.5,19.6
6/25/17 6:59,7:00,24.1,23.1,22,23.1,23.1,23.1,24.6,24.7,22.6,26.6,22.6,23.6,27.1,23.1,26.6,21.6,20.2,22.6,24.1,23.6,22.6,28.1,23.6,28,25.1
6/25/17 7:59,8:00,30.6,27.6,22.5,23.1,22.6,24.1,26.6,30.2,24.1,27.6,28.1,24.6,37.1,25.6,27.6,23.1,22.2,24.1,26.6,23.1,24.1,26.6,24.6,34,27.1
6/25/17 8:59,9:00,32.6,33.1,24,23.1,22.6,25.6,28.6,31.6,26.6,29.1,29.6,27.1,34.1,27.6,30.6,26.1,25.2,27.1,27.6,23.1,26.1,30.1,27.1,37.5,29.1
6/25/17 9:59,10:00,36.6,34.1,26.5,23.1,23.1,26.6,31.1,32.6,29.1,30.6,30.6,29.6,34.1,29.1,34.1,28.6,26.7,31.6,30.1,23.1,28.1,33.6,30.1,41,31.1
6/25/17 10:59,11:00,39.6,36.6,29,23.6,23.1,31.1,33.1,35.6,30.6,33.1,41.1,32.1,36.6,31.1,35.6,30.6,29.2,34.6,31.1,23.6,30.6,33.6,35.6,39.5,33.6
6/25/17 11:59,12:00,36.1,36.1,32,24.1,23.6,36.1,35.1,38.1,33.6,35.1,42.6,34.6,37.1,33.6,37.6,32.6,31.7,36.1,32.6,24.1,34.1,39.1,36.1,39,35.1
6/25/17 12:59,13:00,36.6,37.1,34,24.6,24.1,39.1,36.6,42.6,35.6,37.1,42.1,35.6,39.1,35.6,37.6,33.6,33.7,38.6,34.1,24.6,36.6,39.1,38.6,38.5,37.6
6/25/17 13:59,14:00,37.1,38.1,35.5,25.1,24.6,40.1,39,38.6,38.1,38.1,43.1,36.6,40.1,37.6,38.6,34.6,35.2,40.6,35.6,25.1,39.1,39.1,39.1,38,38.6
6/25/17 14:59,15:00,38.1,38.6,36.5,25.6,25.1,42.1,39.5,39.6,39.1,38.1,45.1,37.1,41.6,38.6,39.6,36.6,36.1,40.1,37.1,26.1,40.6,40.6,39.6,40,39.5
6/25/17 15:59,16:00,38.1,38.6,35,26.1,26.1,41.1,41,39.6,39.6,38.1,42.6,37.6,39.1,40.1,39.6,36.1,37.1,40.6,40.6,26.6,42.6,41.1,38.1,41,40.5
6/25/17 16:59,17:00,37.1,39.1,34.5,26.1,26.1,41.1,41,39.1,39.6,37.6,39.6,37.6,37.1,40.1,39.6,35.1,37.6,40.1,37.6,26.6,41.1,41.1,38.1,42,41
6/25/17 17:59,18:00,37.1,37.1,33.5,26.1,25.6,39.6,38.5,37.6,36.1,36.6,37.6,36.1,35.6,36.6,38.1,35.1,35.2,37.1,36.1,26.1,38.1,37.6,34.6,39.5,35.6
6/25/17 18:59,19:00,33.6,31.6,30,25.6,25.6,35.1,34.1,32.6,31.6,32.6,33.6,32.1,32.1,32.1,33.1,31.1,32.2,32.1,32.6,26.1,33.1,33.6,30.6,34,31.1
6/25/17 19:59,20:00,30.6,30.6,27.5,25.1,25.1,34.1,33.1,30.6,30.1,30.1,30.6,30.1,29.6,29.1,30.6,29.1,29.7,30.1,28.6,25.6,30.6,31.1,28.1,35.5,28.1
6/25/17 20:59,21:00,28.1,27.1,25.5,26.1,25.6,29.1,29.1,28.7,27.6,28.1,27.1,27.6,26.6,26.1,28.6,27.1,26.2,27.1,26.6,26.1,28.1,28.1,26.1,28,25.6
6/25/17 21:59,22:00,25.6,25.6,23.5,25.6,25.1,25.6,27.1,26.7,25.1,26.1,24.6,26.1,25.1,24.1,26.6,25.6,23.7,25.6,25.1,25.6,26.1,26.1,24.1,26.5,23.6
6/25/17 22:59,23:00,23.6,23.6,22,24.6,24.6,24.1,25.1,24.7,24.6,24.6,23.1,24.6,23.1,22.6,25.1,23.6,22.7,24.1,23.6,25.1,24.1,24.6,23.1,25.5,21.1
6/25/17 23:59,0:00,21.1,21.6,20.5,24.1,24.1,21.1,24.1,22.7,22.6,23.1,20.1,22.1,22.1,20.6,22.6,21.1,20.2,23.1,21.1,24.6,22.1,22.6,20.6,22,18.6
6/26/17 0:59,1:00,19.6,19.6,18,23.6,23.6,20.6,20.6,20.6,19.6,19.6,19.1,19.6,20.1,18.6,20.6,19.6,18.2,19.6,19.1,24.1,18.6,19.6,18.1,20.5,17.1
6/26/17 1:59,2:00,18.1,16.6,16,23.6,23.1,18.6,19.1,17.6,17.6,18.1,18.1,17.6,17.1,17.1,18.1,18.1,17.2,17.6,17.6,23.6,17.6,17.1,16.6,17.5,16.6
6/26/17 2:59,3:00,16.6,16.1,15.5,23.1,23.1,17.1,18.1,17.1,17.6,17.6,16.6,17.1,16.6,17.1,17.6,16.6,16.7,17.1,16.6,23.6,17.1,17.1,16.6,17,16.6
6/26/17 3:59,4:00,15.6,15.6,15,23.1,22.6,16.6,17.6,17.1,16.6,17.1,15.6,16.6,16.1,16.1,17.1,16.1,16.2,16.6,16.1,23.1,16.6,16.1,15.6,16.5,16.1
6/26/17 4:59,5:00,15.1,14.6,14,22.6,22.1,16.1,16.6,15.6,16.6,16.6,14.6,16.1,15.1,16.1,16.1,15.6,15.6,15.6,15.6,22.6,16.6,15.1,15.6,15.5,15.6
6/26/17 5:59,6:00,15.1,14.6,14,22.1,22.1,15.6,16.6,15.6,16.1,16.1,14.6,15.6,15.1,16.1,15.6,15.1,15.1,15.6,15.6,22.6,16.1,15.1,15.6,15.5,15.6
6/26/17 6:59,7:00,16.1,16.1,14.5,22.1,21.6,16.6,17.6,18.1,17.1,19.6,16.6,17.1,19.6,17.6,19.1,15.6,16.7,16.6,16.1,22.1,17.1,19.6,17.1,19,19.1
6/26/17 7:59,8:00,17.1,17.1,15,21.6,21.6,17.1,18.6,17.6,17.6,18.6,18.1,17.6,18.6,16.6,18.6,16.6,17.2,18.1,17.1,22.1,17.6,17.1,17.1,20.5,16.6
6/26/17 8:59,9:00,20.1,17.6,15.5,22.6,22.1,17.6,18.6,18.1,18.1,19.6,20.6,18.1,17.6,17.6,18.6,17.6,17.7,18.6,17.1,22.6,18.1,18.1,16.6,20,16.6
6/26/17 9:59,10:00,18.1,18.1,16.5,22.6,22.6,18.6,19.6,19.1,18.1,19.1,20.1,18.1,19.6,18.1,19.1,16.6,18.7,18.6,18.1,22.6,17.6,19.1,18.1,22,18.1
6/26/17 10:59,11:00,18.1,19.6,17,26.1,25.6,18.6,19.6,19.6,19.1,19.6,20.1,18.6,20.6,19.6,20.6,16.6,19.7,19.6,19.6,25.1,19.1,20.1,20.1,23,21.1
6/26/17 11:59,12:00,22.6,21.6,19.5,29.6,29.1,20.6,21.6,22.2,21.6,22.1,25.6,21.1,21.6,20.6,22.1,19.1,20.7,22.6,19.6,28.6,21.6,22.1,23.6,24,21.1
6/26/17 12:59,13:00,20.6,21.6,20,31.6,31.1,22.1,23.1,23.2,20.6,22.6,25.6,22.1,23.1,20.6,24.6,19.6,20.2,23.6,21.1,31.1,20.6,24.1,20.6,25,22.6
6/26/17 13:59,14:00,23.1,25.1,21.5,33.1,32.6,24.6,23.6,26.2,23.6,23.1,31.1,22.1,24.6,24.1,24.1,21.6,22.2,25.1,22.1,33.1,25.1,24.6,24.6,26.5,24.1
6/26/17 14:59,15:00,24.1,26.1,23.5,30.6,30.1,28.1,25.6,26.2,25.1,24.6,28.1,24.1,27.1,25.6,26.1,23.1,23.2,26.6,25.1,31.6,26.6,26.1,26.1,27,25.1
6/26/17 15:59,16:00,24.6,23.6,22.5,26.6,26.1,27.1,28.6,24.7,26.6,25.1,30.6,25.1,25.1,26.6,27.1,24.6,24.7,28.6,27.6,28.1,31.6,25.1,25.1,28,26.6
6/26/17 16:59,17:00,25.6,27.1,23.5,24.6,24.1,28.1,29.6,26.7,27.1,26.6,27.6,25.1,26.6,28.1,28.1,24.1,25.7,29.6,26.6,26.1,29.1,28.1,26.1,29,28.1
6/26/17 17:59,18:00,24.1,25.1,23,24.1,24.1,25.1,26.1,26.2,26.1,25.6,24.6,25.6,25.6,25.6,26.1,23.1,25.2,25.6,25.6,25.1,26.1,26.1,25.1,26.5,25.1
6/26/17 18:59,19:00,22.6,24.1,22,23.6,23.1,23.6,28.1,25.2,25.1,24.6,23.1,24.6,25.1,24.6,25.6,22.6,24.2,24.6,24.6,24.1,25.1,25.6,23.6,29.5,24.1
6/26/17 19:59,20:00,22.1,22.6,21,21.1,21.1,23.6,23.6,23.2,22.6,23.6,22.1,23.1,22.6,22.6,23.6,21.6,22.7,22.6,22.6,22.6,23.1,23.1,22.1,23.5,22.6
6/26/17 20:59,21:00,20.1,20.6,19,19.6,19.1,20.6,22.1,21.2,21.6,21.6,20.6,21.6,20.6,20.1,21.6,20.1,20.2,21.6,20.6,20.6,21.6,21.1,20.1,21,20.1
6/26/17 21:59,22:00,18.1,18.1,17,18.1,18.1,19.1,19.6,19.1,19.1,19.6,18.1,19.1,18.1,18.6,19.1,18.1,18.2,19.1,18.6,19.1,19.1,18.6,18.1,18.5,18.1
6/26/17 22:59,23:00,17.1,17.1,16,17.1,17.1,17.6,18.6,18.1,18.1,18.6,16.6,18.1,17.6,17.6,18.1,17.1,17.2,18.1,17.6,18.1,18.1,17.6,17.1,18,16.6
6/26/17 23:59,0:00,16.6,16.1,15,16.6,16.6,17.1,17.6,17.1,17.1,17.6,16.6,17.1,16.6,16.6,17.6,16.6,16.2,17.1,16.1,17.1,17.1,16.6,15.6,17,15.6
6/27/17 0:59,1:00,16.1,14.6,14,16.6,16.1,17.1,17.1,15.6,16.6,16.6,16.1,16.1,15.1,15.6,16.1,15.6,15.6,16.1,15.6,16.6,16.1,15.1,15.6,16,15.1
6/27/17 1:59,2:00,15.1,14.1,13.5,16.6,16.1,15.6,16.1,15.1,15.6,16.1,14.6,15.6,14.6,15.1,15.6,15.1,15.1,15.6,15.1,16.6,15.6,14.6,15.1,15,14.6
6/27/17 2:59,3:00,14.1,14.1,13,16.6,16.1,15.1,15.6,14.6,15.1,15.1,14.1,15.1,14.1,15.1,14.6,14.6,14.6,14.6,14.6,16.6,15.6,14.1,14.6,14.5,14.6
6/27/17 3:59,4:00,13.6,13.6,13,16.1,15.6,14.1,15.1,14.6,15.1,15.1,13.6,14.6,14.1,14.6,14.6,13.6,14.6,14.6,14.6,16.6,15.1,14.1,14.6,14.5,14.6
6/27/17 4:59,5:00,13.1,13.6,13,15.6,15.6,13.6,15.6,14.6,15.1,15.1,12.6,14.6,14.1,14.6,14.6,13,14.6,14.6,14.1,16.1,15.1,14.1,14.6,14.5,14.6
6/27/17 5:59,6:00,13.1,13.6,13,15.6,15.6,14.1,15.1,14.6,15.1,15.1,13.1,14.6,14.1,14.6,14.6,13.6,14.6,14.6,14.6,16.1,15.1,14.1,14.6,14.5,14.6
6/27/17 6:59,7:00,13.6,14.1,13,15.6,15.1,14.1,15.6,14.6,15.1,15.1,13.6,14.6,14.1,15.1,14.6,13.6,15.1,14.6,14.6,15.6,15.1,14.1,14.6,14.5,14.6
6/27/17 7:59,8:00,13.6,14.1,13,16.1,15.6,14.6,15.6,15.1,15.1,15.6,14.6,15.1,15.1,15.1,15.1,13.6,15.1,15.1,15.1,16.1,15.1,14.6,15.1,15.5,15.6
6/27/17 8:59,9:00,14.6,15.1,13.5,20.1,19.6,15.1,16.6,15.6,15.6,16.6,16.1,15.6,15.6,15.6,15.6,14.1,15.6,15.6,15.1,18.6,16.1,16.1,15.6,16.5,15.6
6/27/17 9:59,10:00,15.6,15.6,14.5,21.6,17.1,16.1,16.6,16.6,16.6,17.1,17.1,16.1,16.6,16.6,16.6,14.6,16.7,16.6,16.1,21.1,16.6,16.6,16.1,18,16.6
6/27/17 10:59,11:00,16.6,16.6,15.5,22.6,17.6,17.1,18.1,18.1,17.1,18.6,19.1,17.1,18.6,17.6,18.1,15.6,18.2,18.1,17.1,17.6,18.1,18.1,18.1,19.5,17.6
6/27/17 11:59,12:00,19.1,18.6,16.5,24.1,18.6,19.1,19.1,19.1,18.1,19.1,21.1,18.1,20.1,19.1,19.1,17.6,19.2,18.1,18.1,15.1,18.6,20.1,19.6,22.5,18.6
6/27/17 12:59,13:00,19.1,19.6,18.5,24.1,20.6,20.1,20.1,22.7,20.1,20.6,26.1,19.6,22.6,19.6,20.6,17.1,19.2,19.6,18.1,16.6,21.1,20.6,20.1,23.5,19.1
6/27/17 13:59,14:00,21.1,22.6,20,25.1,24.1,23.1,22.6,22.7,21.6,21.6,29.1,20.6,23.1,20.6,22.1,19.1,20.2,22.6,20.1,17.6,22.6,21.6,22.1,24,23.6
6/27/17 14:59,15:00,22.6,24.1,21,24.1,26.6,26.1,23.1,23.2,23.1,22.6,29.6,21.1,24.6,23.1,23.1,21.1,21.2,24.1,21.1,19.1,26.6,26.1,22.1,22.5,25.1
6/27/17 15:59,16:00,22.6,24.1,20,27.1,28.6,25.6,26.1,24.2,24.1,23.1,27.1,22.1,23.1,24.6,24.1,21.6,22.2,25.1,25.1,19.6,27.6,29.6,22.6,25,25.6
6/27/17 16:59,17:00,23.1,23.6,20.5,25.1,22.6,28.6,27.6,23.7,25.6,23.6,27.1,23.1,22.6,26.6,24.1,22.1,23.2,26.6,25.6,21.1,27.6,30.6,23.1,25.5,28.6
6/27/17 17:59,18:00,23.6,23.1,21.5,24.1,23.1,28.1,30.1,24.2,26.6,25.1,26.1,23.6,22.6,28.1,24.1,22.1,23.2,26.1,23.6,24.1,28.6,25.6,23.6,27.5,27.6
6/27/17 18:59,19:00,23.6,23.6,20.5,26.6,22.6,27.6,29.6,24.2,24.6,27.6,25.1,24.1,20.6,27.6,24.1,22.1,24.7,25.6,23.1,21.6,29.1,25.1,24.1,28,25.6
6/27/17 19:59,20:00,21.6,23.6,20.5,22.6,20.6,24.1,28.1,23.7,24.1,22.6,22.6,22.1,20.1,24.1,23.1,21.1,23.2,22.6,23.1,20.1,24.6,25.1,23.1,29.5,23.6
6/27/17 20:59,21:00,21.1,21.1,20,21.1,20.6,22.6,23.6,22.2,22.1,22.1,21.1,22.6,19.6,21.1,22.1,19.6,20.7,22.1,21.1,18.1,22.1,22.1,20.6,22,20.6
6/27/17 21:59,22:00,18.6,18.6,17.5,19.6,18.6,19.6,21.1,19.6,19.6,20.1,17.6,19.6,17.6,18.6,19.6,18.1,18.7,19.6,19.6,16.6,20.1,19.6,18.6,19,19.1
6/27/17 22:59,23:00,16.6,17.1,16,17.6,16.6,18.1,19.1,17.6,18.1,18.6,15.6,18.1,16.6,17.6,18.1,16.1,17.2,17.6,17.6,15.1,18.1,17.6,17.1,17.5,17.6
6/27/17 23:59,0:00,15.1,15.6,14.5,16.1,15.1,16.6,17.6,16.6,16.6,17.1,14.6,16.6,15.6,16.1,16.6,14.6,16.2,16.6,16.1,13.6,17.1,16.6,16.1,16,16.1
6/28/17 0:59,1:00,13.6,14.1,13.5,15.1,14.1,15.1,16.6,15.1,16.1,16.1,13.6,15.6,14.1,15.6,15.6,13.6,15.1,15.1,14.6,12.6,16.1,15.1,15.1,15,15.1
6/28/17 1:59,2:00,12.6,13.1,13,14.1,13.1,14.6,15.6,14.6,15.1,15.1,12.6,14.1,12.6,14.6,14.6,13,13.6,14.1,14.1,11.6,15.1,14.1,14.1,14,14.6
6/28/17 2:59,3:00,12.1,12.1,12.5,13.1,12.6,13.6,14.6,13.6,14.1,14.6,11.6,13.6,12.1,14.1,14.1,12.5,13.1,13.1,13.6,11.6,14.1,13.6,13.6,12.5,13.6
6/28/17 3:59,4:00,12.1,11.6,12,13.1,12.6,13.6,14.1,13.1,13.6,13.6,12.1,12.1,12.1,13.1,13.1,12.5,13.1,13.1,13.1,11.1,14.1,13.1,13.1,13,14.1
6/28/17 4:59,5:00,12.6,13.1,12,13.6,13.1,13.6,14.6,14.1,14.6,14.6,12.6,13.6,13.1,13.6,14.1,12.5,13.1,14.1,13.6,11.6,14.6,13.6,13.1,13.5,14.1
6/28/17 5:59,6:00,13.1,13.1,12.5,14.1,13.6,13.6,15.1,14.1,14.6,14.6,13.1,13.6,13.6,14.6,14.1,13,13.6,14.1,14.1,11.6,15.1,14.1,14.1,14,14.6
6/28/17 6:59,7:00,13.6,13.6,12.5,14.1,13.6,14.1,15.1,14.1,14.6,15.1,14.1,14.1,13.6,15.1,14.1,13.6,14.6,14.6,14.1,12.1,15.1,14.1,14.6,14.5,15.1
6/28/17 7:59,8:00,14.1,14.1,13,14.6,14.1,14.6,15.6,14.6,15.1,15.6,14.6,14.6,14.1,15.6,14.6,14.1,15.6,15.1,14.6,12.6,15.6,14.6,15.1,15,15.6
6/28/17 8:59,9:00,14.6,14.6,13.5,15.1,15.1,15.1,16.1,15.1,15.6,16.1,15.1,15.1,15.1,16.1,15.6,14.1,15.6,15.6,15.1,13.1,17.1,16.1,15.6,15.5,17.1
6/28/17 9:59,10:00,15.1,15.6,14.5,15.6,15.1,15.1,17.1,16.1,16.1,16.6,16.1,15.6,16.1,17.1,16.1,14.1,16.7,15.6,15.6,13.6,17.1,16.6,17.1,16.5,18.1
6/28/17 10:59,11:00,15.6,19.1,16,17.1,17.6,16.1,18.1,18.1,17.1,18.6,18.6,17.1,18.1,18.1,18.6,15.1,18.2,18.1,17.1,14.1,17.6,19.1,17.6,20.5,20.1
6/28/17 11:59,12:00,18.1,23.1,16,17.6,18.6,19.1,19.1,20.6,18.6,20.1,22.6,18.1,18.6,19.1,19.6,16.6,18.7,18.1,18.1,15.1,20.6,19.1,20.1,20.5,21.1
6/28/17 12:59,13:00,19.1,24.1,17.5,20.6,20.6,20.6,20.1,27.2,18.6,22.1,24.1,19.6,22.1,20.6,22.6,17.6,20.2,21.1,19.1,16.6,20.6,21.6,21.1,22.5,21.1
6/28/17 13:59,14:00,20.1,21.6,20.5,21.6,21.6,22.6,20.6,22.2,20.6,21.6,23.1,20.1,21.1,21.1,23.1,18.1,20.2,21.1,20.6,16.6,21.6,23.1,23.6,22,24.1
6/28/17 14:59,15:00,20.6,22.1,20.5,22.6,21.1,23.6,23.1,22.7,21.6,22.1,24.1,21.1,23.6,21.6,24.1,19.6,21.2,24.1,22.6,19.1,23.6,27.1,23.1,23.5,23.1
6/28/17 15:59,16:00,20.1,23.6,19.5,24.1,27.6,23.6,25.6,24.2,23.6,22.6,27.6,22.1,23.1,24.6,23.1,21.6,22.2,25.1,23.6,19.1,25.1,31.1,22.6,24,24.6
6/28/17 16:59,17:00,22.6,22.1,20.5,24.1,22.1,26.6,27.1,22.7,24.6,23.1,27.1,22.6,21.6,25.6,23.6,21.1,22.7,26.1,23.6,19.1,25.1,27.6,22.6,25,24.6
6/28/17 17:59,18:00,22.6,21.6,20,22.6,21.1,26.1,28.1,22.7,25.1,23.6,22.6,22.1,21.6,24.6,23.1,20.6,22.2,24.6,22.1,22.6,25.1,24.1,22.1,25,23.6
6/28/17 18:59,19:00,21.6,21.6,19.5,22.1,20.6,23.1,28.1,22.7,22.6,24.1,22.1,22.1,22.1,23.6,22.6,19.6,21.2,23.1,21.6,18.1,23.1,23.1,21.1,26.5,21.6
6/28/17 19:59,20:00,19.1,20.6,18.5,20.6,19.6,20.6,23.6,21.2,20.6,20.6,19.1,21.1,20.6,20.6,21.1,18.6,20.7,21.1,21.1,17.1,21.1,21.6,19.6,24.5,20.1
6/28/17 20:59,21:00,17.1,17.6,16.5,18.6,17.6,18.1,19.6,18.6,19.1,18.6,16.6,18.6,17.6,18.1,18.1,17.1,18.2,18.6,18.1,15.1,19.1,18.1,18.1,18,18.1
6/28/17 21:59,22:00,15.6,16.6,15.5,17.1,16.1,16.6,18.1,17.1,18.1,18.1,15.1,17.6,16.1,17.1,17.1,15.6,17.2,17.6,17.1,14.6,18.1,17.1,17.1,17,17.1
6/28/17 22:59,23:00,14.6,15.1,14.5,16.6,15.1,15.6,17.6,16.6,17.1,17.1,13.6,16.6,14.6,16.6,16.1,14.6,16.2,16.6,16.1,13.6,17.1,16.1,16.1,16,16.1
6/28/17 23:59,0:00,13.1,14.1,13.5,15.1,14.1,14.6,16.6,15.1,16.1,16.1,12.6,15.6,14.1,15.1,15.1,13.6,15.1,15.1,15.1,12.6,16.1,15.1,15.1,15,15.1
6/29/17 0:59,1:00,12.1,13.6,13,14.1,13.1,13.6,15.6,14.6,15.1,15.1,11.6,14.6,13.1,14.6,14.6,12.5,14.6,14.1,13.6,11.6,15.1,14.1,14.1,14,14.6
6/29/17 1:59,2:00,11.6,12.6,12.5,13.1,12.1,13.1,15.1,13.6,14.6,14.6,11.1,13.1,12.1,14.1,13.1,11.5,13.1,13.1,13.6,12.1,14.6,13.6,13.6,13,13.6
6/29/17 2:59,3:00,11.1,11.6,12,12.6,11.6,12.6,14.1,13.1,14.1,13.6,10.6,12.1,11.6,13.6,12.6,11,13.1,12.6,13.1,12.1,14.1,13.1,13.6,12,12.6
6/29/17 3:59,4:00,10.6,11.6,12,12.6,11.1,12.6,14.1,12.6,14.1,13.1,10.6,11.6,11.6,13.6,12.1,11,13.1,12.1,13.1,11.1,14.1,12.6,13.1,12.5,12.6
6/29/17 4:59,5:00,11.6,12.6,12,13.6,12.6,12.6,14.1,13.6,14.1,14.1,11.6,14.1,13.1,13.6,13.6,12,14.1,13.6,13.6,11.1,14.1,13.1,13.6,13.5,13.6
6/29/17 5:59,6:00,12.1,13.1,12,14.1,13.1,13.1,14.6,13.6,14.1,14.6,12.1,14.1,13.1,14.1,13.6,12,14.1,14.1,13.6,11.6,14.1,13.6,13.6,14,13.6
6/29/17 6:59,7:00,13.1,14.1,12.5,14.6,14.1,13.6,15.1,14.6,14.6,15.1,13.6,14.6,14.6,14.6,14.6,12.5,15.1,14.6,14.1,12.1,14.6,14.6,14.1,15,14.6
6/29/17 7:59,8:00,15.1,14.6,13.5,15.1,14.6,14.6,16.1,16.6,16.1,17.1,18.1,15.6,25.6,15.6,17.1,14.1,16.2,15.1,16.1,12.6,15.6,16.1,15.6,17,15.6
6/29/17 8:59,9:00,18.1,17.6,14.5,16.6,16.6,15.6,16.1,17.1,16.1,18.6,17.1,16.1,17.1,17.1,16.6,14.6,16.7,16.1,16.1,13.6,16.1,17.6,17.1,19,17.1
6/29/17 9:59,10:00,23.6,22.1,16,16.6,19.1,16.6,19.1,20.6,17.6,19.1,21.6,17.1,21.1,19.1,19.6,16.1,17.2,18.1,17.6,14.6,17.6,19.6,18.6,25.5,18.1
6/29/17 10:59,11:00,25.1,24.6,17,18.6,19.1,18.1,19.1,22.2,18.6,20.1,28.1,18.1,22.6,18.1,20.6,18.1,17.7,19.1,18.1,15.6,18.6,20.6,21.6,25.5,20.1
6/29/17 11:59,12:00,22.1,24.1,19,20.6,22.6,21.6,20.1,23.7,20.1,21.6,27.6,19.1,22.6,20.1,22.1,20.1,19.2,21.6,19.1,17.1,20.6,21.6,21.1,25,21.6
6/29/17 12:59,13:00,22.1,23.6,20.5,22.1,25.6,24.1,21.6,29.2,21.6,23.1,29.1,20.6,23.6,21.6,23.1,20.6,20.2,22.6,20.1,18.1,21.6,23.1,23.1,24.5,22.6
6/29/17 13:59,14:00,23.1,25.6,22,24.1,27.6,25.6,23.6,25.7,23.6,24.1,31.6,21.6,26.6,23.1,24.6,22.1,21.7,24.6,22.6,19.6,24.1,24.6,24.6,26,25.1
6/29/17 14:59,15:00,24.6,26.1,24.5,26.1,28.6,28.6,26.6,26.7,24.6,24.6,31.1,23.6,27.1,24.6,25.6,23.6,23.2,27.1,24.6,21.6,27.6,28.6,24.6,27.5,27.1
6/29/17 15:59,16:00,26.1,26.6,23,27.1,31.1,29.1,29.1,27.2,27.1,26.1,31.6,25.1,25.6,27.6,27.1,25.1,24.7,28.1,27.6,23.1,29.1,34.6,25.1,28,28.1
6/29/17 16:59,17:00,27.1,27.1,24,27.6,25.6,31.1,30.6,27.2,28.6,26.6,30.1,26.1,26.1,28.6,27.6,25.6,26.2,29.6,28.1,24.1,29.6,32.6,26.6,29,30.1
6/29/17 17:59,18:00,27.6,27.1,24.5,27.1,26.1,32.1,32.1,27.7,28.6,28.1,29.6,27.1,26.1,30.6,28.1,25.1,27.2,29.6,27.6,27.1,30.1,28.1,27.1,32,29.6
6/29/17 18:59,19:00,27.1,27.1,24.5,27.1,26.1,31.1,31.6,27.7,27.6,30.1,28.1,27.1,25.1,29.6,27.6,24.6,27.7,28.1,27.1,24.1,32.1,28.1,27.1,33.5,28.1
6/29/17 19:59,20:00,25.1,26.6,24,26.1,24.6,28.6,30.1,26.7,27.1,26.6,25.1,27.1,23.6,27.1,26.1,23.6,26.7,26.6,25.6,23.1,27.1,27.1,26.1,33,26.6
6/29/17 20:59,21:00,23.1,24.6,23,24.6,23.1,25.1,26.1,25.2,25.6,25.1,22.1,25.6,22.1,24.6,24.6,22.1,24.7,25.1,23.6,22.1,25.1,25.1,24.6,24.5,24.6
6/29/17 21:59,22:00,21.6,22.1,21,23.1,21.1,23.1,24.1,23.2,23.6,24.1,20.1,23.6,21.1,22.6,23.1,21.1,22.7,22.6,22.1,21.1,24.1,23.1,22.6,22.5,23.1
6/29/17 22:59,23:00,19.6,20.6,20,21.1,19.6,21.6,22.6,22.2,22.1,22.6,19.1,22.1,20.1,21.6,21.6,20.1,21.2,21.6,20.1,19.6,22.6,21.6,21.1,21.5,21.6
6/29/17 23:59,0:00,18.6,20.1,19,20.1,19.1,20.6,21.6,20.6,21.1,21.1,18.1,21.1,18.6,20.6,20.6,19.1,19.7,20.1,19.1,18.6,21.1,20.6,20.1,20.5,20.6
6/30/17 0:59,1:00,17.6,18.1,18,19.1,18.6,19.1,20.6,19.6,20.1,20.1,17.1,20.1,17.1,19.1,19.6,18.1,19.2,16.6,18.1,17.6,20.1,19.1,19.1,19,19.6
6/30/17 1:59,2:00,16.6,17.6,17,18.6,17.6,18.1,19.1,18.6,19.1,19.1,16.1,19.1,16.6,18.6,18.6,16.6,17.7,16.6,17.1,16.6,19.1,18.1,18.1,18,18.1
6/30/17 2:59,3:00,15.6,16.1,16,17.1,16.6,17.6,18.6,17.6,18.6,18.6,15.6,18.1,16.1,17.6,17.6,16.1,17.2,16.1,16.6,15.6,18.6,17.1,17.6,17,17.6
6/30/17 3:59,4:00,15.1,15.1,15.5,16.6,15.6,17.1,17.6,16.6,18.1,18.1,15.1,17.1,15.1,17.1,16.6,15.6,16.2,15.6,15.6,15.6,18.1,16.6,17.1,16,17.1
6/30/17 4:59,5:00,15.1,14.6,15,16.1,15.1,16.6,17.1,16.1,17.6,17.1,14.6,15.6,14.1,16.6,16.1,15.1,15.6,15.1,15.6,15.6,17.6,16.1,16.1,15.5,16.1
6/30/17 5:59,6:00,15.6,15.1,14.5,15.6,15.6,16.6,16.6,16.1,16.6,17.1,14.6,16.1,14.1,16.1,16.1,15.1,15.6,15.1,15.1,14.1,16.6,15.6,16.1,16.5,16.1
6/30/17 6:59,7:00,15.6,16.1,14.5,16.1,15.6,16.1,17.1,17.6,16.6,19.6,15.1,17.1,18.1,17.6,19.1,15.1,16.2,15.1,16.1,15.1,17.1,19.1,17.6,19.5,19.1
6/30/17 7:59,8:00,24.6,17.6,15,17.1,17.1,17.1,18.6,20.6,17.6,20.1,20.1,17.6,28.6,19.1,19.1,17.1,17.2,16.1,17.6,16.6,17.6,18.1,18.1,25,20.1
6/30/17 8:59,9:00,23.6,24.1,16.5,19.1,18.6,18.1,19.6,22.7,19.6,21.6,21.1,19.1,23.1,20.1,21.6,19.6,18.2,17.6,19.6,17.6,19.1,21.6,19.6,26.5,22.1
6/30/17 9:59,10:00,27.1,25.6,18.5,20.6,21.6,19.6,21.6,23.2,21.6,23.1,22.1,20.6,24.6,22.1,24.1,21.1,19.7,20.6,20.6,18.6,21.1,25.1,21.6,29,23.6
6/30/17 10:59,11:00,31.1,28.6,21,22.6,23.1,23.1,23.1,25.7,23.1,24.6,32.6,22.6,26.1,23.1,25.1,23.1,21.7,23.1,21.6,20.6,23.1,25.1,25.6,30.5,24.6
6/30/17 11:59,12:00,26.6,29.1,23.5,25.6,28.1,27.6,25.1,28.2,25.6,26.1,33.6,24.1,27.6,25.1,26.6,24.6,23.7,25.1,23.6,22.6,25.6,26.6,28.1,29,26.6
6/30/17 12:59,13:00,27.1,29.6,25.5,27.1,30.6,29.1,27.1,33.1,27.1,28.1,34.6,25.6,29.1,27.1,28.1,25.6,25.7,28.1,25.1,24.1,28.6,28.6,29.6,29,28.1
6/30/17 13:59,14:00,28.1,29.6,27,29.1,33.1,31.1,28.6,29.7,28.6,29.1,34.6,27.6,31.1,29.1,29.6,26.6,26.7,30.1,27.6,25.1,30.1,29.6,31.1,29.5,30.1
6/30/17 14:59,15:00,29.6,31.6,28.5,31.1,33.1,33.6,30.6,31.1,30.6,29.6,36.1,29.1,33.1,31.1,30.6,28.1,28.2,31.6,29.6,26.6,32.1,31.6,30.1,31.5,31.1
6/30/17 15:59,16:00,30.1,31.6,27.5,31.6,36.1,34.1,33.1,31.1,32.1,30.1,35.1,29.6,30.6,32.1,31.6,29.6,29.2,32.1,32.1,27.1,35.1,36.1,30.6,32,31.6
6/30/17 16:59,17:00,30.1,31.6,27.5,31.6,29.1,33.6,34.1,31.1,31.6,30.1,33.1,30.1,30.6,32.1,31.6,29.1,29.7,32.6,31.6,26.6,31.6,34.6,29.1,32.5,31.1
6/30/17 17:59,18:00,29.1,30.1,27,29.1,27.6,31.6,33.1,30.2,30.1,30.1,30.1,29.6,29.6,30.6,30.6,28.1,29.7,30.6,30.1,27.1,31.1,30.6,28.6,33.5,30.1
6/30/17 18:59,19:00,27.6,28.1,25.5,28.1,27.1,29.6,32.1,29.2,28.6,30.1,28.1,29.1,27.1,29.6,29.1,26.1,27.7,29.1,28.1,25.1,31.6,29.1,27.1,32.5,27.6
6/30/17 19:59,20:00,25.1,26.1,23.5,25.6,25.1,26.1,28.1,26.2,25.6,26.6,24.6,26.1,25.6,25.1,26.1,25.1,24.7,25.6,26.1,22.6,26.1,26.6,24.1,28.5,24.1
6/30/17 20:59,21:00,22.1,22.6,21,22.6,22.6,22.6,23.6,23.7,23.1,23.6,21.6,23.1,22.6,21.6,23.6,22.1,21.2,22.6,22.6,20.1,23.1,23.6,21.1,23,21.1
6/30/17 21:59,22:00,19.6,20.1,18.5,20.6,20.1,20.6,21.6,21.2,20.1,21.1,19.6,20.6,20.1,19.1,21.6,20.1,18.7,20.6,20.1,17.6,20.6,20.6,18.6,21.5,18.6
6/30/17 22:59,23:00,18.1,18.1,17,18.6,18.1,18.6,20.1,18.6,18.6,19.1,17.6,18.6,18.1,17.6,19.6,18.6,17.2,18.6,17.6,15.6,18.6,18.6,17.1,19,17.1
6/30/17 23:59,0:00,16.6,16.1,15.5,17.1,16.6,17.1,18.1,17.1,18.1,18.1,16.6,17.6,16.6,17.1,17.6,17.1,16.2,17.1,16.6,14.6,17.6,16.6,16.6,17,16.6
7/1/17 0:59,1:00,16.1,15.6,14.5,16.6,16.6,16.6,17.6,16.6,17.1,17.6,16.1,16.6,15.6,16.6,16.6,16.6,15.6,16.6,16.1,14.1,17.1,16.1,16.1,16.5,16.1
7/1/17 1:59,2:00,15.6,15.1,14,16.1,16.1,16.6,16.6,16.1,16.6,16.6,15.6,16.1,15.6,16.1,16.1,15.6,15.6,16.1,15.6,13.6,16.6,15.6,15.6,16,15.6
7/1/17 2:59,3:00,15.1,15.1,14,15.6,15.6,16.1,16.6,15.6,16.1,16.1,15.1,15.6,15.6,15.6,15.6,15.1,15.6,15.6,15.6,13.1,16.1,15.1,15.1,15.5,15.6
7/1/17 3:59,4:00,14.6,15.1,14,15.6,15.1,15.6,16.6,15.6,16.1,16.1,14.6,15.6,15.1,15.6,16.1,14.6,15.6,15.6,15.6,13.1,16.1,15.1,15.1,16,15.1
7/1/17 4:59,5:00,14.6,14.6,13.5,15.6,15.1,15.6,16.1,15.6,16.1,16.1,14.6,15.6,15.1,15.1,15.6,14.6,15.1,15.6,15.1,12.6,15.6,14.6,15.1,15.5,15.1
7/1/17 5:59,6:00,14.1,14.1,13.5,15.1,14.6,15.1,16.1,15.1,15.6,15.6,14.1,15.1,14.6,15.1,15.1,14.1,15.1,15.1,15.1,12.6,15.6,14.6,14.6,15,15.1
7/1/17 6:59,7:00,14.1,14.1,13.5,15.1,14.6,15.1,15.6,15.1,15.6,15.6,14.6,15.1,14.6,15.6,14.6,14.1,15.1,15.1,14.6,13.1,15.6,14.6,15.1,15,15.1
7/1/17 7:59,8:00,14.1,14.6,13.5,15.1,15.1,14.6,15.6,15.1,15.6,15.6,14.6,15.1,14.6,14.6,15.1,14.1,15.1,15.6,14.6,12.6,15.1,14.6,14.1,15.5,14.6
7/1/17 8:59,9:00,14.6,15.1,13.5,14.6,15.1,15.1,16.1,15.1,15.1,15.1,15.1,14.6,15.1,15.1,15.1,14.1,15.6,14.6,15.1,12.6,14.6,15.1,14.1,16,15.1
7/1/17 9:59,10:00,14.6,15.6,14.5,15.6,15.6,15.6,16.6,16.1,16.1,16.6,16.6,15.6,16.1,16.1,16.1,14.6,16.7,16.1,15.6,13.1,16.1,16.1,15.6,17,16.1
7/1/17 10:59,11:00,16.1,17.6,15.5,17.1,17.6,16.6,18.1,18.1,17.6,18.6,17.6,17.6,18.6,17.1,18.1,15.6,17.2,17.6,17.1,13.6,17.1,18.1,17.6,20,17.1
7/1/17 11:59,12:00,16.6,18.6,16,18.6,19.1,17.6,19.1,19.1,18.1,19.1,18.6,19.1,19.6,18.1,19.1,16.1,18.2,18.6,17.6,14.6,17.6,19.6,18.1,21,18.1
7/1/17 12:59,13:00,18.1,19.6,17,19.1,19.1,19.1,20.1,20.6,20.1,20.6,21.6,20.1,21.1,19.6,20.1,17.1,19.2,20.1,19.1,16.1,19.6,20.6,20.1,22,20.1
7/1/17 13:59,14:00,21.6,23.6,21,22.1,21.1,23.6,21.6,24.2,21.1,22.1,23.6,20.1,22.6,21.6,21.6,19.1,20.2,22.1,20.1,18.1,24.1,24.1,23.6,24.5,23.1
7/1/17 14:59,15:00,21.1,23.6,21.5,23.6,25.6,26.6,24.6,23.7,23.6,22.1,29.1,21.1,26.1,23.6,23.6,20.1,21.2,24.1,22.6,20.1,24.6,24.1,24.1,23,24.1
7/1/17 15:59,16:00,23.1,23.6,20.5,25.1,29.1,26.6,27.1,24.2,25.1,23.6,29.6,22.6,23.1,25.1,25.1,22.1,22.7,25.6,25.1,20.6,29.1,28.6,23.1,25.5,25.1
7/1/17 16:59,17:00,23.6,25.1,21.5,26.6,23.1,27.6,28.6,24.7,26.6,24.1,27.6,23.6,23.1,27.1,24.6,22.6,23.2,26.6,25.6,21.1,27.6,30.1,23.1,25.5,28.1
7/1/17 17:59,18:00,24.6,24.1,22,24.6,22.6,28.6,29.6,24.2,27.1,25.6,26.6,24.1,23.1,28.1,25.1,22.6,23.7,27.1,24.1,24.1,27.6,25.1,24.1,30,26.1
7/1/17 18:59,19:00,24.6,23.6,21,24.6,22.6,29.1,30.1,24.2,24.6,28.1,25.1,24.1,21.6,27.1,24.6,21.6,24.7,25.6,23.6,21.1,29.1,25.1,23.6,30,25.1
7/1/17 19:59,20:00,22.6,23.1,21,23.6,21.6,27.1,28.1,23.7,24.1,23.6,22.1,24.1,20.6,24.6,23.6,21.1,24.2,24.1,22.6,20.1,25.1,24.6,23.1,29,24.1
7/1/17 20:59,21:00,20.6,21.1,20.5,21.6,20.6,22.6,23.6,22.2,23.1,22.6,20.1,23.1,19.6,22.6,22.1,20.1,21.7,22.1,21.6,19.1,23.1,22.6,22.1,21.5,22.1
7/1/17 21:59,22:00,19.1,20.1,19,20.6,19.1,20.6,22.1,21.2,21.1,21.1,18.6,21.1,18.1,20.1,21.1,18.6,20.2,20.6,20.6,17.1,21.6,20.6,19.6,20.5,19.6
7/1/17 22:59,23:00,17.6,18.6,17.5,19.1,18.1,19.1,20.6,19.1,19.1,19.6,17.6,19.6,17.1,18.6,19.1,17.1,18.7,18.6,18.1,16.1,19.6,19.1,18.1,19,18.1
7/1/17 23:59,0:00,16.6,16.6,16,17.1,16.6,17.6,19.1,18.1,18.1,18.1,16.1,18.1,15.6,17.1,17.6,16.1,17.2,17.6,16.6,14.6,18.6,17.6,17.1,17.5,17.6
7/2/17 0:59,1:00,15.6,15.6,15,16.6,15.6,17.1,17.6,16.6,17.1,17.1,15.1,16.6,14.6,16.1,16.6,15.1,15.6,16.1,15.6,14.1,17.6,16.6,15.6,16,16.6
7/2/17 1:59,2:00,14.6,14.6,14,15.1,14.1,16.1,16.6,15.6,16.1,16.1,14.1,15.6,13.6,15.6,15.6,14.6,15.1,15.6,15.1,13.1,16.6,15.1,15.1,15.5,15.1
7/2/17 2:59,3:00,13.6,13.6,13,14.6,13.6,15.1,16.1,14.6,15.1,15.6,13.1,14.6,13.6,14.6,14.6,13.6,14.1,14.6,13.6,12.6,15.6,14.1,14.6,14.5,14.6
7/2/17 3:59,4:00,13.1,13.1,12.5,14.1,13.1,14.6,14.6,14.1,14.6,14.6,12.6,14.1,12.6,14.1,14.1,13,13.6,14.1,13.1,11.6,14.6,13.6,13.6,13.5,14.1
7/2/17 4:59,5:00,12.6,12.1,11.5,13.6,13.1,13.6,14.1,13.1,14.1,14.1,12.1,13.6,11.6,13.6,13.1,12,13.1,12.6,13.1,11.1,14.1,12.6,13.1,12.5,13.6
7/2/17 5:59,6:00,12.1,12.1,11.5,13.1,12.6,12.6,14.1,13.1,13.6,13.6,11.6,13.1,11.6,13.1,13.1,12,13.6,12.1,13.1,11.1,14.1,12.6,12.6,13,13.6
7/2/17 6:59,7:00,12.6,13.1,12,13.1,13.1,12.6,14.6,13.6,13.6,14.1,12.1,13.1,13.6,13.6,14.1,12,14.1,12.1,13.6,11.6,13.6,13.1,13.1,14.5,17.1
7/2/17 7:59,8:00,21.1,13.6,12.5,14.1,13.6,13.6,15.1,14.6,14.6,15.1,16.6,14.1,14.1,14.1,14.6,13.6,14.6,12.6,14.1,12.1,15.1,14.6,14.6,15.5,16.1
7/2/17 8:59,9:00,20.1,17.6,13.5,15.6,15.1,14.6,15.6,18.1,15.1,17.6,16.6,15.1,18.1,16.6,18.1,15.6,15.6,13.6,15.6,13.1,15.1,16.1,15.6,24,18.6
7/2/17 9:59,10:00,24.6,20.6,15,16.6,18.1,16.1,17.6,19.6,17.1,18.6,18.1,16.6,20.6,17.6,20.1,17.1,16.2,15.6,16.6,14.6,16.1,20.6,18.6,26,19.1
7/2/17 10:59,11:00,28.1,22.1,17,18.6,19.1,18.6,19.1,21.7,19.1,20.6,28.6,18.1,22.1,19.1,21.1,19.6,18.2,19.1,17.6,16.6,18.6,19.6,21.1,25,20.6
7/2/17 11:59,12:00,23.1,24.1,20,21.1,23.6,23.1,21.1,23.2,21.6,22.1,28.1,20.1,22.6,20.6,22.6,20.6,19.7,21.6,19.6,18.1,21.6,23.1,24.1,25.5,22.6
7/2/17 12:59,13:00,23.6,25.6,22,23.6,26.6,25.6,22.6,30.6,23.1,24.6,30.6,22.1,26.1,23.1,24.6,21.6,21.2,23.6,21.1,20.1,23.6,27.1,26.6,25.5,24.6
7/2/17 13:59,14:00,25.1,27.1,23.5,25.6,28.1,29.1,25.6,26.7,25.6,25.1,32.1,23.6,26.6,25.1,25.6,24.1,23.2,26.6,23.1,21.6,25.1,26.1,26.6,26,26.1
7/2/17 14:59,15:00,26.6,27.1,25.5,26.6,30.1,30.1,27.6,27.7,27.1,26.6,32.6,25.1,29.1,26.6,27.6,25.1,24.7,27.1,26.6,23.1,28.1,26.6,26.1,28,28.1
7/2/17 15:59,16:00,27.1,28.1,24.5,28.1,33.1,31.6,29.1,28.7,28.6,27.1,33.1,26.1,27.1,28.1,28.1,26.6,26.2,28.6,28.6,23.6,30.6,31.1,26.1,29,28.6
7/2/17 16:59,17:00,28.1,28.1,24.5,29.1,26.6,33.1,32.1,28.2,29.1,27.6,32.1,27.1,27.1,29.6,28.6,26.1,27.2,29.1,29.1,24.6,29.6,33.1,26.6,29.5,30.1
7/2/17 17:59,18:00,27.6,27.1,25.5,27.6,26.1,31.6,32.6,28.2,29.6,28.6,29.1,27.6,27.1,30.6,28.6,25.1,27.7,29.1,27.6,26.6,29.6,28.1,27.1,33.5,29.1
7/2/17 18:59,19:00,26.6,26.1,24.5,27.1,25.6,31.1,32.6,27.2,27.6,29.6,27.6,27.6,25.1,29.1,27.1,24.6,27.2,27.6,26.6,23.6,32.1,27.6,26.1,31.5,27.6
7/2/17 19:59,20:00,24.6,25.6,23,25.6,24.6,27.6,30.1,25.7,26.1,26.1,24.6,26.1,23.6,25.6,25.6,23.1,26.2,26.1,25.1,22.6,27.1,26.1,24.6,32,25.6
7/2/17 20:59,21:00,22.6,23.1,21.5,23.6,22.6,24.1,24.1,23.7,23.6,23.6,22.6,23.6,22.1,22.6,23.6,21.6,22.7,23.1,23.1,20.6,24.6,23.6,22.6,23,23.1
7/2/17 21:59,22:00,20.1,20.6,19.5,21.1,20.1,21.1,22.1,21.7,21.6,21.6,19.6,21.6,20.1,20.6,21.1,19.6,20.7,21.1,21.1,18.6,22.1,21.1,20.6,21,20.6
7/2/17 22:59,23:00,18.6,18.6,17.5,19.6,19.1,19.1,19.6,19.6,19.6,20.1,18.1,19.6,18.6,18.6,19.1,18.6,19.2,19.6,19.1,17.1,20.1,19.1,18.6,19,19.1
7/2/17 23:59,0:00,17.1,17.1,16,18.1,17.6,18.1,18.6,18.1,18.6,18.6,16.6,18.6,17.1,17.6,18.1,17.6,17.7,18.1,17.6,15.6,18.6,17.6,17.6,17.5,17.6
7/3/17 0:59,1:00,16.1,16.1,15.5,17.1,16.1,17.1,17.6,17.1,17.1,17.6,15.1,17.1,16.1,16.6,17.1,16.6,16.7,17.1,16.6,14.6,17.6,16.6,16.1,16.5,16.6
7/3/17 1:59,2:00,15.1,15.1,14.5,16.1,15.6,16.1,17.1,16.1,16.6,16.6,14.6,16.1,15.1,16.1,16.1,15.6,16.2,16.1,15.6,13.6,16.6,15.6,15.6,15.5,16.1
7/3/17 2:59,3:00,14.1,14.6,13.5,15.6,14.6,15.1,16.1,15.1,15.6,15.6,14.1,15.6,14.6,15.1,15.1,14.6,15.6,15.6,15.6,12.6,15.6,14.6,14.6,15,15.1
7/3/17 3:59,4:00,14.6,14.6,13.5,15.1,14.6,15.1,15.6,15.1,15.6,15.6,14.1,15.1,14.6,15.1,15.1,14.1,15.6,15.1,15.1,12.6,15.1,14.6,15.1,15,15.1
7/3/17 4:59,5:00,14.1,14.6,13.5,15.1,14.6,14.6,16.1,15.1,15.6,15.6,14.1,15.6,14.6,15.1,15.1,14.1,15.6,15.1,15.1,12.6,15.1,14.6,15.1,15,15.1
7/3/17 5:59,6:00,14.1,14.1,13.5,15.1,14.6,14.6,15.6,15.1,15.1,15.6,14.1,15.1,14.6,14.6,15.1,14.1,15.1,15.1,15.1,12.6,15.1,14.6,14.6,15,15.1
7/3/17 6:59,7:00,14.1,14.1,13,14.6,14.6,14.1,15.1,14.6,15.1,15.6,14.1,15.1,14.6,14.6,14.6,13.6,15.1,15.1,14.6,12.6,15.6,14.6,14.6,15,15.1
7/3/17 7:59,8:00,14.1,14.6,13,15.1,14.6,14.6,15.6,15.1,15.1,15.6,15.1,15.1,15.1,15.1,15.1,14.1,15.1,15.1,14.6,12.6,15.6,15.1,15.1,16,15.6
7/3/17 8:59,9:00,15.1,15.1,13.5,15.6,15.6,15.6,16.1,16.1,15.6,16.6,16.6,15.6,15.6,15.6,16.1,14.1,15.6,15.6,15.1,12.6,16.1,15.6,15.6,17,16.1
7/3/17 9:59,10:00,18.6,15.6,14.5,16.1,16.6,15.6,16.6,16.6,16.6,17.1,16.6,16.6,16.6,16.6,16.6,15.1,16.7,16.6,15.6,13.6,16.6,16.6,16.6,17.5,18.1
7/3/17 10:59,11:00,24.6,20.1,15.5,16.6,18.1,17.6,18.6,20.1,18.6,18.6,24.1,17.1,17.6,18.6,18.6,17.1,17.7,17.6,16.6,15.1,17.6,19.1,21.6,22.5,18.6
7/3/17 11:59,12:00,21.1,21.1,18,20.1,21.6,21.6,19.6,21.2,20.1,20.6,26.1,18.6,21.1,19.1,21.1,18.6,18.7,20.1,17.6,16.6,20.1,20.1,21.6,21,20.6
7/3/17 12:59,13:00,20.6,23.1,20,20.6,24.6,23.6,21.6,27.7,22.1,22.1,27.1,19.6,23.1,21.1,22.6,19.6,20.2,21.6,19.1,17.6,22.1,22.6,23.1,23,22.1
7/3/17 13:59,14:00,21.6,23.6,21.5,22.1,26.6,25.1,23.1,23.7,23.1,22.6,29.1,21.1,23.1,22.6,23.1,20.6,21.7,23.1,21.1,18.6,23.1,23.1,24.1,24,23.6
7/3/17 14:59,15:00,23.1,24.1,22.5,24.1,26.1,27.1,24.6,24.2,24.6,23.1,28.1,22.1,27.1,24.6,24.6,22.1,23.2,24.6,24.1,20.6,26.1,24.1,23.6,25,25.1
7/3/17 15:59,16:00,24.1,24.6,22,25.6,31.1,27.1,26.6,25.7,26.1,24.1,29.6,23.6,24.6,25.6,25.1,23.1,23.7,26.1,26.1,20.6,26.6,29.6,23.6,26,25.6
7/3/17 16:59,17:00,24.1,25.1,22,26.1,23.6,28.6,29.1,24.7,26.6,24.6,26.1,24.6,24.1,26.6,25.6,22.6,24.7,26.1,26.6,21.1,26.6,33.1,24.1,27,27.6
7/3/17 17:59,18:00,24.6,24.6,22.5,24.6,23.6,29.1,30.1,25.2,27.1,25.6,26.6,24.6,23.6,27.6,25.6,22.6,25.2,26.1,25.1,23.1,27.6,25.6,24.1,30.5,26.6
7/3/17 18:59,19:00,24.1,24.1,21.5,24.1,23.6,27.1,29.1,24.7,24.6,26.1,25.1,24.1,22.6,26.6,24.6,21.6,24.2,24.6,24.1,20.6,27.6,25.6,23.6,29.5,24.6
7/3/17 19:59,20:00,21.6,22.1,20.5,22.6,21.6,23.1,24.1,22.7,23.1,23.1,21.6,23.1,22.1,23.1,22.6,20.6,23.2,22.6,22.1,19.6,23.6,22.6,22.1,24,23.1
7/3/17 20:59,21:00,20.1,20.1,19,21.1,20.1,20.6,22.1,21.2,21.6,21.6,19.6,21.1,20.1,20.6,20.6,19.1,20.7,20.6,20.6,18.1,22.1,20.6,20.6,20.5,21.1
7/3/17 21:59,22:00,18.1,19.1,17.5,19.6,18.6,18.6,20.6,19.6,20.1,20.1,17.6,20.1,18.1,19.6,19.6,17.6,19.2,19.6,19.1,17.1,20.6,19.1,19.1,19,19.6
7/3/17 22:59,23:00,16.1,17.6,16.5,19.1,17.1,17.1,19.1,18.6,19.1,19.1,15.6,19.1,16.6,18.6,18.6,16.6,18.7,19.1,17.6,16.1,19.6,18.1,18.1,18,18.6
7/3/17 23:59,0:00,15.1,16.6,16,17.1,15.6,16.1,18.1,17.6,18.1,18.1,14.1,18.1,15.6,17.6,17.6,15.1,17.2,17.6,16.6,15.1,18.6,17.1,17.1,17,17.6
7/4/17 0:59,1:00,14.1,15.1,15,16.6,15.1,15.1,17.1,16.6,17.1,17.6,13.1,17.1,14.6,16.6,16.6,14.1,16.7,17.1,15.1,14.1,17.6,16.1,16.1,16,16.6
7/4/17 1:59,2:00,13.1,14.6,14,15.6,14.6,14.6,16.6,15.6,16.1,16.6,12.1,16.1,13.6,15.6,15.6,13,15.6,15.6,14.1,13.6,16.6,15.1,15.6,15,15.6
7/4/17 2:59,3:00,12.6,13.1,13,15.1,14.1,13.6,15.6,14.6,15.6,15.6,11.6,15.1,13.1,15.1,14.6,12.5,15.1,15.1,13.6,12.6,16.1,14.6,14.6,14,15.1
7/4/17 3:59,4:00,12.1,13.1,13,14.1,13.1,13.1,15.1,14.1,15.1,15.1,11.1,14.6,12.6,14.6,14.1,12.5,14.1,14.1,13.1,12.6,15.6,14.1,14.1,13.5,14.6
7/4/17 4:59,5:00,11.6,12.6,12.5,13.6,13.1,13.1,14.6,13.6,14.6,14.6,11.1,13.6,11.6,14.1,13.6,12,13.6,12.1,12.6,12.1,15.1,13.6,13.6,13,14.6
7/4/17 5:59,6:00,11.6,12.6,12,13.1,12.6,13.1,14.6,13.6,14.1,14.1,11.1,13.1,11.6,14.1,13.6,11.5,13.6,12.1,12.6,12.1,14.6,13.1,13.6,13,14.1
7/4/17 6:59,7:00,12.6,13.6,12,13.6,13.6,13.1,14.6,14.1,14.6,16.6,12.1,14.6,14.6,15.1,15.1,12,14.1,12.6,13.6,12.6,14.6,15.6,15.1,16,15.6
7/4/17 7:59,8:00,20.1,14.6,13,15.1,14.6,14.1,15.6,17.1,15.6,18.1,17.1,15.1,25.1,16.6,16.6,14.1,15.1,13.6,15.1,12.6,15.1,15.6,15.6,21,16.6
7/4/17 8:59,9:00,20.1,20.6,14.5,16.6,15.6,14.6,16.6,19.6,16.6,18.6,17.1,16.1,20.6,17.6,18.6,16.1,16.2,14.1,16.1,13.6,16.1,19.6,17.1,27,18.6
7/4/17 9:59,10:00,25.1,22.6,16,17.6,19.1,16.1,18.1,21.2,18.6,19.6,17.6,17.1,21.6,19.1,21.6,18.1,17.7,16.1,17.6,15.1,17.6,26.6,20.6,25.5,20.1
7/4/17 10:59,11:00,29.6,25.6,18.5,19.6,20.6,19.1,20.1,23.2,19.6,21.1,28.6,19.6,23.1,20.1,23.1,20.1,19.7,18.1,19.1,17.1,19.6,21.6,23.1,28.5,21.1
7/4/17 11:59,12:00,23.6,26.6,21,21.6,25.1,23.6,22.1,25.2,22.1,23.1,30.6,20.6,25.6,21.6,24.6,21.1,20.7,20.1,20.6,19.1,23.1,30.6,24.1,27,24.1
7/4/17 12:59,13:00,24.1,26.6,23,23.6,27.6,27.6,24.1,33.1,24.6,25.1,31.1,22.6,27.1,23.6,25.6,23.1,22.7,24.1,23.1,20.6,24.6,28.1,26.6,27,25.6
7/4/17 13:59,14:00,25.6,28.1,25,25.6,30.6,28.6,26.1,27.7,25.6,26.1,31.6,24.1,28.1,25.6,27.1,24.6,24.2,26.1,24.6,22.1,26.6,27.1,27.1,27.5,28.1
7/4/17 14:59,15:00,27.1,28.1,26,27.6,30.6,31.1,27.6,27.7,28.1,26.1,32.6,25.6,29.6,27.1,28.6,25.6,25.2,28.1,27.6,23.6,28.6,28.6,27.1,29,28.1
7/4/17 15:59,16:00,28.6,28.6,25,28.6,36.6,32.6,30.1,28.7,29.6,27.6,33.1,27.1,27.6,29.1,29.1,26.6,27.2,29.6,29.6,24.1,31.6,34.1,26.6,29.5,29.6
7/4/17 16:59,17:00,28.6,29.1,25.5,29.6,27.1,33.6,32.1,28.7,31.1,28.1,32.1,28.1,27.6,30.6,29.1,26.1,28.2,31.1,29.6,25.1,31.1,36.6,27.6,31,31.1
7/4/17 17:59,18:00,28.1,28.1,26,28.1,27.1,32.6,33.6,28.7,30.6,29.1,29.6,28.1,27.1,31.1,29.1,25.6,28.2,29.6,28.1,27.1,30.6,29.6,27.6,34.5,30.1
7/4/17 18:59,19:00,27.6,28.1,24.5,27.6,26.6,31.6,33.1,28.2,28.1,30.6,28.6,28.1,24.6,30.6,28.1,24.6,28.2,28.6,27.1,24.6,32.6,29.1,27.1,34.5,28.6
7/4/17 19:59,20:00,25.6,27.1,24,26.6,24.6,29.6,31.1,27.2,27.1,26.6,25.1,27.1,23.1,27.1,26.6,23.6,27.2,27.1,24.6,23.1,27.6,27.6,26.1,32.5,26.6
7/4/17 20:59,21:00,23.1,24.1,23,24.6,23.1,25.1,26.1,25.2,25.1,25.1,21.6,25.6,22.1,24.6,24.6,22.1,24.2,25.1,23.1,21.6,25.1,25.1,24.1,24.5,24.6
7/4/17 21:59,22:00,21.6,22.6,21.5,23.6,22.1,22.6,24.1,23.7,24.1,24.1,20.1,24.1,20.1,23.1,23.1,20.6,22.7,23.1,21.1,21.1,24.1,23.1,22.6,22.5,23.1
7/4/17 22:59,23:00,20.1,21.1,20.5,21.6,21.1,21.6,23.1,22.2,23.1,23.1,18.6,22.6,19.6,22.1,22.1,20.1,21.7,22.1,20.6,20.6,23.1,22.1,21.1,21.5,22.1
7/4/17 23:59,0:00,19.1,19.6,19,20.1,19.1,20.6,21.6,21.2,21.6,21.6,18.1,21.1,19.1,20.6,20.6,19.1,20.2,20.6,19.1,19.1,21.6,20.6,20.1,20.5,20.1
7/5/17 0:59,1:00,17.6,18.1,18,19.1,18.1,19.6,20.6,19.6,20.1,20.6,17.1,19.6,17.1,19.1,19.6,18.1,18.7,19.6,18.1,18.1,20.6,19.1,18.6,19,19.6
7/5/17 1:59,2:00,16.6,17.6,17,18.6,16.6,18.6,19.1,18.6,19.1,19.1,16.1,18.6,16.6,18.1,18.6,17.1,17.2,18.6,16.6,17.1,19.1,18.6,18.1,18,18.1
7/5/17 2:59,3:00,16.1,16.6,16,17.1,16.1,18.1,19.1,17.6,18.1,18.6,15.6,17.6,15.1,17.6,17.6,16.6,16.2,17.1,16.1,16.6,18.6,17.1,17.1,17,17.6
7/5/17 3:59,4:00,16.1,15.6,15.5,16.6,15.1,17.1,17.6,16.6,17.1,17.6,15.6,16.6,14.6,16.6,16.6,15.6,16.2,16.6,15.1,15.1,17.6,16.6,16.1,15.5,16.6
7/5/17 4:59,5:00,15.6,14.1,15,15.6,15.1,17.1,17.1,15.6,17.1,17.1,14.6,16.1,13.6,16.1,16.1,15.6,15.6,16.1,15.1,15.1,17.1,16.1,15.6,14.5,16.1
7/5/17 5:59,6:00,14.6,14.6,14.5,15.6,15.6,16.6,17.1,15.6,16.6,17.1,14.1,15.6,13.6,16.1,16.1,15.1,15.1,15.6,14.6,15.1,17.1,15.6,15.6,15.5,16.1
7/5/17 6:59,7:00,15.1,16.1,14.5,16.1,15.6,16.6,17.6,17.1,16.6,19.1,15.1,17.1,16.6,18.1,19.1,15.1,16.2,16.1,16.1,16.1,17.1,20.6,17.6,20,19.1
7/5/17 7:59,8:00,23.6,18.1,15.5,17.6,17.1,17.6,18.6,21.2,18.1,20.1,20.1,18.1,27.6,18.6,19.6,16.6,17.7,18.1,18.1,16.6,18.1,19.1,17.6,23.5,20.6
7/5/17 8:59,9:00,24.6,23.6,17.5,19.6,19.1,19.1,20.1,22.7,20.1,21.6,21.1,19.6,24.1,20.6,22.1,20.1,19.2,19.6,19.6,18.6,20.1,23.6,20.1,28,22.6
7/5/17 9:59,10:00,29.6,26.1,19.5,21.6,22.6,21.1,23.1,24.7,22.1,23.1,23.6,21.6,26.6,22.6,25.1,22.6,20.7,23.1,21.1,20.1,21.1,30.1,24.6,29.5,24.1
7/5/17 10:59,11:00,33.6,31.1,22.5,24.1,24.6,24.6,24.6,27.7,23.6,25.6,33.1,23.6,28.1,24.6,27.1,24.6,23.2,25.1,23.1,22.6,24.6,26.1,27.1,33,26.1
7/5/17 11:59,12:00,29.1,31.1,25.5,27.1,30.1,29.6,27.1,31.1,26.6,28.1,36.1,26.1,30.1,27.1,29.6,26.6,25.2,27.6,25.6,25.1,27.6,35.1,29.1,32,28.6
7/5/17 12:59,13:00,30.1,32.1,28,29.6,33.6,32.1,29.6,38.1,29.1,30.1,37.1,28.1,32.6,29.6,31.1,28.1,27.7,29.6,27.6,26.1,31.1,33.6,32.1,32,30.6
7/5/17 13:59,14:00,30.6,32.6,29.5,31.1,36.6,34.1,31.6,32.6,31.1,31.6,38.1,29.6,33.6,31.1,32.6,29.6,29.7,33.1,29.6,27.1,32.6,33.1,33.6,33.5,32.6
7/5/17 14:59,15:00,31.1,33.6,31,32.6,34.6,36.1,33.1,33.1,33.1,31.6,39.6,31.1,35.6,33.1,33.6,30.6,30.7,35.6,32.1,28.6,36.1,34.6,33.1,35,33.6
7/5/17 15:59,16:00,32.6,33.6,29,34.1,41.6,36.1,35.1,33.1,34.1,32.1,38.1,31.6,32.6,34.6,34.1,31.6,31.2,34.6,34.1,29.6,37.6,39.6,31.6,35,33.6
7/5/17 16:59,17:00,32.6,34.1,29,34.1,31.6,36.6,36.6,34.1,34.6,32.1,36.1,32.6,32.6,34.6,33.6,31.1,32.2,35.1,33.6,29.6,34.6,43.1,32.1,35.5,34.6
7/5/17 17:59,18:00,33.1,32.6,29.5,32.1,30.6,36.1,36.6,32.6,34.1,33.1,34.6,32.1,31.6,34.6,33.6,30.6,32.2,33.6,32.6,30.1,34.6,34.1,31.1,37,33.1
7/5/17 18:59,19:00,31.1,31.6,28.5,31.1,29.6,33.6,36.1,31.6,31.6,33.1,31.1,31.1,29.1,33.6,31.6,29.1,31.2,32.1,30.6,27.6,34.6,32.6,30.6,36,31.1
7/5/17 19:59,20:00,28.6,30.1,27,29.6,27.6,31.1,33.1,29.7,29.6,29.1,28.6,29.6,28.6,29.6,29.6,27.6,29.2,30.1,28.6,26.1,30.6,30.6,29.1,34.5,29.1
7/5/17 20:59,21:00,25.1,26.1,24.5,26.1,26.1,26.1,28.1,27.7,27.1,27.1,24.6,27.1,25.6,26.1,27.1,25.1,25.7,26.6,26.1,24.1,28.1,27.6,25.6,26.5,25.1
7/5/17 21:59,22:00,22.6,22.6,22,23.6,23.1,22.6,25.6,24.2,24.1,24.6,21.6,25.1,23.1,23.1,24.1,22.6,22.2,24.1,23.6,20.6,24.1,24.1,22.6,23.5,22.1
7/5/17 22:59,23:00,20.1,21.1,20,21.6,20.1,20.6,23.1,22.2,22.1,22.1,19.6,22.1,21.1,20.6,22.1,20.6,20.2,21.6,21.1,17.6,21.6,21.6,20.6,21.5,19.6
7/5/17 23:59,0:00,18.6,18.6,17.5,19.6,18.6,19.6,20.6,19.6,19.6,20.1,17.6,20.1,18.6,18.6,20.1,18.6,18.2,19.6,19.1,16.1,19.6,19.6,18.1,19.5,18.1
7/6/17 0:59,1:00,17.1,16.6,16,17.6,17.1,18.6,18.6,17.6,18.1,18.6,16.6,18.1,16.6,17.6,18.1,17.6,17.2,17.6,17.1,14.6,18.1,17.6,17.1,17.5,17.1
7/6/17 1:59,2:00,15.6,15.6,15,16.6,16.1,16.6,18.1,16.6,17.1,17.6,15.1,16.6,15.1,17.1,17.1,16.1,15.6,16.6,16.1,13.6,17.1,16.6,16.1,16.5,16.1
7/6/17 2:59,3:00,15.1,15.1,14.5,15.6,15.1,15.6,17.1,16.1,16.6,16.6,14.1,16.1,14.6,16.1,16.1,15.1,14.6,15.6,15.6,13.1,16.6,15.6,15.6,15.5,15.6
7/6/17 3:59,4:00,14.1,14.1,13.5,14.6,14.1,15.1,16.6,15.1,15.6,16.1,13.6,15.1,13.6,15.6,15.6,14.1,14.6,15.1,14.6,12.6,15.6,15.1,14.6,14.5,14.6
7/6/17 4:59,5:00,13.1,13.6,13,14.1,13.1,14.6,16.1,14.6,15.1,15.6,12.6,14.1,13.1,15.1,14.6,13.6,14.6,14.6,14.1,12.1,15.1,14.1,14.1,14.5,14.6
7/6/17 5:59,6:00,13.1,13.1,12.5,13.6,13.1,14.1,15.1,14.6,15.1,15.1,12.6,14.1,13.1,15.1,14.6,13,14.1,14.1,13.6,12.1,15.1,14.1,14.1,14.5,14.6
7/6/17 6:59,7:00,13.6,14.6,13,14.6,14.1,14.6,16.1,15.6,15.1,18.1,13.1,15.6,15.1,17.1,17.6,13.6,15.1,15.1,14.6,14.1,15.1,19.1,16.6,17.5,17.6
7/6/17 7:59,8:00,20.6,16.1,14,16.1,15.6,15.1,17.1,19.1,16.6,19.1,17.6,16.6,26.1,18.1,17.6,15.1,16.2,16.1,17.1,15.1,16.6,17.1,16.6,21,19.6
7/6/17 8:59,9:00,22.1,24.1,15.5,17.6,17.6,16.6,18.6,21.7,18.1,20.1,18.1,17.6,22.6,19.6,20.1,17.6,17.2,18.1,18.1,16.6,17.6,21.1,18.1,25,20.1
7/6/17 9:59,10:00,27.6,24.1,17.5,19.6,21.1,18.6,20.1,23.2,20.1,22.1,20.1,19.6,22.6,20.6,23.1,19.6,18.7,21.6,19.1,17.6,19.6,27.6,22.1,28.5,21.6
7/6/17 10:59,11:00,31.1,28.6,20.5,21.6,22.1,21.6,22.6,24.2,22.1,24.1,30.6,21.6,24.6,22.1,24.1,22.1,21.2,23.1,20.6,19.6,22.1,23.1,24.6,28,24.1
7/6/17 11:59,12:00,26.1,27.6,23,24.6,27.6,26.1,24.6,27.2,24.6,25.1,32.6,24.1,27.1,25.1,26.6,24.1,23.2,26.1,22.6,22.1,25.6,32.6,27.1,29,26.1
7/6/17 12:59,13:00,26.6,28.1,25.5,27.6,30.6,29.1,26.6,34.1,26.6,28.1,33.6,25.6,29.1,26.6,28.1,25.6,24.7,28.1,25.1,24.1,28.6,31.1,30.1,30.5,28.6
7/6/17 13:59,14:00,27.6,31.6,27.5,29.1,34.6,31.1,29.1,31.1,29.6,29.1,35.6,27.6,31.1,29.6,29.6,26.6,26.7,30.1,27.1,25.6,32.1,30.1,32.1,31,29.6
7/6/17 14:59,15:00,29.6,32.1,28.5,31.1,33.6,34.1,32.1,31.6,31.1,29.1,36.1,28.6,33.1,30.1,31.1,28.1,28.2,31.6,29.6,26.6,33.6,31.6,30.1,31.5,31.6
7/6/17 15:59,16:00,30.6,32.6,27.5,32.6,40.6,35.6,33.6,32.1,32.6,30.6,37.1,30.1,31.1,32.6,32.1,29.6,29.7,33.1,32.1,27.6,36.1,32.6,30.1,33.5,33.1
7/6/17 16:59,17:00,30.6,32.1,28,32.6,30.1,35.6,36.1,31.6,34.1,30.6,34.6,30.6,31.1,34.1,32.6,29.6,30.2,34.1,33.1,28.1,34.6,33.6,30.6,33.5,34.1
7/6/17 17:59,18:00,31.6,31.6,29,31.1,29.1,36.1,37.1,32.1,34.1,32.6,33.1,31.1,29.6,34.6,32.1,29.6,30.7,34.1,31.6,30.6,36.1,33.1,30.6,37,33.1
7/6/17 18:59,19:00,31.1,30.6,27.5,30.6,28.1,35.1,37.6,31.6,32.1,34.1,32.1,30.1,28.1,34.6,31.1,28.6,31.2,32.6,30.1,28.1,35.6,32.6,30.6,36.5,32.1
7/6/17 19:59,20:00,29.1,30.6,27,29.1,27.6,32.6,35.1,30.6,30.6,29.1,29.1,29.6,27.1,31.1,29.6,28.1,30.2,30.6,27.6,26.6,30.6,32.1,29.6,35,30.1
7/6/17 20:59,21:00,26.6,27.1,26,26.6,25.1,28.1,29.6,28.2,29.1,28.1,25.1,28.6,24.6,28.1,27.6,25.6,26.2,27.1,26.1,25.1,28.1,29.1,27.6,28,27.6
7/6/17 21:59,22:00,25.1,25.6,24.5,26.6,23.6,26.1,27.6,26.7,26.1,26.1,23.6,26.6,23.6,24.6,26.1,24.1,24.7,26.1,24.1,22.6,26.1,26.6,24.6,26,24.1
7/6/17 22:59,23:00,22.6,23.1,21.5,23.6,22.1,24.6,24.1,23.7,23.1,23.1,22.1,23.1,22.1,22.1,23.6,22.6,22.2,22.6,22.6,20.1,22.6,23.6,21.6,23.5,21.6
7/6/17 23:59,0:00,21.1,20.1,19,20.6,20.1,22.6,21.6,21.2,20.6,21.1,20.6,21.1,19.6,19.6,21.6,21.1,19.7,20.6,20.1,18.1,20.6,21.1,19.1,21,19.1
7/7/17 0:59,1:00,19.1,18.6,17.5,19.1,18.1,19.6,20.6,19.6,19.6,19.6,18.6,19.6,18.1,18.6,19.6,18.6,18.2,16.1,18.6,16.1,19.1,19.6,18.1,19.5,17.6
7/7/17 1:59,2:00,17.1,17.1,16,17.6,17.1,18.6,19.1,18.1,18.1,18.6,17.1,18.1,17.1,17.1,18.6,17.6,16.7,15.6,17.1,14.6,18.1,17.6,16.6,18,16.1
7/7/17 2:59,3:00,16.1,15.6,15,16.6,15.6,17.1,17.6,16.6,16.6,16.6,15.1,16.6,15.6,16.1,16.6,16.1,15.6,14.6,15.6,13.1,16.6,16.1,15.1,16,15.6
7/7/17 3:59,4:00,14.6,14.6,14,15.1,14.6,15.6,16.6,15.6,16.1,16.1,14.1,15.6,14.1,15.1,15.6,15.1,14.6,14.1,15.6,12.6,16.1,15.1,14.6,15,15.1
7/7/17 4:59,5:00,14.1,13.6,13.5,14.6,13.6,15.1,16.1,15.1,15.6,15.6,13.6,14.6,13.6,15.1,15.1,14.1,14.6,13.6,14.6,12.6,15.6,14.6,14.6,14.5,14.6
7/7/17 5:59,6:00,13.6,13.6,13,14.1,13.1,14.6,15.6,14.6,15.1,15.1,13.1,14.1,13.1,14.6,14.6,13.6,13.6,13.1,13.6,12.1,15.1,14.1,14.1,14.5,14.1
7/7/17 6:59,7:00,14.6,14.6,13.5,15.1,14.6,14.6,16.1,15.1,15.6,15.6,14.6,15.1,15.1,15.1,15.1,14.1,15.1,13.6,15.1,12.6,15.6,14.6,14.6,15,15.1
7/7/17 7:59,8:00,14.1,14.6,13.5,15.6,15.1,15.1,16.6,15.1,15.6,16.1,15.1,15.6,15.1,15.6,15.6,14.1,16.2,13.6,15.1,13.1,16.1,15.6,15.1,15.5,15.6
7/7/17 8:59,9:00,14.6,15.6,14,15.6,16.1,15.6,17.1,16.1,16.1,16.6,16.1,15.6,15.6,16.6,16.1,14.6,16.7,14.1,15.6,13.6,16.6,16.1,16.1,18,16.1
7/7/17 9:59,10:00,15.6,16.1,14.5,16.6,17.1,16.6,18.1,16.6,17.1,17.6,17.1,16.6,16.6,16.6,17.1,15.1,16.7,15.1,16.1,13.6,17.1,17.1,16.6,18,16.6
7/7/17 10:59,11:00,15.6,16.6,15,16.6,17.1,16.1,18.1,17.1,16.6,17.6,17.1,16.6,17.1,16.6,17.1,15.6,17.2,15.1,16.6,13.6,16.6,17.1,16.1,18,16.6
7/7/17 11:59,12:00,15.6,16.6,15,16.6,16.6,16.6,17.6,17.1,17.1,17.6,17.6,16.6,17.1,17.6,17.1,15.1,17.7,15.6,17.1,13.6,17.1,16.6,17.6,18.5,16.6
7/7/17 12:59,13:00,16.1,17.6,15.5,17.1,17.6,16.6,18.1,18.6,17.1,18.1,17.6,17.6,18.6,18.6,18.6,15.6,18.7,16.1,17.6,14.6,17.6,18.6,19.6,20,19.1
7/7/17 13:59,14:00,18.6,19.6,17.5,19.1,20.6,19.6,20.1,20.1,20.1,20.1,23.1,19.1,20.1,19.6,20.1,17.6,20.2,18.6,18.6,16.1,20.1,19.6,21.1,22,20.6
7/7/17 14:59,15:00,19.1,20.6,19,21.1,20.6,19.6,23.1,21.2,21.1,22.1,21.6,20.6,21.6,21.6,21.6,18.1,20.7,21.6,20.6,17.1,21.6,21.6,21.1,24,21.6
7/7/17 15:59,16:00,20.1,22.1,19,22.6,28.6,24.6,24.6,22.2,23.1,22.1,25.1,21.1,22.1,23.6,23.1,20.1,21.7,24.1,22.1,18.6,23.1,21.6,21.1,24,22.1
7/7/17 16:59,17:00,21.6,22.6,19.5,22.6,22.1,25.6,25.1,22.2,24.1,22.1,26.1,21.6,22.1,23.6,23.1,20.1,22.2,23.1,22.1,18.6,24.1,22.6,21.6,25,24.6
7/7/17 17:59,18:00,22.1,22.1,20,22.1,22.1,25.6,26.6,22.2,24.1,23.6,24.1,22.1,22.1,25.1,23.1,20.1,22.2,23.6,21.6,20.1,24.6,22.6,21.6,24,23.1
7/7/17 18:59,19:00,20.6,20.6,19,20.6,20.6,23.6,23.1,21.2,21.6,22.1,22.1,21.1,20.6,22.6,21.6,19.1,21.7,21.1,21.1,18.1,23.1,21.6,21.1,22.5,22.6
7/7/17 19:59,20:00,19.1,21.1,18.5,20.6,19.1,22.6,24.6,20.6,21.1,21.1,19.6,21.1,18.6,21.6,20.6,18.1,21.2,21.1,20.1,17.1,21.6,21.1,20.1,27,20.6
7/7/17 20:59,21:00,17.6,18.1,17,19.1,17.6,18.6,20.1,19.1,19.6,19.6,16.6,19.6,16.6,19.1,19.1,16.6,19.2,19.1,18.1,15.6,20.1,19.1,18.6,18.5,19.1
7/7/17 21:59,22:00,15.6,17.1,16.5,17.1,16.6,17.1,19.6,18.1,19.1,19.1,14.6,18.1,16.1,18.6,18.1,15.6,18.2,17.6,17.6,15.1,19.1,18.1,18.1,17.5,18.1
7/7/17 22:59,23:00,14.6,16.6,15.5,17.6,15.6,16.6,18.1,17.1,18.1,18.1,14.1,17.6,15.1,17.1,17.1,15.1,17.2,17.6,17.1,14.6,18.1,17.1,17.1,17,17.1
7/7/17 23:59,0:00,13.6,15.6,14.5,16.6,14.6,15.6,17.1,16.1,17.1,17.1,13.1,16.6,15.1,16.6,16.1,14.1,16.7,16.6,15.6,14.1,17.1,16.1,16.1,16,16.1
7/8/17 0:59,1:00,13.1,14.6,14,15.1,13.6,14.6,16.1,15.6,16.1,16.1,12.1,15.6,13.6,15.6,15.6,13,15.1,15.6,14.6,13.6,16.1,15.1,15.1,15,15.6
7/8/17 1:59,2:00,12.1,14.1,13.5,14.6,12.6,13.6,16.1,14.6,15.6,15.6,11.6,14.6,12.6,15.1,14.6,12.5,15.1,14.6,13.6,12.6,15.6,14.6,14.6,14,14.6
7/8/17 2:59,3:00,11.6,12.6,13,13.6,12.6,13.1,15.1,13.6,15.1,15.1,11.1,14.1,12.1,14.6,14.1,12,14.1,14.1,13.1,12.1,14.6,13.6,14.1,13.5,14.1
7/8/17 3:59,4:00,11.1,11.6,12.5,13.1,11.6,12.6,14.1,12.6,14.1,14.6,10.6,13.6,11.1,13.6,12.6,11.5,13.1,13.6,12.6,11.6,14.1,13.1,13.6,12,13.6
7/8/17 4:59,5:00,10.6,11.1,12,12.6,11.1,12.1,13.6,12.6,14.1,14.1,10.1,13.1,10.6,13.1,11.6,10.5,12.6,13.1,12.1,11.1,14.1,12.6,12.6,11.5,13.1
7/8/17 5:59,6:00,10.6,11.1,11.5,12.1,11.1,11.6,13,12.1,13.1,13.1,10.1,11.6,11.1,13.1,11.6,11,12.1,12.1,12.1,11.1,13.6,12.1,12.6,12,13.1
7/8/17 6:59,7:00,11.1,13.1,11.5,12.6,12.1,12.1,14.6,14.6,13.6,17.1,10.6,14.1,13.1,15.1,16.6,11.5,13.6,13.6,13.1,12.6,14.1,18.1,14.6,17,16.6
7/8/17 7:59,8:00,19.6,14.1,12.5,14.6,14.1,13.6,16.1,16.6,15.6,16.1,16.1,14.6,23.6,16.1,15.6,13,14.6,15.1,16.1,13.1,15.1,14.1,16.1,20,16.1
7/8/17 8:59,9:00,21.1,21.1,14.5,16.1,15.6,15.1,17.1,19.6,16.6,18.6,17.6,16.1,21.6,18.1,18.6,16.1,15.6,16.6,16.6,14.1,16.1,20.1,17.1,25.5,18.6
7/8/17 9:59,10:00,26.6,23.1,16,18.1,19.6,16.6,18.6,21.7,18.1,20.1,18.6,17.6,21.6,19.1,21.6,18.1,17.7,19.6,17.6,16.1,17.6,20.6,21.6,29.5,20.1
7/8/17 10:59,11:00,29.6,26.1,19,20.1,20.6,19.1,20.6,23.2,20.1,21.6,28.6,19.6,24.1,20.6,22.6,20.6,19.7,20.6,19.1,17.6,20.1,22.6,23.6,27.5,22.6
7/8/17 11:59,12:00,25.1,26.1,21.5,22.1,24.6,24.1,22.6,25.2,23.1,23.6,30.6,21.6,25.6,23.1,24.1,21.6,21.2,22.6,21.1,19.6,23.1,26.1,24.1,26.5,24.6
7/8/17 12:59,13:00,25.6,27.1,23,24.6,28.1,28.1,25.1,33.6,25.6,25.6,31.1,23.1,26.1,25.1,25.6,23.6,23.7,24.6,22.6,21.6,25.6,26.1,27.6,26.5,26.1
7/8/17 13:59,14:00,26.1,28.1,25.5,26.6,31.1,29.1,26.6,28.7,27.1,27.1,33.1,25.6,28.6,27.1,27.6,25.1,26.2,28.1,25.1,23.1,27.1,27.1,28.6,28.5,27.6
7/8/17 14:59,15:00,28.6,29.6,27,28.6,31.6,32.1,29.6,29.2,28.6,28.1,34.6,27.1,30.6,29.1,29.6,26.6,27.7,29.1,27.6,24.6,29.1,29.6,28.6,29.5,29.6
7/8/17 15:59,16:00,29.1,29.6,26.5,30.6,38.6,33.1,31.6,30.2,31.1,29.1,34.6,29.1,29.6,30.6,30.1,27.6,28.7,31.1,31.6,25.6,31.6,33.1,28.6,31,31.1
7/8/17 16:59,17:00,29.6,30.6,27,31.1,29.1,34.1,33.6,29.7,31.6,29.6,32.6,29.6,29.1,32.6,30.6,27.6,29.2,31.6,31.1,27.1,31.6,33.6,29.1,32,32.6
7/8/17 17:59,18:00,29.6,29.6,27,29.6,28.1,33.6,34.1,29.7,31.6,30.6,30.6,29.6,28.6,32.1,30.6,26.6,29.2,31.1,29.6,28.1,32.6,30.1,29.1,33.5,31.1
7/8/17 18:59,19:00,28.6,28.6,25.5,28.6,27.6,31.6,33.6,29.2,29.1,31.1,29.6,29.1,27.1,31.1,29.1,26.1,28.7,29.6,28.6,25.6,32.6,29.1,28.6,32.5,29.6
7/8/17 19:59,20:00,26.6,27.6,25,27.6,26.1,28.6,31.6,27.7,28.1,27.6,26.6,28.1,25.1,28.1,27.6,25.1,28.2,27.1,27.1,24.6,28.6,28.1,27.1,31.5,28.1
7/8/17 20:59,21:00,24.1,25.6,24,26.1,24.1,25.6,27.1,26.2,26.1,26.1,24.1,26.6,23.1,25.6,26.1,23.6,25.2,26.1,24.6,23.1,26.6,26.1,25.1,25.5,25.6
7/8/17 21:59,22:00,22.1,23.6,22,24.1,22.1,23.1,24.6,24.2,24.6,24.6,21.6,24.6,22.1,23.1,24.1,21.6,23.2,23.6,22.6,21.1,24.6,23.6,23.1,23.5,23.6
7/8/17 22:59,23:00,20.1,21.1,20,22.1,19.6,21.1,23.1,22.2,22.6,22.6,20.1,22.6,20.6,21.6,22.1,20.1,21.2,22.1,22.1,20.1,22.6,22.1,21.1,22,21.6
7/8/17 23:59,0:00,18.6,19.6,18.5,20.1,19.1,20.1,21.1,20.6,20.6,21.1,17.6,20.6,18.6,20.1,20.6,18.6,20.2,20.1,20.6,18.1,21.6,20.1,19.6,20,20.1
7/9/17 0:59,1:00,17.1,18.1,17.5,18.6,17.6,18.6,20.1,19.6,20.1,20.1,16.6,19.6,17.6,19.1,19.1,17.6,19.2,16.6,18.6,17.1,20.1,19.1,18.6,19,19.1
7/9/17 1:59,2:00,16.1,17.1,16.5,17.6,16.6,17.6,19.1,18.1,18.6,19.1,15.6,18.6,16.1,18.1,18.1,16.1,17.7,16.6,17.1,16.1,18.6,18.1,17.6,17.5,18.1
7/9/17 2:59,3:00,15.1,15.6,15.5,16.6,15.6,17.1,18.1,17.1,18.1,17.6,14.6,16.1,15.1,17.1,16.6,15.6,17.2,16.1,16.1,16.6,18.6,17.1,16.6,16,17.1
7/9/17 3:59,4:00,14.1,15.1,15,15.6,14.1,16.1,16.6,16.1,16.6,16.1,14.1,14.6,14.1,16.1,15.1,14.6,15.1,14.6,15.1,16.1,17.1,16.1,15.6,14.5,15.6
7/9/17 4:59,5:00,13.6,13.6,14,14.6,13.1,15.6,15.6,14.6,15.6,15.1,13.1,13.1,13.1,15.1,14.1,14.1,14.1,14.1,14.1,15.1,16.1,15.1,15.1,14,15.1
7/9/17 5:59,6:00,13.1,12.6,14,13.6,12.6,15.1,15.1,13.6,15.1,15.1,13.1,12.6,12.6,14.6,13.6,13.6,13.6,13.6,13.6,14.6,15.6,14.1,14.6,14,14.6
7/9/17 6:59,7:00,13.6,15.1,13.5,14.6,14.1,15.1,16.6,16.1,15.6,19.1,13.1,16.1,15.1,17.1,18.6,14.1,14.6,14.1,15.1,15.1,16.1,18.1,16.6,18.5,18.1
7/9/17 7:59,8:00,21.1,16.6,14.5,16.1,15.6,16.1,17.6,19.6,17.1,19.6,18.6,16.6,26.6,18.1,18.6,16.1,16.2,15.1,19.6,15.6,17.1,17.6,17.1,23.5,20.6
7/9/17 8:59,9:00,23.1,22.6,16,18.6,17.6,17.6,19.1,21.7,19.1,21.1,19.6,18.6,24.1,20.1,20.6,19.1,17.7,17.6,18.1,17.1,18.6,20.1,19.1,25,21.1
7/9/17 9:59,10:00,27.6,25.1,18,20.1,21.6,19.1,21.1,23.2,20.6,22.6,20.6,20.1,24.1,21.6,23.6,20.6,19.2,20.6,19.6,18.1,20.1,23.6,25.1,29,22.6
7/9/17 10:59,11:00,31.6,28.1,20.5,22.1,22.6,21.6,22.1,25.7,22.6,23.6,30.1,21.6,25.6,23.1,24.6,22.1,21.7,22.6,20.6,19.6,22.1,24.1,25.1,29,24.6
7/9/17 11:59,12:00,25.6,27.1,23,24.1,26.6,26.1,24.1,27.2,24.6,25.1,31.1,23.6,26.6,24.6,26.6,24.1,23.2,24.6,22.6,21.6,24.6,27.1,26.6,27.5,25.6
7/9/17 12:59,13:00,26.1,27.1,24.5,26.1,30.6,28.1,26.6,32.6,26.6,27.6,33.1,25.1,27.6,26.6,27.1,25.1,24.7,27.1,24.6,24.1,27.6,27.1,29.1,27.5,28.1
7/9/17 13:59,14:00,27.1,29.1,26.5,28.1,33.1,30.1,28.1,29.7,28.6,28.6,35.1,26.6,28.6,28.1,28.6,26.1,26.2,29.1,26.6,24.1,28.6,28.6,29.6,29.5,29.1
7/9/17 14:59,15:00,27.6,29.1,27,29.1,32.1,31.6,29.6,29.2,29.1,28.6,32.6,27.1,32.1,28.6,29.6,26.6,27.2,30.1,28.6,24.6,30.6,30.1,28.1,30,29.6
7/9/17 15:59,16:00,28.1,29.1,26,29.6,35.6,33.1,30.6,28.7,29.1,28.6,33.1,27.6,28.1,29.6,29.6,27.1,27.7,29.6,30.1,25.1,30.6,33.1,27.6,29.5,30.1
7/9/17 16:59,17:00,28.6,29.1,26,29.6,27.6,32.1,31.6,28.2,29.6,28.1,32.1,28.1,28.1,30.6,29.1,26.6,28.2,30.1,29.6,25.1,30.1,32.6,27.1,30.5,30.6
7/9/17 17:59,18:00,28.1,28.1,25.5,27.6,26.6,32.1,33.1,28.2,29.1,28.6,30.1,27.6,27.6,30.6,28.6,25.6,27.7,29.6,28.1,25.6,29.6,28.1,27.1,33,28.6
7/9/17 18:59,19:00,25.1,26.1,24,26.6,25.6,26.6,32.1,26.7,27.1,29.1,25.6,26.6,25.6,28.6,27.1,24.1,26.7,27.6,26.6,23.1,30.1,27.1,26.1,30,27.1
7/9/17 19:59,20:00,24.1,24.6,23,25.1,24.1,26.6,29.1,25.2,25.6,25.6,24.6,25.1,24.6,25.6,25.1,23.1,25.2,25.1,24.6,22.1,26.1,25.1,24.6,28,25.6
7/9/17 20:59,21:00,22.6,23.1,21.5,23.6,22.6,23.6,24.6,23.7,23.6,24.1,22.6,24.1,23.1,23.1,23.6,22.1,23.2,23.6,23.1,20.6,24.1,23.1,22.6,23.5,23.1
7/9/17 21:59,22:00,21.1,21.1,20,22.1,21.1,21.6,23.1,22.2,22.1,22.1,20.6,22.1,21.1,22.1,22.1,20.6,21.7,22.1,21.6,19.1,22.6,21.6,21.6,21.5,21.6
7/9/17 22:59,23:00,19.6,20.1,19,21.1,19.6,20.1,21.6,21.2,21.1,21.6,19.1,21.6,19.6,20.6,21.1,19.1,20.7,21.1,20.6,18.1,21.1,20.6,20.6,20.5,20.6
7/9/17 23:59,0:00,18.1,19.1,18,20.1,18.6,19.1,20.6,19.6,20.1,20.1,17.6,20.1,19.1,19.1,20.1,18.6,19.2,20.1,19.1,17.1,20.1,19.6,19.1,19.5,19.1
7/10/17 0:59,1:00,17.6,17.6,17,18.6,18.1,18.6,19.1,18.6,19.1,19.6,17.1,19.1,17.6,18.6,19.1,17.6,18.2,19.1,18.1,16.1,19.1,18.1,18.1,18.5,18.6
7/10/17 1:59,2:00,16.6,17.1,16,18.1,17.1,17.6,18.6,18.1,18.6,18.6,16.6,18.1,16.6,17.6,18.1,16.6,17.7,18.1,17.1,15.6,18.6,17.6,17.1,17.5,17.6
7/10/17 2:59,3:00,16.1,16.1,15.5,17.1,16.6,16.6,18.1,17.1,17.6,18.1,15.1,17.6,16.1,17.1,17.1,16.1,17.2,17.1,16.1,14.6,17.6,16.6,16.6,17,17.1
7/10/17 3:59,4:00,14.6,15.6,14.5,16.1,15.1,15.6,17.1,16.1,17.1,17.1,14.1,16.6,15.1,16.6,16.1,15.1,16.2,16.1,15.6,13.6,17.1,16.1,16.1,16,16.1
7/10/17 4:59,5:00,13.6,14.6,13.5,15.1,15.1,15.1,16.1,15.1,16.1,16.1,13.1,15.6,14.1,15.6,15.1,14.1,14.6,15.1,14.6,12.6,16.1,14.6,15.1,15,15.1
7/10/17 5:59,6:00,13.1,13.6,13,14.1,13.6,14.1,15.6,14.6,15.1,15.6,12.6,14.6,13.6,14.6,14.6,13,14.1,14.6,14.1,12.1,15.6,14.1,14.1,14.5,14.6
7/10/17 6:59,7:00,13.6,14.6,13,14.6,14.6,14.6,16.1,15.1,15.1,17.6,14.1,15.6,15.1,16.1,17.1,13.6,14.6,15.1,14.6,13.1,15.1,15.6,15.1,17.5,16.1
7/10/17 7:59,8:00,18.1,15.1,13.5,15.1,15.1,15.6,16.6,16.6,15.6,17.6,17.1,15.6,20.1,16.6,16.1,14.6,15.6,15.6,16.6,13.1,15.6,15.6,15.1,18.5,17.6
7/10/17 8:59,9:00,18.6,18.1,14.5,16.1,16.6,16.6,17.6,17.6,17.1,18.1,19.6,16.6,19.1,17.6,17.6,16.1,16.7,16.6,16.6,14.1,16.6,17.1,17.1,20.5,18.1
7/10/17 9:59,10:00,21.6,18.6,15.5,17.1,17.6,16.6,18.1,19.1,18.1,19.1,19.1,17.1,19.6,18.6,19.6,17.1,18.7,18.1,17.6,15.1,17.1,18.6,20.6,23,19.6
7/10/17 10:59,11:00,27.1,26.1,18,19.1,20.1,18.6,20.1,22.7,20.1,21.6,28.6,19.1,23.1,21.1,22.1,19.1,19.7,20.1,19.1,17.6,20.6,22.1,23.6,27,23.1
7/10/17 11:59,12:00,23.1,25.1,20,20.6,22.1,22.6,22.6,24.2,21.6,21.6,25.6,20.6,23.1,23.1,22.1,20.1,20.7,21.6,20.1,19.6,23.1,22.6,23.6,24.5,23.1
7/10/17 12:59,13:00,22.6,25.6,22,23.1,27.6,24.6,24.1,32.1,23.1,25.1,30.6,22.1,25.6,24.1,24.6,22.1,21.7,25.6,21.6,20.1,25.1,25.1,25.1,26,25.1
7/10/17 13:59,14:00,24.1,25.1,23.5,24.6,30.1,26.6,24.6,26.2,24.6,24.6,30.1,23.1,26.6,24.6,25.6,23.1,22.7,26.6,22.6,20.6,25.1,25.1,24.6,25,25.1
7/10/17 14:59,15:00,24.6,26.1,24.5,26.1,29.1,28.6,27.1,25.2,25.6,25.1,32.1,24.1,28.6,26.1,25.6,24.1,23.7,26.1,25.1,21.1,27.6,25.6,24.6,26.5,26.6
7/10/17 15:59,16:00,25.1,25.6,22.5,26.1,34.1,29.1,28.1,25.7,27.6,25.1,32.1,24.6,25.1,27.1,26.6,24.1,24.7,27.1,27.6,21.6,29.6,29.6,23.6,27.5,27.6
7/10/17 16:59,17:00,24.6,25.6,22,25.6,24.6,26.6,26.1,25.2,27.6,26.1,26.1,25.1,25.1,27.1,25.6,23.1,24.2,28.1,24.6,21.1,28.6,28.6,24.6,27.5,26.1
7/10/17 17:59,18:00,23.6,23.6,22,25.1,23.1,26.6,30.1,24.2,27.1,25.6,25.6,24.6,23.6,26.6,25.1,22.1,24.7,26.1,24.6,21.6,26.6,24.6,24.1,27.5,26.1
7/10/17 18:59,19:00,23.1,22.6,21,23.6,22.1,27.1,28.6,23.7,24.1,26.1,24.1,23.6,22.6,26.1,24.1,21.1,23.7,24.6,23.1,20.6,27.6,23.6,23.1,26.5,24.1
7/10/17 19:59,20:00,21.1,22.1,20,22.1,20.6,23.6,26.1,22.2,22.6,22.1,21.1,22.1,21.1,22.6,22.1,20.1,22.2,22.1,22.1,18.6,22.1,22.1,21.6,26,22.1
7/10/17 20:59,21:00,18.6,19.6,18,20.1,18.6,19.6,20.6,20.1,20.6,20.6,18.1,20.6,19.1,20.1,20.1,18.1,19.7,20.1,19.6,17.1,20.6,20.1,19.6,19.5,19.6
7/10/17 21:59,22:00,17.1,17.6,16.5,18.6,16.6,17.6,19.6,18.1,18.6,18.6,16.6,18.6,17.6,18.1,18.1,17.1,17.7,18.1,18.1,15.1,18.6,18.1,17.6,18,17.6
7/10/17 22:59,23:00,15.1,15.6,15,16.6,15.6,16.1,17.6,16.6,17.1,17.1,14.6,17.1,15.6,16.6,16.6,15.6,16.2,16.6,16.1,13.6,16.6,16.1,16.1,16,16.1
7/10/17 23:59,0:00,14.1,15.1,14,15.6,14.6,15.1,16.1,15.6,15.6,15.6,12.6,15.6,14.6,15.6,15.6,14.1,15.1,15.6,14.6,12.6,15.6,15.1,14.6,15,15.1
7/11/17 0:59,1:00,13.1,13.6,13,14.6,13.1,14.1,15.6,14.6,15.1,15.1,12.1,15.1,13.6,14.6,14.6,13,14.6,14.6,14.1,11.6,15.1,14.1,14.1,14,14.1
7/11/17 1:59,2:00,12.1,13.1,12.5,13.6,13.1,13.1,14.6,14.1,14.6,14.6,11.1,14.1,12.1,14.1,14.1,12.5,14.1,14.1,13.6,11.1,14.1,13.6,13.6,13,14.1
7/11/17 2:59,3:00,11.1,11.6,11.5,13.1,11.6,12.6,14.1,13.1,13.6,14.1,10.6,13.6,11.1,13.6,13.1,11.5,13.6,13.1,12.6,11.1,13.6,12.6,13.1,12.5,13.1
7/11/17 3:59,4:00,10.6,10.6,11,12.1,11.1,12.1,13,12.1,13.6,13.6,9.6,11.6,10.6,13.1,12.1,10.5,12.1,12.1,12.1,11.1,13.6,12.1,12.6,11,13.1
7/11/17 4:59,5:00,10.1,10.1,11,11.6,10.1,11.6,12.5,11.6,13.1,12.6,9.6,10.6,10.1,12.6,11.1,10.5,11.6,11.6,11.6,11.1,13.1,11.6,12.1,11,12.6
7/11/17 5:59,6:00,10.1,10.1,10.5,11.6,10.1,11.6,12.5,11.1,13.1,12.1,9.6,10.6,10.6,12.6,11.1,10,11.1,11.1,11.1,11.1,13.1,11.1,12.1,11,12.1
7/11/17 6:59,7:00,10.6,12.1,11,11.6,11.6,11.6,13.6,13.6,13.6,16.1,10.1,13.1,13.1,15.6,15.6,10.5,12.1,12.1,13.1,12.1,13.6,16.6,14.6,16,16.1
7/11/17 7:59,8:00,18.1,14.1,12,13.6,13.1,13.1,15.1,16.6,14.6,17.6,15.6,14.1,24.6,14.6,15.6,12,14.6,14.1,17.6,12.6,14.6,15.1,15.1,21.5,17.6
7/11/17 8:59,9:00,19.6,19.6,13,15.1,15.1,13.6,16.1,18.1,15.6,17.6,15.6,15.1,20.6,16.1,16.6,14.6,15.1,15.1,15.6,12.6,15.1,16.1,15.6,23,18.1
7/11/17 9:59,10:00,22.6,21.6,14.5,16.6,18.1,14.6,17.1,19.1,16.6,18.6,17.1,16.1,20.6,18.1,20.1,16.1,15.6,18.1,16.1,14.1,16.1,18.1,20.6,27.5,18.6
7/11/17 10:59,11:00,27.1,23.1,16.5,17.6,18.1,16.6,18.6,20.6,18.1,20.1,27.1,17.6,21.1,19.1,21.1,18.1,17.2,21.1,16.6,15.6,18.1,20.6,21.1,26,19.6
7/11/17 11:59,12:00,21.6,24.6,19,20.1,23.1,21.6,20.1,23.7,20.1,21.6,28.1,18.6,22.1,20.1,22.1,19.6,18.7,20.6,18.1,17.1,20.1,21.6,22.6,24.5,21.6
7/11/17 12:59,13:00,21.1,23.6,21,21.6,25.1,25.1,21.6,31.1,22.1,22.6,29.6,20.1,23.6,21.6,22.1,20.6,20.2,23.1,20.1,18.6,21.6,23.6,23.6,23.5,22.1
7/11/17 13:59,14:00,22.1,24.1,22,23.1,27.1,25.6,23.6,24.7,23.6,24.1,29.6,22.1,26.1,22.6,23.6,21.6,21.7,24.1,21.6,19.6,24.1,24.1,24.6,25,23.6
7/11/17 14:59,15:00,23.6,25.6,22.5,24.6,28.1,27.1,25.1,25.2,24.6,24.1,31.1,23.1,26.6,24.6,25.1,22.6,23.2,26.1,24.6,20.6,26.1,25.1,23.1,26.5,26.1
7/11/17 15:59,16:00,24.6,25.6,22,26.1,34.1,28.6,27.6,26.2,26.6,25.1,30.6,24.1,25.1,26.1,25.6,24.1,24.7,26.6,27.6,21.1,27.6,29.1,23.6,26.5,26.6
7/11/17 16:59,17:00,25.1,25.6,23,26.6,24.6,29.6,29.1,25.7,27.6,25.1,27.1,25.1,24.6,28.1,26.1,23.6,25.2,27.1,26.6,22.1,27.6,32.1,24.6,27.5,28.6
7/11/17 17:59,18:00,25.6,25.6,23.5,25.6,24.6,29.6,30.6,25.7,27.6,26.1,27.1,25.1,25.1,28.6,26.6,23.1,25.7,27.1,25.6,24.1,28.1,26.1,24.6,29.5,28.1
7/11/17 18:59,19:00,24.6,24.6,22.5,25.1,24.1,28.6,31.1,25.2,25.6,28.1,25.6,25.1,23.1,28.1,25.6,22.6,25.7,26.1,25.1,21.6,28.6,26.1,24.6,28.5,26.1
7/11/17 19:59,20:00,23.1,24.6,21.5,24.1,22.6,26.1,27.6,24.2,24.1,24.1,23.1,24.6,21.6,24.6,24.1,22.1,24.7,24.6,23.6,20.6,24.1,25.1,23.6,27.5,24.1
7/11/17 20:59,21:00,21.1,22.1,20.5,22.1,21.1,22.6,23.6,22.7,23.1,23.1,20.1,23.1,20.6,22.6,22.6,20.1,22.2,22.1,22.1,19.1,23.1,22.6,22.1,22,22.6
7/11/17 21:59,22:00,19.6,20.1,19,20.1,19.1,21.1,22.1,21.2,21.1,21.1,18.1,21.6,18.6,20.1,21.1,18.6,20.2,20.6,20.6,17.6,21.6,21.1,19.6,20.5,20.1
7/11/17 22:59,23:00,17.6,18.6,17.5,19.1,18.1,19.6,20.6,19.6,19.6,19.6,17.1,19.6,17.1,18.6,19.6,17.6,18.7,19.1,19.1,16.1,20.1,19.1,18.1,19,18.6
7/11/17 23:59,0:00,16.6,17.1,16,18.1,16.6,18.1,19.1,18.1,18.1,18.6,15.6,18.1,17.1,17.6,17.6,16.1,17.7,17.6,17.6,15.1,18.6,18.1,17.1,18,17.6
7/12/17 0:59,1:00,15.1,16.1,15.5,16.1,15.6,16.6,18.1,17.1,17.1,17.6,14.6,17.1,15.1,17.1,17.1,15.1,16.7,16.6,16.1,14.1,17.6,16.6,16.1,16.5,16.6
7/12/17 1:59,2:00,14.1,15.1,14.5,15.6,14.6,16.1,17.1,16.1,16.6,16.6,13.6,16.1,14.6,15.6,16.1,14.6,16.2,15.6,14.6,13.6,17.1,15.6,15.6,15.5,15.6
7/12/17 2:59,3:00,13.6,14.1,13.5,14.6,14.1,15.6,16.1,15.1,15.6,16.1,13.1,15.6,14.1,15.1,15.1,13.6,15.1,15.1,14.1,13.1,16.1,14.6,14.6,15,15.1
7/12/17 3:59,4:00,13.1,13.6,13,14.1,13.1,14.6,15.6,14.6,15.1,15.1,12.6,14.6,13.6,14.6,14.6,13,14.6,14.1,13.6,12.1,15.6,14.1,14.1,14,14.6
7/12/17 4:59,5:00,12.1,13.1,12.5,13.6,12.6,13.6,15.1,14.1,14.6,14.6,11.6,14.1,12.1,14.1,14.1,12.5,14.1,13.6,13.1,12.1,15.1,13.6,13.6,13.5,14.1
7/12/17 5:59,6:00,12.1,12.6,12,13.1,12.6,13.6,14.6,13.6,14.6,14.6,11.6,13.6,11.6,14.1,13.6,12,13.6,12.1,12.6,11.6,14.6,13.1,13.6,13.5,13.6
7/12/17 6:59,7:00,12.6,13.6,12.5,14.1,13.6,13.6,15.1,14.6,14.6,17.6,12.1,15.1,14.1,15.6,16.1,12,14.1,12.6,14.1,12.6,14.6,16.1,15.1,17,17.1
7/12/17 7:59,8:00,19.6,15.1,13,15.1,14.6,14.1,16.1,17.6,15.6,17.6,16.6,15.6,23.1,17.1,16.6,14.1,15.6,13.6,18.1,13.6,15.6,15.6,15.6,21,18.1
7/12/17 8:59,9:00,21.6,21.1,14.5,16.6,16.1,15.6,17.1,18.6,17.1,18.6,17.1,16.6,21.1,18.6,18.6,16.6,16.7,14.1,16.6,14.6,16.6,17.6,17.1,24.5,19.1
7/12/17 9:59,10:00,25.6,22.6,16,18.1,20.1,16.6,18.6,21.2,18.6,20.1,18.6,17.6,22.1,19.6,20.6,18.6,17.7,16.6,17.6,16.1,18.1,19.6,22.6,30,20.6
7/12/17 10:59,11:00,29.6,28.6,19,20.1,21.1,19.1,20.1,24.2,20.6,21.6,29.1,19.6,24.6,21.1,23.1,20.1,19.2,18.6,19.6,17.6,20.1,23.1,23.6,28.5,22.6
7/12/17 11:59,12:00,23.6,27.1,21.5,22.1,26.1,24.6,21.6,25.7,22.1,23.6,30.1,21.1,26.1,22.6,24.6,21.6,21.2,20.6,21.1,19.6,22.6,24.6,24.1,27,23.6
7/12/17 12:59,13:00,23.6,27.6,23,24.6,29.1,27.1,24.1,32.6,24.6,25.6,29.6,23.1,26.6,24.1,25.6,23.1,22.7,23.1,23.1,21.6,25.1,26.6,27.1,26,25.6
7/12/17 13:59,14:00,25.1,28.1,24.5,26.1,31.6,28.6,26.6,27.7,25.6,26.1,30.6,24.6,27.1,26.1,26.6,24.6,24.2,27.1,25.1,22.1,27.1,27.1,27.6,28,26.6
7/12/17 14:59,15:00,26.1,28.6,26,28.1,30.6,30.6,27.6,27.7,28.1,26.6,33.1,25.6,30.6,27.6,28.1,25.6,25.2,29.1,27.6,23.1,29.1,28.1,27.1,28.5,28.6
7/12/17 15:59,16:00,27.6,28.1,24.5,28.6,37.1,31.6,30.1,28.2,29.1,27.6,33.1,26.6,27.6,28.1,28.6,26.6,26.2,27.6,29.6,23.6,31.6,30.1,26.1,29.5,29.1
7/12/17 16:59,17:00,28.1,28.6,25,29.1,26.6,33.1,31.1,28.2,30.1,27.6,30.6,27.1,26.6,29.6,28.6,26.1,27.2,29.1,29.6,24.6,30.1,35.6,26.6,30,29.6
7/12/17 17:59,18:00,27.6,27.1,25,27.6,26.1,33.1,32.6,27.7,29.6,28.6,30.1,27.1,26.6,30.1,28.6,25.1,27.2,29.6,27.6,26.1,30.6,28.6,26.6,31.5,29.1
7/12/17 18:59,19:00,27.1,26.6,24,27.1,25.6,31.1,33.1,27.7,27.6,30.1,27.6,27.1,24.1,29.6,27.6,24.6,27.2,28.1,26.6,23.6,30.1,28.1,26.1,29.5,28.1
7/12/17 19:59,20:00,24.6,26.1,23.5,25.6,24.1,28.1,30.1,26.2,26.6,25.6,24.6,26.1,23.1,26.1,26.1,23.1,26.2,26.1,24.6,22.1,26.6,27.1,25.6,29,25.6
7/12/17 20:59,21:00,22.6,23.6,22,24.1,22.6,24.1,25.6,24.7,24.6,24.1,22.1,24.6,22.1,23.6,24.1,22.1,23.2,23.6,23.1,20.6,24.6,24.1,23.1,24,23.1
7/12/17 21:59,22:00,21.1,21.1,20,22.1,20.6,22.1,22.6,22.2,21.6,22.1,19.6,22.1,21.1,21.1,22.1,20.6,21.2,21.6,22.1,19.1,22.1,22.1,21.1,22,21.1
7/12/17 22:59,23:00,19.1,19.6,18,20.1,19.6,20.6,21.1,20.1,20.1,20.6,18.6,20.1,19.1,19.6,20.1,18.6,19.7,20.1,20.1,17.6,20.6,20.1,19.6,20,19.6
7/12/17 23:59,0:00,17.6,17.6,17,18.6,17.6,19.1,19.1,19.1,19.1,19.1,17.1,19.1,17.6,18.1,18.6,17.6,18.2,18.6,18.6,16.6,19.6,18.6,18.1,18.5,18.6
7/13/17 0:59,1:00,16.6,16.6,16,17.6,16.6,18.1,18.6,17.6,18.1,18.1,16.1,17.6,16.1,17.1,17.6,16.6,17.2,17.6,17.1,15.1,18.6,17.6,17.1,17,17.6
7/13/17 1:59,2:00,15.6,15.6,15,16.1,15.6,16.6,18.1,16.6,17.1,17.6,15.1,17.1,15.1,16.6,16.6,15.6,16.2,16.6,16.1,14.6,17.6,16.1,16.1,16.5,16.6
7/13/17 2:59,3:00,14.6,14.6,14,15.6,14.6,15.6,17.1,16.1,16.1,16.6,14.1,15.6,14.1,16.1,16.1,14.6,14.6,15.6,15.6,13.6,16.6,15.6,15.6,15.5,15.6
7/13/17 3:59,4:00,13.6,14.1,13.5,14.6,13.6,14.6,16.6,15.1,15.6,16.1,13.1,15.1,13.6,15.6,15.6,13.6,14.6,15.1,14.6,13.1,15.6,15.1,15.1,14.5,15.1
7/13/17 4:59,5:00,14.1,14.1,13,14.6,14.6,15.1,15.6,15.1,15.6,15.6,14.6,14.1,13.1,15.1,15.6,14.1,14.6,15.1,14.1,13.1,16.1,15.1,15.1,15.5,14.6
7/13/17 5:59,6:00,14.1,14.6,13.5,15.1,14.6,15.1,16.6,15.6,16.1,16.1,14.6,15.1,14.6,16.1,15.6,14.6,15.1,15.6,14.6,13.1,16.1,15.1,15.6,15.5,15.6
7/13/17 6:59,7:00,14.6,15.1,14,15.6,15.1,15.6,17.1,15.6,16.1,16.1,15.1,15.6,15.1,16.6,15.6,14.6,15.6,15.6,15.6,13.6,16.6,15.6,15.6,16,16.1
7/13/17 7:59,8:00,15.1,15.6,14,16.1,15.1,15.6,16.6,15.6,16.6,16.1,15.6,15.6,15.6,16.6,16.1,14.6,16.2,16.1,16.1,13.6,17.1,16.1,16.1,16.5,16.6
7/13/17 8:59,9:00,16.1,16.6,15,16.6,16.6,16.6,17.1,16.6,16.6,17.1,17.6,16.6,16.6,17.1,16.6,15.6,17.2,17.1,16.1,14.1,17.6,17.1,17.1,18,17.1
7/13/17 9:59,10:00,16.6,17.6,15.5,17.1,17.6,18.1,17.6,17.6,17.6,18.1,19.6,17.6,17.6,18.1,18.1,16.1,17.7,17.1,17.1,15.1,18.6,18.1,17.6,20,18.6
7/13/17 10:59,11:00,19.1,20.1,17.5,19.1,19.1,19.6,20.1,19.6,19.1,20.1,22.6,19.1,20.6,21.1,19.6,17.6,19.7,19.1,19.1,16.6,20.6,20.1,21.6,21.5,20.6
7/13/17 11:59,12:00,19.6,22.6,19,20.6,23.6,20.1,21.1,22.2,20.6,22.1,21.6,20.6,23.1,20.6,21.6,18.1,20.7,21.6,19.6,16.6,20.6,22.1,20.6,24,21.1
7/13/17 12:59,13:00,19.6,21.1,20,21.6,21.6,21.1,22.6,22.2,21.6,22.1,23.1,21.6,22.6,22.6,22.1,18.6,22.2,21.1,20.6,18.1,21.6,22.1,24.6,23.5,23.6
7/13/17 13:59,14:00,21.1,23.6,21,23.6,25.1,21.6,24.1,23.7,22.6,24.1,24.1,22.6,23.6,24.1,23.1,19.6,22.7,23.1,21.6,19.1,22.1,24.6,25.6,25,25.1
7/13/17 14:59,15:00,22.6,25.1,23,24.1,27.6,27.6,24.1,24.7,25.1,24.1,28.6,22.6,25.1,24.1,24.6,22.1,23.2,25.1,23.6,20.6,25.6,25.6,23.6,25,25.1
7/13/17 15:59,16:00,23.1,25.1,21.5,25.1,31.6,28.6,26.6,25.2,25.6,24.1,27.6,23.1,24.1,24.6,25.6,23.1,24.2,25.1,26.1,20.1,27.6,27.1,22.6,26.5,27.1
7/13/17 16:59,17:00,23.6,24.6,21.5,25.1,23.6,27.6,27.6,24.7,26.1,24.1,27.6,23.6,23.6,26.6,25.1,22.1,23.7,26.1,25.6,20.6,25.6,30.1,23.1,27,26.1
7/13/17 17:59,18:00,22.6,24.1,22,24.1,22.6,27.1,29.6,23.7,25.6,25.1,25.1,24.1,23.1,26.6,24.6,21.6,24.2,26.1,24.6,22.6,26.6,25.1,23.1,29,26.1
7/13/17 18:59,19:00,23.1,23.1,21,23.6,22.6,26.1,29.1,23.7,23.6,26.6,24.1,23.6,22.1,27.1,24.1,21.1,24.2,24.6,23.6,20.1,27.1,24.6,22.6,26.5,24.1
7/13/17 19:59,20:00,21.1,22.6,20,22.6,21.1,24.6,27.6,22.7,23.1,22.6,21.6,23.1,20.6,23.1,22.6,20.1,23.2,23.1,22.1,19.1,23.6,23.1,22.1,26,22.6
7/13/17 20:59,21:00,19.1,20.6,19.5,21.1,19.6,20.6,22.6,21.2,21.6,21.6,19.1,21.6,18.6,21.1,21.1,19.1,20.7,20.6,20.1,17.6,22.1,21.1,20.6,21,21.1
7/13/17 21:59,22:00,17.6,19.1,18,19.6,18.6,19.1,21.1,20.1,20.6,20.6,16.6,20.6,17.1,20.1,20.1,17.6,19.7,19.6,19.6,16.6,20.6,20.1,19.6,19.5,19.6
7/13/17 22:59,23:00,16.6,18.1,17.5,18.6,18.1,18.1,20.1,19.1,19.6,19.6,15.6,19.1,16.6,19.1,18.6,16.6,19.2,18.6,18.1,16.6,19.6,19.1,18.6,18.5,18.6
7/13/17 23:59,0:00,15.6,17.1,16.5,18.1,16.6,17.6,18.6,18.1,18.6,18.6,15.1,18.6,16.1,18.1,18.1,16.1,18.2,17.6,16.6,15.6,18.6,17.6,17.6,17.5,17.6
7/14/17 0:59,1:00,14.6,16.1,15.5,16.6,15.6,16.1,18.1,17.1,17.6,17.6,14.1,17.1,14.6,17.1,16.6,15.1,17.2,15.6,15.6,14.6,18.1,16.6,16.6,16.5,17.1
7/14/17 1:59,2:00,13.6,15.1,14.5,16.1,15.1,15.1,17.1,16.1,17.1,17.1,13.1,16.6,13.6,16.1,16.1,14.1,16.2,15.1,15.1,14.1,17.1,16.1,15.6,15.5,16.1
7/14/17 2:59,3:00,13.1,14.1,14,15.6,14.6,14.6,16.1,15.6,16.1,16.1,12.6,16.1,13.1,15.6,15.1,13,14.6,14.6,14.1,13.6,16.6,15.1,15.1,15,15.6
7/14/17 3:59,4:00,12.6,13.1,13.5,14.6,14.1,14.1,15.6,14.1,15.6,15.6,12.1,15.1,12.1,15.1,14.6,12.5,14.6,14.1,13.6,13.1,16.1,14.6,14.6,13.5,15.1
7/14/17 4:59,5:00,12.1,12.6,12.5,14.1,13.6,13.6,14.6,14.1,15.1,15.1,11.6,14.1,11.6,14.6,13.1,12,13.6,13.6,13.1,12.6,15.6,13.6,14.1,13.5,14.6
7/14/17 5:59,6:00,11.6,12.1,12.5,13.6,13.1,13.1,14.1,13.6,14.6,15.1,11.6,14.1,11.6,14.6,13.1,12,13.1,13.6,12.6,12.1,15.1,13.6,14.1,14,14.6
7/14/17 6:59,7:00,12.1,14.1,12.5,13.6,14.1,13.6,15.6,14.6,15.1,17.6,12.1,15.1,14.1,16.1,16.6,12,14.6,14.1,13.6,13.1,15.6,17.1,15.6,18.5,17.1
7/14/17 7:59,8:00,19.6,15.6,13.5,15.6,15.1,14.6,16.6,17.6,16.1,18.1,16.1,16.1,25.6,17.6,17.1,13.6,15.6,14.6,18.1,14.1,16.1,16.1,16.1,22.5,18.1
7/14/17 8:59,9:00,21.6,23.1,15,17.1,16.6,16.1,18.1,20.1,17.6,19.6,17.6,17.1,22.1,18.6,19.1,17.1,16.7,16.6,17.1,15.1,16.6,18.6,17.6,24.5,19.6
7/14/17 9:59,10:00,25.1,25.6,17,18.6,20.6,17.6,19.6,22.2,19.1,20.6,20.1,18.6,23.1,20.1,22.1,19.1,18.2,19.6,18.6,17.1,18.6,20.6,22.1,29,21.1
7/14/17 10:59,11:00,30.1,26.6,19.5,20.6,22.6,20.1,21.1,23.7,21.1,22.6,30.1,20.6,23.1,21.6,23.6,21.1,20.2,22.1,20.1,19.1,21.1,23.1,23.6,28.5,23.1
7/14/17 11:59,12:00,24.6,28.1,22.5,23.6,26.6,26.1,23.6,26.2,24.1,25.1,31.1,22.6,26.1,24.6,25.6,23.1,22.2,24.6,22.1,21.1,25.1,26.1,25.6,28.5,25.1
7/14/17 12:59,13:00,25.6,28.1,25,25.6,30.1,28.1,26.1,35.1,26.6,26.6,33.1,24.6,28.1,26.1,27.1,24.1,23.7,26.6,24.1,23.1,26.1,28.1,28.6,29,27.1
7/14/17 13:59,14:00,27.1,30.1,26,28.1,33.1,29.6,27.6,29.7,27.6,27.6,32.1,25.6,29.6,27.1,28.1,25.6,25.7,28.6,26.1,23.6,28.1,28.6,29.6,29,28.6
7/14/17 14:59,15:00,27.6,29.6,27.5,29.6,33.1,32.6,29.6,29.7,29.1,28.1,34.6,27.1,32.1,28.6,29.1,26.6,27.2,30.6,28.6,24.6,31.1,30.1,28.1,30.5,30.6
7/14/17 15:59,16:00,28.6,30.6,25.5,30.1,37.6,33.1,31.6,29.7,31.1,28.6,35.1,28.1,29.1,31.1,30.1,28.6,28.7,31.1,31.6,25.6,32.6,32.1,28.1,31.5,31.6
7/14/17 16:59,17:00,29.1,30.6,26.5,31.1,28.6,34.1,33.6,29.7,31.6,29.6,32.1,29.1,28.6,32.1,30.1,27.6,28.7,31.1,31.1,26.6,31.6,36.6,28.1,32.5,32.1
7/14/17 17:59,18:00,30.1,29.1,27,29.1,27.6,33.6,34.6,29.2,31.1,30.1,32.1,29.1,27.6,32.6,30.1,27.6,29.2,31.6,29.6,27.6,32.1,30.6,28.6,33.5,31.6
7/14/17 18:59,19:00,28.6,28.6,25.5,29.1,27.6,33.6,34.6,29.2,29.1,31.6,29.6,29.1,25.6,32.1,29.1,26.1,29.2,29.6,28.1,25.6,32.1,30.1,28.1,31.5,30.1
7/14/17 19:59,20:00,26.1,28.1,25.5,27.6,25.6,30.1,31.6,28.2,28.1,27.6,26.6,28.1,24.1,27.6,27.6,24.6,28.2,28.1,26.1,24.1,28.1,28.6,27.1,30.5,27.6
7/14/17 20:59,21:00,24.1,25.1,24,25.6,23.6,25.6,27.1,26.2,26.1,26.1,23.1,26.1,23.1,25.6,25.6,23.1,25.2,25.1,24.1,22.1,26.1,26.1,25.1,25.5,25.1
7/14/17 21:59,22:00,22.1,23.1,22,23.6,21.1,24.1,25.1,24.7,24.1,24.1,21.1,24.1,21.1,23.1,23.6,21.6,22.7,23.6,22.1,21.6,24.1,24.1,22.6,24,22.6
7/14/17 22:59,23:00,20.6,21.1,20,22.1,20.1,22.1,23.1,22.2,22.1,22.1,20.1,22.1,20.1,21.1,22.1,20.1,21.2,21.6,21.6,18.6,22.1,21.6,20.6,21.5,20.6
7/14/17 23:59,0:00,19.1,19.1,18.5,20.1,18.6,20.1,21.1,20.1,20.1,20.1,18.6,20.1,18.6,19.6,20.1,18.6,19.7,20.1,19.1,16.6,20.6,20.1,19.1,20,19.1
7/15/17 0:59,1:00,17.6,17.6,17,18.6,17.6,18.6,19.6,18.6,19.1,19.1,17.1,19.1,17.1,18.1,19.1,17.6,18.2,18.6,17.6,15.6,19.1,18.6,17.6,18.5,18.1
7/15/17 1:59,2:00,16.1,16.6,15.5,17.1,16.1,17.6,18.1,17.6,17.6,18.1,16.6,17.6,15.6,16.6,17.6,16.1,16.7,17.1,17.1,15.1,18.1,17.1,16.6,17.5,16.6
7/15/17 2:59,3:00,15.1,15.1,14.5,16.1,15.1,16.6,17.1,16.1,16.6,17.1,14.6,16.6,14.6,16.1,16.6,15.6,15.6,16.1,16.1,14.1,17.1,15.6,15.6,16,16.1
7/15/17 3:59,4:00,14.1,14.6,14,15.1,14.1,15.6,16.6,15.6,16.1,16.1,13.6,15.6,13.6,15.6,15.6,14.1,15.1,15.1,15.6,14.6,16.1,15.1,15.1,15,15.1
7/15/17 4:59,5:00,13.1,13.6,14,14.6,13.1,14.6,15.6,14.6,15.6,15.1,13.1,13.6,12.6,15.1,14.1,13.6,14.6,14.6,14.6,13.1,16.1,14.6,14.6,14.5,15.1
7/15/17 5:59,6:00,12.6,13.6,13.5,14.1,13.1,14.1,16.1,14.6,15.1,15.1,12.6,13.1,12.1,15.1,14.1,13.6,13.6,14.1,14.1,12.6,15.6,14.1,14.6,14.5,14.6
7/15/17 6:59,7:00,12.6,14.6,13.5,14.1,14.1,14.1,16.1,15.6,15.6,18.6,12.6,16.1,15.1,17.1,17.6,13,15.1,14.6,14.6,14.6,16.1,17.1,16.1,18.5,18.1
7/15/17 7:59,8:00,20.6,16.1,14,16.1,15.6,15.1,17.1,18.6,17.1,19.1,17.1,16.6,24.1,18.1,17.6,15.1,16.2,16.6,17.6,15.1,16.6,17.1,16.6,21,19.6
7/15/17 8:59,9:00,22.1,22.6,15.5,17.6,17.1,16.1,18.1,20.1,18.6,20.1,17.6,17.6,22.1,19.1,19.1,17.1,17.7,18.1,17.6,15.6,18.1,18.1,18.1,25,20.6
7/15/17 9:59,10:00,23.6,24.6,17,19.1,21.1,17.6,19.6,22.2,19.6,20.6,19.6,18.6,22.1,20.6,21.6,18.6,18.7,20.6,17.6,16.6,18.6,19.6,22.6,27,21.1
7/15/17 10:59,11:00,30.1,25.6,19.5,20.6,21.6,19.6,21.6,23.2,21.1,22.6,28.6,20.1,23.6,21.1,23.1,20.6,20.2,22.1,19.6,17.6,20.1,22.1,23.6,27.5,23.1
7/15/17 11:59,12:00,24.1,27.6,21.5,22.6,26.1,24.6,22.6,25.2,23.6,24.1,30.1,21.6,24.6,23.1,24.1,21.6,21.2,24.1,21.6,19.6,23.1,25.6,24.6,27,24.1
7/15/17 12:59,13:00,24.1,27.6,22.5,25.1,28.1,26.1,25.1,32.6,25.1,26.1,28.1,23.6,26.6,24.6,26.1,23.1,22.7,25.6,22.6,21.1,25.1,28.1,27.1,27,25.6
7/15/17 13:59,14:00,24.6,27.6,24.5,26.1,30.1,27.6,25.6,27.2,26.1,26.6,30.6,24.1,28.6,26.1,27.1,23.6,24.2,28.1,24.1,22.1,27.6,27.6,26.6,27.5,26.6
7/15/17 14:59,15:00,25.1,27.1,25,27.1,31.6,29.1,27.1,26.7,27.1,26.1,31.6,25.1,29.6,27.1,27.6,25.1,24.7,27.6,26.1,22.6,28.1,27.1,26.1,28,28.1
7/15/17 15:59,16:00,26.1,27.1,23.5,27.1,36.1,30.1,30.1,27.2,28.6,26.6,30.6,25.6,26.6,28.1,28.1,25.6,26.2,29.1,28.1,22.6,30.6,28.6,25.1,29,27.6
7/15/17 16:59,17:00,27.1,26.6,24,28.6,25.6,31.1,31.1,26.7,28.6,26.6,30.6,26.1,25.6,29.1,27.6,25.1,26.2,28.1,28.1,23.1,29.1,33.1,25.6,28.5,28.6
7/15/17 17:59,18:00,26.1,26.1,24,25.6,25.1,28.1,31.6,26.2,28.1,27.1,25.1,25.6,25.1,28.6,26.6,24.1,26.2,27.1,26.6,23.1,28.1,28.6,25.1,29.5,27.1
7/15/17 18:59,19:00,23.6,23.6,22,24.1,24.1,25.1,29.1,24.7,24.6,27.1,24.6,24.6,23.6,25.1,24.6,22.1,24.2,25.1,25.1,20.6,26.6,24.1,23.1,27,24.6
7/15/17 19:59,20:00,21.6,22.1,20,22.1,21.6,24.1,25.1,22.7,22.6,22.6,21.6,22.1,21.6,22.6,22.1,21.1,22.7,22.6,22.6,19.1,23.1,22.6,21.6,24,22.1
7/15/17 20:59,21:00,19.1,19.6,18.5,20.1,19.6,19.6,21.1,20.6,20.6,20.6,19.1,20.6,19.6,20.1,20.6,19.1,20.2,20.1,20.1,17.6,21.1,20.1,19.6,20,19.6
7/15/17 21:59,22:00,17.6,18.1,17,18.6,17.6,17.6,19.1,18.6,19.1,19.1,17.1,19.1,18.1,18.6,18.6,17.6,18.7,18.6,18.6,16.1,19.1,18.6,18.1,18.5,18.1
7/15/17 22:59,23:00,16.6,17.6,16.5,18.1,16.6,17.1,18.6,18.1,18.1,18.1,16.1,18.1,17.1,17.6,18.1,16.1,17.7,17.6,17.6,15.1,18.1,17.6,17.6,18,17.6
7/15/17 23:59,0:00,16.6,16.6,15.5,17.6,16.6,17.1,18.1,17.1,18.1,18.1,16.1,17.6,16.6,17.1,17.6,16.1,17.2,17.1,17.1,14.6,17.6,17.1,17.1,17.5,16.6
7/16/17 0:59,1:00,15.6,16.1,15,16.6,16.1,16.1,17.1,17.1,17.1,17.1,15.6,17.1,16.1,16.1,17.1,15.6,16.2,14.6,16.6,14.1,17.1,16.6,16.1,16.5,16.6
7/16/17 1:59,2:00,15.1,15.6,14.5,16.6,16.1,15.6,16.6,16.1,16.6,17.1,15.1,16.6,15.6,16.1,16.6,15.1,15.6,14.1,15.6,13.6,16.6,16.1,15.6,16,16.1
7/16/17 2:59,3:00,14.1,15.1,14,16.1,15.1,14.6,16.1,15.6,16.1,16.1,14.1,16.1,15.1,15.6,15.6,14.1,15.1,14.1,15.1,13.1,16.1,15.1,15.1,15.5,15.6
7/16/17 3:59,4:00,14.1,14.6,13.5,15.6,14.6,14.6,15.6,15.1,15.6,16.1,13.6,15.6,14.1,15.1,15.1,14.1,14.6,14.1,14.6,12.6,15.6,14.6,14.6,14.5,15.1
7/16/17 4:59,5:00,13.1,14.1,13,15.1,14.1,13.6,15.1,15.1,15.6,15.6,13.1,15.6,13.6,14.1,15.1,13,14.1,13.6,14.1,12.1,15.1,14.6,14.1,14.5,14.1
7/16/17 5:59,6:00,12.1,14.1,13,14.6,13.1,13.1,15.1,14.6,14.6,15.1,11.6,14.6,13.6,14.1,14.6,12,13.6,13.1,13.6,12.6,14.6,14.1,13.6,14.5,14.1
7/16/17 6:59,7:00,12.1,14.1,13,14.1,13.6,13.1,15.6,15.1,15.1,18.1,11.6,15.6,14.6,16.6,16.6,12.5,14.6,13.6,14.1,13.6,15.1,17.1,15.1,18,17.1
7/16/17 7:59,8:00,20.1,15.6,13.5,15.1,14.6,14.1,16.6,18.6,15.6,18.6,16.1,15.6,26.6,18.1,17.1,13.6,15.6,13.1,17.6,14.1,15.6,17.1,16.1,21,18.6
7/16/17 8:59,9:00,21.1,22.6,14.5,16.6,16.6,15.1,17.1,19.6,17.6,19.1,16.6,16.6,22.1,18.6,19.1,15.1,16.7,14.6,17.1,14.1,16.6,17.6,17.6,25.5,19.6
7/16/17 9:59,10:00,22.1,18.6,16,17.6,19.6,17.1,18.1,19.1,18.1,20.1,19.1,17.6,22.1,19.6,18.1,16.1,18.2,15.6,17.6,15.1,17.6,17.6,20.1,26,20.6
7/16/17 10:59,11:00,26.6,24.1,17.5,19.6,20.6,17.6,19.6,22.2,20.1,21.1,26.1,19.1,21.6,20.1,21.1,18.1,19.7,20.1,19.1,16.6,18.6,21.1,21.6,27,21.6
7/16/17 11:59,12:00,19.6,24.1,19.5,21.1,24.1,19.1,21.6,24.2,21.1,22.1,23.1,19.6,22.6,21.1,22.1,18.1,20.2,22.1,19.6,17.1,21.1,23.1,22.6,25.5,23.1
7/16/17 12:59,13:00,20.6,23.6,19.5,21.6,24.1,21.1,21.6,25.2,22.6,23.1,22.6,21.1,23.1,22.6,23.1,19.1,21.7,22.6,20.1,18.6,22.1,24.1,24.6,24,24.1
7/16/17 13:59,14:00,21.1,24.6,21,21.6,28.1,24.6,23.6,24.7,22.6,24.1,28.1,22.1,25.1,23.6,24.1,21.1,21.7,23.1,21.6,19.1,23.1,24.6,23.1,24,23.6
7/16/17 14:59,15:00,22.1,24.6,22.5,23.6,26.6,25.1,24.1,24.2,24.1,22.6,28.1,22.1,25.6,24.1,24.1,21.6,22.2,24.1,23.6,19.6,24.6,25.1,22.6,25,23.6
7/16/17 15:59,16:00,23.1,24.1,20.5,24.1,31.6,26.1,25.1,23.7,24.1,23.1,28.1,22.6,23.1,24.6,24.6,22.1,23.2,24.6,25.6,19.6,26.6,24.6,22.1,25.5,25.1
7/16/17 16:59,17:00,22.6,23.1,20.5,24.1,22.6,27.6,26.6,23.7,24.6,23.1,26.6,22.6,22.6,25.1,24.1,21.1,23.2,24.6,25.6,20.1,25.1,29.1,22.6,25.5,25.6
7/16/17 17:59,18:00,23.1,23.1,21,23.1,22.1,25.6,27.6,23.2,24.6,24.1,24.6,22.6,22.1,25.1,23.1,20.6,23.2,24.6,23.6,21.1,25.6,24.1,22.6,26.5,25.1
7/16/17 18:59,19:00,22.1,22.6,20,22.6,21.6,25.1,27.6,22.7,23.1,25.1,23.1,22.6,21.6,25.1,22.6,20.1,23.2,23.1,22.6,19.1,25.6,23.6,22.1,25.5,23.6
7/16/17 19:59,20:00,20.6,21.6,19.5,21.6,20.6,23.1,25.6,22.2,22.1,22.1,20.6,22.1,20.6,22.6,21.6,19.6,22.2,22.1,21.6,18.6,22.6,22.6,21.6,23.5,22.1
7/16/17 20:59,21:00,19.1,20.1,18.5,20.6,19.1,20.1,21.1,20.6,21.1,21.1,19.1,21.1,18.6,20.6,20.1,18.1,20.2,20.6,20.1,17.6,21.1,20.1,20.1,20,20.6
7/16/17 21:59,22:00,17.1,18.6,17.5,19.1,17.6,17.6,20.1,19.1,19.6,19.6,17.1,19.6,17.6,18.6,19.1,17.1,19.2,19.1,19.1,16.1,19.6,19.1,18.6,19,18.6
7/16/17 22:59,23:00,15.6,17.1,16,18.1,16.1,16.1,18.6,17.6,18.1,18.1,15.1,18.6,16.6,17.6,17.6,15.6,17.7,18.1,17.6,15.1,18.1,17.6,17.1,17.5,17.6
7/16/17 23:59,0:00,14.1,16.1,15,17.1,15.1,15.1,17.6,16.6,17.1,17.6,14.1,17.6,16.1,17.1,16.6,14.6,17.2,17.1,16.6,14.6,17.6,16.6,16.6,16.5,16.6
7/17/17 0:59,1:00,13.6,15.6,14.5,16.6,14.6,14.6,17.1,16.1,16.6,16.6,12.6,16.6,14.6,16.1,16.1,13.6,16.7,16.6,15.6,14.1,17.1,16.1,15.6,15.5,16.1
7/17/17 1:59,2:00,12.6,14.6,14,15.1,14.1,14.1,16.1,15.1,16.1,16.1,12.1,16.1,13.1,15.6,15.6,13,15.6,15.6,14.1,13.6,16.6,15.1,15.1,14.5,15.6
7/17/17 2:59,3:00,12.1,13.6,13.5,14.6,13.1,13.6,15.6,15.1,15.6,15.6,11.6,15.6,12.6,15.1,14.6,12.5,15.1,15.1,13.6,13.1,16.1,14.6,14.6,14,15.1
7/17/17 3:59,4:00,11.6,12.6,13,14.1,12.6,13.1,15.1,13.6,15.1,15.1,11.1,14.6,12.1,14.6,13.1,12,13.6,14.1,13.1,12.6,15.1,13.6,14.1,12.5,14.6
7/17/17 4:59,5:00,11.1,12.1,12.5,13.1,12.6,13.1,14.1,12.6,14.6,15.1,10.6,13.6,11.6,14.1,12.6,11.5,13.1,13.6,12.6,12.1,15.1,13.1,13.6,11.5,14.1
7/17/17 5:59,6:00,11.1,11.6,12,12.6,12.6,13.1,13.6,12.6,13.6,13.6,10.6,12.1,11.6,13.1,12.1,11,13.1,12.6,12.1,11.6,14.6,13.1,13.1,12,14.1
7/17/17 6:59,7:00,11.6,13.6,12,13.1,13.6,13.1,14.6,14.1,14.6,17.6,10.6,15.6,13.6,16.1,15.6,12,14.1,13.6,13.1,13.1,15.1,16.1,15.1,17.5,17.1
7/17/17 7:59,8:00,19.6,14.6,13,15.1,15.1,14.1,16.1,17.6,15.6,17.6,16.1,15.6,22.1,17.1,16.1,13.6,15.1,15.1,17.1,13.6,15.6,16.1,15.6,21.5,18.1
7/17/17 8:59,9:00,21.6,22.1,14,16.6,16.1,15.1,17.1,19.1,17.1,19.1,16.6,16.1,21.6,18.1,18.6,16.1,16.2,16.6,16.6,14.6,16.6,17.1,17.1,25,19.1
7/17/17 9:59,10:00,24.1,25.1,16,18.1,20.1,16.6,18.6,21.7,17.6,20.1,18.1,17.6,21.6,20.1,20.6,18.1,17.2,19.6,17.6,15.6,18.1,19.1,21.1,28.5,20.6
7/17/17 10:59,11:00,28.6,26.1,18.5,20.1,20.6,18.6,20.1,23.2,20.1,21.1,27.6,19.6,24.6,20.6,22.6,19.6,19.2,21.6,19.1,17.1,19.1,22.1,22.6,26.5,21.6
7/17/17 11:59,12:00,23.1,26.6,21,21.6,25.1,23.1,21.6,25.2,22.1,22.6,29.1,21.1,24.6,22.1,23.6,20.6,20.7,22.6,20.6,18.6,22.1,23.1,23.6,27,23.1
7/17/17 12:59,13:00,23.6,26.1,22.5,23.6,27.1,25.6,23.1,30.2,24.1,24.6,28.6,22.1,25.1,22.6,25.1,22.1,22.2,24.6,22.1,20.1,24.1,25.1,25.6,26,24.6
7/17/17 13:59,14:00,24.1,26.6,24,25.1,30.6,27.1,24.6,27.2,25.1,25.6,29.1,23.1,27.1,25.1,26.1,23.1,23.7,26.1,24.1,21.1,25.6,25.6,27.1,27.5,25.6
7/17/17 14:59,15:00,25.6,27.1,25,26.1,30.1,28.6,26.1,27.2,26.1,25.1,31.1,24.6,29.6,26.1,27.1,24.1,24.7,28.1,26.6,22.1,27.1,27.6,25.6,27,27.1
7/17/17 15:59,16:00,26.6,27.6,23.5,27.6,36.6,29.6,29.6,27.2,28.1,25.6,32.1,25.6,26.6,27.1,27.1,25.1,26.7,28.6,30.1,22.6,29.6,28.1,25.6,28,28.1
7/17/17 16:59,17:00,26.1,27.6,23.5,28.1,25.6,30.1,29.6,27.2,28.6,26.1,29.6,26.1,25.6,29.6,28.1,24.6,26.2,28.6,28.1,23.6,29.6,33.6,25.6,29.5,29.1
7/17/17 17:59,18:00,26.6,27.1,24,26.6,25.1,29.6,32.1,26.7,28.6,27.1,28.1,26.6,25.6,29.6,27.6,24.1,26.7,28.6,27.1,24.1,29.1,28.1,26.1,30.5,29.1
7/17/17 18:59,19:00,25.6,26.1,23.5,26.1,25.1,29.6,31.6,26.2,26.1,28.6,26.6,26.1,23.6,29.6,26.6,23.6,26.2,27.1,25.6,22.6,28.6,27.1,25.6,29.5,27.1
7/17/17 19:59,20:00,23.6,25.1,23,25.1,23.6,27.1,28.6,25.7,25.6,25.1,24.1,25.6,22.1,25.6,25.1,22.6,25.2,25.6,24.6,21.6,26.1,26.1,24.6,27,25.1
7/17/17 20:59,21:00,21.6,22.6,21.5,22.6,21.6,23.1,24.6,23.2,23.6,23.6,21.1,24.1,21.6,23.1,23.1,21.1,23.2,23.1,22.6,20.6,24.1,23.1,23.1,23,23.1
7/17/17 21:59,22:00,20.1,21.1,20.5,21.6,19.6,21.6,23.1,22.2,22.6,22.6,18.6,22.6,19.6,21.6,21.6,19.6,21.7,22.1,21.6,19.6,22.6,22.1,21.1,21.5,21.6
7/17/17 22:59,23:00,18.1,19.6,19,20.1,18.1,19.6,21.6,20.6,20.6,21.1,17.1,20.6,18.1,20.1,20.1,18.1,19.7,20.1,20.1,17.6,21.1,20.6,19.6,20,20.1
7/17/17 23:59,0:00,16.6,18.1,17.5,18.6,17.1,18.1,20.1,19.1,19.6,19.6,16.1,19.6,17.1,18.6,18.6,16.6,19.2,19.1,18.1,16.6,19.6,19.1,18.1,19,18.6
7/18/17 0:59,1:00,15.6,17.1,16.5,17.1,15.6,17.1,19.1,18.1,18.6,18.6,15.1,18.1,15.6,18.1,17.6,15.6,17.7,17.6,17.1,16.1,18.6,18.1,17.1,17.5,18.1
7/18/17 1:59,2:00,14.6,16.1,16,16.6,15.1,16.1,18.1,17.1,17.1,18.1,14.1,16.6,14.6,17.1,17.1,15.1,16.7,16.6,15.6,15.6,18.1,17.1,16.6,16.5,17.1
7/18/17 2:59,3:00,14.1,14.6,15,15.6,14.1,15.6,17.6,16.1,16.6,17.1,13.6,15.1,14.1,16.6,16.1,14.1,15.1,15.6,15.1,14.6,17.1,16.1,16.1,15.5,16.1
7/18/17 3:59,4:00,13.6,14.1,14.5,15.1,13.6,15.1,16.6,15.1,15.6,16.1,13.1,13.6,13.6,15.1,15.1,14.1,14.6,14.6,14.1,13.6,16.1,15.1,15.1,14,15.1
7/18/17 4:59,5:00,12.6,14.1,13.5,14.6,13.1,14.6,16.1,14.6,15.1,15.6,12.6,13.6,12.6,14.6,14.6,13,14.1,14.6,13.6,13.6,15.6,14.6,14.6,14.5,14.6
7/18/17 5:59,6:00,12.6,13.6,13,14.1,12.6,14.6,15.6,14.1,15.1,15.1,12.6,14.1,12.6,14.6,14.1,13,14.6,14.1,13.1,12.6,15.6,14.1,14.1,13.5,14.6
7/18/17 6:59,7:00,13.1,14.6,13.5,14.1,13.6,14.6,16.1,15.6,15.1,18.1,13.1,16.6,14.6,16.6,16.6,13,14.6,14.6,14.6,14.1,15.6,16.6,15.6,18.5,18.1
7/18/17 7:59,8:00,21.6,15.6,14,16.1,15.1,15.6,17.1,19.1,16.6,19.1,17.6,16.1,26.6,18.1,17.6,14.6,16.2,16.1,18.1,14.6,16.6,19.1,16.6,22.5,20.1
7/18/17 8:59,9:00,22.1,23.1,15.5,17.6,17.6,16.6,18.1,21.2,18.6,19.6,18.1,17.6,23.1,19.1,19.6,17.6,17.2,17.6,18.1,15.6,17.6,19.6,18.6,28,20.1
7/18/17 9:59,10:00,24.6,26.6,17.5,19.6,21.1,17.6,20.1,22.7,19.1,21.1,20.6,19.1,23.6,20.6,22.1,19.6,19.2,20.6,19.6,17.1,19.1,21.1,23.6,30.5,22.1
7/18/17 10:59,11:00,32.1,27.6,20,21.1,22.6,20.1,22.1,24.2,21.1,23.1,30.1,21.1,25.1,22.1,24.1,21.1,20.7,23.1,20.6,19.1,21.6,23.1,25.1,29.5,23.6
7/18/17 11:59,12:00,25.1,27.6,22.5,23.6,25.1,26.1,23.6,26.7,24.1,25.1,30.6,22.6,26.6,23.6,25.6,23.1,22.2,25.1,22.6,21.1,24.1,26.1,26.1,29,26.1
7/18/17 12:59,13:00,26.1,28.1,24.5,25.1,29.6,28.1,26.1,32.6,25.6,28.6,31.1,24.6,28.1,25.6,27.1,24.6,24.2,27.1,23.6,22.6,26.1,28.1,27.6,29.5,27.1
7/18/17 13:59,14:00,27.1,30.1,26,27.6,32.6,29.6,27.6,28.7,28.1,27.6,33.6,26.1,29.6,27.1,28.6,25.1,26.2,28.6,25.6,23.6,27.6,29.1,28.1,29,28.1
7/18/17 14:59,15:00,27.6,29.6,27.5,28.6,32.6,32.1,29.1,29.2,28.6,28.1,32.6,27.1,30.6,29.1,29.6,26.6,27.2,30.1,28.6,24.6,29.1,29.6,29.1,30.5,30.1
7/18/17 15:59,16:00,28.1,30.1,26,29.6,38.6,32.6,31.6,29.7,29.6,28.6,35.6,27.6,29.1,30.1,30.1,28.1,28.7,31.1,31.1,25.1,32.1,31.6,27.6,31,30.6
7/18/17 16:59,17:00,29.1,30.1,26,30.1,28.1,33.6,33.1,29.2,31.1,28.6,32.6,28.6,28.1,31.6,30.1,27.6,28.7,31.6,30.6,26.1,31.1,36.1,27.6,31.5,31.6
7/18/17 17:59,18:00,28.6,28.6,26.5,28.6,27.6,33.1,33.1,28.7,30.1,29.6,30.6,28.6,27.6,31.1,29.6,26.1,28.7,31.1,29.1,26.6,31.6,30.1,28.1,31.5,30.6
7/18/17 18:59,19:00,27.6,27.6,25,28.1,26.6,31.1,32.6,28.2,28.1,29.1,28.6,27.6,26.1,29.6,28.1,25.1,27.7,28.6,27.6,24.1,30.1,28.6,27.1,30.5,28.1
7/18/17 19:59,20:00,25.1,26.1,23.5,26.1,24.6,27.1,29.6,26.2,26.1,26.1,25.1,26.1,24.6,26.1,26.1,23.6,25.7,25.6,26.1,23.1,26.1,26.6,25.1,28,25.6
7/18/17 20:59,21:00,22.1,22.1,21.5,23.6,22.6,22.6,24.6,23.2,23.6,24.1,21.6,24.1,22.1,23.1,23.1,21.6,22.7,23.6,23.1,20.6,24.1,23.1,22.6,23,23.1
7/18/17 21:59,22:00,20.1,20.6,19.5,21.1,20.1,20.6,22.1,21.7,21.6,22.1,19.1,21.6,20.1,21.1,21.6,19.6,20.7,20.6,21.1,18.6,22.1,21.6,20.6,21,20.6
7/18/17 22:59,23:00,17.6,18.6,18,19.1,18.1,19.1,21.1,19.6,20.1,20.6,17.1,20.1,17.6,19.6,20.1,17.6,19.2,19.1,18.6,16.6,20.6,19.6,19.1,19,19.1
7/18/17 23:59,0:00,16.1,17.6,16.5,17.6,17.1,18.1,19.6,18.6,19.1,19.1,15.6,18.6,16.1,18.6,18.6,16.6,17.2,18.1,16.6,15.6,19.1,18.1,18.1,18,18.1
7/19/17 0:59,1:00,15.1,15.6,15.5,16.1,15.6,17.1,18.6,17.1,17.6,18.1,14.6,16.1,15.1,17.6,16.6,15.6,15.6,13.6,17.1,15.1,17.6,17.1,16.6,16,17.1
7/19/17 1:59,2:00,14.1,14.6,14.5,15.6,14.1,16.1,17.6,16.6,16.6,17.1,14.1,15.6,14.6,16.6,15.6,14.6,15.1,14.1,15.1,14.1,16.1,16.6,16.1,15,15.6
7/19/17 2:59,3:00,13.6,14.1,14,14.6,13.6,15.1,16.6,15.6,16.1,16.1,12.6,13.6,13.6,15.6,14.6,13.6,14.1,13.6,14.6,13.6,15.6,15.6,15.1,14,15.1
7/19/17 3:59,4:00,12.6,12.6,13.5,14.1,12.6,14.6,15.1,14.1,15.1,15.1,12.1,12.6,12.6,14.6,13.6,13,13.6,13.1,13.6,13.6,15.1,14.1,14.6,13,14.1
7/19/17 4:59,5:00,12.1,12.1,13,13.1,12.1,14.1,14.6,13.1,14.1,14.6,11.1,12.1,12.1,14.1,13.1,12.5,12.6,13.1,13.1,12.6,14.6,13.6,14.1,12,13.6
7/19/17 5:59,6:00,11.6,12.1,12.5,13.1,11.6,13.1,14.1,13.1,14.1,13.6,11.1,11.6,11.6,13.6,12.6,12,12.6,12.6,13.1,12.1,14.6,13.1,13.6,12,13.1
7/19/17 6:59,7:00,12.1,13.6,13,13.1,12.6,13.1,15.1,14.1,14.6,17.1,11.6,14.6,13.6,17.1,16.1,12.5,14.1,13.1,14.6,13.6,15.6,16.6,15.1,18.5,17.6
7/19/17 7:59,8:00,20.1,16.1,13.5,15.1,14.6,14.1,16.6,19.1,16.1,19.6,16.6,15.1,27.1,18.1,17.1,13.6,15.6,13.1,17.6,14.1,16.1,19.1,16.1,21,19.1
7/19/17 8:59,9:00,21.6,22.6,15,17.1,16.1,15.6,18.1,20.6,17.1,19.6,16.6,16.6,24.1,19.6,19.1,16.1,16.7,14.6,17.1,15.1,17.1,19.1,18.1,25,19.6
7/19/17 9:59,10:00,23.6,26.1,16.5,19.1,19.1,16.6,19.6,22.2,18.6,20.1,19.1,18.1,24.1,20.1,22.1,18.6,18.2,16.6,18.1,16.6,19.1,21.1,22.6,30.5,20.6
7/19/17 10:59,11:00,29.1,27.1,19,20.1,22.1,18.6,21.1,23.7,20.6,22.6,28.6,19.6,24.6,21.6,23.1,20.1,19.7,17.6,19.6,17.6,20.1,24.1,25.1,27.5,22.6
7/19/17 11:59,12:00,22.6,29.1,21.5,22.6,25.6,24.6,22.1,25.7,22.6,24.1,30.1,21.6,26.1,23.6,24.1,21.6,21.2,19.6,21.1,19.1,23.6,24.6,26.1,26.5,24.1
7/19/17 12:59,13:00,23.1,26.6,23,24.1,27.1,27.1,24.1,30.2,24.6,26.6,30.1,23.1,26.1,23.6,25.1,22.6,22.2,24.6,22.6,21.1,26.6,26.6,26.6,25.5,25.6
7/19/17 13:59,14:00,24.6,29.6,25,26.1,31.6,27.6,26.1,27.7,26.1,26.1,32.1,24.6,28.6,26.1,26.6,24.1,24.7,26.6,24.1,21.6,27.6,26.6,29.1,27,27.1
7/19/17 14:59,15:00,25.6,28.6,26,27.6,33.1,30.1,27.6,28.2,27.1,27.1,32.1,25.1,29.6,27.6,28.1,24.6,25.2,28.6,26.1,22.6,30.6,28.1,27.1,27,29.1
7/19/17 15:59,16:00,26.6,28.6,24,28.1,37.1,31.1,29.6,28.2,27.6,27.1,32.1,26.1,27.1,27.6,28.6,26.1,27.2,29.1,29.6,23.6,31.1,29.1,26.6,29,30.1
7/19/17 16:59,17:00,27.1,29.1,24.5,28.6,27.1,30.1,31.1,27.2,29.6,27.1,29.6,26.6,27.1,30.1,28.6,26.1,26.7,30.1,28.1,24.1,30.1,34.6,26.6,30.5,31.1
7/19/17 17:59,18:00,27.1,27.6,24.5,27.6,26.1,30.6,32.1,27.7,29.1,28.6,29.6,27.1,26.1,31.1,28.1,25.1,27.2,29.6,27.6,25.1,29.6,29.1,26.6,32,30.6
7/19/17 18:59,19:00,26.1,26.1,24,27.1,26.1,28.6,32.1,26.7,27.6,27.6,27.6,26.6,24.6,28.1,27.1,24.6,27.2,28.6,26.1,24.1,30.1,27.1,26.6,29,26.6
7/19/17 19:59,20:00,23.6,25.1,23,25.1,24.6,25.1,26.1,25.7,25.1,25.1,24.1,25.6,25.1,24.6,25.6,23.6,24.7,25.1,25.1,21.6,25.1,25.6,24.1,26,24.6
7/19/17 20:59,21:00,22.6,23.1,21.5,23.1,22.1,23.1,24.1,23.7,23.6,23.6,22.1,23.6,22.6,23.1,23.6,21.6,22.7,23.1,23.1,20.6,23.6,23.6,22.6,23,22.6
7/19/17 21:59,22:00,20.1,21.1,19.5,21.6,20.6,20.6,22.1,21.7,21.6,22.1,20.1,22.1,20.6,21.1,21.6,20.1,21.2,21.6,21.1,18.6,22.1,21.6,21.1,21.5,21.1
7/19/17 22:59,23:00,18.6,19.6,18,20.1,19.6,19.1,21.1,20.1,20.6,20.6,18.6,20.6,19.6,19.6,20.6,18.6,19.7,20.1,19.6,17.6,21.1,20.1,19.6,20,19.6
7/19/17 23:59,0:00,18.1,18.1,17.5,19.1,18.6,18.6,20.1,19.1,19.6,20.1,17.6,19.6,18.6,19.1,19.1,18.1,18.7,19.1,18.6,17.1,19.6,18.6,18.6,19,19.1
7/20/17 0:59,1:00,16.1,17.1,16.5,17.6,16.6,17.1,19.1,18.1,18.6,18.6,15.6,18.1,16.6,18.1,18.1,16.1,17.7,17.6,17.1,15.1,19.1,17.6,17.6,17.5,17.6
7/20/17 1:59,2:00,15.1,16.1,15.5,17.1,16.1,16.1,18.6,17.1,17.6,18.1,14.6,17.1,15.6,17.1,16.6,15.1,16.2,17.1,16.1,14.6,17.6,16.6,16.6,16.5,17.1
7/20/17 2:59,3:00,15.1,15.6,15,16.6,15.6,15.6,18.1,16.1,17.6,17.6,14.1,16.6,15.6,16.6,16.1,15.6,15.1,16.6,16.1,14.1,17.6,16.1,16.1,16,16.1
7/20/17 3:59,4:00,14.6,14.6,14,15.6,14.6,14.6,17.1,15.6,16.1,16.1,13.6,15.1,14.1,16.6,15.1,15.1,15.6,15.6,15.1,14.1,17.1,15.1,16.6,15,15.6
7/20/17 4:59,5:00,14.1,14.1,13.5,14.6,14.1,14.1,16.1,14.6,15.6,15.6,13.6,14.1,13.1,16.1,14.6,14.6,16.2,14.6,14.6,13.6,16.1,14.6,15.6,15,15.6
7/20/17 5:59,6:00,14.1,14.6,13.5,15.1,14.6,14.6,16.1,15.1,15.6,16.1,14.1,15.1,14.6,16.1,15.1,14.6,15.6,15.1,15.1,13.1,16.1,15.1,16.1,15.5,16.6
7/20/17 6:59,7:00,14.6,14.6,14,15.6,14.6,14.6,16.1,15.1,16.1,16.6,14.6,15.6,15.1,17.1,15.1,14.6,16.2,15.6,15.6,13.1,16.1,15.1,16.1,16,18.6
7/20/17 7:59,8:00,16.1,16.1,15,16.6,16.1,16.1,17.1,16.6,16.6,17.6,16.1,16.6,17.1,17.1,17.1,15.6,17.2,16.6,16.1,14.1,16.6,16.6,16.6,18,16.6
7/20/17 8:59,9:00,16.6,18.6,16,17.6,17.1,16.6,18.1,18.6,18.6,18.6,17.6,17.6,20.6,19.1,18.6,17.1,18.2,17.1,17.1,14.6,18.6,19.1,18.6,20.5,18.1
7/20/17 9:59,10:00,17.1,19.6,17,18.1,18.6,17.1,19.1,19.1,19.1,20.1,18.6,18.6,19.6,21.1,20.1,16.6,19.2,18.1,17.6,15.1,18.6,20.1,19.1,22.5,21.1
7/20/17 10:59,11:00,19.1,19.6,17.5,19.1,18.6,18.6,19.6,19.1,19.6,21.1,20.1,19.1,20.1,22.1,20.1,17.6,19.7,19.1,18.6,16.6,19.1,21.6,21.1,21.5,20.1
7/20/17 11:59,12:00,20.6,20.6,20,19.6,20.1,21.1,21.6,20.6,20.6,22.1,23.1,20.1,21.1,20.1,21.1,19.1,20.2,20.1,19.6,16.1,21.6,21.6,20.6,23.5,21.6
7/20/17 12:59,13:00,20.6,26.1,22,23.6,23.1,21.6,22.6,27.7,22.6,24.6,24.6,22.6,23.1,23.1,23.6,20.1,22.2,23.1,21.1,18.6,22.6,26.1,24.1,25,23.1
7/20/17 13:59,14:00,22.6,27.1,21,24.6,27.6,24.6,23.6,25.2,24.1,24.1,30.1,23.1,25.6,24.6,25.6,21.6,22.2,25.1,21.1,19.1,25.1,26.1,26.6,26.5,24.6
7/20/17 14:59,15:00,23.1,26.6,22.5,24.1,25.1,24.6,25.6,26.2,24.1,24.1,25.6,23.6,27.1,24.1,26.1,22.1,23.2,24.6,22.6,19.6,25.6,27.1,25.1,24.5,25.1
7/20/17 15:59,16:00,22.6,24.6,21.5,24.6,27.1,25.6,26.6,25.2,24.6,24.1,24.6,23.6,24.1,25.6,26.6,22.1,24.2,24.1,25.1,20.6,26.1,26.1,24.6,26,24.6
7/20/17 16:59,17:00,22.6,25.1,22,26.1,24.1,27.6,27.6,25.2,25.6,23.6,27.1,23.1,23.6,25.6,26.1,21.6,24.2,24.6,24.1,19.6,25.1,31.1,23.1,25,25.6
7/20/17 17:59,18:00,23.1,22.6,22.5,23.6,22.6,24.1,27.6,23.7,24.6,24.6,25.1,23.1,22.6,25.6,25.6,21.1,23.2,24.1,24.1,19.6,25.1,24.1,22.6,27,24.6
7/20/17 18:59,19:00,20.6,23.1,20,22.6,22.1,25.1,28.1,23.2,23.1,24.6,21.6,22.6,21.6,25.1,23.6,20.1,22.7,23.6,22.6,19.1,25.1,23.6,21.6,25.5,23.1
7/20/17 19:59,20:00,20.1,21.1,19.5,21.6,20.1,23.6,25.6,21.7,22.1,21.6,20.6,21.6,20.1,22.6,21.6,19.6,22.2,21.6,21.6,18.1,21.6,22.1,21.1,23,21.6
7/20/17 20:59,21:00,18.6,20.1,18.5,20.1,18.6,19.6,21.6,20.6,20.6,20.6,18.1,20.6,18.1,20.1,20.6,18.1,20.2,20.1,19.6,17.1,21.1,20.6,20.1,20,20.1
7/20/17 21:59,22:00,17.1,19.1,17.5,19.6,18.1,18.6,20.6,19.6,20.1,19.6,16.6,19.6,17.1,19.1,19.6,16.6,19.2,18.6,18.6,16.1,20.1,19.1,19.1,19,19.1
7/20/17 22:59,23:00,16.1,17.6,17,18.6,17.1,17.6,19.1,18.6,18.6,18.6,15.1,18.6,16.6,18.1,18.6,16.1,18.2,18.1,17.6,15.1,18.6,18.6,18.1,18,18.1
7/20/17 23:59,0:00,15.1,16.6,16,17.1,15.6,16.6,18.1,17.6,18.1,18.1,14.6,17.6,15.6,17.1,17.6,15.6,17.7,17.1,16.6,14.6,18.1,17.1,17.1,17,17.1
7/21/17 0:59,1:00,14.1,15.6,15,16.1,14.6,16.1,17.6,17.1,17.1,17.6,14.1,16.6,14.6,16.6,16.1,14.6,17.2,16.1,16.1,14.6,17.1,16.6,16.1,16,16.6
7/21/17 1:59,2:00,13.6,15.1,14.5,15.6,14.1,15.1,17.1,16.1,16.6,16.6,13.1,15.1,14.1,16.1,15.6,14.1,16.2,15.1,15.1,14.6,16.6,16.1,15.6,15.5,16.1
7/21/17 2:59,3:00,13.1,13.6,14.5,15.1,13.6,14.6,16.1,15.1,15.6,15.6,13.1,14.1,13.6,15.1,14.6,13.6,15.1,14.6,14.6,14.1,16.6,15.1,15.1,14.5,15.1
7/21/17 3:59,4:00,13.1,13.1,13.5,14.1,13.6,14.6,15.1,14.1,15.1,14.6,12.6,13.1,13.1,14.6,14.1,13,14.1,14.1,14.1,13.6,15.6,14.6,14.6,13.5,15.1
7/21/17 4:59,5:00,12.6,12.1,13,14.1,13.1,14.1,14.6,13.6,15.1,14.1,12.1,12.6,12.1,14.6,13.1,12.5,14.1,13.6,13.6,13.1,15.1,13.6,14.6,12.5,15.6
7/21/17 5:59,6:00,12.1,12.1,13,13.1,12.6,14.1,14.1,13.1,14.1,14.1,12.1,12.6,12.1,15.1,12.6,12.5,14.1,13.1,13.6,13.1,15.1,13.1,14.6,12.5,15.1
7/21/17 6:59,7:00,12.6,13.6,13,13.6,13.6,14.1,15.1,14.6,14.6,16.6,12.6,14.6,14.1,17.6,16.1,13,15.1,13.1,14.1,13.6,15.6,16.1,16.6,18.5,16.6
7/21/17 7:59,8:00,19.6,16.1,14,15.1,15.6,14.6,16.6,19.1,16.1,19.6,16.6,15.6,27.6,18.1,17.6,14.1,16.7,14.6,17.6,14.6,16.6,20.6,17.1,25,20.1
7/21/17 8:59,9:00,21.6,25.1,15.5,17.6,17.6,15.6,18.1,21.2,18.1,20.1,17.1,17.1,25.6,20.1,20.1,17.1,17.7,16.1,18.6,15.6,18.1,19.6,19.1,24.5,20.1
7/21/17 9:59,10:00,26.6,27.6,17.5,19.6,20.1,17.6,20.1,22.7,19.6,22.1,20.6,18.6,24.1,20.6,22.6,19.1,18.7,19.6,19.1,17.6,19.6,20.6,23.6,28,21.6
7/21/17 10:59,11:00,29.6,28.6,21,21.6,23.1,19.6,22.1,24.7,22.1,23.1,29.1,21.1,26.6,23.1,24.6,21.1,20.7,22.1,21.1,18.1,22.6,24.6,25.6,30.5,23.6
7/21/17 11:59,12:00,24.1,27.6,23,23.6,26.6,22.6,23.1,25.7,23.1,24.6,30.6,22.6,26.1,24.1,26.1,22.6,22.2,25.1,22.1,20.1,25.6,25.1,24.6,29,25.1
7/21/17 12:59,13:00,24.6,28.1,24,25.1,28.6,26.6,25.6,31.1,25.1,27.6,32.1,23.6,26.6,25.6,26.1,23.1,23.7,26.6,23.6,22.1,25.6,28.1,28.1,27.5,26.6
7/21/17 13:59,14:00,25.1,30.1,26,26.6,31.6,29.1,26.6,28.7,27.1,26.6,32.6,25.1,29.1,27.1,28.1,24.6,25.2,27.6,25.1,22.6,28.1,28.1,28.6,27.5,27.1
7/21/17 14:59,15:00,26.6,29.6,26,27.6,35.1,30.1,28.1,28.2,27.6,26.6,33.1,26.1,30.1,27.1,28.1,25.6,25.7,27.6,27.1,23.1,30.1,29.6,27.1,29.5,28.6
7/21/17 15:59,16:00,27.6,30.1,24.5,29.6,37.6,30.6,30.1,29.2,28.6,27.1,33.6,26.6,28.1,28.6,28.6,26.6,27.2,29.1,29.6,23.6,30.1,31.6,26.6,29.5,28.6
7/21/17 16:59,17:00,27.6,29.1,24.5,29.6,27.1,31.6,31.6,28.2,30.1,27.6,31.1,27.1,27.1,31.1,29.6,26.1,27.2,31.1,28.6,24.6,31.1,34.1,27.1,29.5,29.6
7/21/17 17:59,18:00,27.6,28.1,25.5,28.1,26.1,32.1,33.6,28.2,30.1,28.6,30.6,27.6,26.6,30.1,28.1,26.1,27.7,30.6,28.1,26.1,31.1,29.1,27.1,32.5,29.6
7/21/17 18:59,19:00,27.6,27.6,24.5,27.1,25.6,31.1,33.6,27.7,28.1,29.6,28.1,27.6,25.1,30.6,27.6,25.1,27.7,29.1,27.1,24.1,30.6,28.1,26.6,30,28.1
7/21/17 19:59,20:00,25.1,26.1,24,26.1,24.6,29.1,30.1,26.7,26.6,26.6,25.1,26.6,23.6,26.6,26.6,24.1,26.7,26.6,25.1,22.6,27.1,27.1,25.6,28,26.1
7/21/17 20:59,21:00,23.1,24.6,23,24.6,23.6,24.6,26.1,25.2,25.1,24.6,22.6,25.1,22.6,24.6,24.6,22.6,24.2,24.6,24.1,21.1,25.1,25.1,24.1,24.5,24.1
7/21/17 21:59,22:00,21.6,22.6,21.5,22.6,21.6,23.1,24.6,23.7,23.6,23.6,21.1,23.6,21.1,23.1,23.6,21.1,22.7,23.1,22.1,20.1,24.1,23.6,22.6,23,22.6
7/21/17 22:59,23:00,20.1,21.6,20.5,21.6,20.6,22.1,23.6,22.7,22.6,22.6,19.6,22.6,20.1,21.6,22.1,20.1,21.7,22.1,20.6,19.1,22.6,22.1,21.1,22,21.6
7/21/17 23:59,0:00,19.1,20.6,19.5,20.6,19.6,20.6,22.1,21.7,21.1,21.1,18.6,21.1,19.1,20.6,20.6,19.1,20.7,20.6,19.6,18.1,21.6,21.1,20.1,21,20.6
7/22/17 0:59,1:00,18.6,19.6,18.5,19.1,18.6,20.1,21.1,20.6,20.1,20.1,18.1,20.1,18.1,19.6,19.6,18.6,19.2,19.6,19.1,17.1,20.6,20.1,19.1,20,19.6
7/22/17 1:59,2:00,17.6,18.1,17.5,18.6,17.6,19.1,20.1,19.1,19.6,19.6,17.1,19.1,17.6,19.1,18.6,17.6,18.2,19.1,18.1,17.6,19.6,19.1,18.6,19,19.1
7/22/17 2:59,3:00,17.1,17.6,17,18.1,17.1,18.1,19.6,18.6,19.1,19.1,16.6,18.6,16.6,18.6,18.1,17.1,18.2,18.6,17.6,16.6,19.1,18.6,18.1,18,18.6
7/22/17 3:59,4:00,16.6,17.1,16.5,17.6,16.6,18.1,19.1,18.1,18.1,18.6,16.1,17.1,16.1,18.1,18.1,17.1,17.2,17.6,17.1,15.6,18.6,17.6,17.6,17.5,17.6
7/22/17 4:59,5:00,16.1,17.1,16,16.6,16.1,17.6,18.6,17.1,17.6,18.1,15.6,16.6,15.6,17.6,17.1,16.1,16.7,16.6,16.6,15.6,18.1,17.1,17.1,16.5,17.1
7/22/17 5:59,6:00,15.6,16.1,16,16.6,15.6,17.1,18.1,17.1,17.6,18.1,15.1,15.6,15.1,17.1,16.6,16.1,16.7,16.6,16.1,15.6,18.1,17.1,16.6,16.5,17.1
7/22/17 6:59,7:00,16.1,17.6,16,16.6,16.6,17.1,18.6,18.1,18.1,20.6,15.6,19.1,17.1,19.6,19.1,16.1,17.2,17.1,16.6,17.6,18.1,18.6,18.1,21,20.1
7/22/17 7:59,8:00,22.6,18.6,16.5,18.1,18.1,18.1,19.6,21.7,19.1,23.1,19.6,19.1,26.1,20.6,20.1,17.1,18.7,18.6,20.1,17.6,19.1,22.1,19.1,25,21.6
7/22/17 8:59,9:00,24.1,26.6,18,20.6,19.6,19.6,20.6,23.7,20.6,23.1,20.6,20.1,25.1,22.1,22.6,20.6,19.7,20.1,20.6,19.1,20.6,22.1,20.6,28.5,23.1
7/22/17 9:59,10:00,30.6,30.1,20.5,22.1,23.1,21.6,22.6,26.2,22.1,24.6,24.6,22.1,27.1,23.1,25.1,22.6,21.7,24.1,22.1,20.6,22.1,24.6,25.1,34.5,24.1
7/22/17 10:59,11:00,34.1,29.6,23.5,24.1,25.1,23.6,25.1,28.2,24.6,26.1,33.1,24.1,28.6,25.6,27.6,25.1,23.7,25.6,23.6,22.1,24.6,26.6,28.6,32.5,26.1
7/22/17 11:59,12:00,28.1,32.1,25.5,27.1,29.6,28.6,27.1,30.2,26.6,28.6,34.6,26.1,29.6,27.1,28.6,26.1,25.7,27.1,25.6,23.6,26.6,28.6,29.1,31.5,28.1
7/22/17 12:59,13:00,28.6,32.1,27.5,28.6,32.6,30.6,28.6,35.1,28.1,30.1,35.1,27.6,31.1,28.6,29.6,27.1,27.2,29.1,27.6,26.1,28.6,30.6,31.6,32.5,30.1
7/22/17 13:59,14:00,30.1,32.6,29,30.6,35.1,32.6,30.6,31.6,30.6,30.6,35.6,29.1,32.6,30.6,30.6,28.6,28.7,31.1,29.1,26.6,31.1,31.1,32.1,31,31.6
7/22/17 14:59,15:00,30.6,32.6,30,31.1,37.6,34.1,32.1,32.1,31.6,30.6,37.6,29.6,33.6,32.1,32.1,29.1,30.2,33.1,31.6,27.1,32.6,31.6,31.1,32.5,32.6
7/22/17 15:59,16:00,31.6,32.6,29,32.6,40.6,34.1,34.1,32.6,32.6,31.1,36.1,31.1,31.6,33.6,32.6,30.1,31.2,31.1,34.6,28.1,35.1,33.1,30.6,34,33.1
7/22/17 16:59,17:00,31.6,32.6,29,32.6,30.6,35.6,34.6,32.1,33.1,31.6,35.1,31.1,31.1,33.6,32.6,29.6,31.7,33.1,33.6,28.1,33.1,37.1,31.1,34,34.1
7/22/17 17:59,18:00,31.6,32.1,29.5,31.6,30.1,35.1,35.6,32.1,33.1,32.6,33.6,31.6,31.1,34.6,32.1,29.1,31.7,32.6,32.1,29.1,33.6,32.6,30.6,34.5,33.1
7/22/17 18:59,19:00,30.6,31.1,28,31.1,29.6,33.6,35.1,31.1,31.1,32.6,31.1,31.1,29.1,33.6,31.1,28.1,30.7,30.6,31.1,27.6,33.6,31.6,30.1,33.5,31.1
7/22/17 19:59,20:00,28.6,29.1,27,29.6,28.1,32.1,32.1,29.7,29.6,29.6,28.6,30.1,28.1,30.1,29.1,27.6,29.7,29.1,29.1,26.1,30.1,29.6,29.1,31,29.6
7/22/17 20:59,21:00,27.1,27.1,25.5,27.6,26.6,27.6,28.1,27.7,28.1,28.1,26.6,28.1,26.6,27.1,27.6,25.6,27.2,27.6,27.1,25.1,28.6,27.6,27.1,27.5,27.6
7/22/17 21:59,22:00,25.6,25.6,24,26.6,25.6,26.1,26.6,26.2,26.6,26.6,25.6,26.6,25.1,25.6,26.1,24.6,25.7,26.1,25.1,23.6,27.1,25.6,25.6,26,26.1
7/22/17 22:59,23:00,24.1,23.6,22.5,24.6,24.1,24.6,24.6,24.2,25.1,25.1,23.6,25.1,23.6,24.1,24.1,23.6,24.2,24.6,24.1,22.6,25.6,24.1,24.1,24,24.6
7/22/17 23:59,0:00,22.6,22.6,21,23.6,22.6,23.6,23.6,23.2,23.6,24.1,22.6,24.1,22.1,23.1,23.1,22.6,22.7,23.1,22.1,21.1,24.1,22.6,23.1,22.5,23.6
7/23/17 0:59,1:00,21.6,21.6,20.5,22.6,21.6,22.1,22.6,22.2,23.1,23.1,21.1,23.1,21.1,22.1,22.1,21.6,22.2,22.6,21.1,20.1,23.1,21.6,22.1,22,22.6
7/23/17 1:59,2:00,20.6,20.6,19.5,21.6,20.6,21.1,22.1,21.2,21.6,22.1,19.6,22.1,20.1,21.6,21.1,20.6,21.2,21.6,20.1,19.1,22.1,20.6,21.1,21,21.1
7/23/17 2:59,3:00,19.6,19.6,18.5,20.6,20.1,20.1,20.6,20.1,21.1,21.1,19.1,21.1,19.1,20.6,20.1,20.1,20.2,20.6,19.6,18.1,21.1,19.6,20.1,20,20.6
7/23/17 3:59,4:00,19.1,18.6,18,19.6,19.1,19.6,19.6,19.6,20.1,20.1,18.1,20.1,18.6,19.6,19.1,19.1,19.7,19.6,19.1,17.6,20.6,19.1,19.1,19,20.1
7/23/17 4:59,5:00,18.6,18.1,17.5,19.1,19.1,19.1,19.6,18.6,19.6,19.6,18.1,19.6,18.1,19.1,18.6,18.6,19.2,19.1,18.6,17.6,20.1,18.6,18.6,19,19.6
7/23/17 5:59,6:00,18.1,18.1,17,19.1,18.6,18.6,19.1,18.6,19.1,19.1,18.1,19.1,18.1,19.1,18.6,18.1,18.7,19.1,18.6,17.1,19.6,18.6,18.6,19,19.1
7/23/17 6:59,7:00,18.6,18.1,17,18.6,19.1,19.1,19.1,18.6,19.1,19.1,18.6,19.1,18.1,18.6,18.6,18.1,18.7,19.1,18.6,17.1,19.6,18.1,18.6,19,19.6
7/23/17 7:59,8:00,18.6,18.1,16.5,18.6,18.6,19.6,19.1,18.6,19.1,19.1,19.6,19.1,18.6,19.1,18.6,18.6,18.7,18.6,18.6,16.6,19.1,18.1,18.6,19,19.6
7/23/17 8:59,9:00,19.1,18.6,17,18.6,19.1,19.6,19.6,19.1,19.6,19.6,20.6,19.1,19.1,19.1,19.1,18.6,19.2,19.1,19.1,17.1,19.6,19.1,19.1,19.5,20.1
7/23/17 9:59,10:00,20.1,19.6,17.5,19.6,20.6,20.1,20.6,20.1,20.1,20.6,21.1,20.1,20.1,19.6,20.1,19.1,20.2,20.1,19.6,17.1,20.6,19.6,20.1,21,20.6
7/23/17 10:59,11:00,21.6,21.1,19,21.1,22.1,22.1,22.1,21.7,21.6,22.6,23.6,21.1,21.6,22.6,21.6,20.1,22.2,21.6,21.1,18.6,22.1,21.1,23.6,23,24.6
7/23/17 11:59,12:00,24.6,25.6,22,22.6,25.6,25.6,23.6,25.2,24.1,25.1,29.6,23.1,25.1,24.1,24.6,22.6,23.2,24.1,21.6,21.1,24.6,25.1,25.1,26.5,26.1
7/23/17 12:59,13:00,25.6,27.1,24,25.1,29.6,27.6,25.1,31.6,25.6,27.1,32.1,24.6,27.6,25.1,26.1,24.6,24.7,27.1,24.1,23.1,26.1,27.1,27.6,27.5,26.6
7/23/17 13:59,14:00,27.1,29.1,25.5,27.1,32.6,29.6,27.1,27.7,27.1,26.6,32.6,25.6,28.6,27.1,27.1,25.6,25.2,27.6,25.6,23.1,27.6,26.6,28.6,28,27.6
7/23/17 14:59,15:00,27.1,29.1,26.5,27.6,33.1,32.1,28.1,28.2,28.6,27.6,35.1,27.1,29.6,27.6,29.1,26.1,26.7,29.6,27.6,24.1,30.1,28.1,27.6,28.5,28.1
7/23/17 15:59,16:00,28.1,28.6,25.5,29.1,37.1,32.6,30.1,28.7,29.1,27.6,32.6,27.1,28.6,28.6,29.1,27.1,27.7,29.6,31.6,24.6,30.6,29.1,27.1,29.5,29.6
7/23/17 16:59,17:00,28.1,29.1,25,29.1,27.6,32.1,30.1,28.2,29.1,27.6,30.6,27.6,27.6,30.1,29.1,26.6,27.2,29.1,30.1,24.6,29.6,33.6,27.1,30,29.6
7/23/17 17:59,18:00,27.6,27.1,25,27.6,26.6,32.1,30.1,27.7,28.6,28.1,29.6,27.1,26.6,29.1,28.1,25.6,27.2,29.1,28.1,25.1,29.6,27.6,26.6,30.5,28.6
7/23/17 18:59,19:00,26.6,26.6,24,26.6,25.6,29.6,31.1,26.7,26.6,28.1,27.6,26.6,25.1,29.1,26.6,24.6,26.7,27.1,26.6,23.6,30.1,27.1,26.1,29.5,27.6
7/23/17 19:59,20:00,24.6,25.1,23,25.1,24.6,27.1,27.1,25.2,25.6,25.6,25.1,25.6,24.1,25.1,25.1,24.1,25.2,25.6,24.6,22.6,25.6,25.1,25.1,27,25.6
7/23/17 20:59,21:00,21.6,22.6,21.5,23.6,22.6,22.1,24.1,23.2,23.6,24.1,21.1,24.1,22.1,23.1,23.1,21.6,23.2,23.1,23.1,20.6,24.1,23.1,22.6,23,23.1
7/23/17 21:59,22:00,19.6,21.1,19.5,21.6,20.6,20.1,22.1,21.7,21.6,22.1,19.1,21.6,20.6,21.1,21.6,19.6,21.2,21.6,21.1,19.1,22.1,21.6,20.6,21.5,21.1
7/23/17 22:59,23:00,17.6,19.1,18,20.1,18.6,18.6,20.6,19.6,20.1,20.1,17.6,20.1,19.1,19.6,19.6,18.1,19.7,20.1,19.6,17.6,20.1,19.6,19.1,19.5,19.1
7/23/17 23:59,0:00,16.6,18.1,17,18.6,17.6,17.1,19.1,18.6,19.1,19.1,16.1,19.1,17.1,18.6,18.6,16.6,18.7,18.6,18.1,16.6,19.1,18.1,18.1,18,18.1
7/24/17 0:59,1:00,15.1,17.1,16,18.1,16.1,16.1,18.6,17.6,18.1,18.6,14.6,18.1,16.6,17.6,17.6,15.6,17.7,18.1,17.1,15.6,18.6,17.6,17.6,17.5,17.6
7/24/17 1:59,2:00,14.6,15.6,15,16.6,15.1,15.6,18.1,16.6,17.6,18.1,14.1,17.1,15.1,17.1,17.1,14.6,16.7,17.1,16.1,15.1,18.1,16.6,17.1,16,17.6
7/24/17 2:59,3:00,14.1,15.1,15,16.6,14.6,15.1,17.6,16.1,17.1,17.6,13.1,17.1,14.6,17.1,16.1,14.1,16.7,17.1,15.1,14.6,17.6,16.1,16.6,16,17.1
7/24/17 3:59,4:00,13.6,15.1,14,15.6,15.1,15.1,16.6,15.6,16.6,16.6,12.6,15.6,13.6,16.6,15.6,14.1,15.6,15.6,14.6,14.1,17.1,15.1,16.1,15,16.1
7/24/17 4:59,5:00,13.6,14.6,13.5,15.1,14.6,15.1,16.1,15.1,16.1,16.1,12.6,15.6,13.1,16.1,15.1,14.1,15.1,15.6,14.1,14.1,16.6,14.6,15.1,14.5,16.1
7/24/17 5:59,6:00,14.1,13.1,13.5,14.6,14.1,15.1,16.1,14.1,15.6,15.6,12.6,14.6,12.6,15.6,14.6,14.1,14.6,14.6,13.6,13.6,16.1,14.6,15.1,14,15.6
7/24/17 6:59,7:00,14.1,14.6,13.5,15.1,15.1,15.1,16.6,15.6,16.1,17.6,13.6,16.6,14.6,17.1,16.6,14.1,15.6,15.1,14.6,14.1,16.1,16.1,16.1,18.5,18.6
7/24/17 7:59,8:00,22.1,16.1,14.5,16.1,16.1,15.6,17.6,18.6,17.1,20.6,18.1,16.6,25.1,18.6,17.6,15.1,16.7,16.6,17.6,15.1,17.1,19.1,17.1,22,19.6
7/24/17 8:59,9:00,22.1,23.6,15.5,18.1,17.6,17.1,19.1,20.6,18.6,20.6,18.1,18.6,24.6,19.6,20.1,18.1,18.2,18.6,18.6,16.1,18.1,18.6,18.1,26,20.6
7/24/17 9:59,10:00,26.1,26.6,18,19.6,20.6,18.6,20.6,23.2,20.1,21.1,22.1,19.6,24.1,21.1,22.6,20.1,19.7,21.6,19.1,17.1,19.6,21.1,22.1,30,22.6
7/24/17 10:59,11:00,31.6,27.1,21,22.1,23.1,20.6,22.6,25.2,22.6,23.6,30.1,21.6,25.1,23.6,24.6,21.6,21.7,23.6,20.6,19.6,21.6,24.6,25.1,29.5,24.1
7/24/17 11:59,12:00,25.6,29.1,23.5,24.1,26.6,26.1,24.1,27.2,25.1,26.6,30.6,23.6,27.1,25.1,26.6,23.6,23.7,26.1,23.1,21.6,26.1,26.1,26.6,28.5,26.6
7/24/17 12:59,13:00,27.1,29.1,25.5,26.6,30.1,29.1,27.1,34.1,26.6,28.1,32.6,25.6,28.1,27.6,28.1,25.1,25.7,27.6,25.1,24.1,27.6,30.6,29.6,29.5,28.6
7/24/17 13:59,14:00,28.6,31.1,28,29.1,32.6,31.6,29.1,30.2,28.6,28.6,34.6,27.6,30.6,28.6,29.6,26.6,27.7,29.6,27.6,25.1,30.1,30.1,30.6,31,30.1
7/24/17 14:59,15:00,30.6,31.1,29,30.1,36.1,34.1,30.1,30.6,30.1,29.1,34.6,29.1,31.6,31.6,30.6,28.1,28.7,31.6,30.1,26.1,32.1,30.6,30.1,32.5,31.6
7/24/17 15:59,16:00,30.6,31.6,27.5,31.1,40.1,34.6,33.1,31.1,31.6,30.1,35.1,30.1,30.6,31.1,31.6,29.1,30.2,32.6,35.6,26.6,33.1,32.1,29.6,32,32.1
7/24/17 16:59,17:00,30.6,31.1,27.5,32.1,29.6,34.1,33.1,31.1,31.6,30.6,33.6,30.6,30.1,32.1,31.6,28.6,30.2,32.6,32.6,27.1,32.6,35.6,29.6,33,32.1
7/24/17 17:59,18:00,30.1,30.1,28,30.6,28.6,33.6,34.1,30.2,31.6,30.6,31.6,30.1,29.6,32.6,30.6,27.6,30.2,31.6,30.6,27.6,32.1,30.6,29.1,33,31.6
7/24/17 18:59,19:00,29.1,29.1,27,29.1,28.1,31.6,33.6,29.7,29.6,30.6,30.1,29.6,28.1,32.1,29.6,27.1,29.7,30.1,29.1,26.1,32.6,30.1,28.6,32,30.1
7/24/17 19:59,20:00,26.6,27.6,25.5,27.6,26.1,30.1,30.1,27.7,27.6,27.6,27.1,28.1,26.1,28.1,27.6,25.1,27.7,27.6,27.6,24.6,28.6,28.1,27.1,29.5,28.1
7/24/17 20:59,21:00,24.6,25.1,24,26.1,24.1,25.6,26.6,25.7,26.1,26.6,24.1,26.6,24.6,26.1,25.6,23.6,25.7,26.1,25.1,23.6,27.1,25.6,25.6,25.5,26.1
7/24/17 21:59,22:00,22.1,24.1,22.5,24.6,23.1,23.6,25.1,24.7,24.6,25.1,22.1,25.1,23.1,24.1,24.1,22.6,24.2,24.6,23.1,22.6,25.1,24.1,24.1,24,24.1
7/24/17 22:59,23:00,21.1,22.6,21,23.1,21.1,21.6,23.6,23.2,23.6,23.6,21.1,24.1,21.6,22.6,22.6,21.1,22.7,23.6,22.1,21.1,24.1,22.6,22.6,22.5,22.6
7/24/17 23:59,0:00,19.1,21.1,20,21.6,19.6,20.1,22.6,22.2,22.1,22.6,19.1,22.6,20.6,21.6,21.6,19.6,21.2,21.6,21.1,20.1,22.6,21.6,21.1,21.5,21.6
7/25/17 0:59,1:00,18.1,20.1,19,20.1,18.6,19.1,21.6,20.6,21.1,21.1,17.1,20.6,18.1,20.6,20.6,18.1,20.7,20.1,19.1,19.1,21.6,20.6,20.1,20.5,20.6
7/25/17 1:59,2:00,17.1,18.6,18,20.1,17.1,18.6,20.6,19.6,20.1,20.6,16.6,19.6,17.6,19.6,19.6,17.1,19.2,19.6,18.1,18.1,20.6,19.6,19.1,19,20.1
7/25/17 2:59,3:00,16.1,17.6,17.5,18.6,16.6,18.1,19.6,18.6,19.6,19.6,16.1,19.1,16.1,19.1,18.6,16.6,18.7,18.6,17.1,17.1,19.6,18.6,18.6,18,18.6
7/25/17 3:59,4:00,15.6,17.1,16.5,17.6,15.6,17.6,18.6,17.6,18.6,19.1,15.6,17.6,15.6,18.6,17.1,16.1,16.7,17.6,16.6,16.6,18.6,17.6,18.1,16.5,17.6
7/25/17 4:59,5:00,15.6,16.1,16,17.1,16.1,17.1,18.1,17.1,18.1,18.1,15.1,17.1,15.1,17.6,17.1,15.6,16.7,17.1,15.6,15.6,18.1,17.1,17.1,16.5,17.1
7/25/17 5:59,6:00,15.6,15.6,15,16.1,16.1,17.1,17.6,16.6,17.6,17.6,14.6,16.6,14.6,17.1,16.6,15.1,16.2,16.6,15.1,14.6,17.6,16.1,16.6,16,16.6
7/25/17 6:59,7:00,16.1,16.6,15,16.6,16.6,16.6,17.6,17.1,17.1,19.1,15.6,17.6,16.6,18.1,18.1,15.1,16.7,16.6,16.1,15.6,17.6,17.6,17.1,20.5,19.1
7/25/17 7:59,8:00,22.1,18.1,15.5,17.6,17.6,17.6,18.6,21.2,18.1,23.1,19.6,18.1,26.6,20.1,19.6,16.6,17.7,18.1,19.1,16.1,18.1,21.1,18.6,25.5,19.6
7/25/17 8:59,9:00,23.1,25.1,17,19.1,19.1,18.6,20.1,22.2,19.6,21.1,20.1,19.1,25.6,20.6,21.1,19.1,18.7,19.1,19.6,17.1,18.6,20.6,19.6,27.5,21.1
7/25/17 9:59,10:00,27.1,29.1,19,20.6,21.6,20.1,21.6,24.7,21.1,22.6,24.1,20.6,25.1,21.6,24.1,21.1,20.2,22.1,20.6,18.6,20.1,23.1,23.6,31,22.6
7/25/17 10:59,11:00,32.1,28.1,22,22.6,24.1,22.1,23.1,26.7,23.1,24.1,30.6,22.6,27.1,24.1,26.1,23.1,22.2,24.1,21.6,20.1,23.1,26.6,25.6,30,24.6
7/25/17 11:59,12:00,27.6,30.1,24.5,25.6,28.1,28.6,25.1,28.7,25.6,27.1,34.1,24.1,27.6,25.1,27.1,24.6,24.2,26.1,23.6,22.6,26.1,26.6,27.6,30,26.6
7/25/17 12:59,13:00,28.1,30.1,26.5,27.6,32.1,30.1,27.1,34.6,27.1,29.1,33.6,26.1,29.1,27.6,29.1,26.1,25.7,28.6,26.1,24.6,27.1,29.1,28.6,30.5,28.6
7/25/17 13:59,14:00,29.6,31.1,28,29.1,34.1,32.1,29.1,30.6,29.6,29.6,35.6,27.6,31.1,30.1,30.1,27.6,28.2,29.6,27.6,25.6,30.6,29.6,31.1,30,30.6
7/25/17 14:59,15:00,30.6,33.1,29.5,31.1,37.1,34.6,31.1,31.6,31.1,29.6,35.6,29.1,32.6,31.1,31.6,29.1,29.2,32.1,30.6,26.6,31.6,32.1,30.1,32,32.6
7/25/17 15:59,16:00,31.1,33.1,28,31.6,41.6,35.1,32.6,31.6,32.1,30.6,35.1,30.6,31.1,32.6,32.1,29.6,30.7,29.6,36.6,28.1,33.6,33.6,30.6,32.5,33.1
7/25/17 16:59,17:00,31.1,32.6,28,33.1,30.1,35.1,34.1,31.1,32.6,31.1,34.6,31.1,30.6,33.6,32.1,29.1,30.7,32.6,33.1,28.1,34.6,37.1,30.6,33.5,33.1
7/25/17 17:59,18:00,31.1,31.6,28,31.1,29.1,34.6,34.6,31.1,32.6,31.6,33.1,31.1,30.1,34.1,31.6,28.6,30.7,32.6,31.6,28.6,33.6,32.6,30.1,34,32.6
7/25/17 18:59,19:00,30.6,30.1,27,30.6,29.1,34.1,34.6,30.2,30.6,31.6,31.1,30.6,28.1,33.6,30.6,27.6,30.2,30.1,29.6,27.1,34.1,31.1,29.6,33.5,31.1
7/25/17 19:59,20:00,28.6,29.1,27,29.1,28.1,32.6,32.1,29.7,29.6,29.1,29.1,29.6,27.6,30.1,29.1,27.1,29.2,28.6,28.6,26.1,30.1,29.6,29.1,32,29.6
7/25/17 20:59,21:00,25.6,26.6,25,27.1,26.1,26.6,28.1,27.2,27.6,27.6,25.6,28.1,25.1,27.1,27.1,25.6,26.7,27.1,26.6,24.6,28.1,27.1,27.1,27,27.1
7/25/17 21:59,22:00,23.6,25.1,23.5,25.1,24.1,24.6,26.1,25.7,25.6,25.6,23.6,26.1,23.6,24.6,25.6,23.6,24.7,25.1,25.1,22.6,26.1,25.6,25.1,25.5,25.1
7/25/17 22:59,23:00,22.1,23.1,22,24.1,22.1,23.1,24.6,24.2,23.6,24.1,21.6,24.1,22.1,23.1,23.6,22.1,22.7,23.6,22.6,21.6,24.1,24.1,22.6,23.5,22.6
7/25/17 23:59,0:00,20.6,21.1,20,22.1,20.6,21.6,22.6,22.2,22.1,22.6,19.6,22.1,20.6,21.6,22.1,20.6,21.2,21.6,22.1,20.6,22.6,22.1,21.1,22,21.6
7/26/17 0:59,1:00,19.1,19.6,18.5,20.1,19.1,20.6,21.6,20.6,20.6,21.6,18.6,20.1,19.1,20.6,20.6,19.1,20.2,20.1,19.6,19.1,21.6,20.6,20.1,20,20.6
7/26/17 1:59,2:00,18.1,18.6,18,19.1,18.1,19.6,20.6,20.1,20.1,20.6,17.6,19.1,17.6,19.6,19.6,18.1,18.7,19.1,18.6,18.1,20.6,19.6,19.1,19.5,19.6
7/26/17 2:59,3:00,17.1,18.1,17,18.1,17.1,18.6,19.6,18.6,19.1,19.6,17.1,18.6,17.1,19.1,18.6,17.6,17.7,18.6,17.6,16.6,19.6,18.6,18.1,18.5,18.1
7/26/17 3:59,4:00,17.1,16.6,16,17.6,16.6,18.6,18.6,17.6,18.1,18.6,16.6,18.1,16.6,17.6,17.6,16.6,17.2,17.6,16.6,15.1,18.1,17.1,17.1,17.5,16.6
7/26/17 4:59,5:00,15.6,15.6,15,16.6,15.6,17.1,17.6,16.1,16.6,17.1,15.1,16.6,15.6,16.1,16.6,15.6,16.2,16.6,15.6,14.1,17.1,16.1,15.6,16,16.1
7/26/17 5:59,6:00,15.1,14.6,14,15.6,14.6,16.1,16.6,15.6,16.1,16.6,14.1,15.6,14.1,15.6,15.6,14.6,15.6,15.6,14.6,13.1,16.1,15.6,15.1,15.5,15.6
7/26/17 6:59,7:00,15.1,15.6,14,15.6,15.1,16.1,17.1,16.1,16.1,18.6,14.6,16.6,16.1,17.1,17.1,15.1,16.2,16.1,15.6,14.1,16.1,16.1,16.1,19,17.6
7/26/17 7:59,8:00,21.6,16.6,15,16.6,16.6,16.6,18.1,17.6,17.1,21.6,18.6,17.1,22.1,17.1,18.1,16.1,16.7,17.1,17.1,14.6,17.1,17.6,17.1,22.5,17.1
7/26/17 8:59,9:00,23.1,18.1,15.5,17.6,17.1,17.6,18.6,19.1,18.6,20.1,18.6,17.6,21.6,19.1,19.1,18.1,17.7,17.6,17.1,16.1,17.6,18.6,18.1,21,20.6
7/26/17 9:59,10:00,26.1,26.1,17.5,19.6,20.1,18.6,20.6,22.2,19.6,21.6,23.1,19.1,23.6,20.6,22.6,20.6,18.7,21.6,18.6,17.6,19.1,21.6,22.1,26.5,21.1
7/26/17 10:59,11:00,31.6,27.6,20.5,21.6,22.1,21.1,22.1,24.7,21.6,23.1,29.6,21.1,24.6,22.1,24.6,22.1,20.2,24.1,21.1,19.6,21.1,24.6,25.1,27.5,23.6
7/26/17 11:59,12:00,25.6,27.1,22.5,24.1,26.6,26.6,24.1,26.2,24.1,25.6,31.1,23.1,25.6,24.1,25.6,23.6,22.7,25.6,22.6,21.1,25.1,25.6,25.6,30,24.6
7/26/17 12:59,13:00,26.6,28.6,24.5,26.1,30.1,29.1,26.1,33.1,26.1,27.1,33.1,25.1,28.1,25.6,27.1,25.1,24.2,28.1,24.1,24.1,26.6,27.1,28.6,29,26.6
7/26/17 13:59,14:00,27.1,30.1,26.5,28.1,34.6,31.1,28.1,29.7,27.6,28.1,33.6,26.6,30.1,28.1,28.1,27.1,26.2,29.6,26.6,24.1,28.1,28.6,29.6,29.5,29.1
7/26/17 14:59,15:00,29.1,30.6,28,30.1,36.6,32.6,30.6,29.7,29.1,28.6,36.1,28.1,30.6,30.1,29.6,27.6,27.2,32.1,29.1,25.1,32.6,30.6,29.1,30.5,31.6
7/26/17 15:59,16:00,30.1,31.1,26.5,31.6,40.1,34.1,32.6,30.6,31.1,29.6,34.6,29.1,29.6,32.1,31.1,29.1,28.7,33.1,36.6,26.1,34.1,32.1,29.1,31.5,31.1
7/26/17 16:59,17:00,30.1,30.6,27,31.6,29.1,33.6,33.1,30.2,31.1,29.6,33.6,29.1,29.6,31.1,31.1,28.1,29.2,32.1,31.6,26.6,31.6,35.1,29.1,31.5,31.6
7/26/17 17:59,18:00,29.1,29.6,27,29.1,27.6,33.1,33.1,29.7,30.6,29.6,31.1,29.1,28.6,32.6,29.6,27.1,29.2,30.6,29.6,26.6,30.6,30.6,28.1,32,30.1
7/26/17 18:59,19:00,28.1,28.1,25.5,28.6,27.1,31.1,33.1,28.2,28.1,30.1,29.1,28.1,27.1,30.1,28.6,26.1,28.2,29.1,28.1,25.1,33.1,28.6,27.6,31.5,28.6
7/26/17 19:59,20:00,26.1,26.6,24.5,26.6,25.6,29.6,29.6,26.7,27.1,26.6,26.1,27.1,25.6,26.6,26.6,24.6,26.7,27.1,26.1,23.6,27.1,27.1,26.6,28.5,26.6
7/26/17 20:59,21:00,23.6,24.1,22.5,24.6,23.1,25.1,25.6,24.7,24.6,25.1,23.6,25.1,23.6,23.6,24.6,23.1,23.7,24.1,24.1,21.6,25.1,24.6,23.6,24.5,24.1
7/26/17 21:59,22:00,21.6,22.1,20.5,22.1,21.1,23.1,23.1,22.2,22.1,23.1,21.6,22.6,21.6,21.6,22.1,21.6,21.7,22.1,22.1,19.6,23.1,22.1,21.6,22,21.6
7/26/17 22:59,23:00,20.1,19.6,19,21.1,19.6,21.1,21.6,21.2,21.1,21.6,19.6,21.1,19.6,20.6,20.6,20.1,20.2,20.6,20.6,18.6,21.6,20.6,20.1,20.5,20.6
7/26/17 23:59,0:00,18.6,18.1,17.5,19.1,18.1,19.1,20.1,19.6,20.1,20.6,17.6,19.6,18.1,19.1,19.6,18.6,18.7,19.6,19.1,17.1,20.1,19.1,18.6,19,19.1
7/27/17 0:59,1:00,17.1,17.1,16.5,18.1,17.1,18.6,19.6,18.1,18.6,19.1,16.6,18.6,17.1,18.1,18.6,17.1,17.7,18.1,17.6,15.6,19.1,18.1,17.6,18,17.6
7/27/17 1:59,2:00,16.6,16.1,15.5,17.1,16.1,17.6,18.1,17.1,17.6,17.6,15.6,17.1,16.1,17.1,17.1,16.1,16.7,17.1,16.1,14.6,17.6,16.6,16.6,16.5,16.6
7/27/17 2:59,3:00,15.6,15.6,15,16.1,16.1,16.6,17.1,16.1,17.1,17.1,15.1,16.6,15.6,17.1,16.1,15.6,16.2,16.6,16.6,14.1,17.1,15.6,16.6,16,16.6
7/27/17 3:59,4:00,15.1,15.1,14.5,16.6,15.6,15.6,17.1,16.1,17.1,17.1,14.1,16.6,15.1,16.6,16.1,14.6,15.6,16.6,16.1,14.1,17.1,15.6,16.1,16,16.1
7/27/17 4:59,5:00,14.6,14.6,14,16.1,15.6,15.6,17.1,15.6,16.6,16.6,14.1,16.1,15.1,16.1,15.6,14.6,15.6,16.1,15.6,13.6,16.6,15.6,15.6,15.5,15.6
7/27/17 5:59,6:00,14.6,14.6,14,16.1,15.1,15.1,16.6,15.6,16.6,16.6,14.6,16.1,15.1,16.1,15.6,14.6,15.6,16.1,15.6,13.1,16.1,15.1,15.6,15.5,15.6
7/27/17 6:59,7:00,14.6,15.1,14,15.6,15.6,15.1,16.6,15.6,16.6,16.6,15.1,15.6,15.1,16.1,15.6,14.6,16.2,15.6,15.6,13.1,16.1,15.1,15.6,15.5,15.6
7/27/17 7:59,8:00,15.1,15.1,14,15.6,15.6,15.6,16.6,15.6,16.6,16.6,15.6,16.1,15.6,16.1,15.6,14.6,16.2,16.1,16.1,13.1,16.1,15.6,15.6,16,16.1
7/27/17 8:59,9:00,15.6,16.1,14.5,16.1,16.1,16.1,17.1,16.6,16.6,17.1,16.6,16.1,16.6,16.6,16.6,15.1,16.7,16.1,16.1,13.6,16.6,16.1,16.6,17,17.1
7/27/17 9:59,10:00,16.6,17.1,15.5,17.1,17.6,17.1,18.1,17.6,17.6,18.1,17.6,17.1,17.1,17.6,17.6,16.1,17.7,17.6,17.1,14.1,18.1,17.1,17.6,18.5,18.6
7/27/17 10:59,11:00,17.1,18.1,16.5,18.1,18.1,17.6,18.6,18.6,18.1,19.6,19.1,18.1,19.1,18.6,18.6,16.6,18.7,18.6,18.1,15.1,18.6,19.1,18.6,20.5,19.1
7/27/17 11:59,12:00,18.6,19.1,17,18.6,19.1,18.6,19.6,19.6,19.1,20.1,20.1,19.1,19.6,19.6,20.1,17.1,19.7,19.1,18.6,16.1,19.6,20.1,19.1,21.5,20.1
7/27/17 12:59,13:00,19.6,21.6,19.5,20.1,21.6,22.1,21.1,22.2,20.6,21.6,22.6,20.1,21.1,21.6,21.1,18.1,20.2,20.6,19.6,17.6,20.6,21.6,21.1,24,21.6
7/27/17 13:59,14:00,21.1,24.1,21.5,23.1,28.6,24.6,22.6,24.2,22.1,22.6,28.1,20.6,24.6,23.1,23.1,20.6,21.2,24.1,21.1,19.1,22.6,23.1,24.1,23.5,23.6
7/27/17 14:59,15:00,23.1,25.6,23,24.1,30.6,27.6,24.6,25.2,24.1,23.1,29.6,22.1,25.6,23.6,24.1,22.1,22.7,24.6,24.1,19.6,25.6,25.6,23.1,24.5,25.6
7/27/17 15:59,16:00,24.1,26.1,21.5,26.1,35.1,27.1,26.6,25.2,26.1,24.1,31.1,23.6,24.1,26.6,25.1,23.6,23.7,26.6,30.6,21.1,27.1,26.6,23.6,26,26.6
7/27/17 16:59,17:00,24.1,25.6,22.5,26.6,24.1,28.6,28.1,25.7,26.1,24.6,27.6,24.1,24.6,27.1,26.1,23.1,25.2,28.1,26.6,21.6,26.6,31.1,24.1,27,27.1
7/27/17 17:59,18:00,24.6,25.6,23,25.1,23.6,29.1,30.6,25.2,26.6,25.6,26.6,24.6,24.6,27.6,25.6,22.6,25.2,27.1,25.6,22.1,27.1,26.1,24.1,27,26.6
7/27/17 18:59,19:00,24.6,24.6,22,25.1,23.1,28.1,31.1,24.7,24.6,26.1,25.1,24.6,22.6,27.1,25.1,22.1,24.7,25.6,24.6,21.1,27.1,25.6,24.1,26.5,25.1
7/27/17 19:59,20:00,22.1,23.1,21.5,23.1,22.1,26.6,27.1,23.7,23.6,23.6,22.1,23.6,21.6,23.6,23.6,21.6,23.7,23.6,22.6,20.1,24.1,24.1,23.1,25.5,23.1
7/27/17 20:59,21:00,20.6,21.6,20,21.6,20.1,21.6,22.6,21.7,22.1,22.1,20.1,22.1,20.1,21.6,21.6,19.6,21.7,21.6,21.1,19.1,23.1,21.6,21.6,21.5,22.1
7/27/17 21:59,22:00,19.1,19.6,18.5,20.6,18.6,20.6,21.6,20.6,21.1,21.1,18.6,21.1,19.6,20.6,20.6,18.1,20.7,20.6,19.6,17.6,21.1,20.1,20.1,20,20.1
7/27/17 22:59,23:00,17.6,18.6,17.5,19.6,17.6,18.1,20.1,19.1,19.6,19.6,17.1,19.6,17.6,19.1,19.1,17.1,18.7,19.1,18.6,16.6,20.1,19.1,18.6,19,19.1
7/27/17 23:59,0:00,15.6,16.6,16.5,18.1,16.6,16.6,18.6,18.1,18.6,18.6,15.1,18.6,16.1,17.6,18.1,16.1,17.7,18.1,17.1,15.6,19.1,17.6,17.6,17.5,17.6
7/28/17 0:59,1:00,14.6,16.1,15.5,16.6,16.1,16.1,18.1,17.1,17.6,17.6,14.1,17.1,15.6,17.1,16.6,14.6,17.2,17.1,15.6,14.6,17.6,16.6,16.6,16.5,16.6
7/28/17 1:59,2:00,13.6,15.1,14.5,16.1,15.6,15.1,17.1,16.1,16.6,16.6,13.1,16.6,14.1,16.1,16.1,13.6,16.2,16.1,14.6,14.1,17.1,15.6,15.6,15.5,16.1
7/28/17 2:59,3:00,12.6,14.6,13.5,15.6,14.6,14.1,16.1,15.1,16.1,16.1,12.1,15.6,13.1,15.6,15.1,13,15.1,15.6,14.1,13.1,16.1,15.1,15.1,14.5,15.6
7/28/17 3:59,4:00,12.1,13.6,13,14.6,13.6,13.6,15.6,14.6,15.6,15.6,11.6,15.1,12.6,15.1,14.6,12.5,14.6,14.6,13.6,12.6,15.6,14.1,14.6,14,14.6
7/28/17 4:59,5:00,11.6,13.1,12.5,14.1,13.6,13.1,15.1,14.1,14.6,15.1,11.1,14.6,12.1,14.1,14.1,12,14.1,14.6,13.1,12.1,15.1,13.6,14.1,13.5,14.1
7/28/17 5:59,6:00,11.1,12.6,12,13.1,12.6,12.6,14.6,13.6,14.6,14.6,11.1,13.6,11.6,14.1,13.6,11.5,13.6,13.6,12.6,11.6,14.6,13.1,13.6,13,13.6
7/28/17 6:59,7:00,11.6,13.6,12.5,13.1,13.1,13.1,15.1,14.1,14.6,17.1,11.1,15.6,14.6,15.1,15.6,12,14.6,13.6,13.6,12.6,14.6,14.1,14.6,17,16.1
7/28/17 7:59,8:00,20.6,15.1,13.5,14.6,14.6,14.1,15.6,17.6,15.6,20.1,15.1,15.1,21.6,17.6,16.6,13,15.1,15.1,15.1,13.6,15.6,16.6,15.6,20.5,17.6
7/28/17 8:59,9:00,21.6,18.1,14.5,16.6,15.6,15.6,18.1,17.6,17.6,18.6,16.6,16.1,16.1,17.1,17.6,16.1,16.7,16.1,15.6,13.6,16.6,16.6,16.6,20,16.6
7/28/17 9:59,10:00,23.6,18.6,15.5,17.1,17.6,16.1,17.6,18.6,17.1,18.1,19.6,17.1,19.1,17.1,18.6,16.6,17.7,17.6,17.1,14.6,17.1,18.6,17.1,21,18.1
7/28/17 10:59,11:00,26.6,23.6,17.5,18.1,19.6,17.6,18.6,21.7,19.1,20.6,26.1,17.6,21.6,19.1,21.6,19.1,18.2,21.1,18.1,15.6,18.6,22.1,20.1,25,20.6
7/28/17 11:59,12:00,22.6,25.1,20,21.1,23.6,23.1,21.1,24.2,20.6,22.1,27.1,19.6,23.1,20.6,22.1,20.6,19.2,21.1,19.1,18.1,21.6,22.6,23.6,25,22.6
7/28/17 12:59,13:00,23.1,26.1,22,23.1,27.6,26.1,23.1,30.2,23.1,24.1,29.6,21.6,24.6,23.1,23.6,22.1,21.2,24.6,21.1,21.1,23.1,25.1,25.1,25,24.1
7/28/17 13:59,14:00,24.1,27.1,23.5,25.6,30.6,28.1,25.1,27.2,24.6,24.6,32.6,23.1,26.6,24.1,25.6,23.6,23.2,26.1,23.1,21.1,24.1,25.6,26.6,26,26.6
7/28/17 14:59,15:00,25.6,26.6,25,26.6,33.6,29.6,27.1,26.7,26.6,25.6,31.6,24.6,27.6,26.1,26.6,25.1,24.2,28.1,26.6,22.1,28.6,27.1,25.1,27,27.6
7/28/17 15:59,16:00,26.6,28.1,23.5,28.1,37.6,30.6,29.6,27.2,28.1,26.6,34.1,26.1,26.6,28.1,27.6,26.1,25.7,29.1,33.6,23.6,29.6,29.1,25.6,28.5,29.1
7/28/17 16:59,17:00,27.6,28.1,24.5,29.1,26.6,32.1,30.1,27.7,28.6,27.1,30.1,26.6,26.6,30.1,28.6,25.6,26.7,30.6,29.6,24.1,28.6,32.6,26.1,29,29.1
7/28/17 17:59,18:00,27.1,27.6,24.5,27.1,26.1,31.1,32.6,27.2,28.6,27.6,28.6,27.1,26.1,29.6,27.6,25.1,26.7,30.1,27.6,24.1,29.6,28.6,26.1,29,28.6
7/28/17 18:59,19:00,26.6,26.6,24,26.6,25.1,29.6,31.6,26.7,26.6,28.6,27.1,26.6,24.6,29.1,26.6,24.1,26.7,27.6,26.6,23.1,30.6,27.1,26.1,29,27.6
7/28/17 19:59,20:00,24.1,25.1,23,25.1,24.1,27.6,28.1,25.2,25.6,25.6,24.6,25.6,23.6,25.1,25.1,23.1,25.2,25.6,25.1,22.1,26.1,25.6,24.6,27,25.1
7/28/17 20:59,21:00,22.1,22.6,21.5,23.6,22.1,23.6,24.1,23.7,23.6,23.6,21.6,24.1,22.1,23.1,23.1,21.6,22.7,23.1,23.1,20.6,24.1,23.1,22.6,23,23.1
7/28/17 21:59,22:00,20.1,21.1,19.5,21.6,19.6,21.1,22.6,21.7,21.6,22.1,20.1,22.1,19.6,21.1,21.6,19.6,21.2,21.1,21.1,18.6,22.1,21.6,21.1,21,21.1
7/28/17 22:59,23:00,18.1,19.1,18,20.1,18.1,19.1,20.6,20.1,20.6,20.6,18.1,20.6,18.1,19.6,20.1,18.1,19.7,20.1,19.6,17.6,20.6,19.6,19.6,19.5,19.6
7/28/17 23:59,0:00,16.6,17.6,16.5,18.6,18.1,17.6,19.1,18.6,18.6,19.1,16.1,18.6,17.1,18.1,18.6,16.6,18.2,18.6,18.1,15.6,19.6,18.1,17.6,18.5,18.1
7/29/17 0:59,1:00,15.1,16.6,15.5,17.1,16.6,16.6,18.1,17.1,17.6,18.1,14.6,17.1,16.1,17.1,17.1,15.6,17.2,17.1,17.1,14.6,18.1,17.1,16.6,17,17.1
7/29/17 1:59,2:00,14.6,15.1,15,16.1,14.6,15.6,17.1,16.1,16.6,17.1,14.1,16.6,14.6,16.1,16.1,14.6,16.2,16.1,15.1,14.1,17.1,16.1,15.6,16,16.1
7/29/17 2:59,3:00,13.6,14.6,14,15.1,14.1,15.1,16.6,15.6,16.1,16.1,13.1,15.1,14.1,15.6,15.6,13.6,15.6,15.1,14.6,13.1,16.1,15.1,15.1,15,15.1
7/29/17 3:59,4:00,13.1,14.1,13.5,14.6,13.1,14.6,15.6,14.6,15.6,15.6,12.6,15.1,12.6,15.1,14.6,13.6,14.1,15.1,13.6,12.6,15.6,14.6,14.6,14,14.6
7/29/17 4:59,5:00,12.1,13.1,13,14.1,12.6,14.6,15.1,14.1,15.1,15.1,11.6,14.6,11.6,14.6,13.6,12.5,14.1,14.1,13.1,12.1,15.1,13.6,14.1,13.5,13.6
7/29/17 5:59,6:00,11.6,12.1,12.5,13.6,12.6,13.6,15.1,13.1,14.6,14.6,11.6,13.6,11.6,14.6,13.1,12,13.6,13.6,12.6,12.1,14.6,13.6,14.1,12,13.6
7/29/17 6:59,7:00,12.1,13.6,12.5,13.6,13.6,14.1,15.6,14.1,14.6,17.1,11.6,16.1,15.1,16.1,15.6,12.5,14.1,14.1,14.1,13.1,15.1,14.1,15.1,18,17.1
7/29/17 7:59,8:00,21.1,15.1,13.5,15.1,14.6,14.6,16.1,17.6,16.1,20.6,15.6,15.6,22.6,18.1,16.6,13.6,15.6,15.6,16.6,13.6,15.6,16.1,16.1,22,19.1
7/29/17 8:59,9:00,22.6,24.1,14.5,16.6,16.6,15.6,17.1,20.1,17.1,19.1,17.1,17.1,24.1,18.6,18.6,16.6,16.7,17.1,17.1,15.1,17.1,17.1,17.1,27.5,19.1
7/29/17 9:59,10:00,25.6,24.6,16,18.1,19.1,17.1,19.1,21.7,18.6,20.6,21.6,18.1,21.6,19.6,21.1,18.6,17.7,20.6,17.6,16.1,18.1,19.1,20.6,30,20.1
7/29/17 10:59,11:00,29.6,25.1,19,20.1,21.6,19.6,20.6,24.2,20.6,22.6,28.6,19.6,24.6,21.6,23.1,20.6,19.7,22.1,19.1,18.1,20.6,23.6,23.6,27.5,22.1
7/29/17 11:59,12:00,24.1,28.1,22,23.1,25.6,25.6,22.6,25.7,23.6,25.1,30.1,21.6,26.1,23.1,24.6,22.6,21.7,23.6,21.6,20.1,24.1,24.1,26.1,26,24.6
7/29/17 12:59,13:00,25.6,29.6,23.5,24.6,29.6,28.1,24.6,32.6,25.6,26.1,32.6,23.6,27.1,25.6,26.6,24.1,23.2,26.1,23.1,23.6,25.6,27.1,27.1,26.5,26.6
7/29/17 13:59,14:00,27.1,30.6,26,27.1,32.6,30.1,27.6,28.2,27.6,27.6,35.1,25.6,29.6,27.1,27.6,26.1,25.7,28.6,25.1,23.6,27.6,27.6,28.6,28.5,29.1
7/29/17 14:59,15:00,28.6,30.1,28,29.1,37.1,32.1,29.1,29.7,29.6,28.1,35.1,27.6,30.6,30.1,29.6,27.6,27.2,31.1,28.1,25.1,30.1,30.1,29.1,29.5,30.6
7/29/17 15:59,16:00,29.6,31.1,27,30.6,39.6,32.1,32.1,30.2,31.1,29.1,35.1,28.6,29.1,31.1,30.6,28.6,28.7,27.1,35.1,26.1,32.6,31.1,28.6,31,31.6
7/29/17 16:59,17:00,29.6,30.6,26.5,32.1,29.1,34.1,32.6,30.2,31.6,29.6,32.6,29.1,29.1,33.1,30.6,28.1,29.7,32.6,31.6,26.6,32.1,35.1,29.1,32,32.6
7/29/17 17:59,18:00,29.6,30.1,27,29.6,27.6,34.1,33.6,29.7,31.1,30.1,31.6,29.6,28.1,32.6,30.6,27.1,29.7,32.1,30.1,27.1,32.1,31.1,29.1,32,31.1
7/29/17 18:59,19:00,29.1,29.1,26,29.1,27.1,32.1,34.1,29.2,29.1,30.6,29.6,29.1,26.6,31.6,29.1,26.6,28.7,28.6,28.6,25.6,31.6,29.6,28.6,31.5,29.6
7/29/17 19:59,20:00,26.6,27.1,25,27.6,25.6,30.1,31.1,27.7,27.6,27.6,26.6,28.1,25.1,28.1,27.1,24.6,27.7,26.6,26.6,24.6,28.1,28.1,27.1,29.5,27.6
7/29/17 20:59,21:00,24.1,25.1,24,25.6,24.1,26.1,27.1,26.2,25.6,26.1,23.1,26.6,24.6,25.1,25.6,23.1,25.2,25.1,25.1,23.1,26.1,26.1,25.1,25.5,25.1
7/29/17 21:59,22:00,22.1,23.1,22,24.1,22.6,23.6,24.6,24.2,23.6,24.1,20.6,24.1,23.1,23.1,24.1,21.6,23.7,23.6,23.1,21.1,24.1,23.6,23.1,23.5,23.1
7/29/17 22:59,23:00,21.1,21.6,20.5,22.1,20.6,22.6,23.1,22.2,22.1,22.6,20.1,22.6,21.1,21.6,22.1,20.1,22.2,21.6,21.6,19.6,22.6,22.1,21.1,22,21.6
7/29/17 23:59,0:00,20.1,20.1,19,20.6,19.6,21.1,21.6,21.2,21.1,21.1,18.6,21.1,19.6,20.6,20.6,19.6,20.7,20.6,19.6,18.6,21.1,20.6,20.1,20.5,20.6
7/30/17 0:59,1:00,18.6,19.1,18,20.1,19.1,20.1,20.6,20.1,20.1,20.6,17.1,20.1,18.1,19.6,19.6,19.1,19.7,19.6,18.6,18.6,20.6,19.6,19.1,19.5,20.1
7/30/17 1:59,2:00,17.6,18.1,17.5,19.1,18.6,19.1,20.1,19.1,19.6,19.6,16.6,19.1,17.6,19.1,19.1,17.6,19.2,18.6,18.1,17.6,20.1,18.6,18.6,18.5,19.1
7/30/17 2:59,3:00,17.1,17.6,17,17.6,17.6,18.6,19.1,18.6,19.1,19.1,16.1,18.6,16.1,18.6,18.1,17.6,18.7,18.1,17.1,16.6,19.6,18.1,18.1,18,18.6
7/30/17 3:59,4:00,16.6,17.1,16.5,17.6,17.1,18.1,18.6,17.6,18.6,18.6,15.1,17.6,16.1,18.1,17.6,17.6,18.2,17.6,16.6,16.1,19.1,17.6,17.6,17.5,18.1
7/30/17 4:59,5:00,15.6,16.6,15.5,17.1,16.6,17.1,18.1,17.1,18.1,18.1,15.1,17.6,15.1,17.6,17.1,16.6,17.2,17.1,16.1,15.6,18.1,16.6,17.1,16.5,17.6
7/30/17 5:59,6:00,15.1,16.1,15.5,16.6,15.6,17.1,17.6,16.6,17.1,17.6,14.6,16.6,15.1,17.1,16.6,15.6,16.7,16.6,15.6,15.1,17.6,16.6,16.6,16.5,17.1
7/30/17 6:59,7:00,15.6,16.6,15.5,17.1,16.1,16.6,18.1,17.1,17.6,17.6,14.6,17.1,16.6,17.6,17.1,15.6,17.7,17.1,16.6,15.6,17.6,16.6,17.1,17.5,18.6
7/30/17 7:59,8:00,22.6,18.1,16,17.6,17.1,17.1,18.6,18.1,18.1,18.6,17.6,17.6,17.6,18.6,17.6,16.6,18.7,17.6,17.1,15.6,18.1,17.6,18.1,18.5,18.1
7/30/17 8:59,9:00,23.6,23.6,17,18.6,18.6,18.1,19.6,22.7,19.6,21.1,18.6,18.6,20.6,19.6,19.1,18.6,19.2,19.1,18.1,16.6,18.6,19.6,19.6,25,21.1
7/30/17 9:59,10:00,28.6,28.1,18,20.1,20.6,19.1,21.6,23.2,20.6,22.1,22.1,19.6,24.1,22.1,23.1,20.1,19.7,21.6,19.1,18.6,19.6,22.6,23.6,31,23.1
7/30/17 10:59,11:00,32.1,27.6,21,22.1,23.1,21.6,22.6,26.2,22.6,24.1,31.1,22.1,25.6,23.6,25.6,22.1,21.7,24.6,21.1,20.1,22.1,26.1,25.6,30,24.6
7/30/17 11:59,12:00,27.1,29.1,24.5,25.1,27.1,27.6,25.1,27.7,25.1,27.1,32.6,23.6,27.6,25.1,26.6,24.6,23.2,26.6,23.1,22.1,26.1,27.6,27.1,28.5,26.6
7/30/17 12:59,13:00,27.1,29.6,26,27.1,30.6,29.6,27.6,33.6,28.1,28.6,34.1,26.1,29.1,27.6,28.6,25.6,25.7,29.6,25.6,24.6,27.6,28.6,30.1,29,28.6
7/30/17 13:59,14:00,28.6,31.1,28,29.1,35.1,32.6,28.6,30.6,29.6,29.1,34.6,27.6,31.1,29.1,29.1,27.1,27.2,30.6,27.6,25.1,29.1,29.6,31.6,30.5,30.6
7/30/17 14:59,15:00,29.6,31.6,29,30.1,37.6,33.6,30.6,31.1,30.6,29.6,35.1,28.6,31.1,31.6,31.1,28.1,29.2,31.6,30.1,26.1,31.6,31.1,30.1,31.5,31.1
7/30/17 15:59,16:00,30.1,32.1,27.5,31.6,40.6,34.1,32.6,30.6,31.1,30.1,34.6,29.6,30.6,32.1,30.6,29.1,29.2,32.1,35.1,26.6,32.6,32.1,29.1,32,32.1
7/30/17 16:59,17:00,30.6,31.6,27.5,32.1,29.6,35.1,34.1,30.6,32.6,30.1,33.6,30.1,29.6,33.1,31.1,28.6,30.2,32.6,31.6,27.1,33.1,35.6,30.1,33,32.6
7/30/17 17:59,18:00,30.6,30.1,27.5,30.6,29.1,34.1,35.1,30.2,32.1,30.6,32.1,30.6,29.1,32.6,30.6,28.1,29.7,32.6,30.6,27.6,32.6,31.1,29.1,33,31.6
7/30/17 18:59,19:00,29.6,29.6,27,29.6,28.1,33.1,35.1,29.7,29.6,31.1,30.1,29.6,27.6,32.1,29.6,26.6,29.2,30.6,29.6,26.1,33.6,30.1,29.1,32.5,30.1
7/30/17 19:59,20:00,27.1,27.6,25.5,27.6,26.6,30.1,31.1,28.2,28.1,28.1,27.1,28.6,25.6,27.6,27.6,25.6,28.2,28.1,27.6,24.6,28.6,28.1,27.6,29.5,27.6
7/30/17 20:59,21:00,25.1,25.6,24,26.1,24.6,26.1,26.6,26.2,26.1,26.1,24.1,26.1,24.6,25.6,25.6,24.1,25.7,25.6,25.1,23.1,26.6,25.6,25.1,25.5,25.6
7/30/17 21:59,22:00,23.1,23.1,22,24.1,23.1,24.1,24.6,24.2,24.1,24.6,22.6,24.6,22.6,23.6,23.6,22.1,23.2,24.1,23.6,21.1,24.6,23.6,23.6,23.5,23.6
7/30/17 22:59,23:00,21.1,21.6,20.5,22.6,21.6,22.6,22.6,22.2,22.6,23.1,20.1,23.1,21.1,22.1,22.1,21.6,21.7,22.1,21.6,20.1,23.1,21.6,21.6,22,22.1
7/30/17 23:59,0:00,20.1,20.1,19,21.1,20.6,21.1,21.6,20.6,21.1,21.6,19.1,21.6,19.1,20.6,20.6,20.1,20.7,20.6,20.1,19.1,22.1,20.6,20.6,20,21.1
7/31/17 0:59,1:00,18.1,19.1,18,19.1,19.1,19.6,20.6,19.6,20.6,20.6,17.1,20.6,18.1,20.1,19.6,18.6,19.7,20.1,18.6,18.1,21.1,19.1,19.6,19,20.1
7/31/17 1:59,2:00,17.1,17.6,17,18.6,18.6,18.6,19.6,18.6,19.1,19.6,15.6,18.6,16.1,19.1,18.6,17.6,18.7,18.6,17.1,17.1,20.1,18.6,18.6,18,19.1
7/31/17 2:59,3:00,16.1,17.1,16.5,18.1,17.1,18.1,18.6,17.6,18.6,18.6,15.1,18.6,15.1,18.1,17.1,17.1,18.2,18.1,16.1,16.1,19.1,17.6,18.1,17.5,18.6
7/31/17 3:59,4:00,16.1,16.1,15.5,16.6,16.1,17.6,18.1,17.1,17.6,18.1,14.6,17.6,14.6,17.6,17.1,16.6,17.2,17.1,15.6,15.6,18.6,16.6,17.1,16.5,17.6
7/31/17 4:59,5:00,16.1,14.6,15,15.6,15.6,16.6,17.1,16.1,17.1,17.6,14.1,17.1,13.6,17.1,15.6,15.6,15.1,16.6,14.6,14.6,17.6,16.1,16.6,15.5,17.1
7/31/17 5:59,6:00,15.6,14.1,14.5,15.6,15.6,16.1,16.6,14.6,16.6,17.1,14.1,16.1,13.1,16.6,15.6,15.6,16.2,16.1,14.6,14.1,17.6,15.6,16.1,14.5,16.6
7/31/17 6:59,7:00,15.6,15.6,14.5,15.1,16.1,16.1,17.1,16.1,16.6,20.1,15.1,16.6,17.1,18.1,17.6,15.1,16.2,15.6,14.6,15.6,17.1,16.1,16.6,20.5,19.1
7/31/17 7:59,8:00,23.6,17.1,15,17.1,17.1,16.6,18.6,19.6,17.6,22.1,17.6,17.6,25.1,19.6,18.6,16.1,17.7,17.6,18.1,15.6,18.1,18.1,18.1,22.5,20.1
7/31/17 8:59,9:00,24.6,25.6,17,18.6,18.6,18.1,19.6,22.2,19.6,21.6,19.1,19.1,28.1,20.1,21.1,18.6,18.7,19.1,18.6,17.1,19.1,20.1,19.6,27,21.1
7/31/17 9:59,10:00,28.1,27.6,18.5,20.6,21.6,19.6,21.1,23.7,21.1,23.1,22.1,20.6,25.1,21.6,23.6,20.6,20.2,22.6,20.6,18.6,20.6,21.6,23.1,30.5,22.6
7/31/17 10:59,11:00,32.1,28.6,21.5,22.6,24.6,22.1,23.1,25.7,23.1,24.6,29.6,22.1,27.1,24.6,25.6,23.1,22.2,24.6,22.1,20.6,22.6,26.1,25.1,30,24.6
7/31/17 11:59,12:00,27.6,29.6,24.5,26.1,27.6,27.6,25.1,28.2,25.6,28.1,32.1,24.6,27.6,25.6,27.6,25.1,24.2,27.1,24.1,22.6,25.6,26.6,27.1,31,27.1
7/31/17 12:59,13:00,28.6,30.1,27,28.1,31.6,30.6,27.6,34.6,27.6,29.6,34.6,26.6,30.1,28.1,29.1,26.1,26.2,28.6,26.1,25.6,27.6,29.6,28.6,30.5,29.1
7/31/17 13:59,14:00,29.1,32.1,28.5,30.1,35.6,32.1,30.1,30.6,30.1,29.6,34.6,28.1,31.6,29.6,30.6,27.6,28.2,31.6,29.1,26.1,30.1,30.1,30.6,31,30.6
7/31/17 14:59,15:00,31.1,32.6,30,32.1,39.1,34.1,32.1,32.1,31.1,30.6,35.6,30.1,32.6,31.6,31.6,29.1,30.2,33.1,31.6,27.1,32.1,31.6,30.6,32.5,32.6
7/31/17 15:59,16:00,31.6,33.1,28.5,32.6,43.1,35.1,34.6,32.6,33.6,31.1,36.6,31.1,32.1,33.6,32.6,30.6,31.2,34.1,35.6,28.6,34.6,33.1,31.1,34,33.6
7/31/17 16:59,17:00,32.1,33.6,29,33.1,31.6,35.6,35.6,32.1,33.1,32.1,34.1,31.6,31.6,34.6,33.1,30.1,31.7,34.6,34.6,29.1,34.6,38.6,31.6,34.5,34.1
7/31/17 17:59,18:00,31.6,32.1,29,32.1,30.6,35.6,36.1,31.6,33.6,31.6,33.6,31.6,30.6,34.1,32.1,29.6,31.2,33.6,32.6,29.1,34.1,33.1,31.1,35,33.1
7/31/17 18:59,19:00,30.6,30.6,28.5,31.1,29.1,34.1,35.6,31.1,30.6,32.1,31.1,31.1,29.1,33.6,31.1,27.6,30.7,31.6,30.6,27.6,33.6,31.1,30.6,33.5,32.1
7/31/17 19:59,20:00,28.1,29.6,27.5,29.6,28.1,31.6,32.1,29.7,29.6,29.6,28.6,30.1,28.1,29.6,29.1,27.1,29.7,29.6,28.6,26.6,30.1,29.6,29.1,31.5,29.6
7/31/17 20:59,21:00,26.6,27.6,26,28.1,27.1,27.1,28.6,28.2,28.1,28.1,26.1,28.6,26.1,27.6,27.6,25.1,27.2,27.6,26.6,25.6,28.6,27.6,27.1,27.5,27.6
7/31/17 21:59,22:00,24.1,26.1,24.5,26.6,26.1,26.1,27.1,26.2,27.1,27.1,22.6,27.6,23.6,26.1,25.6,24.1,25.2,26.1,24.6,24.6,27.1,26.6,26.1,25.5,26.6
7/31/17 22:59,23:00,24.1,25.1,23.5,25.6,25.1,25.1,25.6,25.2,26.1,26.1,22.1,26.1,22.1,25.1,25.1,23.6,24.2,25.6,23.6,24.1,26.6,25.1,25.1,24.5,25.6
7/31/17 23:59,0:00,23.1,23.1,22.5,24.6,24.1,24.1,25.1,24.2,24.6,25.1,20.1,25.1,20.1,24.1,23.6,22.6,23.7,24.1,22.1,23.1,25.6,24.1,24.1,23,24.1
8/1/17 0:59,1:00,20.6,20.6,21.5,23.1,23.1,23.1,23.6,22.7,23.6,24.1,19.1,24.1,19.1,23.1,22.6,21.1,21.7,23.1,20.6,22.1,24.1,23.1,23.1,20.5,23.1
8/1/17 1:59,2:00,19.6,19.6,21,21.6,21.6,22.6,22.6,21.2,22.6,23.1,18.6,22.6,18.1,22.1,20.6,20.1,20.2,22.1,19.6,21.1,23.6,21.6,22.1,19,22.6
8/1/17 2:59,3:00,19.6,18.1,20,20.1,20.6,21.6,21.6,19.6,21.6,22.1,18.1,21.6,16.6,21.6,19.1,19.6,19.7,20.6,18.6,20.1,22.6,20.1,21.6,18,21.6
8/1/17 3:59,4:00,19.1,16.6,19.5,19.1,19.1,21.1,20.6,18.1,20.6,20.6,17.6,18.6,16.6,20.1,18.6,18.6,17.7,19.1,18.1,19.1,21.6,18.6,20.1,16.5,20.6
8/1/17 4:59,5:00,18.1,16.1,18.5,18.6,18.6,20.1,20.6,17.1,20.6,19.6,16.6,16.6,15.6,19.6,17.6,18.1,17.2,18.6,17.1,19.1,21.1,17.6,19.6,15.5,20.6
8/1/17 5:59,6:00,17.1,15.1,17.5,18.1,18.1,19.1,19.1,16.1,19.1,19.6,16.1,17.6,15.1,19.1,16.1,17.6,16.7,17.6,16.6,18.1,20.1,17.1,18.6,15,19.6
8/1/17 6:59,7:00,16.6,16.1,17.5,17.6,17.6,18.6,19.1,16.6,18.6,22.6,16.1,18.1,18.1,21.1,18.6,17.6,16.2,17.6,17.1,18.6,20.1,18.1,19.6,23,22.1
8/1/17 7:59,8:00,26.6,19.6,17.5,19.1,19.1,20.1,21.1,22.2,20.1,24.6,19.1,20.1,27.6,23.1,21.1,18.1,18.7,19.6,20.1,19.1,20.6,20.6,20.6,26.5,23.1
8/1/17 8:59,9:00,27.6,28.6,19.5,21.6,21.1,21.1,22.6,24.7,22.6,24.6,22.1,22.1,29.6,24.6,24.1,21.6,20.7,22.1,21.1,20.1,22.1,23.6,22.6,30,24.1
8/1/17 9:59,10:00,31.1,31.6,21.5,23.6,24.1,23.1,24.6,27.2,23.6,25.6,25.1,23.6,26.6,25.1,27.1,23.6,23.2,26.1,22.6,22.1,24.1,25.1,25.6,34,26.1
8/1/17 10:59,11:00,36.1,31.1,24.5,26.1,27.1,25.1,26.6,30.2,26.1,27.6,34.1,25.6,29.1,27.1,29.1,26.1,25.7,28.1,24.6,23.6,26.1,29.6,28.6,33.5,28.6
8/1/17 11:59,12:00,30.6,35.1,27.5,29.1,31.1,31.1,28.6,32.1,29.1,31.1,34.6,28.1,31.6,29.1,30.1,28.1,27.7,30.1,26.6,26.1,31.1,30.6,30.6,34,30.6
8/1/17 12:59,13:00,31.6,33.6,30,31.6,34.6,33.6,30.6,38.1,30.6,32.6,37.6,30.1,33.1,30.6,32.6,29.6,29.7,33.1,29.6,28.1,31.1,33.1,33.6,33.5,32.6
8/1/17 13:59,14:00,33.6,35.6,32,33.1,39.1,35.6,33.1,34.6,33.1,33.6,40.1,31.6,35.1,33.6,34.6,31.1,31.7,34.6,31.6,29.6,34.1,33.6,35.1,35,34.6
8/1/17 14:59,15:00,35.1,36.6,33.5,34.6,40.1,37.6,35.6,35.1,34.6,34.1,40.1,33.6,37.1,35.6,35.1,32.6,33.2,36.6,35.1,30.6,36.6,37.1,33.6,36,36.1
8/1/17 15:59,16:00,35.6,36.6,32,36.1,46.6,39.6,36.6,36.1,35.6,34.6,39.1,34.6,35.6,37.1,36.1,34.1,34.2,33.1,39.1,31.6,38.6,36.6,34.6,36.5,36.6
8/1/17 16:59,17:00,35.1,35.6,32,36.6,34.1,39.1,38.1,35.6,36.1,35.1,37.6,34.6,35.1,37.6,35.6,33.6,34.7,37.6,37.6,32.1,37.6,40.6,34.6,37,37.1
8/1/17 17:59,18:00,34.6,35.1,31.5,35.1,33.1,38.6,39,34.6,36.1,34.6,36.1,35.1,33.6,37.1,35.1,32.6,34.2,37.1,35.6,32.1,37.1,35.6,34.1,38,36.1
8/1/17 18:59,19:00,33.6,33.6,31,34.1,32.1,37.6,38.5,33.6,33.6,35.1,34.6,34.1,32.1,37.1,33.6,31.1,33.7,34.1,33.6,30.6,37.6,34.1,33.1,36.5,34.6
8/1/17 19:59,20:00,30.6,32.1,29.5,32.1,30.1,34.1,34.6,32.1,32.1,32.1,31.1,32.6,30.1,32.1,31.6,29.6,31.7,31.1,31.1,29.1,32.6,32.6,31.6,33.5,32.1
8/1/17 20:59,21:00,28.1,30.1,28,30.1,28.1,29.6,30.6,30.2,30.6,30.6,26.6,31.1,27.6,29.6,30.1,27.6,29.2,29.6,28.6,28.1,30.6,30.1,29.6,29.5,30.1
8/1/17 21:59,22:00,26.1,28.1,27,29.1,28.1,28.1,29.1,28.7,29.1,29.1,24.1,29.6,26.1,28.6,28.6,26.6,27.7,28.6,26.6,27.1,29.6,28.6,28.1,28,28.6
8/1/17 22:59,23:00,24.6,26.6,25.5,27.6,25.1,27.1,28.1,27.2,27.6,28.1,23.1,28.1,24.1,27.1,27.1,25.6,26.7,27.1,25.1,25.6,28.1,27.1,27.1,26.5,27.6
8/1/17 23:59,0:00,23.1,25.1,24.5,26.1,24.1,25.6,26.6,26.2,26.6,26.6,22.6,26.6,22.6,26.1,25.6,24.1,25.2,25.6,24.1,24.6,27.1,26.1,25.6,24.5,26.1
8/2/17 0:59,1:00,23.1,22.6,23.5,24.1,24.1,25.1,25.1,24.2,25.6,25.6,21.6,25.1,21.6,24.6,23.6,23.1,22.7,24.6,22.6,23.6,26.1,24.6,24.6,22.5,25.1
8/2/17 1:59,2:00,22.1,21.6,22.5,23.1,23.1,24.1,24.1,22.7,24.6,24.6,21.1,24.6,20.1,23.6,22.1,22.1,21.7,23.6,21.1,22.6,25.1,23.6,23.6,21,24.1
8/2/17 2:59,3:00,21.6,20.6,22,22.1,22.1,23.1,23.6,22.2,23.6,24.1,20.1,23.6,19.1,23.1,22.6,21.1,20.7,22.6,20.6,22.1,24.1,22.6,22.6,21,23.6
8/2/17 3:59,4:00,20.6,20.1,21.5,21.1,21.6,22.6,22.1,21.2,23.1,23.1,19.6,22.1,18.1,22.1,21.1,20.6,20.2,21.6,20.1,22.1,23.6,21.6,21.6,21,22.6
8/2/17 4:59,5:00,19.6,18.6,20.5,20.6,21.1,22.1,22.6,20.1,21.6,22.1,19.1,20.6,18.1,21.6,20.1,20.6,18.7,20.1,19.6,21.6,23.1,20.6,21.1,19,22.1
8/2/17 5:59,6:00,19.1,18.1,20.5,20.1,19.1,21.6,22.6,19.1,20.1,21.1,19.1,18.1,18.1,20.1,19.1,20.6,18.2,19.1,19.1,20.6,22.6,19.1,20.1,18,21.6
8/2/17 6:59,7:00,20.1,19.1,20.5,20.1,19.1,22.1,22.6,19.6,20.6,23.6,19.6,20.1,19.1,21.6,20.6,19.6,18.7,20.6,18.6,21.1,22.6,20.1,21.1,22,23.1
8/2/17 7:59,8:00,27.6,22.1,20,21.6,21.1,22.6,23.1,24.2,22.6,26.1,22.6,22.1,29.6,25.1,23.6,20.6,20.7,22.1,22.1,21.6,23.1,23.1,22.6,26.5,25.1
8/2/17 8:59,9:00,30.1,29.6,21.5,23.6,23.6,24.1,24.6,26.2,25.1,26.6,25.1,24.6,31.1,26.1,25.6,23.6,23.2,24.1,23.6,23.1,24.6,25.1,24.6,29.5,26.6
8/2/17 9:59,10:00,34.1,31.6,24,26.1,26.6,26.1,27.1,29.2,26.6,28.6,28.1,26.6,30.1,27.6,29.1,26.6,26.2,28.1,25.1,24.6,26.6,27.1,28.1,33.5,28.6
8/2/17 10:59,11:00,37.6,32.6,27.5,28.6,29.6,29.1,29.6,32.1,29.1,31.1,37.1,29.1,32.1,29.6,32.1,29.1,28.2,31.1,28.1,27.1,29.1,31.6,31.1,35,31.1
8/2/17 11:59,12:00,34.6,36.6,30.5,31.6,34.6,35.6,32.1,34.6,32.1,34.1,40.1,31.1,35.6,32.1,34.1,32.1,30.7,33.1,31.1,29.6,34.1,33.1,33.1,36,33.1
8/2/17 12:59,13:00,36.1,38.1,33,34.1,39.6,39.6,34.6,40.6,34.6,36.1,43.6,33.6,37.1,34.6,36.1,34.1,32.7,36.1,34.1,33.6,34.1,36.6,36.6,38,35.6
8/2/17 13:59,14:00,37.6,40.6,35,37.1,42.6,40.6,37.1,39.1,36.6,37.1,42.6,35.6,39.6,36.6,38.6,35.6,35.2,38.6,36.6,33.6,36.6,39.1,38.1,40,38.1
8/2/17 14:59,15:00,38.1,40.6,37,38.6,44.1,42.1,38.5,39.6,38.1,37.6,44.1,37.6,41.1,38.6,39.1,36.6,36.6,39.6,39.1,34.6,39.1,40.6,37.6,41,39.5
8/2/17 15:59,16:00,38.6,41.1,36,39.1,46.6,42.6,40,39.6,38.6,38.1,43.6,38.1,39.6,39.6,39.6,37.1,37.6,40.6,42.1,35.1,40.6,40.6,37.6,41,39.5
8/2/17 16:59,17:00,38.1,39.6,35.5,39.1,37.6,42.1,41,39.1,39.1,38.1,41.1,38.6,38.6,40.1,39.6,35.6,37.6,40.1,40.6,35.1,40.1,42.6,37.6,41,39
8/2/17 17:59,18:00,37.6,38.1,35,37.6,36.1,40.6,41,38.1,38.6,37.6,39.1,38.1,37.6,39.1,38.6,34.6,37.1,39.1,38.6,34.6,38.6,39.1,37.1,41.5,38.6
8/2/17 18:59,19:00,35.6,36.6,34,36.1,34.6,39.1,40,36.6,36.1,37.1,36.1,36.6,34.1,37.6,36.6,33.6,35.6,36.6,37.1,33.1,38.1,37.1,35.6,38.5,36.6
8/2/17 19:59,20:00,33.1,34.1,32,34.1,32.6,35.1,35.6,34.6,34.1,34.1,33.1,34.6,31.6,34.1,34.1,32.1,33.2,34.1,32.6,31.6,34.6,34.6,33.6,35,34.1
8/2/17 20:59,21:00,31.6,31.6,30,32.6,31.6,32.6,32.6,32.1,32.1,32.6,31.1,33.1,29.6,31.6,32.1,30.1,30.7,32.1,30.1,30.1,33.1,32.1,31.6,31.5,31.6
8/2/17 21:59,22:00,29.6,29.1,29,31.1,30.1,31.1,31.1,30.6,31.1,31.1,27.6,31.6,27.1,30.1,30.6,28.1,29.2,30.6,28.6,29.1,31.6,30.6,30.1,30.5,30.6
8/2/17 22:59,23:00,28.1,28.1,27.5,29.6,28.1,29.6,29.6,29.2,29.6,30.1,25.6,30.1,26.1,29.1,29.1,27.6,28.2,29.1,27.1,28.1,30.1,29.1,29.1,27.5,29.1
8/2/17 23:59,0:00,25.6,26.1,26.5,28.1,26.1,27.6,28.6,27.2,28.6,28.6,24.6,28.6,24.1,27.6,27.6,26.1,26.7,27.6,25.6,26.6,29.1,28.1,27.6,25.5,28.1
8/3/17 0:59,1:00,25.6,24.1,25,26.1,25.1,27.1,27.1,25.7,27.1,27.6,24.1,27.1,23.1,26.6,26.1,24.6,25.2,26.1,23.6,26.1,28.1,25.6,26.6,24,26.6
8/3/17 1:59,2:00,23.1,23.1,24.5,24.6,24.1,26.1,26.1,24.2,26.1,26.6,23.1,25.1,21.6,25.1,24.6,24.1,23.7,25.1,23.1,24.6,27.1,24.1,25.1,22,25.1
8/3/17 2:59,3:00,22.6,22.6,24,23.6,23.1,25.6,25.1,23.7,24.6,25.1,22.1,23.6,22.1,24.1,22.6,23.1,21.7,24.1,22.1,24.1,26.1,23.6,24.1,21,24.1
8/3/17 3:59,4:00,21.6,21.1,23.5,22.6,22.1,24.1,24.1,22.2,23.6,24.1,21.6,23.1,20.1,23.6,22.1,22.6,20.2,23.1,21.6,23.6,25.1,22.6,22.6,20.5,23.1
8/3/17 4:59,5:00,21.1,20.1,23,22.1,21.6,23.6,24.6,21.2,22.6,23.6,20.1,22.1,19.6,22.6,20.6,22.1,19.2,22.1,21.1,23.1,24.6,21.6,23.1,19.5,22.6
8/3/17 5:59,6:00,20.6,19.6,22.5,21.1,20.6,23.1,22.1,20.1,21.6,22.6,20.6,21.6,19.1,21.6,19.6,21.1,18.7,21.6,20.6,23.1,24.1,21.1,22.1,19,21.6
8/3/17 6:59,7:00,21.1,21.1,21.5,21.1,20.6,23.1,21.6,21.2,21.6,23.6,20.1,22.1,19.6,22.6,20.6,21.6,19.2,21.6,20.6,23.1,24.1,21.6,22.1,21,23.1
8/3/17 7:59,8:00,26.6,23.6,22,22.1,21.6,23.6,24.1,25.2,22.6,25.6,22.1,23.1,28.6,25.1,24.1,22.6,21.2,23.1,22.6,23.6,24.6,24.1,23.6,26.5,25.6
8/3/17 8:59,9:00,30.1,30.6,22.5,24.6,24.1,25.1,25.6,27.7,25.1,27.1,25.6,25.1,31.6,26.6,27.1,24.6,23.7,25.1,24.1,24.1,25.6,26.6,25.6,31,27.1
8/3/17 9:59,10:00,34.1,33.1,24.5,26.6,27.1,27.1,27.1,29.2,27.1,29.1,29.1,26.6,31.1,28.6,29.6,27.1,25.7,29.1,25.6,25.6,26.6,28.1,29.6,35,28.6
8/3/17 10:59,11:00,35.6,34.1,28,28.6,30.1,29.1,29.6,32.6,29.1,31.1,37.1,28.6,32.6,29.6,32.6,29.1,27.7,30.6,27.1,27.1,29.1,32.1,33.1,37,31.1
8/3/17 11:59,12:00,33.6,37.1,30.5,31.6,34.1,35.1,31.1,34.6,31.1,34.1,39.1,30.6,34.6,32.1,33.6,31.6,30.2,32.6,30.6,29.6,33.1,34.1,33.1,36.5,33.1
8/3/17 12:59,13:00,34.6,38.6,33,34.1,38.6,37.6,33.6,39.6,33.1,35.1,40.6,32.6,36.1,34.6,35.6,33.6,32.2,36.1,32.6,33.1,34.1,37.1,35.6,38,35.1
8/3/17 13:59,14:00,37.1,39.6,34.5,36.1,42.6,39.6,35.6,38.1,35.1,36.6,43.1,35.1,38.1,37.1,37.6,35.1,34.7,38.1,34.6,33.6,37.1,38.6,37.1,39,37.1
8/3/17 14:59,15:00,38.1,39.6,36,38.1,43.1,42.1,38.1,38.6,37.1,37.6,43.6,37.1,39.6,38.6,39.1,36.6,36.1,40.1,37.6,35.1,39.6,41.6,37.6,40,39
8/3/17 15:59,16:00,39.1,40.6,35,40.1,48.1,43.1,40.5,39.6,39.1,38.1,44.6,38.6,39.1,41.1,40.1,38.1,38.1,41.6,42.1,36.1,41.6,41.6,38.6,41.5,40.5
8/3/17 16:59,17:00,38.6,41.1,35.5,40.1,38.6,44.1,42,39.6,40.1,38.1,43.1,38.6,38.6,42.1,40.1,37.6,38.1,42.1,40.6,36.6,41.6,44.6,39.1,42,40.5
8/3/17 17:59,18:00,38.1,39.6,35.5,37.1,36.1,43.6,42.5,39.1,39.6,38.1,40.6,39.1,36.1,40.6,39.1,36.1,38.1,41.1,38.1,36.1,40.6,40.6,38.1,43,39
8/3/17 18:59,19:00,36.6,38.1,34,37.1,35.1,40.1,41,37.6,37.1,37.6,36.6,38.1,33.6,39.1,37.6,34.1,36.6,38.1,35.1,33.6,38.6,38.6,36.6,40,37.6
8/3/17 19:59,20:00,33.6,35.6,33,34.6,33.1,36.6,36.6,35.6,34.6,35.1,32.1,36.1,31.6,35.1,35.1,33.1,33.7,34.6,32.6,32.6,35.6,36.6,34.6,36.5,34.6
8/3/17 20:59,21:00,30.6,32.6,31.5,31.6,30.1,33.6,33.6,33.6,32.6,32.6,28.6,33.6,29.6,32.6,32.6,30.6,31.7,32.1,31.1,31.6,33.1,33.6,31.6,33,32.1
8/3/17 21:59,22:00,28.6,29.6,29.5,29.6,28.1,31.6,31.6,30.2,31.1,30.6,27.6,28.1,28.1,30.1,30.1,29.1,29.2,29.6,29.6,30.6,31.1,31.1,29.6,29,30.1
8/3/17 22:59,23:00,27.1,28.1,27.5,27.6,27.1,29.6,29.6,29.7,28.1,27.6,26.1,25.1,27.1,29.1,28.6,27.6,26.7,27.6,28.1,29.1,28.6,30.1,28.6,28,28.1
8/3/17 23:59,0:00,25.6,26.6,26.5,26.1,26.1,28.6,28.1,27.7,27.1,26.1,25.1,23.6,25.6,27.6,26.6,26.1,25.2,26.1,26.6,29.1,27.6,28.1,26.6,26.5,27.1
8/4/17 0:59,1:00,24.6,24.6,25.5,25.1,24.6,27.1,26.6,25.7,25.6,25.1,24.1,22.6,24.1,26.1,25.1,25.1,23.7,24.6,25.1,27.6,26.6,27.1,25.6,24.5,25.6
8/4/17 1:59,2:00,23.1,22.6,24.5,24.1,22.6,25.6,25.1,24.7,25.1,24.1,23.1,21.1,22.6,25.1,23.6,23.6,22.2,23.1,24.1,26.1,25.6,24.6,24.1,22.5,24.1
8/4/17 2:59,3:00,22.1,21.6,24.5,22.1,21.6,25.1,24.1,23.2,23.1,23.1,22.1,20.6,21.6,23.6,22.6,22.6,21.2,22.1,23.1,24.6,24.1,23.6,23.1,21.5,23.1
8/4/17 3:59,4:00,21.6,20.6,23,21.6,20.6,24.1,22.6,21.7,22.6,22.1,20.6,19.6,20.6,22.6,21.1,21.6,20.7,21.1,22.1,24.1,23.6,22.1,22.6,20.5,22.1
8/4/17 4:59,5:00,20.6,19.6,22,20.6,19.6,23.6,22.1,21.2,21.6,21.1,20.1,18.6,20.6,21.6,20.1,21.1,19.7,20.1,21.1,22.6,22.6,21.1,21.6,19.5,21.6
8/4/17 5:59,6:00,20.1,18.6,21,20.1,19.1,22.1,21.1,20.1,21.6,20.1,19.6,18.1,18.6,21.1,19.6,20.1,19.2,19.6,20.6,20.1,22.6,20.6,20.6,18.5,20.6
8/4/17 6:59,7:00,20.1,20.1,20.5,20.1,19.6,21.6,21.1,20.6,21.6,22.1,20.1,18.1,19.6,21.6,21.1,20.1,20.2,19.6,20.1,21.1,22.1,21.1,20.6,22,22.1
8/4/17 7:59,8:00,26.6,22.1,20,21.1,21.1,22.1,22.1,24.2,22.1,25.1,21.6,22.1,28.6,23.1,23.1,21.1,21.2,21.6,22.6,20.6,22.6,22.6,22.1,28.5,23.6
8/4/17 8:59,9:00,29.1,29.6,20.5,22.6,22.6,23.1,23.6,26.2,23.1,25.1,23.6,23.1,33.1,23.6,25.6,23.6,22.2,23.1,24.1,21.6,23.1,24.6,23.1,29.5,24.6
8/4/17 9:59,10:00,31.1,33.1,23.5,24.6,25.1,24.1,25.6,28.2,25.1,27.1,26.1,24.6,28.6,25.6,28.6,25.6,24.2,27.6,25.1,23.1,25.1,27.1,26.6,35,26.1
8/4/17 10:59,11:00,33.6,31.6,27,26.6,27.6,26.1,27.6,30.2,27.1,29.1,34.1,26.6,31.1,28.1,31.1,27.1,26.2,29.6,26.6,24.6,27.1,30.1,32.6,31.5,28.1
8/4/17 11:59,12:00,30.1,35.6,29.5,30.1,31.1,31.6,29.6,32.1,29.6,32.1,36.6,28.6,32.1,30.6,32.1,29.1,28.2,30.6,28.6,26.6,33.6,32.6,32.1,32.5,30.6
8/4/17 12:59,13:00,31.1,37.6,30.5,32.1,35.1,34.6,31.6,35.1,32.1,34.1,38.1,30.6,34.1,32.1,33.6,30.6,30.2,33.6,30.1,30.6,33.1,36.1,34.6,34.5,33.1
8/4/17 13:59,14:00,33.1,38.1,32.5,34.1,38.1,35.6,33.1,35.1,33.6,34.1,39.6,32.1,35.6,34.6,35.1,32.1,31.7,35.6,32.1,29.6,36.1,35.6,35.6,35,35.1
8/4/17 14:59,15:00,34.1,37.6,34.5,36.1,40.6,37.6,35.1,36.1,34.6,34.6,40.6,33.1,36.6,36.6,36.1,33.1,33.2,36.6,34.1,30.6,38.6,38.1,34.6,36,37.1
8/4/17 15:59,16:00,34.1,37.6,32,36.6,45.1,38.1,37.1,36.1,35.6,34.6,40.6,34.1,35.6,37.6,36.6,34.6,34.2,37.6,38.1,31.6,38.6,38.6,34.6,38,37.1
8/4/17 16:59,17:00,34.6,36.6,32,37.1,35.1,38.6,38.5,36.1,36.6,34.6,39.1,34.6,34.6,38.6,36.1,33.6,34.7,38.6,37.1,32.6,38.1,41.1,35.1,38,37.6
8/4/17 17:59,18:00,34.6,35.1,31.5,34.6,33.6,38.6,38.5,35.6,36.1,34.6,36.6,34.1,33.6,38.1,35.1,32.6,34.7,37.6,35.1,32.6,37.6,37.1,35.1,39.5,36.6
8/4/17 18:59,19:00,33.6,34.1,30.5,33.1,31.6,37.1,36.1,34.6,32.6,33.6,34.6,33.1,32.1,33.6,34.1,32.1,32.2,34.1,33.1,29.1,33.1,35.6,31.1,37,31.1
8/4/17 19:59,20:00,29.6,30.6,28,29.1,28.1,33.1,31.6,30.6,29.1,29.1,29.6,29.6,29.6,28.6,30.1,29.1,29.2,29.1,30.6,26.1,29.6,31.1,28.1,32,27.6
8/4/17 20:59,21:00,26.6,27.1,25.5,26.6,25.6,28.1,28.1,28.2,26.1,26.6,26.1,26.6,26.1,25.6,27.6,26.1,25.7,26.1,27.6,23.6,26.6,28.1,25.1,27.5,25.1
8/4/17 21:59,22:00,24.6,24.6,23,24.6,23.6,25.6,25.6,25.2,24.1,25.1,24.1,25.1,24.1,23.1,24.6,24.1,23.2,24.6,25.6,21.6,24.6,25.1,22.6,24.5,22.6
8/4/17 22:59,23:00,22.6,22.1,20,22.1,21.6,23.6,22.6,22.7,21.6,22.1,22.1,22.1,21.6,20.6,22.6,22.6,20.7,22.1,22.6,19.6,21.6,22.6,20.1,22,20.1
8/4/17 23:59,0:00,19.6,19.6,18.5,20.1,19.1,20.6,21.1,20.6,20.1,20.6,19.6,20.1,19.6,18.6,20.1,19.6,19.2,19.6,20.1,17.1,20.1,20.1,18.6,20,18.6
8/5/17 0:59,1:00,18.6,18.1,17,18.6,18.1,19.1,19.6,19.1,18.6,19.1,18.6,18.6,17.6,18.1,18.6,18.1,18.2,18.6,18.1,15.6,18.6,18.6,17.6,18.5,17.6
8/5/17 1:59,2:00,17.1,16.6,16,17.6,17.1,17.6,18.6,17.6,17.6,18.1,17.1,17.6,16.6,17.1,17.6,17.1,17.2,17.6,17.1,14.6,18.1,17.1,16.6,17.5,17.1
8/5/17 2:59,3:00,15.6,15.6,15,16.6,16.1,16.6,17.6,16.6,17.1,17.1,15.6,16.6,15.6,17.1,16.6,16.1,16.7,16.6,16.1,14.1,17.1,16.1,16.1,16,16.6
8/5/17 3:59,4:00,15.1,15.1,14.5,15.6,15.6,16.1,17.1,16.1,16.6,17.1,15.1,16.1,14.6,16.6,16.1,15.6,16.2,16.1,15.6,14.1,16.6,15.6,15.6,15.5,16.1
8/5/17 4:59,5:00,14.6,15.1,14.5,15.1,15.1,15.6,16.6,15.6,16.6,16.6,14.1,15.1,14.1,16.1,15.6,14.6,16.2,15.6,15.1,13.6,16.6,15.1,15.6,15,15.6
8/5/17 5:59,6:00,14.1,14.1,14,15.1,14.6,15.1,16.1,15.6,16.1,16.6,13.6,14.6,13.6,16.1,15.6,14.6,15.1,15.1,14.6,13.1,16.1,15.1,15.1,14.5,15.6
8/5/17 6:59,7:00,14.1,15.1,14,15.1,15.1,15.1,16.6,16.1,16.1,19.1,13.6,15.6,15.1,17.1,17.1,14.1,15.6,15.6,15.1,14.1,16.6,15.6,16.1,19,18.1
8/5/17 7:59,8:00,21.1,17.1,15,16.6,16.6,16.1,17.6,19.1,17.1,20.1,15.6,17.1,23.1,20.1,18.1,15.6,17.2,17.1,18.6,15.6,17.6,17.6,17.1,23,19.6
8/5/17 8:59,9:00,23.1,27.1,16.5,18.1,18.1,17.1,19.6,21.7,19.1,20.6,17.6,18.1,28.6,20.6,22.1,18.1,18.2,18.6,19.6,16.6,18.6,19.6,18.6,27.5,20.6
8/5/17 9:59,10:00,25.1,30.1,18,20.1,20.1,18.6,21.1,23.7,20.6,22.6,21.1,19.6,24.1,21.6,24.1,20.1,19.7,22.6,19.6,17.6,20.1,22.1,23.6,30.5,21.6
8/5/17 10:59,11:00,27.6,28.6,23,22.1,22.6,21.1,22.6,26.7,22.1,24.1,30.1,22.1,27.6,24.1,27.1,22.1,21.2,24.1,21.6,19.6,21.6,24.6,27.1,29,24.1
8/5/17 11:59,12:00,25.1,32.1,24.5,25.6,26.1,27.1,25.1,27.7,25.1,27.6,31.6,24.1,28.6,26.1,28.1,24.6,23.2,26.6,24.1,22.1,29.1,27.6,28.6,28.5,26.6
8/5/17 12:59,13:00,26.1,32.6,26.5,28.6,30.6,29.1,26.6,32.1,27.6,30.1,33.1,26.1,29.6,28.1,29.6,25.6,25.2,29.1,26.1,25.6,28.6,32.1,29.6,29,29.1
8/5/17 13:59,14:00,28.6,33.1,28.5,31.1,34.1,31.6,29.1,31.1,29.1,30.6,35.6,28.1,32.6,30.1,30.6,27.1,27.2,31.1,28.6,25.6,30.1,31.1,31.1,30,31.1
8/5/17 14:59,15:00,29.6,33.6,30,31.6,37.6,33.6,31.1,32.1,31.1,30.6,36.1,29.1,32.1,32.6,31.1,28.6,29.2,33.1,31.1,26.6,34.6,35.1,31.6,31,32.6
8/5/17 15:59,16:00,30.6,34.6,28,32.6,42.1,34.1,34.1,31.6,32.1,30.6,36.6,30.1,32.6,33.6,32.6,30.1,30.2,30.6,34.1,27.6,33.6,33.6,30.1,33.5,32.6
8/5/17 16:59,17:00,31.1,33.6,28.5,34.6,31.1,37.1,35.6,32.1,33.6,30.6,35.6,30.6,30.6,33.6,32.6,30.1,30.7,35.1,33.6,28.6,36.6,38.1,30.1,34.5,32.6
8/5/17 17:59,18:00,30.6,32.6,28,32.1,30.6,35.1,36.6,32.1,32.6,31.6,33.1,30.6,29.6,34.6,32.1,29.6,30.7,35.6,32.1,28.6,33.1,34.6,30.1,36.5,33.1
8/5/17 18:59,19:00,30.1,31.1,27.5,30.6,28.1,34.1,35.6,31.1,30.1,32.1,30.6,30.1,27.6,34.1,31.1,28.6,30.2,30.6,30.6,27.1,32.6,32.1,30.1,35,30.1
8/5/17 19:59,20:00,27.1,29.1,26.5,27.6,25.6,30.6,32.1,29.2,29.1,27.6,26.1,27.1,26.1,29.6,28.6,27.1,27.2,27.6,27.6,25.6,29.1,30.1,28.6,31.5,28.6
8/5/17 20:59,21:00,24.6,25.6,25.5,25.1,23.1,26.1,28.1,27.2,27.1,26.1,23.6,23.6,25.1,27.1,25.6,24.1,26.2,25.1,25.6,24.6,27.6,27.6,26.6,25.5,26.6
8/5/17 21:59,22:00,23.6,24.1,24,24.1,23.1,25.1,26.6,25.2,25.6,26.1,22.6,26.1,23.1,25.1,24.1,23.6,24.2,24.6,24.1,23.1,26.1,26.1,24.6,23,24.6
8/5/17 22:59,23:00,22.1,23.1,22,23.6,22.1,24.1,24.6,24.2,23.6,24.1,21.6,24.1,21.6,23.1,23.6,22.1,22.7,23.1,22.6,20.6,23.6,24.1,22.6,23,22.6
8/5/17 23:59,0:00,20.6,21.6,20.5,21.6,20.6,22.1,23.1,22.2,21.6,22.1,19.6,22.1,20.1,21.6,22.1,20.6,21.2,21.6,21.1,19.1,22.6,22.1,21.1,21.5,21.1
8/6/17 0:59,1:00,19.1,19.6,19,20.1,19.1,20.6,21.6,20.6,21.1,21.6,18.1,20.1,18.6,20.6,20.1,19.6,20.2,20.1,19.6,20.1,21.1,20.6,19.6,20.5,20.1
8/6/17 1:59,2:00,18.1,18.6,18,19.1,18.1,19.6,20.6,19.6,20.1,20.6,17.1,19.1,18.1,19.6,19.1,18.1,18.7,19.1,18.6,18.6,20.1,19.6,19.1,19,19.1
8/6/17 2:59,3:00,17.1,17.6,17,18.1,17.1,18.6,20.1,18.6,19.6,20.1,16.1,17.6,17.1,19.1,18.1,17.6,17.7,18.1,17.6,18.1,19.1,18.6,18.6,18,18.6
8/6/17 3:59,4:00,16.6,16.6,16.5,17.6,16.6,17.6,19.1,18.6,18.6,18.6,15.6,16.6,16.1,18.1,17.6,17.1,17.2,17.6,17.1,16.6,18.6,18.1,17.6,17,18.1
8/6/17 4:59,5:00,15.6,16.1,16,17.1,16.1,17.1,18.6,17.6,18.1,18.1,15.1,16.1,15.6,17.6,16.6,16.6,17.2,16.6,16.6,16.1,18.1,17.1,17.1,16,17.1
8/6/17 5:59,6:00,15.1,15.6,15.5,16.6,15.6,16.1,17.6,16.6,17.6,18.1,14.6,15.6,15.1,17.6,16.1,16.1,17.2,16.6,16.6,15.1,18.1,16.6,17.1,16,17.1
8/6/17 6:59,7:00,16.1,16.6,16,17.6,17.1,16.6,18.1,17.1,18.1,18.6,15.6,17.1,16.6,17.6,17.1,16.1,17.7,17.6,16.6,15.1,18.1,17.1,17.6,17,17.6
8/6/17 7:59,8:00,21.1,17.1,16,17.6,17.6,17.6,18.6,17.6,18.6,18.6,17.1,18.1,17.1,18.1,17.6,16.6,18.2,18.1,17.1,15.6,18.1,17.1,17.6,18,18.1
8/6/17 8:59,9:00,19.6,18.1,16.5,18.6,19.1,19.1,19.6,18.6,18.6,19.1,19.6,18.6,18.1,18.6,18.6,18.1,19.2,18.6,17.6,16.1,18.6,18.6,18.1,19,19.1
8/6/17 9:59,10:00,24.1,20.6,17.5,19.1,20.6,19.6,20.1,20.1,19.6,21.1,22.6,19.6,20.1,19.6,20.1,20.1,20.2,20.1,18.1,17.6,19.1,20.1,19.6,22.5,20.6
8/6/17 10:59,11:00,25.1,23.1,21,21.6,22.6,22.1,22.1,23.2,21.6,22.6,31.6,20.6,23.1,23.1,23.6,22.1,21.2,22.6,20.1,19.6,22.1,22.6,27.1,26,23.1
8/6/17 11:59,12:00,25.6,25.1,22,23.1,24.6,25.1,23.6,24.2,24.1,25.6,27.6,23.1,26.6,24.6,24.1,23.6,23.2,23.6,23.1,21.1,26.1,25.1,25.6,27.5,24.1
8/6/17 12:59,13:00,26.1,27.1,24,25.6,29.1,27.6,25.6,26.2,25.6,27.6,29.6,25.1,26.6,26.6,26.1,24.6,25.2,26.6,25.1,24.1,26.1,28.1,27.6,28,27.1
8/6/17 13:59,14:00,28.1,30.1,26,27.6,33.6,31.1,28.1,28.7,27.6,29.1,33.6,27.1,30.1,29.6,28.6,26.6,26.7,29.6,26.6,25.1,28.6,29.1,30.6,30,28.6
8/6/17 14:59,15:00,29.1,31.6,28.5,30.1,36.1,33.6,30.6,30.2,29.6,29.6,35.1,28.1,30.6,30.6,30.6,28.1,28.7,32.1,29.1,26.1,31.6,34.1,29.1,31.5,30.1
8/6/17 15:59,16:00,30.6,31.6,27.5,31.6,39.1,34.6,33.1,30.6,30.6,29.6,36.6,29.1,30.6,31.1,31.1,29.6,29.7,31.6,32.1,26.6,32.6,32.1,29.6,32.5,31.6
8/6/17 16:59,17:00,30.6,30.1,27.5,29.6,29.1,34.6,31.6,30.2,29.6,29.1,34.6,29.1,29.6,32.1,30.1,28.6,30.2,29.6,32.1,27.6,30.6,30.6,29.6,30.5,31.1
8/6/17 17:59,18:00,30.1,30.1,27,30.6,29.1,34.1,34.1,30.2,31.1,30.1,32.1,30.1,29.1,32.6,30.6,28.1,30.2,32.1,30.6,28.1,31.6,31.1,30.1,33.5,31.6
8/6/17 18:59,19:00,30.1,30.1,27,30.1,28.6,33.1,33.6,30.2,30.1,31.6,30.6,30.1,28.6,32.1,30.1,27.6,29.7,30.6,29.6,26.6,31.1,30.6,29.6,32.5,31.1
8/6/17 19:59,20:00,28.1,28.6,26.5,28.6,27.6,29.6,29.6,29.2,28.1,28.6,28.1,29.1,27.6,28.6,29.1,26.6,27.7,28.6,28.1,25.6,29.6,29.1,28.1,29,28.1
8/6/17 20:59,21:00,25.6,26.1,25,25.6,25.1,27.1,28.1,27.2,27.1,27.1,24.6,27.6,25.1,26.6,27.1,25.1,26.2,26.1,25.6,24.6,27.6,27.1,26.1,27,26.1
8/6/17 21:59,22:00,24.1,24.6,23.5,25.6,24.1,25.6,26.1,25.7,25.6,25.6,23.1,26.1,23.6,24.6,25.6,23.6,25.2,25.1,25.1,22.6,25.6,25.6,24.6,25.5,24.6
8/6/17 22:59,23:00,22.6,23.6,22.5,23.6,22.6,24.1,25.1,24.2,24.1,24.1,22.1,24.6,22.6,23.6,24.1,22.6,23.7,24.1,22.6,21.1,24.6,24.1,23.1,24,23.1
8/6/17 23:59,0:00,21.6,22.1,21.5,22.1,21.1,23.1,24.1,23.2,23.1,23.6,21.1,23.1,21.6,22.6,23.1,21.6,22.7,22.6,21.6,21.1,23.1,23.1,22.1,23,22.1
8/7/17 0:59,1:00,21.1,21.1,20.5,22.1,20.6,22.6,22.6,22.2,22.1,22.1,20.6,22.6,20.6,21.6,22.1,21.1,21.7,22.1,21.1,20.1,22.6,22.1,21.1,22,21.1
8/7/17 1:59,2:00,20.1,20.6,19.5,21.1,20.1,21.6,22.1,21.2,21.1,21.6,20.1,21.6,20.1,20.6,21.1,20.6,20.7,21.1,20.1,19.6,21.1,21.1,20.1,21,20.1
8/7/17 2:59,3:00,19.6,19.6,19,20.6,19.1,21.1,21.1,20.6,20.6,20.6,19.6,20.6,19.6,20.1,20.6,20.1,19.7,20.6,19.6,18.6,20.6,20.1,19.6,20.5,19.6
8/7/17 3:59,4:00,19.6,19.1,18,20.1,18.6,20.6,20.6,20.1,19.6,20.1,19.1,20.1,18.6,19.1,20.1,19.6,19.2,20.1,19.1,18.1,20.1,19.6,19.1,19.5,19.1
8/7/17 4:59,5:00,18.6,18.6,17.5,19.1,18.1,20.1,20.1,19.6,19.1,19.6,18.6,19.6,18.1,18.6,19.1,19.1,18.7,19.1,18.6,17.1,19.6,19.1,18.1,19,18.1
8/7/17 5:59,6:00,18.6,18.1,16.5,18.6,17.6,19.1,19.1,18.6,18.6,19.1,18.1,18.6,17.6,18.1,18.6,18.6,17.7,18.6,18.1,16.1,18.6,18.1,17.6,18,17.6
8/7/17 6:59,7:00,18.1,17.6,16,18.1,17.6,18.6,19.1,18.1,18.1,19.1,17.6,18.1,17.6,18.1,18.1,17.6,17.2,18.1,17.6,15.6,18.6,18.1,17.6,18.5,17.6
8/7/17 7:59,8:00,19.1,18.1,16.5,18.1,18.1,18.6,18.6,18.6,18.1,19.6,18.6,18.1,18.6,18.1,18.1,17.6,18.7,18.1,18.1,16.6,18.6,18.1,18.1,19,19.6
8/7/17 8:59,9:00,23.1,23.6,17.5,19.1,19.1,19.6,20.1,22.2,19.1,20.1,20.6,19.1,24.1,18.6,21.6,19.1,18.7,19.6,19.6,17.6,19.1,20.6,18.6,27.5,19.1
8/7/17 9:59,10:00,25.6,24.1,18.5,19.6,21.1,20.6,20.6,24.2,20.1,21.6,23.6,19.6,23.6,20.6,23.1,21.1,20.2,20.6,20.1,18.6,20.6,22.6,20.1,32,20.6
8/7/17 10:59,11:00,27.6,25.1,22.5,21.6,22.6,23.1,22.6,25.2,22.1,23.6,31.1,21.6,25.1,23.1,25.6,23.1,21.7,23.6,22.1,20.6,22.6,23.6,24.6,31,24.1
8/7/17 11:59,12:00,26.1,29.6,24,25.1,26.1,27.1,24.6,28.2,25.1,26.6,30.6,23.6,28.1,25.6,27.1,24.6,23.7,25.6,24.6,22.6,27.6,26.6,27.1,30.5,25.1
8/7/17 12:59,13:00,27.1,31.1,26,27.6,30.6,30.1,26.6,31.6,26.6,28.1,35.1,26.1,29.1,26.6,29.1,26.6,25.2,28.6,26.1,25.1,28.1,33.1,28.6,30.5,28.1
8/7/17 13:59,14:00,29.6,32.1,28,29.6,34.6,32.6,29.1,31.1,28.1,29.6,33.6,27.6,31.6,28.6,30.6,28.1,26.7,30.6,27.6,26.1,29.1,30.1,30.1,32.5,29.1
8/7/17 14:59,15:00,30.6,32.1,29,31.1,35.6,33.6,31.1,32.1,29.6,30.1,37.6,29.1,31.6,31.6,31.6,29.1,29.2,33.1,30.6,26.6,31.6,34.1,30.1,33,30.6
8/7/17 15:59,16:00,31.6,32.6,28,32.1,40.6,35.1,33.1,32.1,31.6,30.6,36.6,30.1,31.1,32.1,32.1,30.1,30.2,33.6,34.1,27.6,33.1,33.1,30.1,34.5,32.1
8/7/17 16:59,17:00,31.1,32.1,28,32.6,30.6,36.1,33.6,31.1,31.6,30.6,33.6,30.1,30.6,33.1,31.6,30.1,30.7,32.6,33.1,28.1,33.1,35.6,30.1,34,32.1
8/7/17 17:59,18:00,31.1,31.1,28,31.1,29.6,35.6,34.1,31.1,31.6,30.6,33.1,30.6,30.1,33.1,31.1,29.1,30.2,33.6,31.6,28.1,32.6,32.6,30.1,34,32.1
8/7/17 18:59,19:00,29.6,29.6,27,29.6,28.6,33.1,32.6,29.7,29.6,30.6,30.1,29.6,28.6,30.6,30.1,27.6,29.2,30.1,30.1,26.6,30.6,30.6,29.1,32,30.6
8/7/17 19:59,20:00,27.6,27.6,26,28.1,27.1,29.1,29.6,28.2,28.1,28.6,27.6,28.6,26.6,28.1,28.1,26.1,27.7,27.6,27.1,25.6,29.1,28.1,28.1,28.5,28.1
8/7/17 20:59,21:00,26.1,26.1,25,25.6,24.6,27.6,27.6,26.7,26.6,27.1,24.6,27.1,24.1,26.6,26.6,24.6,25.7,25.6,25.1,25.1,27.1,26.6,26.1,26.5,26.1
8/7/17 21:59,22:00,24.6,24.6,23.5,24.6,23.1,26.1,26.1,25.7,25.6,25.6,23.1,25.1,23.1,25.1,25.1,23.6,24.2,24.6,23.6,23.6,25.6,25.6,24.6,25,24.1
8/7/17 22:59,23:00,23.1,23.1,22,23.1,22.1,24.6,24.6,24.2,24.1,24.1,22.1,23.6,22.6,23.6,23.6,22.6,22.7,23.1,22.1,22.1,24.1,23.6,23.1,23.5,22.6
8/7/17 23:59,0:00,21.6,21.6,20.5,22.6,21.6,23.6,23.1,22.7,23.1,22.6,21.6,23.1,20.1,22.1,22.6,22.1,21.2,22.6,21.1,21.6,22.6,22.1,21.6,22,21.1
8/8/17 0:59,1:00,20.6,20.6,19.5,20.6,20.1,22.6,22.1,21.2,21.6,22.1,20.1,22.1,19.6,20.6,21.1,20.6,20.7,21.6,20.1,19.6,21.6,21.1,20.6,21,20.1
8/8/17 1:59,2:00,20.1,19.6,18.5,20.6,19.6,21.6,21.1,20.6,20.6,20.6,19.6,20.6,18.6,19.6,20.1,19.6,19.7,20.6,19.1,18.1,20.6,20.1,19.6,20,19.1
8/8/17 2:59,3:00,19.1,18.6,17.5,19.1,18.1,20.6,20.1,19.6,19.6,20.1,18.6,19.6,17.6,19.1,19.1,18.6,18.7,19.6,18.1,18.1,19.6,19.1,18.6,19,18.1
8/8/17 3:59,4:00,18.6,17.6,16.5,18.1,17.1,19.6,19.1,18.6,18.6,19.1,17.6,18.6,17.1,18.1,18.1,18.1,18.2,18.6,17.6,16.6,18.6,18.1,17.6,18,17.6
8/8/17 4:59,5:00,17.6,16.6,16,17.6,17.1,19.1,18.6,17.6,18.1,18.6,17.1,18.1,16.6,17.6,17.6,17.1,17.2,17.6,17.1,16.1,18.1,17.6,17.1,17,17.1
8/8/17 5:59,6:00,17.6,16.1,15.5,17.1,16.6,18.1,17.6,17.1,17.6,17.6,16.6,17.6,16.1,17.1,17.1,16.6,16.7,17.1,16.6,16.1,17.1,16.6,16.6,16,16.6
8/8/17 6:59,7:00,17.6,16.6,15.5,17.1,16.6,18.6,18.1,17.6,17.6,17.6,16.6,17.1,16.6,17.6,17.6,17.1,17.2,17.1,17.1,15.6,17.6,17.1,17.1,17.5,17.1
8/8/17 7:59,8:00,22.1,17.6,16,17.6,17.6,18.6,18.1,18.1,18.1,18.6,18.1,18.1,17.1,17.6,17.6,17.6,17.7,17.1,17.6,16.6,18.1,17.6,17.6,19,18.1
8/8/17 8:59,9:00,23.6,17.6,16.5,18.1,18.6,19.6,19.1,18.1,18.6,19.1,20.6,18.6,18.1,18.1,18.6,19.6,18.2,17.6,17.6,17.6,19.1,17.6,18.1,20,18.6
8/8/17 9:59,10:00,26.6,21.6,18,19.1,20.1,21.1,19.6,21.2,20.1,21.1,23.6,19.1,23.1,19.6,21.1,21.6,19.2,18.6,19.1,19.1,20.1,21.6,19.6,29,21.6
8/8/17 10:59,11:00,28.6,26.1,22.5,21.6,22.6,23.1,22.6,25.7,22.6,24.1,31.1,21.6,24.6,22.6,26.1,23.6,21.2,21.6,21.1,20.6,22.1,23.6,25.6,31,24.1
8/8/17 11:59,12:00,27.6,30.1,24.5,25.6,26.6,28.1,25.1,28.7,25.1,27.1,32.1,24.1,26.6,25.6,27.1,25.1,23.7,22.6,23.6,23.1,27.1,27.1,28.1,31,27.1
8/8/17 12:59,13:00,28.1,31.1,26.5,28.1,32.6,31.6,27.6,31.1,28.1,29.1,34.1,26.1,29.1,28.1,29.1,26.6,25.7,25.1,25.6,25.6,28.1,33.1,29.6,30,29.1
8/8/17 13:59,14:00,30.6,32.6,29,29.6,36.1,34.1,30.1,31.6,30.1,29.6,37.1,28.1,32.1,30.1,31.1,28.6,27.7,27.1,28.1,26.6,30.6,30.6,31.1,32,30.6
8/8/17 14:59,15:00,31.1,34.1,30.5,32.1,37.6,35.6,31.6,32.6,31.6,30.6,38.6,30.1,32.6,32.1,32.6,29.6,30.2,28.1,31.1,27.1,33.1,35.6,30.6,33,32.1
8/8/17 15:59,16:00,32.6,34.6,28.5,33.1,42.1,36.6,33.6,32.6,32.6,31.1,37.1,30.6,32.6,33.6,33.1,31.1,31.2,30.6,34.6,28.6,34.1,35.6,31.1,34.5,33.6
8/8/17 16:59,17:00,33.1,34.1,29.5,33.6,31.1,37.6,35.1,33.1,33.6,32.1,36.6,32.1,32.1,34.1,33.6,31.1,32.2,29.6,34.6,29.1,34.1,36.6,31.6,35,33.6
8/8/17 17:59,18:00,33.1,32.6,29.5,32.6,31.1,36.6,36.1,33.1,33.1,32.6,34.6,32.6,31.1,34.6,33.1,30.1,32.2,30.1,33.6,30.1,34.6,34.1,32.1,35.5,34.1
8/8/17 18:59,19:00,31.6,32.1,29,31.1,30.1,35.6,36.1,32.1,31.6,32.6,32.1,32.1,29.1,34.1,32.1,29.6,31.2,27.6,30.6,28.6,34.1,32.6,31.1,33.5,32.6
8/8/17 19:59,20:00,29.1,30.1,28,29.1,28.1,31.1,32.1,30.6,30.1,30.6,28.1,30.6,27.1,30.1,29.6,27.6,29.2,23.6,28.6,27.1,31.1,30.6,29.6,30.5,30.1
8/8/17 20:59,21:00,26.1,27.6,26.5,26.6,25.6,28.6,29.1,28.7,28.1,28.6,25.1,28.1,25.6,27.6,28.1,26.6,27.2,22.1,26.6,26.6,29.1,28.6,27.1,28,27.6
8/8/17 21:59,22:00,24.6,26.1,25,25.1,23.6,27.1,27.6,27.2,26.6,26.6,24.1,26.6,25.6,25.6,26.1,25.1,25.2,21.1,24.6,26.1,26.6,26.6,25.1,26.5,25.6
8/8/17 22:59,23:00,23.6,24.6,23.5,24.1,22.6,26.6,26.1,25.7,25.1,25.6,23.1,25.1,23.1,24.1,24.1,24.1,23.2,20.6,23.6,25.1,25.1,25.1,24.1,25,24.1
8/8/17 23:59,0:00,22.6,22.6,22.5,22.6,22.1,24.6,24.6,24.2,23.6,24.1,22.1,22.6,21.6,23.1,22.6,22.6,21.7,20.1,22.6,23.6,24.1,24.1,23.1,23.5,23.1
8/9/17 0:59,1:00,21.6,22.1,21.5,22.1,21.1,23.6,23.1,23.2,23.1,22.6,21.6,20.6,21.1,22.1,21.6,21.6,21.2,19.6,21.6,21.6,23.6,23.1,22.1,22.5,22.1
8/9/17 1:59,2:00,20.6,20.6,20.5,21.1,20.1,23.1,22.1,22.2,22.6,21.6,20.6,19.6,20.1,21.6,20.6,21.1,20.2,19.1,20.6,22.1,22.6,22.1,21.1,21,21.1
8/9/17 2:59,3:00,20.6,19.1,19.5,20.1,19.6,21.6,21.1,20.6,21.6,21.1,19.6,19.1,20.1,20.6,20.1,20.6,19.7,18.6,19.6,21.6,21.6,21.1,20.1,19.5,20.1
8/9/17 3:59,4:00,19.6,18.6,19,19.6,19.1,21.1,20.6,19.6,20.6,20.6,19.1,18.6,18.6,19.6,19.1,19.6,19.2,18.1,19.1,18.1,20.6,20.1,19.1,19,19.1
8/9/17 4:59,5:00,19.1,18.6,18,19.1,18.1,20.6,20.1,19.6,19.6,20.1,18.1,19.1,17.6,18.6,18.6,19.1,18.7,17.6,18.6,18.1,19.6,19.1,18.6,18,18.1
8/9/17 5:59,6:00,18.6,17.6,17,18.1,17.6,19.6,19.1,18.6,18.6,19.1,17.6,18.6,17.1,17.6,18.1,18.1,17.7,17.1,18.1,17.6,18.6,18.1,17.6,17.5,17.6
8/9/17 6:59,7:00,18.1,17.6,16.5,18.1,17.6,19.6,18.6,18.1,18.1,19.6,18.1,18.1,17.6,17.6,18.1,18.1,17.7,17.1,18.1,17.6,18.1,18.1,17.1,19.5,17.6
8/9/17 7:59,8:00,23.1,18.6,17,18.1,18.6,19.6,19.1,19.6,18.6,20.6,19.6,18.6,22.6,19.1,19.6,19.1,18.7,17.1,20.1,19.1,19.1,20.6,18.6,25,19.1
8/9/17 8:59,9:00,25.1,25.6,18,19.6,19.6,21.1,20.6,23.2,19.6,21.6,21.6,20.1,27.6,21.1,22.6,21.1,19.2,19.1,20.6,20.1,20.1,22.1,20.1,28.5,21.1
8/9/17 9:59,10:00,27.6,28.6,20,21.6,22.1,22.1,22.6,25.7,21.6,24.1,24.6,21.6,25.6,22.6,24.6,22.6,21.2,22.1,21.6,20.6,21.6,24.6,22.6,32.5,23.1
8/9/17 10:59,11:00,30.6,29.1,25,24.1,24.6,24.6,24.1,27.7,24.1,26.1,33.6,23.6,27.6,24.6,28.6,25.1,23.2,24.6,23.1,22.1,24.1,27.1,27.1,33,25.1
8/9/17 11:59,12:00,28.6,30.6,25.5,26.6,27.6,30.1,26.6,29.2,26.6,28.6,35.6,25.6,28.1,26.6,29.1,26.6,24.7,27.1,25.1,25.1,28.6,28.6,28.6,32,27.6
8/9/17 12:59,13:00,29.1,32.1,28,29.6,32.1,32.1,29.1,33.1,28.6,30.6,35.6,27.6,30.6,29.1,31.1,28.1,26.7,29.6,27.1,27.1,29.1,35.1,30.1,31.5,29.1
8/9/17 13:59,14:00,31.6,35.1,30,31.6,37.1,34.1,30.6,33.1,30.6,31.1,38.1,29.6,33.1,30.6,32.6,29.6,29.2,32.1,29.1,27.6,31.1,33.1,32.6,33,31.1
8/9/17 14:59,15:00,32.6,35.1,31,33.1,40.1,36.6,33.1,33.6,32.6,31.1,39.1,31.1,33.1,33.6,34.1,31.1,31.2,33.6,32.1,29.1,34.1,35.6,31.6,34,33.1
8/9/17 15:59,16:00,33.6,35.6,30,34.1,44.1,37.6,34.6,33.6,33.6,32.6,40.1,32.1,34.1,34.6,34.6,32.1,32.7,33.6,36.6,30.1,36.1,36.1,32.1,36,35.1
8/9/17 16:59,17:00,34.1,35.1,30.5,35.1,32.6,38.1,36.6,34.1,34.6,33.1,38.1,33.1,33.6,35.1,34.6,32.1,33.2,35.1,35.6,30.6,35.1,37.1,32.6,36.5,34.6
8/9/17 17:59,18:00,33.6,34.1,30.5,33.6,31.6,37.1,36.6,34.1,33.6,33.1,35.1,33.1,32.1,35.6,34.1,30.6,32.7,34.6,34.6,30.6,35.6,35.1,33.1,36.5,34.6
8/9/17 18:59,19:00,32.1,32.6,29,32.1,30.1,36.1,36.6,32.1,32.1,33.1,32.6,32.6,29.6,34.1,32.6,29.6,31.7,32.6,32.1,29.1,33.1,33.1,31.6,34.5,33.1
8/9/17 19:59,20:00,29.6,30.1,28,29.6,28.1,31.6,32.1,30.6,30.6,30.6,28.6,31.1,28.6,30.1,30.6,28.1,29.2,29.6,29.1,28.1,31.1,30.6,29.6,31,30.1
8/9/17 20:59,21:00,27.1,27.6,26.5,27.1,25.6,29.6,29.6,28.7,28.1,28.6,26.1,28.6,25.6,27.1,27.6,27.1,26.2,27.6,26.6,27.6,29.1,28.6,27.1,28,27.1
8/9/17 21:59,22:00,26.1,26.1,25,25.6,24.1,28.1,27.1,26.7,26.1,26.6,24.6,26.6,24.6,25.6,25.6,25.6,24.7,26.1,25.1,25.6,26.6,27.1,25.1,26.5,25.1
8/9/17 22:59,23:00,24.1,24.6,23.5,24.1,23.1,26.6,26.1,25.7,25.1,25.1,23.6,25.6,22.6,24.1,24.1,24.1,24.7,24.1,23.6,24.1,25.1,25.1,23.6,25,23.6
8/9/17 23:59,0:00,23.1,23.1,22,22.6,21.6,25.1,25.1,24.2,23.6,24.1,22.1,22.1,21.6,23.1,23.1,23.1,22.2,23.1,22.1,23.6,24.1,23.6,22.6,23.5,22.1
8/10/17 0:59,1:00,22.1,21.6,21,22.1,20.6,23.6,23.6,22.7,22.6,23.1,21.6,21.1,20.6,22.1,22.1,22.1,21.2,22.1,21.1,22.6,23.1,22.6,21.6,22.5,21.6
8/10/17 1:59,2:00,21.6,20.1,20,21.1,20.1,22.6,22.6,21.7,21.6,22.1,20.6,19.6,19.6,21.1,20.6,21.1,20.7,21.1,20.1,19.6,22.1,21.6,21.1,21,20.6
8/10/17 2:59,3:00,20.6,19.6,19,20.6,19.1,21.6,21.6,20.6,21.6,21.6,19.1,19.1,19.1,20.6,19.6,20.1,20.2,20.6,19.6,19.1,21.1,20.6,20.1,19.5,19.6
8/10/17 3:59,4:00,19.6,18.6,18.5,19.6,18.6,21.1,20.6,20.1,20.6,20.6,19.1,18.6,18.6,19.1,19.1,20.1,19.2,19.6,18.6,19.6,20.6,20.1,19.1,19.5,18.6
8/10/17 4:59,5:00,18.6,18.6,17.5,18.6,18.1,19.6,19.6,19.1,19.1,19.6,18.1,19.1,17.6,18.1,18.6,18.6,18.2,19.1,18.1,16.6,19.1,19.1,17.6,18.5,17.6
8/10/17 5:59,6:00,17.6,17.1,16.5,18.1,17.1,18.6,19.1,18.1,18.1,18.6,17.1,18.1,17.1,17.6,18.1,17.6,17.7,18.1,17.6,17.1,18.1,18.1,17.1,17.5,17.1
8/10/17 6:59,7:00,17.6,17.6,16,17.6,17.1,18.1,18.6,18.1,17.6,19.1,17.6,18.1,17.6,17.1,18.1,17.6,17.2,17.6,17.6,17.6,18.1,17.6,17.1,20,17.6
8/10/17 7:59,8:00,21.1,18.6,16.5,18.1,18.6,19.1,18.6,20.1,18.1,20.6,18.6,18.6,21.6,18.6,19.1,18.1,18.2,18.6,18.6,18.1,19.1,20.1,18.1,24.5,19.1
8/10/17 8:59,9:00,23.1,23.1,17,19.1,19.6,20.1,19.6,21.7,19.6,21.1,21.1,19.1,26.1,21.1,22.1,20.6,19.2,19.1,20.1,19.1,19.6,21.1,19.1,26.5,21.1
8/10/17 9:59,10:00,25.6,25.6,19,21.1,21.6,21.6,21.6,24.7,21.1,22.6,24.1,21.1,24.6,22.1,24.6,22.1,20.2,22.1,20.6,20.1,21.1,25.1,22.1,32,22.1
8/10/17 10:59,11:00,28.6,25.6,23,23.1,23.6,23.6,23.6,26.2,23.6,24.6,31.1,23.1,27.1,23.6,28.1,23.6,22.2,24.6,22.6,21.1,23.1,25.1,26.6,32.5,24.6
8/10/17 11:59,12:00,27.1,29.6,25,26.1,26.1,27.6,25.1,27.7,25.6,27.1,33.6,24.6,26.6,26.6,27.6,25.1,24.2,26.1,24.1,23.6,27.6,28.1,27.1,30,27.1
8/10/17 12:59,13:00,28.1,31.6,26.5,28.1,31.6,30.6,27.6,31.6,28.1,29.1,33.6,26.6,30.1,28.1,29.1,26.6,25.7,28.1,26.1,25.6,28.6,35.1,29.1,32,28.1
8/10/17 13:59,14:00,30.1,32.6,28.5,30.1,35.1,32.6,29.6,31.6,29.6,30.1,35.1,28.6,31.6,30.1,31.1,28.1,27.7,30.1,28.1,26.1,30.1,31.1,31.1,32,30.1
8/10/17 14:59,15:00,31.1,32.6,29.5,31.1,36.6,34.6,31.6,32.1,30.6,30.6,37.1,29.6,32.6,31.6,32.6,29.6,29.7,31.6,30.6,27.1,31.1,35.1,30.1,33.5,31.6
8/10/17 15:59,16:00,32.1,33.1,28.5,32.1,38.6,36.1,32.1,32.6,31.6,31.1,36.1,30.1,32.1,32.1,32.6,30.6,30.2,31.6,34.6,28.1,32.6,34.6,30.6,34,32.6
8/10/17 16:59,17:00,32.6,33.1,28.5,32.1,31.1,36.1,33.6,32.6,32.1,31.1,35.1,31.1,31.6,33.6,32.6,31.1,31.2,33.1,33.1,29.1,33.1,34.1,31.1,34,33.1
8/10/17 17:59,18:00,31.6,32.1,28.5,31.1,30.6,35.1,34.1,32.1,31.6,32.1,33.6,31.6,31.1,33.1,32.1,30.1,31.2,33.1,32.6,29.1,33.1,33.1,31.1,34.5,33.1
8/10/17 18:59,19:00,31.1,31.1,28,29.6,29.1,33.6,33.6,31.1,31.1,31.1,31.6,30.6,29.1,32.1,31.1,28.6,30.2,31.1,30.6,28.1,32.1,32.1,31.1,32.5,31.6
8/10/17 19:59,20:00,29.1,29.6,27,28.1,27.1,30.1,31.1,30.2,29.6,28.6,28.1,28.1,27.1,29.6,29.6,27.6,28.2,28.6,27.6,28.1,30.1,30.6,29.6,30,29.1
8/10/17 20:59,21:00,26.6,27.6,26,26.1,25.6,28.1,28.6,28.2,27.6,27.6,26.1,27.1,26.1,26.1,27.6,26.6,25.7,26.6,26.1,25.1,27.6,28.1,26.1,27.5,24.6
8/10/17 21:59,22:00,25.6,25.6,24,25.1,24.1,26.6,27.1,26.7,25.6,25.6,26.1,26.1,24.1,24.1,26.1,25.1,23.7,25.6,24.6,26.1,25.1,26.6,24.1,26,23.1
8/10/17 22:59,23:00,24.6,24.1,22.5,23.6,22.6,26.1,25.6,25.2,24.1,24.6,24.1,23.6,23.1,23.1,24.6,24.6,22.2,23.6,23.6,25.1,24.1,25.1,22.6,24.5,22.1
8/10/17 23:59,0:00,22.6,23.1,21.5,23.1,21.6,23.6,24.1,23.7,23.6,23.6,22.6,23.6,22.6,22.1,23.6,22.6,21.2,23.1,23.1,21.1,23.1,23.6,21.6,23.5,21.1
8/11/17 0:59,1:00,22.1,21.6,20,21.6,21.1,23.6,23.1,22.7,22.1,22.6,22.1,22.1,21.6,20.6,22.1,22.1,20.7,21.6,21.1,22.1,21.6,22.1,20.6,22,20.1
8/11/17 1:59,2:00,21.1,20.6,19.5,21.1,20.1,21.6,21.6,21.2,21.1,21.1,20.6,21.1,20.1,19.6,21.1,20.6,19.7,21.1,20.1,18.1,20.6,21.1,19.6,21,19.1
8/11/17 2:59,3:00,20.6,19.1,18,20.1,19.1,21.1,20.6,20.1,19.6,20.1,20.1,19.6,19.1,18.6,20.1,19.6,19.2,19.6,19.1,18.1,19.1,19.1,18.6,19.5,18.1
8/11/17 3:59,4:00,19.1,18.6,17,18.6,18.1,20.1,19.6,19.1,18.6,19.6,18.6,19.1,18.6,17.6,19.1,18.6,18.2,18.6,18.6,19.1,19.1,18.6,17.6,19,17.6
8/11/17 4:59,5:00,18.6,17.6,16.5,18.1,17.1,19.1,19.6,18.6,18.6,19.1,18.1,18.1,17.6,18.1,18.6,18.1,17.7,18.1,18.1,17.6,19.1,18.1,17.6,18,17.6
8/11/17 5:59,6:00,17.6,17.1,16,17.6,16.6,18.6,18.6,18.1,18.1,18.6,17.1,17.6,17.1,17.6,18.1,17.6,16.7,17.6,17.6,18.1,18.6,17.6,17.1,18,17.1
8/11/17 6:59,7:00,17.6,17.6,16,18.1,17.6,18.1,19.1,18.1,18.1,18.6,18.6,18.1,17.6,17.6,18.1,17.6,17.2,18.1,17.6,15.6,18.1,17.6,17.6,18.5,17.1
8/11/17 7:59,8:00,18.1,18.6,16,18.1,17.6,18.1,19.1,19.1,18.1,19.1,18.6,18.1,20.6,18.1,19.1,17.6,17.7,18.1,18.1,15.6,18.1,18.1,18.1,21.5,17.6
8/11/17 8:59,9:00,22.6,20.6,17.5,19.1,19.6,20.1,20.1,20.6,19.6,21.1,21.6,19.1,21.1,20.6,21.1,19.6,19.2,19.6,19.1,16.6,19.6,20.1,19.1,23,19.1
8/11/17 9:59,10:00,25.1,25.6,18.5,20.6,21.6,21.1,21.6,22.7,20.6,22.6,23.6,20.6,24.1,21.6,23.6,21.1,20.2,21.6,20.1,18.6,20.6,24.6,21.6,30.5,22.1
8/11/17 10:59,11:00,28.1,26.1,21.5,22.1,23.1,22.6,23.1,25.7,22.6,24.6,31.1,22.1,25.1,22.6,26.1,22.6,21.7,23.6,21.6,20.1,22.1,24.6,25.1,29,22.6
8/11/17 11:59,12:00,26.1,29.1,23,25.1,25.1,26.6,24.6,27.7,24.6,27.1,32.1,23.6,27.6,24.6,27.1,24.1,23.2,25.1,23.1,21.6,25.6,26.6,26.6,30,24.6
8/11/17 12:59,13:00,26.1,30.1,25.5,27.1,29.6,29.1,26.6,29.7,26.6,27.1,32.6,25.1,29.1,25.6,28.1,25.6,24.2,28.1,25.1,23.6,27.6,32.6,28.1,30.5,26.1
8/11/17 13:59,14:00,27.6,30.6,27,28.6,33.6,30.6,28.1,29.2,28.1,28.1,35.1,26.6,29.6,28.6,29.1,27.1,26.2,29.1,26.6,24.1,29.1,29.6,30.1,31.5,28.1
8/11/17 14:59,15:00,29.1,30.6,28.5,30.1,35.6,32.1,30.1,30.2,29.6,28.6,34.1,28.1,31.6,30.6,31.1,28.1,27.7,30.1,28.6,25.6,30.6,32.1,28.6,31,29.1
8/11/17 15:59,16:00,30.1,31.1,27,31.1,38.6,33.1,31.6,30.2,30.1,29.6,35.1,29.1,30.1,31.6,31.1,29.1,28.2,31.6,32.6,26.6,33.1,34.1,28.6,33,30.1
8/11/17 16:59,17:00,30.1,31.6,27,31.6,30.1,34.1,33.1,30.6,31.1,29.6,33.6,29.6,29.6,31.6,31.1,29.1,28.7,31.1,30.6,26.6,32.1,32.1,28.6,32.5,30.1
8/11/17 17:59,18:00,29.6,29.6,26.5,29.6,28.6,34.6,33.1,29.7,29.6,30.1,31.6,29.6,29.1,30.6,30.6,27.6,28.7,31.6,30.1,26.1,30.1,31.1,28.1,32.5,29.6
8/11/17 18:59,19:00,27.6,28.1,26,28.1,26.6,30.6,32.6,28.7,28.1,28.6,28.6,28.1,28.1,29.1,28.6,26.1,27.7,28.6,28.1,24.1,28.6,29.1,26.6,30,26.6
8/11/17 19:59,20:00,24.6,25.6,24,25.6,24.6,26.6,27.6,26.7,25.6,25.6,25.1,25.6,25.6,24.6,26.6,24.1,25.2,25.1,26.1,22.1,25.6,26.6,24.1,26.5,24.1
8/11/17 20:59,21:00,23.1,23.6,22.5,23.6,22.1,24.6,25.1,24.7,23.6,24.1,22.6,23.6,23.1,22.6,24.1,22.6,23.2,23.1,23.6,20.6,24.1,24.6,22.1,24,22.1
8/11/17 21:59,22:00,22.1,21.6,20.5,22.1,21.1,23.1,22.6,22.7,22.1,22.6,21.1,22.1,21.6,21.1,22.1,21.6,21.2,21.6,22.1,19.6,22.6,22.6,21.1,22,21.1
8/11/17 22:59,23:00,21.1,20.6,19,20.6,20.1,22.1,21.6,21.2,21.1,21.6,21.1,21.1,20.1,20.1,21.1,20.6,20.2,20.6,20.6,20.6,21.6,21.1,19.6,20.5,20.1
8/11/17 23:59,0:00,20.1,20.1,18.5,19.6,19.1,20.6,21.1,20.6,20.1,21.1,19.6,19.6,19.1,19.6,20.1,20.1,19.2,19.6,19.6,18.1,20.6,20.6,19.1,20.5,19.1
8/12/17 0:59,1:00,18.6,19.1,17.5,19.1,18.6,19.6,20.6,19.6,19.6,20.1,18.6,19.6,18.6,18.6,19.6,19.1,18.2,19.1,18.6,16.1,19.6,19.6,18.6,19.5,17.6
8/12/17 1:59,2:00,18.1,17.6,16.5,18.6,17.6,18.6,19.6,18.6,18.6,19.1,17.6,18.6,17.6,17.6,18.6,18.1,17.2,18.1,18.1,15.6,18.6,18.1,17.1,18.5,16.6
8/12/17 2:59,3:00,17.6,16.6,15.5,17.1,16.6,18.1,18.1,17.1,17.6,17.6,16.6,17.1,16.6,17.1,17.1,17.6,16.7,15.6,17.1,14.6,17.6,16.6,16.6,17,16.1
8/12/17 3:59,4:00,16.1,15.6,14.5,16.6,16.1,16.6,17.1,16.6,16.6,17.1,15.6,16.6,15.6,16.6,16.1,16.1,16.2,15.6,16.1,14.1,16.6,16.1,16.1,16.5,16.1
8/12/17 4:59,5:00,15.1,15.6,14.5,16.1,15.6,16.1,17.1,16.1,16.6,16.6,15.1,16.1,15.6,16.1,16.1,15.6,16.2,15.6,16.1,14.1,16.6,15.6,15.6,16,16.1
8/12/17 5:59,6:00,15.1,15.6,14.5,16.1,15.1,15.6,16.6,16.1,16.1,16.6,14.6,16.1,15.6,16.1,16.1,14.6,15.6,15.1,15.6,13.6,16.6,15.6,15.6,16,16.1
8/12/17 6:59,7:00,15.1,15.6,14.5,16.1,15.6,16.1,16.6,16.1,16.6,16.6,15.6,16.1,15.6,16.1,16.1,15.1,16.2,15.6,16.1,13.6,16.1,16.1,16.1,16.5,15.6
8/12/17 7:59,8:00,16.1,16.1,15,16.6,16.1,17.1,17.1,16.6,16.6,17.1,16.6,16.6,16.1,16.6,16.6,16.1,16.7,16.1,16.6,14.1,16.6,16.1,16.1,16.5,16.6
8/12/17 8:59,9:00,16.6,17.1,15,17.1,16.6,17.1,17.6,17.1,17.1,17.6,17.6,17.1,16.6,16.6,17.6,16.1,17.2,16.6,16.6,14.1,17.1,17.1,17.1,18,17.1
8/12/17 9:59,10:00,17.1,18.1,16,17.6,17.1,17.6,18.1,18.6,17.6,18.1,18.1,17.6,18.1,18.1,18.1,16.6,18.2,17.1,17.6,15.1,18.1,18.6,17.6,20,17.6
8/12/17 10:59,11:00,17.6,19.1,17,18.1,18.1,18.6,19.1,19.1,18.6,19.1,19.1,18.6,19.1,19.1,19.6,17.6,18.7,18.1,18.1,16.1,18.6,19.6,18.6,21,18.6
8/12/17 11:59,12:00,19.1,21.1,18,19.6,20.6,20.1,20.1,20.1,20.1,21.1,21.1,20.1,20.1,20.1,21.1,18.6,20.2,19.6,18.6,17.1,20.6,21.1,20.1,21.5,20.1
8/12/17 12:59,13:00,20.6,22.1,19,21.1,21.6,22.6,21.6,21.2,21.1,21.6,24.6,21.1,21.6,22.1,22.6,20.1,21.2,21.6,20.1,18.6,22.6,22.6,22.6,23,22.6
8/12/17 13:59,14:00,22.6,27.6,22,24.1,27.6,24.6,23.6,24.7,23.1,24.1,28.1,22.1,25.6,24.6,24.6,21.6,22.2,24.6,22.1,20.6,24.6,25.1,26.1,24,25.6
8/12/17 14:59,15:00,24.1,27.6,24.5,26.1,31.1,27.1,25.6,25.2,25.1,24.6,31.6,23.1,26.1,28.1,27.6,23.1,24.2,26.6,24.6,22.1,28.1,28.6,24.6,25,27.1
8/12/17 15:59,16:00,24.6,27.6,23,27.1,35.6,31.1,28.6,25.7,26.1,25.6,30.6,25.1,25.6,28.1,27.1,24.6,24.7,28.6,29.6,23.6,30.1,30.6,25.1,27,28.6
8/12/17 16:59,17:00,26.1,27.1,23,26.1,26.6,30.1,27.6,25.7,27.6,26.1,30.1,25.1,25.6,29.6,26.6,24.6,25.7,26.1,27.6,24.1,30.6,28.1,25.6,27,29.6
8/12/17 17:59,18:00,26.1,25.6,22.5,26.1,25.1,29.1,28.6,25.7,26.6,26.1,28.1,25.6,25.1,28.6,26.1,24.6,25.7,28.1,25.6,24.6,29.1,27.6,26.1,27,29.1
8/12/17 18:59,19:00,24.1,24.6,22,24.6,24.1,25.1,26.1,25.2,25.6,25.1,24.6,24.6,24.1,26.6,25.1,23.6,25.2,25.1,24.6,22.6,26.6,25.6,25.6,25.5,26.6
8/12/17 19:59,20:00,23.1,24.1,22,24.1,23.6,23.6,25.1,24.7,25.1,24.6,23.6,23.6,24.1,24.1,24.1,23.1,24.7,24.1,24.1,21.6,25.1,24.6,24.1,24.5,23.6
8/12/17 20:59,21:00,21.6,23.1,20.5,22.6,22.6,22.1,23.6,23.7,22.6,23.1,21.6,23.1,22.6,22.1,23.1,22.1,22.2,22.6,23.1,20.1,23.1,23.1,21.6,23.5,21.6
8/12/17 21:59,22:00,20.6,21.6,20,21.6,21.1,20.6,22.6,22.2,21.6,21.6,20.1,21.6,21.1,20.6,22.1,20.6,20.7,21.6,21.6,18.1,21.6,21.6,20.1,22,19.6
8/12/17 22:59,23:00,19.6,18.6,17.5,19.6,18.6,20.1,20.6,19.6,19.6,19.6,19.1,19.6,18.6,19.1,19.1,19.1,19.2,19.1,19.6,16.6,19.6,19.1,18.6,19.5,18.6
8/12/17 23:59,0:00,18.1,18.1,17,18.6,18.1,18.6,19.6,18.6,19.1,19.1,17.6,18.6,17.6,18.6,18.6,18.1,18.7,18.6,18.6,15.6,19.1,18.1,18.1,18.5,18.6
8/13/17 0:59,1:00,17.6,17.6,16.5,18.1,17.6,18.1,19.1,18.1,18.6,18.6,17.6,18.1,17.6,18.6,18.1,17.6,18.2,18.1,18.1,15.6,19.1,18.1,18.1,18,18.6
8/13/17 1:59,2:00,17.1,17.6,16.5,18.1,17.6,18.1,19.1,18.1,18.6,18.6,17.1,18.1,17.6,18.6,18.1,17.1,18.2,18.1,17.6,15.6,19.1,18.1,18.1,18,18.1
8/13/17 2:59,3:00,15.1,15.6,15,16.6,16.1,15.6,17.6,16.6,17.1,16.6,15.1,16.6,15.6,17.1,16.6,15.6,17.2,16.6,16.6,15.1,17.6,16.6,16.6,16.5,17.6
8/13/17 3:59,4:00,15.1,15.6,15,16.1,15.6,15.1,17.1,16.1,16.6,16.6,15.1,16.1,15.6,17.1,16.1,15.6,16.7,16.1,16.1,14.6,17.1,16.1,17.1,16,17.1
8/13/17 4:59,5:00,15.1,15.6,15,16.1,15.6,15.1,16.6,16.1,16.1,16.1,15.1,16.1,15.6,16.6,15.6,15.1,16.2,16.1,16.1,14.6,16.6,16.1,16.6,16,16.6
8/13/17 5:59,6:00,15.1,15.6,15,16.1,15.6,15.1,16.6,16.1,16.1,16.6,15.1,16.1,15.6,16.6,15.6,15.1,16.2,16.1,16.1,14.6,16.6,15.6,16.1,16,16.6
8/13/17 6:59,7:00,14.6,15.6,14.5,16.1,15.6,15.1,16.6,16.1,16.1,16.1,15.1,16.1,15.6,16.6,15.6,15.1,16.2,16.1,16.1,14.6,16.6,16.1,16.1,16,16.6
8/13/17 7:59,8:00,15.1,15.6,15,16.1,15.6,15.6,16.6,16.1,16.6,16.6,15.6,16.6,16.1,17.1,16.1,15.6,16.7,16.1,16.1,14.6,16.6,16.1,16.1,16.5,16.6
8/13/17 8:59,9:00,15.6,16.1,15,16.6,16.1,16.1,17.1,16.6,17.1,17.1,16.1,17.1,16.6,17.1,16.6,15.6,17.2,17.1,16.6,15.1,17.6,16.6,16.6,17,17.1
8/13/17 9:59,10:00,16.6,17.6,15.5,17.6,17.6,16.6,17.6,17.6,17.6,18.1,17.1,18.1,17.6,18.1,17.6,16.1,17.7,18.1,17.1,15.1,18.1,18.1,17.6,18.5,19.1
8/13/17 10:59,11:00,17.1,18.1,16.5,17.6,17.6,17.1,18.6,18.1,18.6,18.1,17.6,18.6,18.1,20.1,18.1,16.6,18.2,18.1,17.6,16.1,18.6,18.1,19.6,19.5,22.1
8/13/17 11:59,12:00,18.6,20.6,18.5,19.1,19.6,19.1,20.1,20.1,20.6,20.1,20.1,19.6,21.1,21.1,20.6,18.1,19.2,19.6,19.1,16.1,21.1,21.6,22.6,21.5,20.6
8/13/17 12:59,13:00,18.1,21.1,17.5,20.1,19.6,18.1,20.1,21.2,19.6,21.6,18.1,21.1,20.1,20.1,21.1,18.1,19.2,20.6,19.6,17.1,20.1,21.1,19.6,23.5,21.1
8/13/17 13:59,14:00,20.6,23.1,19,20.6,23.6,22.1,21.1,22.2,21.6,22.6,23.1,21.6,22.1,21.1,22.1,19.6,20.7,21.6,20.6,17.6,21.1,23.1,22.1,24.5,24.1
8/13/17 14:59,15:00,20.1,22.1,19.5,22.1,21.1,20.1,23.1,22.7,23.1,23.1,20.6,22.1,22.6,22.6,22.1,19.1,22.2,22.1,21.6,18.6,23.1,23.6,22.6,23,23.6
8/13/17 15:59,16:00,21.6,23.1,20,23.1,22.6,22.6,24.6,23.7,23.1,23.1,23.1,22.6,23.6,23.1,23.6,20.1,22.7,22.6,22.1,19.1,23.1,23.6,22.6,26,23.1
8/13/17 16:59,17:00,21.6,24.1,20,23.6,22.6,23.6,27.1,23.2,24.1,24.1,23.6,22.6,23.1,25.6,24.1,20.1,23.2,23.1,23.6,20.1,25.6,25.1,23.1,26.5,25.1
8/13/17 17:59,18:00,21.6,22.6,19.5,22.1,22.6,21.6,24.1,23.2,24.1,23.1,22.1,22.6,22.6,24.6,23.1,19.6,22.2,22.1,23.1,19.1,23.6,23.6,22.1,26,22.6
8/13/17 18:59,19:00,21.6,22.1,19,22.6,20.6,24.6,29.1,22.2,22.1,23.6,22.6,22.1,21.1,22.1,22.1,19.6,22.2,23.1,21.6,18.6,22.1,22.6,21.6,25,22.1
8/13/17 19:59,20:00,20.1,20.6,18.5,21.1,20.1,20.6,21.6,21.2,21.1,21.6,20.1,21.1,19.6,20.6,21.1,18.6,20.7,21.1,20.6,17.6,21.1,20.6,20.6,21,20.6
8/13/17 20:59,21:00,18.1,19.1,17.5,19.6,18.6,18.1,20.1,19.1,19.6,19.6,18.1,19.6,17.6,19.1,19.1,17.6,19.7,19.6,19.1,16.1,19.1,19.1,18.6,19,18.6
8/13/17 21:59,22:00,16.1,17.1,16,18.1,16.1,16.6,18.6,17.6,18.1,18.1,16.1,18.6,16.1,17.6,17.6,15.6,18.2,18.1,18.1,15.1,18.1,17.6,17.1,17,17.1
8/13/17 22:59,23:00,15.1,16.1,15,16.1,15.1,15.1,17.6,16.6,17.1,17.1,14.6,17.1,15.1,16.6,16.1,15.1,16.7,16.6,16.6,14.1,16.6,16.6,16.1,16,16.1
8/13/17 23:59,0:00,13.6,15.1,14,15.6,14.1,14.1,16.6,15.6,16.1,16.1,12.6,16.1,14.1,15.6,15.6,13.6,16.2,15.6,15.6,13.1,16.1,15.6,15.1,15,15.6
8/14/17 0:59,1:00,12.6,14.1,13.5,15.1,13.1,13.6,15.6,15.1,15.6,15.6,12.1,15.6,12.6,15.1,14.6,12.5,15.1,15.1,14.6,12.6,15.6,14.6,14.6,14.5,14.6
8/14/17 1:59,2:00,11.6,13.6,13,14.1,12.1,12.6,15.1,14.1,15.1,15.1,11.6,13.6,12.1,14.6,13.1,12,14.6,14.1,13.6,12.6,14.6,14.1,14.1,13.5,14.1
8/14/17 2:59,3:00,11.1,12.1,12.5,13.1,11.6,12.6,13.6,12.6,14.1,13.6,11.1,12.6,11.6,13.6,12.1,11.5,13.6,13.1,13.1,12.1,14.1,13.1,13.6,11.5,13.1
8/14/17 3:59,4:00,10.6,11.1,12.5,12.1,11.1,12.1,13,12.1,13.6,12.6,10.6,11.6,10.6,13.1,11.1,11,13.6,12.1,12.6,12.1,13.6,12.1,12.6,10.5,12.6
8/14/17 4:59,5:00,10.1,10.1,11.5,11.6,10.6,11.6,12,11.1,12.6,12.1,10.1,10.6,10.1,12.6,10.6,10.5,12.6,11.6,12.1,11.6,13.1,11.1,12.1,10,12.6
8/14/17 5:59,6:00,10.1,9.6,11.5,11.6,10.1,11.6,11.5,10.6,12.1,11.6,9.6,10.1,10.1,12.1,10.1,10.5,11.6,11.1,11.6,11.1,12.6,10.6,12.1,9.5,11.6
8/14/17 6:59,7:00,10.6,11.1,11.5,11.1,10.6,12.1,12,11.6,12.6,12.1,10.6,10.6,11.6,13.1,10.6,10.5,12.1,11.6,12.6,11.6,12.6,11.6,13.1,11.5,13.6
8/14/17 7:59,8:00,16.1,14.6,12.5,13.1,13.1,13.1,14.6,16.1,14.1,15.6,13.1,13.1,19.1,15.6,15.1,12.5,14.1,13.1,15.1,12.6,14.6,15.6,14.6,21.5,15.1
8/14/17 8:59,9:00,19.1,18.6,13,15.1,14.6,14.1,16.1,17.6,15.6,17.1,16.1,15.1,24.1,17.6,18.1,14.1,15.6,15.6,16.1,13.1,15.6,17.6,15.6,21,17.1
8/14/17 9:59,10:00,18.1,17.1,14.5,16.1,17.1,16.1,17.1,17.6,17.1,19.1,18.6,16.6,21.1,17.1,19.1,15.1,16.7,18.6,16.6,14.1,17.1,17.6,16.6,20.5,17.6
8/14/17 10:59,11:00,17.6,19.1,15.5,17.1,19.1,18.6,18.1,19.1,17.6,19.1,21.1,17.1,21.1,18.1,19.6,16.6,17.2,17.1,17.1,14.1,17.6,19.1,18.1,24.5,18.6
8/14/17 11:59,12:00,18.1,18.6,16,18.1,18.6,19.6,18.6,19.1,19.1,20.1,22.6,18.1,18.1,19.1,19.6,17.1,18.2,18.6,17.6,15.6,18.6,19.1,19.6,21,18.6
8/14/17 12:59,13:00,20.1,21.6,18,19.6,22.6,21.6,20.6,22.2,19.6,21.1,25.6,18.6,21.1,19.6,21.1,18.1,18.7,19.6,18.6,16.6,19.6,24.6,21.1,23.5,20.1
8/14/17 13:59,14:00,21.1,22.1,19,21.6,26.6,23.1,21.1,21.7,21.1,21.1,25.6,19.6,21.6,21.6,22.1,19.1,20.2,21.1,19.6,17.1,21.6,21.6,23.6,24,22.6
8/14/17 14:59,15:00,21.1,24.1,21,22.6,24.1,23.1,24.6,23.7,23.6,21.6,24.6,20.6,22.6,23.6,24.6,19.6,21.2,22.1,21.6,18.1,23.6,26.1,21.6,25.5,23.1
8/14/17 15:59,16:00,21.6,22.1,20,22.1,24.6,23.6,23.6,22.7,23.1,22.6,24.1,22.1,22.6,24.1,23.6,20.6,22.7,22.6,21.6,19.1,23.6,23.6,22.6,24.5,23.6
8/14/17 16:59,17:00,23.1,22.6,20.5,24.1,24.1,26.1,25.6,23.2,24.6,23.6,27.6,22.6,23.1,25.1,23.6,21.1,23.2,24.1,22.6,20.1,25.6,24.1,23.6,23.5,24.1
8/14/17 17:59,18:00,22.6,22.6,20.5,23.1,22.6,24.1,25.1,23.2,23.6,23.1,24.1,23.1,22.6,24.1,23.6,21.1,23.2,23.1,22.6,20.1,24.1,24.6,22.6,24,24.6
8/14/17 18:59,19:00,21.1,23.1,21,23.1,21.6,22.6,29.6,23.2,23.1,23.6,21.6,23.1,22.1,24.6,23.6,20.1,23.7,23.1,22.6,19.6,23.6,24.1,22.6,26.5,23.1
8/14/17 19:59,20:00,20.1,21.6,20,21.6,20.6,21.1,23.1,22.2,22.1,22.1,19.6,22.6,20.1,22.6,22.1,19.6,21.7,22.1,21.1,18.6,23.1,22.1,22.1,22,22.1
8/14/17 20:59,21:00,18.6,19.6,19,19.6,19.1,19.6,21.6,21.2,21.1,21.1,17.6,20.6,18.1,20.6,19.6,18.1,20.7,20.1,19.1,18.1,21.1,21.1,20.6,20,20.6
8/14/17 21:59,22:00,17.1,18.6,18,18.6,18.1,18.6,20.6,19.6,20.1,20.1,16.1,20.1,16.6,19.6,19.1,16.6,19.7,19.6,18.1,16.6,20.1,19.6,19.1,19,19.1
8/14/17 22:59,23:00,16.1,16.6,17,17.6,16.6,17.6,19.1,18.6,18.6,19.1,15.6,18.6,15.6,18.1,18.1,16.6,18.2,18.1,17.1,15.6,18.6,18.1,17.6,17,18.1
8/14/17 23:59,0:00,15.1,16.1,16,16.6,15.1,16.1,18.1,17.1,17.6,18.1,14.6,17.1,15.1,17.1,17.1,15.1,17.2,17.1,16.1,15.1,17.6,17.1,16.6,17,17.1
8/15/17 0:59,1:00,14.1,14.6,15,15.6,14.1,15.6,17.1,16.1,16.6,16.6,13.6,14.6,14.1,16.1,16.1,14.1,16.7,15.1,15.1,14.1,16.6,16.1,16.1,15,16.1
8/15/17 1:59,2:00,13.1,14.1,14.5,15.1,13.6,14.6,16.1,15.1,16.1,15.1,13.1,13.6,13.1,15.6,14.1,13.6,15.6,14.6,14.6,14.1,16.1,15.1,15.1,15,15.6
8/15/17 2:59,3:00,13.1,13.1,14,14.6,13.6,14.6,15.1,14.1,15.6,14.6,12.6,13.1,12.6,14.6,13.1,13.6,14.6,14.6,14.1,14.1,15.6,14.1,15.1,13,15.6
8/15/17 3:59,4:00,12.6,12.6,13.5,14.1,12.6,14.1,14.1,13.6,14.6,14.1,12.1,12.6,12.1,14.1,12.6,13,13.1,13.6,13.6,13.1,15.1,13.6,14.6,12.5,15.1
8/15/17 4:59,5:00,12.1,12.1,13,13.1,12.1,13.6,13.6,12.6,14.1,13.6,11.6,12.1,11.1,13.6,11.6,12.5,13.1,13.1,13.1,12.6,15.1,13.1,14.1,11,14.1
8/15/17 5:59,6:00,11.6,11.1,12.5,12.6,11.6,13.1,13,12.1,13.1,12.6,11.1,11.6,11.1,13.1,11.1,12,12.6,12.1,12.6,12.1,14.6,12.6,13.1,10.5,14.1
8/15/17 6:59,7:00,11.6,11.6,12.5,12.1,12.1,13.1,13,12.1,13.6,13.1,11.6,11.6,12.6,13.6,12.6,11.5,13.1,12.1,12.6,12.6,14.6,12.6,13.6,16,15.6
8/15/17 7:59,8:00,18.1,15.1,13,13.1,13.1,13.6,15.1,17.1,15.1,16.6,13.1,13.1,19.1,15.6,15.1,12.5,15.1,14.1,14.6,13.6,15.6,15.6,15.6,23,17.1
8/15/17 8:59,9:00,20.6,16.1,14,16.1,16.1,15.1,16.6,18.1,17.1,17.6,16.1,15.6,23.6,18.1,19.1,15.6,15.6,16.1,16.6,13.6,16.1,17.1,17.1,22.5,16.6
8/15/17 9:59,10:00,23.1,24.1,15.5,17.6,18.6,16.6,18.1,20.6,18.1,19.6,18.1,17.1,22.1,18.6,21.6,17.6,16.7,19.6,17.1,15.6,17.6,21.6,19.1,30.5,19.1
8/15/17 10:59,11:00,25.1,22.1,20.5,19.1,20.6,18.6,19.6,23.7,19.6,21.6,28.6,18.6,24.6,20.1,23.6,19.6,18.7,20.6,19.1,17.1,19.1,21.6,24.6,26.5,21.1
8/15/17 11:59,12:00,23.6,27.1,21,23.1,23.1,27.1,21.6,25.2,22.6,24.1,27.6,20.6,23.6,22.1,23.6,21.6,20.2,21.6,20.6,19.6,23.1,22.6,24.1,26.5,24.6
8/15/17 12:59,13:00,23.6,24.6,22.5,23.1,27.1,26.6,23.6,24.7,24.1,24.6,29.6,22.6,25.1,24.1,23.6,22.1,22.7,24.1,22.1,21.6,24.1,28.1,26.1,25,26.6
8/15/17 13:59,14:00,23.6,24.6,21.5,23.6,24.6,25.6,24.6,24.7,24.1,24.6,27.6,23.6,24.6,24.6,25.1,22.6,23.7,23.6,23.1,20.6,24.6,25.1,25.6,26,26.6
8/15/17 14:59,15:00,26.1,28.6,25.5,27.6,35.6,27.6,27.1,27.2,27.1,26.1,32.6,25.1,29.6,28.1,29.6,24.1,26.2,27.6,26.6,22.6,27.6,30.1,26.1,28.5,28.1
8/15/17 15:59,16:00,27.1,28.6,24,28.6,38.1,30.6,29.6,28.2,27.6,26.6,31.6,26.6,27.1,29.1,28.6,25.1,26.7,29.1,28.6,24.1,30.1,30.1,26.1,28.5,29.1
8/15/17 16:59,17:00,27.1,28.6,24.5,29.1,26.1,29.1,30.1,27.7,28.6,26.6,30.6,26.6,27.1,30.1,28.1,25.6,27.2,29.6,29.6,24.6,28.6,29.6,26.1,29,29.6
8/15/17 17:59,18:00,27.1,27.1,24,27.6,25.6,29.6,32.6,27.2,27.6,27.1,28.6,27.1,26.1,30.6,28.1,24.6,27.2,30.6,28.1,25.1,28.6,30.6,26.6,31,28.6
8/15/17 18:59,19:00,26.1,26.6,24,26.6,24.6,29.6,33.1,26.7,26.1,27.1,26.1,26.6,23.6,29.6,26.6,23.6,26.7,27.1,26.1,23.1,28.1,27.1,26.1,29.5,27.6
8/15/17 19:59,20:00,24.1,25.1,23,25.1,23.6,25.6,26.6,25.2,25.1,25.1,23.1,25.6,22.1,25.1,25.1,22.6,25.2,24.6,24.1,22.1,25.6,26.6,25.1,25,25.1
8/15/17 20:59,21:00,21.6,23.1,22,23.1,22.1,23.1,24.6,23.7,23.6,23.6,20.1,24.1,21.6,23.1,23.6,21.1,23.2,23.1,22.6,20.6,24.1,23.6,22.6,23,23.1
8/15/17 21:59,22:00,20.1,21.1,20,21.6,20.1,21.1,22.6,22.2,22.1,22.1,18.6,22.6,20.6,21.6,21.6,19.6,21.7,21.6,21.1,19.1,22.1,21.6,21.1,21.5,21.6
8/15/17 22:59,23:00,18.6,19.6,18.5,20.1,18.6,19.6,21.1,20.6,20.6,21.1,17.1,21.1,18.6,20.1,20.1,18.6,20.2,20.1,20.6,17.6,21.1,20.1,19.6,20,20.1
8/15/17 23:59,0:00,17.6,18.1,17.5,19.1,17.6,18.6,20.1,19.1,19.1,19.6,16.6,19.6,18.1,19.1,19.1,17.1,19.2,19.1,18.6,16.6,20.1,19.1,18.6,19,19.1
8/16/17 0:59,1:00,16.1,17.6,16.5,17.6,17.1,17.6,19.1,18.6,18.6,18.6,15.6,18.6,17.6,18.1,17.6,16.1,18.2,18.1,18.1,15.6,18.6,18.1,18.1,18,18.1
8/16/17 1:59,2:00,15.1,16.6,16,16.6,16.1,16.6,18.1,17.6,18.1,18.1,14.6,17.1,15.1,17.6,17.1,15.1,17.2,17.1,17.1,15.6,18.1,17.1,17.1,17,17.1
8/16/17 2:59,3:00,14.6,15.6,15.5,16.1,15.1,16.1,17.6,16.6,17.1,17.6,14.6,15.6,14.1,16.6,15.6,14.6,16.2,16.1,15.6,15.1,17.1,16.1,16.6,16.5,16.6
8/16/17 3:59,4:00,13.6,15.1,14.5,15.6,14.1,15.6,17.1,15.6,15.6,16.6,13.6,14.1,13.6,16.1,15.6,14.1,15.1,15.1,14.6,15.1,16.6,15.6,15.6,15.5,16.1
8/16/17 4:59,5:00,13.1,13.6,14,14.6,13.1,14.6,15.6,14.6,15.1,15.1,13.1,13.1,13.1,15.1,13.6,13.6,14.1,14.1,14.1,14.6,16.1,14.6,14.6,14.5,15.6
8/16/17 5:59,6:00,12.6,14.1,13.5,14.1,12.6,14.1,15.6,14.1,14.6,14.6,12.6,12.6,12.1,14.1,13.1,13.6,13.6,13.6,13.6,13.1,15.6,14.1,14.6,14,14.1
8/16/17 6:59,7:00,12.6,13.6,13.5,13.6,12.6,14.1,15.6,14.1,14.6,15.1,12.6,12.6,14.1,15.1,15.1,13,14.6,13.6,14.1,12.6,15.6,14.6,14.6,17,16.1
8/16/17 7:59,8:00,19.6,15.6,14,14.6,15.1,14.6,16.6,17.1,15.6,17.6,13.6,15.6,19.6,18.1,16.1,14.1,16.2,15.6,16.1,14.1,16.1,15.6,16.1,22.5,18.1
8/16/17 8:59,9:00,21.6,21.6,15,17.1,16.6,16.1,18.1,19.6,17.6,18.6,16.6,17.1,26.1,19.6,20.1,16.1,17.2,17.1,18.1,15.1,17.1,20.1,17.6,24,19.1
8/16/17 9:59,10:00,23.6,23.6,16.5,18.1,19.1,17.6,19.1,21.7,19.1,20.6,18.1,18.6,22.1,20.1,22.1,18.6,18.7,21.6,18.6,16.6,18.6,22.6,19.6,30.5,20.6
8/16/17 10:59,11:00,25.6,22.1,21,20.1,21.6,20.1,21.1,24.2,21.6,22.1,29.6,20.1,25.1,21.6,24.6,20.6,20.2,22.6,19.6,18.1,20.1,21.6,26.1,28,22.6
8/16/17 11:59,12:00,24.1,27.6,22,23.6,23.6,28.6,23.1,26.2,23.1,25.6,30.6,22.1,25.1,23.1,25.6,22.1,21.2,23.6,21.6,20.1,25.1,24.6,25.6,27,24.6
8/16/17 12:59,13:00,24.6,30.1,24,25.6,29.1,29.1,25.1,29.2,25.1,26.6,30.6,24.1,27.1,25.1,27.1,23.6,23.2,26.6,23.1,23.1,26.1,31.1,27.6,27.5,26.1
8/16/17 13:59,14:00,26.6,31.1,25.5,27.6,33.6,28.1,26.6,28.7,27.1,27.6,33.1,25.6,28.6,26.6,28.1,25.1,24.7,29.1,25.6,23.1,28.1,28.1,28.6,28.5,27.6
8/16/17 14:59,15:00,27.6,29.6,26.5,29.1,37.1,30.6,28.6,28.2,28.1,27.6,33.1,26.6,28.6,28.1,31.1,26.6,26.2,30.6,28.1,24.1,31.6,32.6,27.1,28.5,29.1
8/16/17 15:59,16:00,28.6,30.1,25,30.1,40.6,31.6,31.1,28.7,29.1,27.1,34.6,27.1,28.1,29.6,29.6,27.1,27.2,31.6,30.1,25.1,33.1,32.1,27.1,30,30.1
8/16/17 16:59,17:00,28.6,29.1,25.5,30.6,27.1,31.6,31.6,28.7,30.6,28.1,33.1,27.6,28.1,30.6,29.1,27.6,28.2,31.6,30.1,26.1,31.1,30.1,28.1,30.5,30.6
8/16/17 17:59,18:00,28.6,28.1,25,28.6,26.6,33.1,33.1,28.2,28.6,28.6,30.1,28.1,27.1,31.1,28.6,26.1,28.2,31.1,29.1,25.6,29.6,30.6,27.6,32.5,29.1
8/16/17 18:59,19:00,27.1,27.1,24.5,27.6,25.6,30.6,33.1,27.2,27.1,27.6,27.6,27.1,25.6,29.6,27.1,25.1,27.2,28.1,27.1,24.1,29.1,27.6,26.6,31,27.1
8/16/17 19:59,20:00,24.6,25.1,23.5,25.6,24.6,25.6,26.6,25.7,25.6,25.6,24.6,25.6,24.1,25.1,25.1,23.6,24.7,25.6,25.1,22.6,25.6,26.1,25.1,25.5,25.1
8/16/17 20:59,21:00,22.1,23.1,21.5,23.6,22.6,23.1,24.6,23.7,23.6,24.1,22.1,24.1,22.6,23.1,23.1,22.1,22.7,23.1,23.1,20.6,24.1,23.6,22.6,23,23.1
8/16/17 21:59,22:00,20.6,21.6,20,22.1,20.6,21.1,22.6,22.2,22.1,22.6,20.1,22.6,21.1,21.6,22.1,20.6,21.7,22.1,22.1,19.6,22.6,22.1,21.6,21.5,21.6
8/16/17 22:59,23:00,19.1,20.1,18.5,20.6,19.6,19.6,21.1,20.6,20.6,20.6,18.6,20.6,19.6,20.1,20.1,19.1,20.2,20.1,20.6,17.6,21.1,20.1,19.6,20,20.1
8/16/17 23:59,0:00,17.6,18.6,17.5,19.1,18.6,18.6,20.1,19.1,19.6,19.6,17.1,19.6,18.1,19.1,19.1,17.6,19.2,19.1,19.1,16.6,19.6,18.6,18.6,18.5,19.1
8/17/17 0:59,1:00,16.6,17.6,17,18.1,17.6,17.6,19.6,18.6,19.1,19.1,16.1,18.6,17.1,18.6,17.6,16.6,18.7,18.1,17.6,16.1,19.1,18.1,18.6,18,18.6
8/17/17 1:59,2:00,16.1,16.6,16.5,17.6,16.6,17.1,18.6,17.6,18.6,18.6,15.6,18.6,16.1,18.1,16.6,16.1,18.2,18.1,18.1,15.6,18.6,17.6,17.6,17,18.1
8/17/17 2:59,3:00,16.1,15.6,16,17.1,16.6,17.1,18.1,17.1,18.1,18.1,15.6,17.6,15.6,18.1,16.1,16.1,18.2,16.6,17.6,15.1,18.1,17.1,17.6,16,18.1
8/17/17 3:59,4:00,16.6,16.1,15.5,17.1,16.6,17.1,18.1,16.6,18.1,18.1,16.6,17.6,15.1,17.6,16.6,16.1,17.7,16.6,17.6,14.6,17.6,16.6,17.1,16,17.1
8/17/17 4:59,5:00,16.6,16.6,15.5,17.1,16.6,16.6,17.6,17.1,17.6,18.1,16.1,17.6,16.1,17.1,17.1,16.1,17.7,17.1,17.6,14.6,17.6,16.6,17.1,17,16.6
8/17/17 5:59,6:00,16.1,16.6,15.5,17.1,16.6,16.1,17.6,17.1,17.1,17.6,16.1,17.1,16.6,17.1,17.1,16.1,17.2,17.1,17.1,14.1,17.1,16.6,16.6,17,16.6
8/17/17 6:59,7:00,15.6,16.6,15,17.1,16.1,16.1,17.6,17.1,17.1,17.1,16.1,17.1,16.6,16.6,16.6,15.6,17.2,16.6,17.1,14.1,17.1,16.6,16.6,17,16.6
8/17/17 7:59,8:00,16.6,17.1,15.5,17.1,16.6,16.6,17.6,17.1,17.6,17.6,17.1,17.6,17.1,17.1,17.6,16.1,17.7,17.1,17.6,14.6,17.1,17.1,17.6,18,17.1
8/17/17 8:59,9:00,17.6,18.1,16.5,18.1,18.1,17.6,18.6,18.1,18.1,19.1,19.1,18.1,18.1,18.1,19.1,16.6,18.2,18.1,18.1,15.6,18.1,18.6,18.6,19.5,19.1
8/17/17 9:59,10:00,18.6,19.1,17,19.1,18.6,19.1,19.6,19.6,19.1,19.6,20.1,18.6,18.6,19.1,19.6,17.6,19.2,18.6,18.6,16.6,19.6,19.1,19.6,20.5,19.6
8/17/17 10:59,11:00,22.6,21.1,18,19.6,20.1,20.6,20.1,21.7,20.1,21.1,22.6,19.6,21.1,20.1,22.1,18.6,19.7,19.6,19.1,17.1,20.1,21.1,20.6,24,20.6
8/17/17 11:59,12:00,21.6,27.1,20,22.1,21.1,25.6,21.6,24.7,21.6,23.6,27.6,20.6,24.6,21.1,24.6,20.6,20.7,21.6,20.1,18.6,23.1,24.1,23.6,25.5,21.6
8/17/17 12:59,13:00,22.1,28.1,22,23.6,26.6,26.1,22.6,27.2,23.1,24.6,29.6,21.1,26.6,23.1,24.6,21.6,21.2,24.1,21.1,20.6,22.6,31.1,24.1,25.5,24.1
8/17/17 13:59,14:00,24.1,26.6,23.5,25.1,31.1,27.1,24.1,25.7,23.6,25.1,31.1,22.6,25.1,23.6,26.1,22.6,22.7,27.1,22.6,20.1,25.1,24.1,25.6,26,24.6
8/17/17 14:59,15:00,25.1,27.1,24,27.1,34.6,27.6,26.6,25.7,26.1,24.6,32.6,23.6,25.6,25.6,28.6,23.6,23.7,27.6,25.1,21.1,27.6,30.1,24.6,26,26.1
8/17/17 15:59,16:00,25.1,27.1,22.5,27.1,38.6,31.1,28.1,26.7,27.1,25.1,31.6,24.6,25.6,27.1,27.1,24.6,24.7,29.1,28.1,22.6,27.6,27.6,23.6,27,26.6
8/17/17 16:59,17:00,25.6,26.6,23,27.6,24.6,29.6,29.6,26.2,27.6,25.6,29.6,25.1,25.1,28.6,26.6,24.6,25.7,29.1,28.1,23.1,27.1,27.1,25.1,29,27.6
8/17/17 17:59,18:00,26.1,25.6,23,26.6,24.1,30.1,31.1,25.7,26.6,26.1,28.1,25.6,24.6,28.6,26.6,23.6,26.2,28.6,27.1,23.1,27.1,30.1,25.1,30,27.6
8/17/17 18:59,19:00,25.1,25.1,22.5,25.6,23.6,28.1,33.1,25.7,25.6,26.1,25.6,25.1,23.1,28.6,25.6,23.1,25.7,26.6,24.6,22.1,26.6,26.1,25.1,29.5,26.1
8/17/17 19:59,20:00,23.1,24.1,22,24.1,22.1,24.6,25.6,24.2,24.6,24.1,22.6,24.6,21.6,24.1,24.1,21.6,24.2,23.6,23.1,20.6,24.6,24.6,24.1,24,24.1
8/17/17 20:59,21:00,21.1,22.1,21,22.6,21.6,22.1,24.1,23.2,22.6,23.1,19.6,23.1,19.6,22.6,22.1,20.1,22.2,22.1,22.6,19.6,23.1,22.6,22.1,22.5,22.1
8/17/17 21:59,22:00,20.1,20.6,19.5,21.6,20.1,20.6,22.6,21.7,21.6,21.6,18.6,21.6,19.1,20.6,21.1,19.1,20.7,21.1,21.1,18.1,21.1,21.1,20.1,21,20.6
8/17/17 22:59,23:00,18.1,19.1,18,19.6,18.6,19.6,20.6,19.6,20.1,20.1,17.1,20.1,18.6,19.6,19.6,18.1,19.7,19.6,19.1,17.1,20.1,19.6,19.1,19.5,19.1
8/17/17 23:59,0:00,17.1,18.1,17,18.6,17.1,18.6,19.6,18.6,18.6,19.1,16.6,18.6,16.6,18.6,18.6,17.6,18.7,18.6,18.6,16.1,19.1,18.1,18.1,18.5,18.1
8/18/17 0:59,1:00,16.1,17.1,16,17.6,17.1,17.6,18.6,17.6,18.1,18.1,15.6,18.1,16.1,17.6,17.6,16.6,17.7,17.6,17.6,15.1,18.1,17.6,17.1,17.5,17.1
8/18/17 1:59,2:00,15.1,15.6,15.5,17.1,15.6,16.6,17.6,17.1,17.1,17.6,14.6,17.1,14.6,16.6,16.6,15.6,17.2,16.6,16.1,14.6,17.6,16.6,16.6,16.5,16.6
8/18/17 2:59,3:00,15.1,14.6,14.5,16.1,14.6,16.1,17.1,16.1,16.6,16.6,14.6,16.6,14.1,16.1,16.1,15.1,16.2,16.1,15.1,13.6,17.1,15.6,15.6,15,16.1
8/18/17 3:59,4:00,14.1,14.6,14,15.1,13.6,15.1,16.6,15.6,16.1,16.1,13.6,15.1,13.6,15.6,15.1,14.1,15.6,15.1,14.6,13.6,16.1,15.1,15.1,15,15.1
8/18/17 4:59,5:00,13.1,14.1,13.5,14.6,13.6,14.1,16.1,14.6,15.6,15.6,12.6,14.6,13.6,15.1,14.6,13.6,15.1,14.6,14.1,13.1,15.6,14.6,14.6,14.5,14.6
8/18/17 5:59,6:00,12.6,13.6,13,14.1,12.6,14.1,15.6,14.1,15.1,15.1,12.1,14.1,12.1,15.1,14.1,13,14.1,14.1,13.6,12.6,15.6,14.1,14.1,14,14.1
8/18/17 6:59,7:00,12.6,13.1,13,14.1,13.1,13.1,15.6,14.1,14.6,15.6,12.1,14.1,12.6,15.1,14.6,13,14.6,14.1,14.6,12.6,15.1,14.1,14.6,14.5,15.6
8/18/17 7:59,8:00,18.1,15.1,13.5,15.1,14.6,14.1,16.1,16.6,16.1,17.6,13.6,15.6,18.6,17.6,16.1,13.6,15.6,15.6,15.1,14.1,16.1,15.6,15.6,22.5,18.1
8/18/17 8:59,9:00,22.1,21.1,14.5,16.6,16.1,15.6,17.6,19.6,17.1,18.1,16.1,16.6,25.1,18.6,20.1,16.1,17.2,17.1,16.1,15.1,16.6,19.1,17.1,25,18.1
8/18/17 9:59,10:00,24.1,21.6,16,18.1,19.1,17.1,18.6,20.6,18.1,20.1,18.1,17.6,21.6,19.6,21.1,18.1,17.7,20.6,17.1,16.1,18.1,21.6,18.6,24,20.1
8/18/17 10:59,11:00,25.1,21.1,18.5,19.6,21.1,19.1,20.6,23.2,20.6,22.1,28.6,19.1,23.6,21.1,23.6,20.1,19.2,22.1,18.1,17.6,19.6,21.6,24.6,26,22.1
8/18/17 11:59,12:00,23.6,27.1,21.5,23.1,23.6,26.1,22.1,24.7,22.6,24.1,28.1,21.1,25.1,23.1,25.1,21.6,21.2,22.6,20.1,19.6,22.6,23.6,23.6,26,24.1
8/18/17 12:59,13:00,24.1,28.1,23.5,24.6,28.6,29.1,25.1,27.7,25.1,26.1,30.6,23.1,27.6,24.6,26.1,23.1,23.2,26.1,23.1,22.1,25.1,29.1,25.6,26,26.6
8/18/17 13:59,14:00,25.6,29.1,25.5,26.6,33.1,27.6,26.6,27.7,26.1,26.6,32.6,24.6,27.6,26.6,27.6,25.1,25.2,28.1,24.6,22.6,26.6,26.6,27.6,27.5,27.6
8/18/17 14:59,15:00,27.1,29.1,26.5,28.6,36.6,29.6,28.1,28.2,28.1,27.1,34.1,26.1,28.1,28.1,30.1,25.6,26.2,29.1,27.6,23.6,30.1,30.6,26.1,29.5,28.6
8/18/17 15:59,16:00,28.1,29.1,25,28.6,38.6,34.1,29.6,28.2,29.1,27.1,33.6,26.6,27.6,29.1,29.1,26.6,26.7,30.1,29.1,24.1,29.6,29.6,27.1,29.5,27.1
8/18/17 16:59,17:00,26.6,27.6,24,27.6,25.6,30.6,29.6,27.2,27.6,26.6,30.1,26.1,26.6,28.6,28.1,25.1,26.7,27.6,28.6,23.1,27.1,28.1,25.6,29.5,27.6
8/18/17 17:59,18:00,26.1,25.6,23,26.6,25.1,28.6,30.6,26.2,26.1,26.1,27.6,25.6,25.6,27.6,26.6,24.1,25.7,28.6,27.1,23.1,26.6,28.1,25.1,29,27.1
8/18/17 18:59,19:00,24.6,24.1,22.5,25.1,23.6,28.6,30.1,25.2,25.1,25.6,25.1,25.1,23.6,27.6,25.1,23.1,25.2,26.1,25.1,21.6,25.6,25.1,24.6,29,24.6
8/18/17 19:59,20:00,22.6,23.1,21.5,23.1,22.1,23.1,24.1,23.7,23.6,23.6,22.6,23.6,22.6,23.1,23.1,21.6,23.2,23.1,23.1,20.1,24.1,23.1,23.1,23,23.1
8/18/17 20:59,21:00,20.6,21.6,20,22.1,21.1,21.1,22.6,22.2,22.1,22.1,20.6,22.1,21.1,21.6,21.6,20.6,21.7,21.6,21.6,19.1,22.1,21.6,21.1,21.5,21.1
8/18/17 21:59,22:00,19.1,19.6,18.5,20.6,19.6,19.1,20.6,20.1,20.6,20.6,18.6,20.6,19.1,20.1,20.1,19.1,20.2,20.1,20.1,17.6,20.6,20.1,19.6,20,19.6
8/18/17 22:59,23:00,18.1,18.6,17.5,19.6,18.1,18.1,20.1,19.6,19.6,19.6,17.6,19.6,18.6,19.1,19.1,17.6,19.2,19.1,19.1,16.6,19.6,19.1,19.1,19,19.1
8/18/17 23:59,0:00,17.1,18.1,17,18.6,17.1,17.6,19.1,18.6,19.1,19.1,16.1,19.1,17.1,18.6,18.1,16.6,18.7,18.6,18.1,16.1,19.1,18.1,18.1,18,18.6
8/19/17 0:59,1:00,16.1,17.1,16.5,17.6,16.6,17.1,18.6,18.1,18.6,18.6,15.1,18.6,17.1,18.1,17.6,16.1,18.7,18.1,17.6,15.6,18.6,18.1,17.6,17.5,18.1
8/19/17 1:59,2:00,15.1,17.6,16.5,18.1,16.1,16.6,18.6,18.1,18.1,18.1,14.1,18.1,17.1,17.6,17.6,15.6,18.2,18.1,17.6,15.6,18.1,17.6,17.6,18,17.6
8/19/17 2:59,3:00,14.6,16.6,15.5,17.1,15.6,16.1,17.6,17.1,17.6,17.6,14.1,17.6,16.1,17.1,17.1,15.1,17.7,17.1,17.6,15.1,17.6,17.1,16.6,17,16.6
8/19/17 3:59,4:00,14.1,16.6,15.5,17.1,14.6,15.1,17.6,17.1,17.1,17.1,13.6,17.1,16.6,16.6,16.6,14.6,17.2,17.1,17.1,14.6,16.6,16.6,16.1,17,16.1
8/19/17 4:59,5:00,13.6,16.1,15,16.6,14.1,14.1,17.1,16.6,16.6,17.1,12.6,16.6,16.1,16.6,16.6,13.6,16.7,16.6,16.6,14.1,16.1,16.1,16.1,16.5,16.6
8/19/17 5:59,6:00,13.1,16.1,14.5,16.6,14.6,14.1,16.6,16.1,16.6,17.1,12.1,16.6,15.6,16.1,16.1,13,16.2,16.6,16.1,14.1,16.6,16.1,16.1,16.5,15.6
8/19/17 6:59,7:00,13.1,15.1,14,16.1,15.1,14.1,16.1,16.1,15.6,16.6,13.1,16.1,15.1,15.1,15.6,13.6,15.6,16.1,15.6,13.1,15.6,15.6,15.1,16,16.1
8/19/17 7:59,8:00,14.1,15.6,14,15.6,15.6,14.1,16.1,16.1,16.1,16.1,13.6,15.6,16.6,17.6,16.1,13.6,15.6,16.1,16.6,13.6,16.1,15.6,16.1,17.5,17.6
8/19/17 8:59,9:00,19.6,20.6,14.5,16.1,16.1,15.1,17.1,18.6,17.1,17.6,15.6,16.6,25.6,18.1,18.6,15.6,16.7,16.6,19.1,14.6,16.6,18.1,17.1,25,17.6
8/19/17 9:59,10:00,23.1,21.1,15.5,17.6,18.1,16.1,18.1,21.7,17.6,19.1,17.1,17.1,22.1,19.1,21.6,17.1,17.2,20.6,18.1,15.1,17.1,20.6,19.1,28.5,19.1
8/19/17 10:59,11:00,23.6,20.6,18.5,19.1,19.6,18.1,19.6,22.7,19.6,21.1,27.6,18.6,23.1,19.6,23.6,18.6,18.2,20.6,18.1,16.1,18.6,20.1,23.6,26,21.1
8/19/17 11:59,12:00,22.1,25.1,20.5,21.6,21.6,26.6,20.6,23.7,21.1,22.6,27.6,19.6,23.6,21.1,24.1,20.1,19.7,21.1,19.6,17.6,21.1,22.1,23.1,25,22.6
8/19/17 12:59,13:00,22.6,27.6,21.5,22.6,26.6,26.1,23.1,26.2,23.1,23.6,28.6,21.1,25.6,22.6,24.1,21.1,21.7,23.1,22.1,19.6,22.6,27.1,24.1,24.5,24.1
8/19/17 13:59,14:00,24.1,27.6,24,24.1,31.1,26.6,24.6,26.2,24.6,24.6,29.1,23.1,26.6,25.1,25.6,23.1,22.7,25.1,23.1,20.6,24.1,24.6,25.1,26,25.6
8/19/17 14:59,15:00,26.1,26.6,24,26.1,35.1,27.1,25.6,26.2,25.6,25.1,31.1,24.6,26.1,26.6,27.6,23.6,24.7,27.6,26.1,21.6,27.6,29.1,24.6,26.5,27.1
8/19/17 15:59,16:00,26.1,27.1,22.5,27.1,35.6,32.1,28.1,26.2,26.6,25.6,31.6,25.1,26.1,27.1,27.6,24.1,25.2,28.1,28.1,23.1,28.1,26.1,25.1,27.5,27.6
8/19/17 16:59,17:00,26.1,26.1,23,26.6,24.6,29.1,28.1,25.7,27.1,25.6,29.6,25.1,25.6,27.6,26.1,24.1,26.2,27.6,27.1,23.1,27.6,26.1,25.1,27.5,27.1
8/19/17 17:59,18:00,25.1,25.1,22.5,26.1,24.6,28.1,28.6,25.7,26.1,25.6,27.1,25.6,24.6,27.6,25.6,23.6,25.2,27.6,26.1,22.6,26.6,26.6,24.6,28,26.1
8/19/17 18:59,19:00,23.6,23.6,21.5,24.1,23.1,25.6,27.1,24.2,24.1,24.6,24.1,24.1,23.1,25.6,24.1,22.1,24.2,24.6,24.1,21.1,24.6,24.1,23.6,26,24.6
8/19/17 19:59,20:00,22.1,22.1,21,23.1,22.1,23.1,24.1,22.7,23.1,23.1,22.1,23.1,22.1,22.6,22.6,21.6,22.7,22.6,22.6,20.1,23.6,22.6,22.6,23,23.1
8/19/17 20:59,21:00,19.6,20.6,19.5,21.6,20.1,20.1,22.1,21.7,21.6,21.6,19.1,21.6,20.6,21.1,21.1,19.1,21.2,21.6,21.1,18.6,21.6,21.1,20.6,21,21.1
8/19/17 21:59,22:00,18.1,19.1,18,20.1,19.1,18.6,20.6,20.1,20.1,20.1,17.6,20.1,19.1,19.6,19.6,18.1,19.7,20.1,19.6,17.1,20.6,19.6,19.1,19.5,19.6
8/19/17 22:59,23:00,16.6,18.1,16.5,18.6,17.1,17.1,19.1,18.6,18.6,18.6,16.1,19.1,18.1,18.1,18.6,16.6,18.2,18.6,18.6,15.6,19.1,18.1,17.6,18.5,18.1
8/19/17 23:59,0:00,15.1,17.1,16,17.6,16.1,15.6,18.1,17.6,17.6,18.1,14.1,17.6,16.1,17.1,17.1,15.1,17.7,17.6,17.1,15.1,18.1,17.1,16.6,17,17.1
8/20/17 0:59,1:00,14.1,16.1,15,16.6,15.1,15.1,17.6,16.6,17.1,17.1,13.6,17.1,15.6,16.6,16.1,14.6,16.7,16.6,16.1,14.6,17.1,16.1,16.1,16,16.1
8/20/17 1:59,2:00,13.1,15.1,14.5,16.1,14.6,14.6,16.6,16.1,16.1,16.6,12.6,16.6,14.1,15.6,15.6,13.6,16.2,16.1,15.1,14.1,16.6,15.6,15.6,15.5,16.1
8/20/17 2:59,3:00,13.1,14.1,14,15.1,14.1,14.1,16.1,15.1,16.1,16.1,12.6,15.6,13.6,15.1,14.6,14.1,15.6,15.1,14.1,13.6,16.1,15.1,15.1,15,15.1
8/20/17 3:59,4:00,12.6,13.6,13,14.6,14.1,13.6,15.6,14.6,15.6,15.6,12.1,15.1,12.6,15.1,13.6,13,14.6,14.6,13.6,13.1,15.6,14.1,14.6,14,14.6
8/20/17 4:59,5:00,12.6,13.6,13,14.1,14.1,14.1,15.1,14.1,15.1,15.1,11.6,14.1,12.1,14.6,14.1,13,14.6,14.1,13.1,12.6,15.1,14.1,14.1,13.5,14.1
8/20/17 5:59,6:00,12.1,12.6,12.5,13.6,13.6,13.1,14.6,13.6,14.1,14.6,11.1,13.6,11.6,14.1,13.6,12.5,14.1,13.6,12.6,11.6,14.6,13.6,13.6,13,13.6
8/20/17 6:59,7:00,13.1,13.1,12.5,13.6,13.6,13.6,14.6,14.1,14.6,15.1,11.6,14.1,13.6,14.6,14.1,12.5,14.1,14.1,13.1,12.1,15.1,13.6,14.1,14.5,14.6
8/20/17 7:59,8:00,14.1,14.6,12.5,14.6,14.1,14.1,15.1,15.1,15.1,15.6,13.1,14.6,15.6,15.6,14.6,13.6,14.1,14.6,14.6,12.6,15.1,14.6,14.6,16.5,15.6
8/20/17 8:59,9:00,18.6,18.1,14,15.6,16.1,15.6,16.6,17.1,16.6,17.6,16.1,16.1,20.6,17.6,17.6,15.6,16.2,16.6,16.6,14.6,16.1,17.1,16.6,20.5,17.1
8/20/17 9:59,10:00,19.1,18.6,15,16.6,17.1,17.1,17.1,18.1,17.1,18.1,18.1,16.6,18.1,18.1,19.1,16.1,17.2,17.6,16.6,14.6,17.1,17.6,18.1,22.5,18.6
8/20/17 10:59,11:00,20.6,19.6,17,18.1,19.1,19.6,18.6,19.6,18.6,19.6,23.1,18.1,20.6,18.6,20.6,18.1,17.7,19.6,18.1,15.6,18.1,20.1,19.1,23,18.6
8/20/17 11:59,12:00,21.6,26.6,20,21.6,21.6,25.6,21.1,23.7,21.6,22.6,27.6,19.6,22.6,21.6,24.1,20.1,19.7,21.1,19.1,18.1,21.1,22.1,22.6,25,22.1
8/20/17 12:59,13:00,23.6,27.1,22,23.6,25.6,26.1,23.1,26.2,23.6,24.6,27.1,22.1,25.1,23.6,24.6,22.1,21.7,23.6,21.6,20.6,23.1,26.6,24.6,25,24.6
8/20/17 13:59,14:00,25.1,27.6,23.5,25.6,31.1,28.1,25.6,27.2,25.6,25.6,31.1,24.1,26.1,26.1,26.6,23.6,24.7,27.1,23.6,21.6,26.1,27.1,26.6,27,27.6
8/20/17 14:59,15:00,26.1,27.1,24.5,26.1,29.1,28.1,26.6,26.7,26.6,27.1,29.1,26.1,27.6,27.6,27.6,24.1,26.2,26.6,25.6,23.1,27.1,28.1,26.6,29,27.6
8/20/17 15:59,16:00,25.6,25.6,23.5,25.1,25.6,26.6,26.1,26.2,25.6,26.1,27.1,26.1,26.6,26.1,26.6,24.1,25.7,25.6,25.1,23.1,26.6,26.1,26.1,27.5,26.6
8/20/17 16:59,17:00,27.6,27.1,24,27.1,26.6,29.1,29.6,27.2,27.1,27.1,30.1,26.6,27.1,27.1,27.6,25.1,26.2,29.1,27.1,24.1,28.1,27.6,26.1,29,28.1
8/20/17 17:59,18:00,26.1,26.1,23.5,26.6,26.1,28.1,27.1,26.7,26.1,27.1,28.1,26.1,26.1,28.1,27.1,24.6,25.7,29.1,26.1,23.1,26.6,26.6,25.6,27.5,28.1
8/20/17 18:59,19:00,24.1,25.1,22.5,24.6,23.6,26.1,29.6,25.2,25.1,25.1,24.6,25.1,24.6,26.6,25.1,23.1,24.7,25.1,25.1,22.1,25.6,25.6,24.6,26,26.1
8/20/17 19:59,20:00,22.6,23.1,22,23.1,22.1,24.1,24.6,24.2,24.1,24.1,22.6,24.6,22.1,24.1,23.6,22.1,23.7,23.6,23.1,21.6,24.6,24.1,24.1,23.5,24.1
8/20/17 20:59,21:00,21.1,22.6,21.5,22.6,21.1,22.6,24.1,23.2,23.1,23.1,20.1,23.6,21.1,23.1,23.1,20.6,23.2,22.6,22.1,21.1,23.6,23.1,22.6,22.5,23.1
8/20/17 21:59,22:00,20.1,21.1,20,22.1,20.1,21.1,22.6,22.2,22.1,22.1,19.1,22.1,21.1,21.6,21.6,19.6,21.7,21.6,20.6,19.6,22.1,21.6,21.1,21.5,21.6
8/20/17 22:59,23:00,18.6,20.1,19,20.1,19.1,19.6,21.1,21.2,21.1,21.1,17.6,20.6,19.6,20.6,20.6,18.6,20.7,20.6,20.1,18.6,21.1,20.6,20.1,20.5,20.6
8/20/17 23:59,0:00,17.6,19.1,18,19.1,18.6,18.6,20.6,19.6,20.1,20.6,16.6,20.1,18.1,19.6,19.1,17.6,19.7,19.6,19.1,18.1,20.1,19.6,19.1,19.5,19.6
8/21/17 0:59,1:00,16.6,18.1,17.5,18.6,18.1,17.6,19.6,19.1,19.6,19.6,15.6,19.1,17.1,19.1,18.6,17.1,19.2,18.6,17.6,17.1,19.6,18.6,18.6,18.5,19.1
8/21/17 1:59,2:00,15.6,17.1,16.5,18.6,17.1,17.1,18.6,18.1,18.6,19.1,15.1,18.6,16.1,18.1,18.1,16.6,18.2,18.6,17.1,16.6,19.1,17.6,18.1,17.5,18.6
8/21/17 2:59,3:00,15.6,16.1,16,17.1,16.6,16.6,18.1,17.6,18.1,18.6,14.6,18.1,15.1,17.6,17.1,16.1,17.7,17.6,16.6,16.1,18.6,17.1,17.1,16.5,17.6
8/21/17 3:59,4:00,14.6,16.1,15.5,16.6,16.6,16.1,17.6,16.6,17.6,18.1,14.1,17.1,14.6,17.1,16.6,15.6,16.7,17.1,15.6,15.6,18.1,16.6,16.6,16,17.6
8/21/17 4:59,5:00,15.1,15.1,15,16.1,16.1,16.1,17.1,16.1,17.1,17.6,14.1,17.1,14.1,16.6,16.1,15.1,16.7,16.6,15.1,15.1,17.6,16.1,16.1,15.5,17.1
8/21/17 5:59,6:00,14.6,14.6,14.5,16.1,15.6,15.6,16.6,15.6,16.6,17.1,13.6,16.6,13.6,16.1,15.6,14.6,16.2,16.6,15.1,14.6,17.1,15.6,16.1,15.5,16.6
8/21/17 6:59,7:00,14.6,14.6,14.5,15.6,15.6,15.6,16.6,15.6,16.6,17.1,13.6,15.6,14.1,16.1,16.1,14.6,16.2,15.6,15.1,14.6,16.6,15.6,16.1,16,17.1
8/21/17 7:59,8:00,20.6,17.1,15,16.6,16.6,16.1,17.6,18.6,17.1,18.6,15.1,17.1,20.1,18.6,17.1,15.1,17.2,17.1,18.1,15.1,17.1,16.6,17.1,24,19.1
8/21/17 8:59,9:00,23.1,23.1,16,17.6,17.6,17.1,19.1,21.7,18.6,19.6,17.6,18.1,27.1,20.1,21.1,17.1,18.2,18.6,20.6,16.6,18.1,20.1,18.6,26,19.6
8/21/17 9:59,10:00,21.6,20.6,17,19.1,19.1,18.1,19.6,21.2,19.1,20.1,18.6,19.1,20.6,20.1,21.1,18.6,19.2,20.6,19.1,17.1,19.1,20.6,19.6,24.5,20.1
8/21/17 10:59,11:00,21.6,19.6,18,18.6,19.1,18.1,19.6,20.6,19.6,20.6,22.1,19.1,21.1,20.1,21.1,18.1,19.2,20.6,18.1,16.6,19.6,19.6,21.1,22.5,20.6
8/21/17 11:59,12:00,24.1,27.1,22.5,23.6,23.6,26.6,22.6,24.7,23.6,24.1,29.6,22.1,25.1,23.1,26.1,21.6,21.7,24.1,21.6,20.1,23.1,24.6,25.1,26.5,24.1
8/21/17 12:59,13:00,25.6,30.1,25,26.1,28.6,31.1,25.1,28.7,26.1,26.6,32.1,23.6,28.1,25.1,27.1,24.1,23.7,26.6,24.6,22.6,25.6,30.1,26.6,28.5,26.1
8/21/17 13:59,14:00,28.1,32.1,27,27.6,35.1,32.1,27.1,29.7,27.6,27.1,33.1,26.1,29.6,27.1,29.1,26.1,25.7,28.6,27.1,24.1,28.1,28.6,28.1,30,28.6
8/21/17 14:59,15:00,30.1,31.6,28,30.1,40.1,31.1,30.1,30.2,29.6,28.6,35.1,28.1,30.6,30.6,31.6,27.6,28.7,31.1,30.6,26.1,31.6,35.6,29.1,31,31.6
8/21/17 15:59,16:00,31.6,33.1,27.5,32.6,42.6,37.6,33.1,31.6,32.1,30.1,36.6,30.6,31.6,32.6,32.6,29.1,30.2,34.1,34.1,28.1,33.1,32.6,30.1,33,32.6
8/21/17 16:59,17:00,31.6,32.6,28.5,32.6,30.6,34.1,34.6,32.1,33.1,31.1,35.1,31.1,31.1,34.1,32.1,29.1,31.7,34.6,34.1,28.6,33.1,32.6,30.6,34,33.1
8/21/17 17:59,18:00,31.1,31.1,28.5,31.6,30.1,34.6,34.1,31.6,31.1,30.6,33.1,31.1,30.1,33.1,31.6,28.6,31.2,33.1,33.1,28.6,32.1,32.1,30.6,33.5,32.6
8/21/17 18:59,19:00,29.6,30.1,27.5,30.1,28.1,32.1,33.6,30.2,30.1,30.6,30.1,30.6,28.1,31.6,30.1,27.1,30.2,30.6,29.6,27.1,30.6,30.6,29.6,33,30.6
8/21/17 19:59,20:00,27.1,28.1,26.5,28.6,26.1,28.6,29.1,28.7,28.6,28.6,26.1,29.1,26.1,28.1,28.1,25.6,28.2,28.6,27.6,26.1,28.6,28.6,28.1,28,28.1
8/21/17 20:59,21:00,24.1,26.6,25,27.6,25.6,26.6,27.6,27.2,27.1,27.1,23.1,27.6,24.6,26.6,26.6,24.6,26.2,27.1,26.1,25.1,27.6,27.1,26.1,26.5,26.6
8/21/17 21:59,22:00,23.1,24.6,24,26.1,23.1,25.1,26.1,25.7,26.1,26.6,22.1,26.6,22.6,25.6,25.1,24.1,25.2,25.6,24.1,24.1,26.6,25.6,25.1,25.5,25.6
8/21/17 22:59,23:00,22.1,23.1,23,24.6,22.1,24.6,25.1,24.2,25.1,25.1,21.1,25.1,21.6,24.6,23.6,22.1,24.2,24.6,22.6,23.1,25.6,24.1,24.1,23.5,24.6
8/21/17 23:59,0:00,21.1,21.6,22,22.6,21.1,23.1,24.1,22.7,23.6,23.6,20.6,23.6,20.6,23.6,22.1,21.1,22.2,23.6,22.1,22.6,24.6,23.1,23.1,21.5,23.6
8/22/17 0:59,1:00,20.1,20.6,21,21.6,20.1,22.1,22.1,21.2,21.6,21.6,20.1,19.6,19.6,22.1,20.6,20.6,20.7,21.1,21.1,21.6,23.1,21.6,21.6,20,22.6
8/22/17 1:59,2:00,20.6,18.6,21,20.6,19.6,21.6,20.6,20.1,21.6,20.1,19.6,18.1,18.6,20.6,19.1,20.1,19.7,19.6,20.1,20.6,22.1,20.1,20.6,19,20.6
8/22/17 2:59,3:00,19.6,17.6,20,19.6,18.6,20.6,19.6,19.1,20.1,19.1,18.6,17.1,17.6,19.6,18.1,19.6,19.2,19.1,19.1,20.1,22.1,19.1,19.6,17.5,20.1
8/22/17 3:59,4:00,18.1,17.1,19.5,18.6,18.1,20.6,19.1,18.1,19.1,18.6,18.1,16.6,17.1,19.1,17.1,19.1,17.7,18.1,18.6,20.1,21.1,18.6,19.1,17,19.1
8/22/17 4:59,5:00,18.1,16.1,19,18.1,17.6,20.1,18.6,17.1,18.6,18.1,17.6,16.1,16.1,18.6,16.6,18.1,16.7,17.6,18.1,19.6,19.6,17.6,18.6,16,18.6
8/22/17 5:59,6:00,17.6,16.1,19,16.6,16.6,19.6,17.6,16.6,18.1,17.1,16.6,15.6,16.1,18.1,16.1,17.6,16.2,16.6,18.1,19.1,19.1,17.6,18.6,15.5,18.1
8/22/17 6:59,7:00,17.6,15.6,18.5,16.1,16.1,19.1,17.1,16.6,17.6,17.1,18.1,15.1,15.6,18.1,16.1,17.6,16.2,16.6,17.1,18.6,18.6,17.1,18.1,15.5,18.1
8/22/17 7:59,8:00,20.6,18.6,19,17.1,17.6,19.6,18.6,19.1,18.1,18.6,19.1,16.6,19.6,20.6,18.6,18.6,17.7,17.6,18.6,18.6,19.6,18.6,19.6,21.5,20.1
8/22/17 8:59,9:00,22.1,23.1,19,19.6,20.1,19.1,20.6,22.2,20.1,21.1,19.6,19.1,25.6,22.1,22.6,19.6,19.7,20.1,21.1,18.6,20.6,22.6,21.1,25,21.1
8/22/17 9:59,10:00,25.1,25.1,20.5,21.6,22.1,20.6,22.1,23.7,22.1,23.6,21.6,21.6,24.6,23.6,25.6,21.1,22.2,23.6,22.6,19.1,22.6,25.1,24.1,27.5,22.6
8/22/17 10:59,11:00,26.6,25.6,23,23.1,23.6,22.6,23.6,26.7,24.1,26.1,29.6,23.6,27.1,25.1,27.6,23.6,23.7,25.1,23.1,21.1,24.1,26.1,29.1,27.5,25.6
8/22/17 11:59,12:00,25.6,31.6,25,27.1,25.6,31.6,25.1,28.2,25.6,27.6,32.1,25.1,27.6,27.1,30.1,24.6,24.7,26.6,24.6,22.1,27.6,29.1,28.6,29,28.1
8/22/17 12:59,13:00,27.1,33.6,27.5,28.1,30.6,31.1,27.6,30.2,27.6,29.6,33.1,27.1,30.1,28.6,30.1,26.1,26.7,28.6,27.1,24.1,29.1,32.6,29.6,29,29.6
8/22/17 13:59,14:00,28.1,34.1,28.5,30.1,34.6,30.1,29.6,30.2,29.1,29.1,34.1,28.1,31.1,29.6,31.6,27.1,28.2,30.6,28.1,25.6,31.6,32.1,30.6,31.5,31.6
8/22/17 14:59,15:00,29.1,33.6,29.5,31.1,37.6,33.1,30.6,31.1,30.1,30.1,34.1,29.1,31.1,31.6,34.1,27.6,28.7,32.1,30.1,26.6,35.1,36.6,30.1,30.5,31.6
8/22/17 15:59,16:00,30.1,32.1,27.5,32.6,40.1,36.6,32.1,31.1,31.6,29.6,35.1,29.6,31.1,33.1,33.1,28.6,29.7,34.1,32.6,28.1,34.6,32.6,29.6,32,32.1
8/22/17 16:59,17:00,30.1,31.6,27.5,33.1,30.1,32.6,34.1,31.1,32.1,30.1,34.6,30.1,30.1,33.1,31.1,29.6,30.2,34.1,32.1,27.6,33.6,32.6,30.1,32.5,32.1
8/22/17 17:59,18:00,30.1,30.1,27.5,31.6,28.6,34.6,34.6,30.6,30.6,30.1,32.6,30.1,29.1,32.6,31.1,28.6,29.7,33.1,31.6,27.1,31.1,32.6,29.1,33,30.1
8/22/17 18:59,19:00,28.1,28.6,26.5,29.1,27.1,32.1,33.6,29.7,28.6,29.1,29.1,29.1,28.1,30.1,29.6,26.6,28.7,29.6,29.1,25.1,28.6,29.6,28.1,33,28.6
8/22/17 19:59,20:00,25.6,26.6,25,27.1,25.6,27.1,28.1,27.7,27.1,27.1,25.6,27.1,26.1,26.1,27.1,25.1,26.7,26.6,27.1,23.6,27.1,27.1,26.1,27,25.6
8/22/17 20:59,21:00,23.6,25.1,23.5,25.1,23.1,25.1,26.1,25.7,25.1,25.1,22.6,25.6,23.6,24.6,25.1,23.1,24.2,25.1,25.1,21.6,25.1,25.1,24.1,25,23.6
8/22/17 21:59,22:00,22.1,22.6,21.5,23.6,22.1,23.1,24.1,23.7,23.6,23.6,21.1,23.6,22.1,22.6,23.1,21.6,23.2,23.1,22.1,20.1,23.1,23.6,22.6,23.5,22.1
8/22/17 22:59,23:00,20.1,21.1,20,22.1,20.6,21.6,22.6,22.2,21.6,22.1,20.1,22.1,20.6,21.1,21.6,20.1,21.7,21.6,21.6,19.1,22.1,22.1,20.6,21.5,21.1
8/22/17 23:59,0:00,19.1,20.1,19,20.6,19.1,20.6,21.1,21.2,21.1,21.1,18.6,21.1,19.1,20.1,20.6,19.1,20.2,20.6,20.1,19.6,21.1,20.6,19.6,20,20.1
8/23/17 0:59,1:00,18.6,18.6,18,19.6,18.1,20.1,20.6,20.1,19.6,20.1,18.1,19.6,18.1,19.1,19.1,18.6,18.7,19.1,19.1,17.6,20.1,19.6,18.6,19.5,19.1
8/23/17 1:59,2:00,18.1,18.1,17.5,18.6,17.6,19.1,19.6,19.1,19.1,19.6,17.6,18.6,17.6,18.6,18.1,18.1,18.2,18.6,18.1,17.6,19.1,18.6,18.1,18.5,18.1
8/23/17 2:59,3:00,17.1,17.1,16.5,18.1,17.1,18.6,19.1,18.1,18.6,19.1,17.1,18.1,17.1,18.1,18.1,17.6,17.7,18.1,17.6,16.1,18.6,17.6,17.6,18,17.6
8/23/17 3:59,4:00,16.6,16.1,15.5,17.1,16.6,17.6,18.1,17.1,17.6,17.6,16.1,17.1,16.6,17.1,17.1,16.6,17.2,17.1,17.1,14.6,17.6,16.6,16.6,16.5,16.6
8/23/17 4:59,5:00,15.6,15.6,15,16.6,16.1,16.6,17.1,16.6,17.1,17.1,15.6,16.6,15.6,16.6,16.1,15.6,16.7,16.6,16.6,14.6,17.1,16.1,16.1,16,16.1
8/23/17 5:59,6:00,15.1,16.1,15,16.6,15.6,15.6,17.6,16.6,16.6,17.1,14.6,16.6,16.1,16.6,16.1,15.6,17.2,16.6,16.6,14.1,17.1,16.1,16.1,16.5,16.1
8/23/17 6:59,7:00,15.1,15.6,15,16.6,16.1,15.6,17.1,16.6,17.1,17.1,15.1,16.6,16.1,17.1,16.6,15.6,17.2,16.6,16.6,14.1,17.1,16.1,16.6,16.5,16.6
8/23/17 7:59,8:00,15.6,16.6,15.5,17.1,16.6,16.1,17.6,17.1,17.6,17.6,16.1,17.1,16.6,17.1,17.1,15.6,17.7,17.1,17.1,14.1,17.1,16.6,17.1,17,17.1
8/23/17 8:59,9:00,17.1,17.6,16,17.6,17.6,17.1,18.1,17.6,18.1,18.6,17.6,17.6,17.6,18.1,18.1,16.6,18.2,18.1,17.1,15.6,17.6,17.6,18.1,18.5,18.6
8/23/17 9:59,10:00,17.1,18.6,16.5,18.1,18.6,17.6,19.1,18.1,18.6,19.1,18.1,18.6,18.1,18.1,18.6,16.6,18.7,18.6,17.6,16.1,18.6,18.6,18.6,19.5,20.6
8/23/17 10:59,11:00,20.1,20.6,18,19.6,20.6,20.1,19.6,20.1,20.1,20.6,22.1,19.6,20.1,20.1,20.6,18.6,19.7,20.1,19.1,18.6,20.1,20.6,20.6,22,22.6
8/23/17 11:59,12:00,22.1,23.1,21,22.6,23.1,22.6,22.1,22.2,22.6,24.1,25.6,22.1,21.6,22.6,23.6,20.6,21.2,22.6,20.1,19.6,22.6,22.6,23.1,23.5,23.1
8/23/17 12:59,13:00,23.1,24.6,22,23.6,26.1,24.6,23.6,24.7,23.6,26.1,28.1,23.1,24.1,24.1,24.6,22.1,22.2,25.1,21.6,21.1,24.6,25.1,25.6,25,24.6
8/23/17 13:59,14:00,25.6,26.1,23.5,25.1,25.6,27.1,25.6,25.7,24.6,25.6,29.1,24.6,25.6,26.1,27.1,23.6,24.2,25.1,23.6,22.6,25.6,26.6,26.6,26,27.1
8/23/17 14:59,15:00,26.1,28.6,24.5,26.1,29.6,30.6,26.6,26.7,26.1,26.6,31.1,25.6,27.1,27.6,28.1,24.6,25.2,26.1,24.6,24.1,28.6,30.1,27.1,28.5,28.1
8/23/17 15:59,16:00,26.6,27.1,24.5,27.1,28.1,30.1,27.6,27.2,27.6,27.6,29.1,26.6,27.1,29.1,27.6,25.1,26.2,27.1,26.1,25.1,29.1,28.1,28.1,28.5,28.6
8/23/17 16:59,17:00,27.1,27.6,25,27.6,27.6,31.6,29.1,27.2,27.6,27.6,31.6,26.6,27.6,29.1,28.6,26.1,27.2,27.6,26.6,25.6,28.6,28.6,28.1,28,28.1
8/23/17 17:59,18:00,27.1,27.1,25,26.6,26.6,31.1,29.6,27.2,27.6,27.6,29.6,26.6,26.6,29.1,27.6,26.1,28.2,27.1,26.6,25.6,29.1,28.1,28.1,28,28.1
8/23/17 18:59,19:00,25.1,25.1,23.5,25.1,24.1,26.6,26.6,26.2,26.1,25.6,25.1,25.1,24.6,26.1,25.6,24.6,25.7,25.1,25.6,23.1,27.1,26.6,25.6,26,25.6
8/23/17 19:59,20:00,23.6,23.6,22.5,24.1,23.1,24.6,25.1,24.7,24.1,24.6,22.6,24.6,23.1,23.6,24.1,23.1,23.2,24.1,24.1,21.6,24.6,24.1,23.1,24,23.6
8/23/17 20:59,21:00,21.6,22.1,20.5,22.1,21.6,22.6,23.1,22.7,22.6,22.6,21.6,22.6,21.6,21.6,22.6,21.1,22.2,22.1,22.1,19.6,22.6,22.6,21.6,22,22.1
8/23/17 21:59,22:00,20.6,20.6,19.5,21.6,20.6,21.1,21.6,21.2,21.6,22.1,20.1,21.6,20.6,21.1,21.1,20.1,21.2,21.1,21.1,19.1,21.6,21.1,21.1,21,21.1
8/23/17 22:59,23:00,19.6,19.6,18.5,20.6,19.6,20.1,20.6,20.1,20.6,20.6,19.6,20.6,19.6,19.6,20.1,19.6,20.2,20.1,19.6,17.6,20.6,19.6,19.6,20,19.6
8/23/17 23:59,0:00,18.1,18.6,17.5,19.1,18.6,18.6,19.6,19.1,19.6,19.6,18.1,19.6,18.6,19.1,19.1,18.6,19.7,19.1,19.1,17.1,19.6,19.1,19.1,19,19.1
8/24/17 0:59,1:00,18.1,18.6,17.5,19.1,18.6,18.1,19.6,19.1,19.1,19.6,17.6,19.1,18.6,19.1,18.6,18.1,19.2,19.1,18.6,17.1,19.6,18.6,19.1,18.5,19.1
8/24/17 1:59,2:00,18.1,18.6,17,19.1,18.6,18.1,19.1,18.6,19.1,19.6,17.6,19.1,18.1,19.1,18.6,18.1,19.2,19.1,18.6,16.6,19.1,18.6,19.1,18.5,19.1
8/24/17 2:59,3:00,17.1,17.6,17,18.6,18.1,17.6,19.1,18.6,19.1,19.1,17.1,18.6,17.6,18.6,18.1,17.6,18.7,18.6,18.1,16.1,19.1,18.1,18.1,18,18.1
8/24/17 3:59,4:00,16.6,17.6,16.5,18.6,17.6,16.6,18.6,18.1,18.1,18.6,16.6,18.6,17.6,17.6,18.1,16.6,17.7,18.6,17.6,15.1,18.1,17.6,17.6,18,17.6
8/24/17 4:59,5:00,16.1,17.1,15.5,17.6,16.6,16.1,17.6,17.6,17.6,18.1,15.6,17.6,17.1,17.1,17.6,16.1,17.2,17.6,17.1,14.6,17.6,17.1,17.1,17.5,17.1
8/24/17 5:59,6:00,15.1,16.1,15,17.1,16.1,15.6,17.1,17.1,17.1,17.6,15.1,17.1,16.1,16.6,16.6,15.1,16.7,17.1,16.6,14.1,17.1,16.6,16.6,17,16.6
8/24/17 6:59,7:00,15.6,16.1,14.5,16.6,16.1,15.6,17.1,16.6,16.6,17.1,15.6,17.1,16.1,16.1,16.6,15.6,16.7,16.6,16.6,14.1,17.1,16.1,16.1,16.5,16.6
8/24/17 7:59,8:00,15.6,16.1,15,16.6,16.1,15.6,16.6,16.6,16.6,17.1,16.1,17.1,16.1,16.6,16.6,15.6,16.7,16.6,16.1,14.1,16.6,16.1,16.1,17,16.1
8/24/17 8:59,9:00,17.1,19.6,15.5,17.1,17.1,17.1,17.6,18.6,17.1,18.1,18.1,17.1,18.6,17.1,18.6,16.1,17.2,17.1,17.1,14.6,17.1,18.1,17.1,22,18.1
8/24/17 9:59,10:00,18.1,20.1,16,17.6,18.6,18.6,18.1,19.6,18.1,19.1,19.6,18.1,19.6,19.1,20.1,17.1,17.7,18.6,18.1,15.6,18.6,19.6,18.6,23.5,19.6
8/24/17 10:59,11:00,21.1,20.6,18.5,19.1,21.1,19.6,19.6,21.7,20.1,21.1,25.1,19.1,21.1,20.6,21.1,18.6,19.2,20.1,19.6,17.1,19.1,20.6,22.6,24,23.1
8/24/17 11:59,12:00,22.1,26.1,20.5,23.6,22.6,21.1,21.1,23.7,21.6,23.1,24.6,20.1,24.1,26.1,23.6,19.6,20.7,21.6,20.1,18.1,22.1,22.1,25.6,26,25.6
8/24/17 12:59,13:00,22.6,27.6,21.5,22.6,25.1,25.6,22.6,25.2,23.1,24.6,25.1,21.1,24.1,25.1,24.1,21.1,24.7,24.1,21.1,18.6,23.6,25.1,24.6,24.5,24.6
8/24/17 13:59,14:00,23.1,26.1,23,24.6,28.1,25.1,24.1,24.7,23.6,24.1,30.6,21.6,26.1,24.1,26.1,22.1,24.7,25.6,22.1,19.6,23.6,26.1,24.1,25,24.1
8/24/17 14:59,15:00,24.6,26.6,22.5,25.1,35.6,26.1,24.6,24.7,24.6,23.6,28.6,22.1,24.6,22.1,27.1,22.1,22.2,26.6,23.1,20.1,26.1,31.1,22.1,24.5,21.6
8/24/17 15:59,16:00,24.1,25.1,20.5,26.1,35.1,34.1,26.6,24.2,25.1,23.6,28.1,23.1,26.6,24.1,26.6,22.1,24.7,27.1,24.6,20.6,26.1,24.1,24.1,25,24.1
8/24/17 16:59,17:00,23.6,24.6,21,25.6,22.6,25.6,27.1,23.7,25.6,23.1,27.1,23.1,25.1,24.6,24.1,22.1,26.2,26.6,26.1,20.6,25.1,24.6,25.1,25.5,25.1
8/24/17 17:59,18:00,22.6,23.1,20.5,24.6,22.1,26.1,27.6,23.2,23.6,23.6,24.6,23.1,30.1,29.6,23.6,21.1,28.7,25.1,28.6,20.1,24.1,24.6,27.1,27.5,28.6
8/24/17 18:59,19:00,21.6,24.6,20,22.6,21.1,24.6,26.1,24.2,22.1,23.1,22.1,22.1,26.1,25.6,25.6,20.1,26.2,23.1,25.6,19.1,22.6,22.1,26.1,26,26.1
8/24/17 19:59,20:00,19.6,22.1,19,21.1,19.6,20.6,22.1,22.2,21.1,21.1,19.6,21.1,22.6,22.1,22.1,19.1,22.2,20.6,22.1,18.1,21.6,21.6,21.6,21.5,21.6
8/24/17 20:59,21:00,18.1,19.6,19.5,20.1,18.6,18.6,20.1,20.1,20.1,20.1,17.1,20.6,19.6,20.1,20.1,17.6,20.7,20.1,20.6,17.1,20.1,19.6,19.6,20,19.6
8/24/17 21:59,22:00,17.1,22.6,22.5,18.6,17.1,17.6,23.1,23.2,19.1,19.1,16.6,19.1,22.6,23.1,23.1,17.1,23.7,18.6,23.6,15.6,19.1,22.6,22.6,23,22.6
8/24/17 22:59,23:00,15.6,21.1,21,18.1,15.6,16.1,21.6,21.7,18.1,18.1,15.1,18.6,21.6,21.6,21.6,15.6,22.2,18.1,22.1,15.1,18.1,21.1,21.1,21.5,21.1