Date - Time,hour,H16,H17,H18,H19,H20,L16 ,L17,L18,L19,L20,M16,M17,M18,M19,M20,VH16,VH17,VH18,VH19,VH20,VL16,VL17,VL18,VL19,VL20
6/19/17 23:59,0:00,48.8,48.3,48.5,48.3,48.5,46.1,47.9,47.7,46.3,46.6,47.5,47.4,47.6,48,47.4,48.1,48.1,48.9,47.2,48.1,48.5,48.8,48.5,48.2,48.5
6/20/17 0:59,1:00,48.1,48.3,48.5,47.6,47.9,45.5,47.2,47,46.3,46,46.8,46,47,47.4,47.4,47.5,47.5,48.3,47.2,48.1,47.9,48.8,47.9,48.8,48.5
6/20/17 1:59,2:00,48.1,46.9,47.9,47.6,47.9,45.5,46.5,47,46.3,46,46.8,46,47,47.4,47.4,47.5,46.8,47.6,46.5,47.5,47.3,47.5,48.5,48.2,47
6/20/17 2:59,3:00,47.4,46.3,47.2,47.6,47.9,45.5,47.2,46.4,46.3,45.3,46.8,46,46.3,46.7,45.4,46.8,46.2,46.3,46.5,47.5,47.9,48.1,47.2,46.9,47
6/20/17 3:59,4:00,47.4,46.9,47.2,47.6,47.9,46,46.5,47,46.3,45.3,46.2,46.6,46.3,47.3,46.1,46.8,46.8,47.6,46.5,46.8,47.9,47.4,47.2,46.9,47.7
6/20/17 4:59,5:00,46.8,46.3,47.2,46.2,47.2,45.4,47.2,46.4,46.3,45.3,46.2,45.9,46.3,46.7,46.1,46.8,46.8,46.9,47.2,47.5,47.2,47.4,47.8,46.9,47
6/20/17 5:59,6:00,47.4,46.9,47.2,46.9,47.2,45.4,46.5,46.4,46.3,45.3,46.2,45.9,46.9,46.7,47.3,46.1,46.8,46.9,45.9,47.5,47.2,47.4,47.2,46.9,46.4
6/20/17 6:59,7:00,47.4,46.2,47.8,46.9,47.2,45.4,46.5,46.4,46.3,45.3,46.8,46.6,46.9,46.7,46.1,46.8,46.2,46.9,45.3,47.5,47.2,48,47.2,46.9,47
6/20/17 7:59,8:00,45.6,45.1,46,46.9,45.4,44.8,43.5,45.2,43.2,44.7,44.3,44.8,44.5,42.3,43,43.1,41.9,43.2,42.3,43.1,45.5,44.9,45.4,45.1,45.8
6/20/17 8:59,9:00,44.3,43.2,45.5,45.7,44.2,44.2,42.9,44,43.2,43.5,43.1,43.5,43.3,41.8,43,41.2,39.5,41.3,39.8,41.3,44.2,44.3,44.9,42.7,44
6/20/17 9:59,10:00,43.7,43.2,43,44.4,42.9,44.2,42.3,44,42.6,43.5,42.5,43,42.7,41.2,41.9,41.2,40.1,41.3,39.8,39.3,41.8,43.1,43.7,42.7,42.8
6/20/17 10:59,11:00,43.1,42.6,43.6,43.8,42.9,44.2,42.9,43.5,43.3,44.2,42.5,43.6,42.7,41.8,42.5,40.5,40.1,42,39.8,41.3,43,43.1,43,42.7,43.4
6/20/17 11:59,12:00,44.9,44.5,44.8,44.4,44.8,44.2,44.1,44,43.8,43.5,43.7,43.6,44.5,43.7,43.7,44.4,42.5,43.8,42.9,43.8,44.2,45,44.2,44.5,44.6
6/20/17 12:59,13:00,46.2,45.1,45.4,45.6,45.4,44.2,44.1,45.8,43.8,44.7,44.9,44.1,45.8,44.9,44.3,45.6,44.4,45.1,44.1,45.7,45.4,46.2,45.4,46.3,45.8
6/20/17 13:59,14:00,46.2,44.4,46,46.3,46,45.5,45.3,46.5,45.1,44.7,44.9,44.1,45.8,44.9,44.9,46.2,45.1,45.7,45.4,46.3,46,45.6,45.4,45.7,45.8
6/20/17 14:59,15:00,46.2,45.1,46,46.3,46,45.5,47.2,46.5,45.7,44.7,46.2,45.4,46.3,45.5,45.5,46.9,45.6,47,45.4,46.3,45.4,46.9,46.6,46.3,45.8
6/20/17 15:59,16:00,46.2,45.7,46.6,46.9,46.6,46.7,47.9,47.7,47.5,45.4,47.5,47.9,47.6,47.4,46.8,48.1,48.1,48.9,47.8,48.8,47.9,48.1,46.6,47,47
6/20/17 16:59,17:00,46.8,46.3,47.2,46.9,46.6,46.7,48.5,48.3,46.9,47.3,48.1,47.2,48.2,48.7,47.4,48.8,48.1,50.2,46.6,48.8,47.9,47.5,47.3,47.6,46.4
6/20/17 17:59,18:00,48.1,47.6,47.9,48.2,47.3,48,48.5,48.9,48.2,47.8,48.1,48.5,48.2,49.3,48,48.8,48.1,48.9,48.4,49.5,47.9,46.8,47.9,48.2,47.7
6/20/17 18:59,19:00,48.7,48.2,47.9,46.9,47.8,48.5,47.2,48.3,47,47.3,47.5,47.9,47.6,47.5,46.8,49.3,48.7,48.9,47.2,48.8,47.9,48.8,47.9,47.6,47.1
6/20/17 19:59,20:00,54.7,51.7,52,53,53.9,52,52,51.2,49.8,50.8,51.7,50.2,51.1,52.8,50.9,54.1,52.8,53.1,53.2,53.6,53.3,51.7,52,53.5,51.2
6/20/17 20:59,21:00,58.3,55.9,56.7,57,58.6,54.3,53.7,54.1,52.7,52.4,55.9,54.3,55.2,55.8,53.8,58.9,60,57.8,56.1,57.7,57.3,56.5,55.4,57.6,55.2
6/20/17 21:59,22:00,60,58.2,59,59.4,60.3,54.3,55.5,55.2,53.9,53.5,57,55.4,57.6,57.5,56.8,60,60,59,57.8,59.4,59,58.2,58.3,59.3,57
6/20/17 22:59,23:00,60.6,58.8,59.5,59.9,60.3,55.3,55.5,55.7,55,54.1,57.5,56.6,57.6,58,57.3,60,60.4,59.6,58.3,59.4,59.6,59.4,60,59.9,59.3
6/20/17 23:59,0:00,59.4,58.8,58.9,58.7,59.7,54.7,54.8,55.7,54.4,54.1,56.3,56,57.6,56.8,56.1,58.2,57.4,57.7,57.7,58.2,58.4,58.8,58.8,58,59.3
6/21/17 0:59,1:00,58.8,58.1,58.3,58.7,59.1,54,54.8,55.7,54.4,54.7,55.7,56,56.3,56.2,56.1,57.6,57.4,57.7,57.2,57.5,58.4,58.2,57.7,57.5,57.5
6/21/17 1:59,2:00,58.2,57.5,58.3,58.1,58.5,54,54.2,54.5,55,53.5,55.7,55.3,55,56.2,56.1,57.6,56.8,57.1,55.9,58.2,56.6,58.2,57.7,57.5,56.9
6/21/17 2:59,3:00,58.2,56.9,57.1,57.5,57.8,54,54.2,54.5,54.4,53.5,55,54.7,55.7,55,55.5,56.9,56.8,57.7,56.5,57.5,57.2,57.5,57,56.8,56.9
6/21/17 3:59,4:00,58.2,57.5,58.3,58.1,58.5,54,54.8,55.1,54.4,54.1,55.7,55.9,55,56.2,55.5,56.9,56.8,57.1,56.5,58.2,57.8,57.5,57.6,56.8,56.9
6/21/17 4:59,5:00,58.7,57.5,58.3,58.1,59,55.2,56,55.6,54.9,54.6,56.2,55.9,55.6,55.5,56.1,58.1,57.3,57.7,57.1,57.5,57.8,58.1,57.6,57.4,56.9
6/21/17 5:59,6:00,59.9,57.5,58.9,58.6,59.6,55.8,56,55.6,56.2,54.6,56.2,55.9,56.2,56.1,56.1,58.1,58,58.3,57.1,58.1,58.3,58.7,58.2,58,56.9
6/21/17 6:59,7:00,59.9,58.7,58.2,59.2,59,55.2,56.5,55.6,54.9,55.2,56.2,55.9,56.2,57.3,56.1,58.1,58,58.8,57.1,58.1,58.9,58.7,58.2,58,57.4
6/21/17 7:59,8:00,64.6,61,61.8,62.7,62.5,58.7,57.1,57.9,58.5,57.5,58,57.6,58,56.1,57.2,57.5,56.7,58.2,57.7,58.1,60.6,60.5,60.5,59.7,59.1
6/21/17 8:59,9:00,57.5,56.9,57.1,58.6,56,55.8,52.3,53.2,54.4,54.1,49.7,53.7,50.4,52.7,54.4,54,49,53.5,53,52.2,54.8,55.1,54.1,52.7,55.1
6/21/17 9:59,10:00,39.3,49.8,50,50.9,48.9,66.4,53.6,53.9,54.4,54.7,58.5,49.4,50.4,48.9,50.1,59.1,49.7,53,51.8,52.2,54.3,53.9,53.5,52.1,52.8
6/21/17 10:59,11:00,37.5,52.8,53.6,53.3,53.1,60.4,54.9,55.2,54.4,54.7,36.3,50,45.4,42.7,47.7,62.8,52.1,53.6,53,54,52.5,52.8,52.4,54.6,53.5
6/21/17 11:59,12:00,47.6,52.8,51.8,52.8,53.1,48.6,51.3,51.7,52.1,51.8,33.2,48.7,49.1,47,49.5,58,49.1,52.4,53,52.8,50.7,52.8,51.2,51.6,51.1
6/21/17 12:59,13:00,47,48,46.5,48.6,48.9,42.4,47.6,45.6,47.9,47,31.2,47.6,47.3,45.9,48.3,52.5,45.5,47.5,47.6,48.6,48.3,49.2,47.7,47.4,46.2
6/21/17 13:59,14:00,47,41.8,42.1,43.6,41.5,39.5,40.7,41.3,41.8,40.8,30.7,40.2,40,40.9,40.4,55.1,41.1,42.4,42.1,43,43.2,39.7,32.1,37.5,38.7
6/21/17 14:59,15:00,39.3,43.5,44.5,44.1,43.9,32.5,39.3,40,40.4,40.1,29.9,38.9,38.7,38.3,39,46.3,42.9,46.1,45.1,45.4,35.6,37,38.1,36.1,36.5
6/21/17 15:59,16:00,38.6,34.2,36.6,38.5,33.9,32.5,34.4,36.3,33.7,34.5,31.1,31.5,31.3,30,32.9,44.5,39.9,41.7,41.5,41,31.8,33.2,40.6,30.6,35.3
6/21/17 16:59,17:00,37.3,34.7,35.8,35.9,35.8,30.6,33.5,32.4,34,33.7,32.4,33.1,32.9,31.9,32.9,46.3,44,34.7,33.9,32.7,36.2,35,39.9,33.5,36.6
6/21/17 17:59,18:00,40,35.9,36.3,37.1,35.8,33.8,33.5,33.5,34.5,32.9,36.9,33.6,34,34.3,33.8,50.7,45.2,36.4,43.7,36.4,33,35.5,42.4,35.3,37.8
6/21/17 18:59,19:00,42.5,35.3,35,35.8,34.3,35,32,32.8,32.6,32.9,38.7,32.4,46.4,31.7,33.2,55,44.5,35,44.8,35.1,31.3,35.5,43.1,32.8,39.7
6/21/17 19:59,20:00,46.9,34.6,34.4,35.1,34.9,38.1,32.7,34.2,33.9,33.6,45.6,35.5,53.2,34.2,33.7,51.9,48.9,35,49.8,34.3,43,34.9,47.3,34.1,44.7
6/21/17 20:59,21:00,56.2,36.4,36.9,37,37.3,50.9,34.6,36.6,34.5,34.8,55.6,37.3,56.7,36.7,37.5,58,54.9,40,57.6,40,48.6,37.4,54.6,36.5,53.2
6/21/17 21:59,22:00,67,38.2,38,38.1,39.8,63.4,35.1,37.1,35,35.3,67,37.9,60.9,36.7,38,69.3,60.2,40.6,63,39.2,56.4,39.2,59.2,38.9,60.3
6/21/17 22:59,23:00,70.7,39.4,39.8,39.9,39.1,65.7,36.3,38.2,36.1,37.1,72.4,38.4,65.6,39.8,38.6,69.3,65.6,40,68.3,39.9,60,40.4,64.5,38.9,63.2
6/21/17 23:59,0:00,69.6,40.6,41,41.2,40.3,68.5,38.9,39.5,38.6,38.3,73,41,72.2,40.3,40.4,71.3,70.8,42.5,71.8,41.8,65.9,41,68.6,40.7,68.4
6/22/17 0:59,1:00,72.8,42.5,42.2,43.1,42.2,70.5,42.1,41.3,40.5,40.2,75.1,41.6,79.7,41.7,41.7,74.1,71.7,44.5,76.4,43.7,68.8,42.4,69.4,41.3,69.2
6/22/17 1:59,2:00,77.1,43.8,44.1,44.4,44.7,71.5,44,43.3,43.7,42.1,81.6,44.1,83.3,43.6,43.6,76.2,72.8,45.1,80.2,45.6,68.5,43.6,71.1,43.8,70.2
6/22/17 2:59,3:00,82.7,46.3,46,45.6,46,75.2,47.2,45.2,46.3,44.7,86.7,45.4,85.3,45.5,46.1,76.7,74.9,47.7,82.8,47.5,69.6,44.9,70.4,45.7,70.8
6/22/17 3:59,4:00,83.8,46.9,47.9,46.9,47.9,74.6,48.5,47,48.1,46.6,91.3,47.2,88.9,48,46.7,80.9,78.2,48.9,88.1,48.8,70.1,46.8,73.7,47.6,71.8
6/22/17 4:59,5:00,84.7,49.4,49.1,49.4,49.2,77.2,49.7,48.2,50,48.4,91.8,49.1,91.8,49.3,49.2,82.4,83.4,50.2,88.1,50,71.7,48.1,75.3,49.4,73.4
6/22/17 5:59,6:00,82.2,51.3,51,50,51,77.2,52.2,50.1,50.6,49.7,91.8,51,92.3,49.9,51.1,83,84.5,52.7,88.6,51.9,72.8,50.6,76.4,50.6,74.5
6/22/17 6:59,7:00,79.7,51.9,52.2,52.5,51.6,76.8,52.8,51.3,51.8,50.9,85.7,52.8,69.2,52.4,52.3,85.1,77.6,53.3,82.9,52.5,71.1,51.9,68,51.9,60.9
6/22/17 7:59,8:00,46.9,52.5,53.4,53.1,53.5,73.1,53.4,51.9,52.4,51.5,62.8,53.4,36,53.6,53.5,77.2,70.5,54.5,76,55,67.9,53.1,68.6,53.1,57.9
6/22/17 8:59,9:00,45,54.4,54.6,54.3,54.7,66,54.1,52.5,53.7,52.7,55.5,54.6,52.5,55.5,54.8,68.7,67.9,55.8,74.7,55.6,63.5,53.7,62.2,53.7,54.4
6/22/17 9:59,10:00,34.2,54.4,54,53.7,54.1,58.6,54.1,53.1,53,52.7,50.6,55.2,49.5,54.9,54.8,56.7,61.5,57,66,56.2,58.2,53.7,50.2,53.7,47
6/22/17 10:59,11:00,26.3,53.8,54,53.7,54.1,47.2,53.4,52.5,52.4,52.1,28.5,55.2,40.8,54.9,54.8,52.5,53.1,55.2,55.8,55.6,49.1,52.5,38.6,53.1,42.1
6/22/17 11:59,12:00,36,53.8,54,53.7,54.7,34.9,54.1,53.8,52.4,52.8,26.1,55.2,35.8,54.9,54.2,45.7,48.8,56.4,49.1,55.6,38,53.8,35.6,53.1,38.5
6/22/17 12:59,13:00,33.4,53.8,53.4,54.4,54.1,30.5,53.5,53.8,53.7,52.1,24,55.2,35.8,54.9,55.4,40.6,44,55.8,43,55.6,35.6,53.8,34.5,53.1,34
6/22/17 13:59,14:00,29.5,53.8,54.7,55,54.1,25.4,54.1,53.8,53.7,52.8,20.7,55.9,29.6,56.2,56.1,33.4,39,55.8,35.6,55.6,31,53.8,32.7,53.8,29
6/22/17 14:59,15:00,23.3,53.8,54,55,53.5,19.6,54.1,55,53.1,54,18,56.5,25.7,54.9,54.8,29.5,31.3,55.2,30.5,55.6,22.7,54.4,25.5,54.4,24.4
6/22/17 15:59,16:00,20.5,54.5,54.7,55,53.5,17.6,55.4,55,54.3,54.6,16.4,56,27.5,56.2,55.5,24.7,30,56.5,21.4,56.3,18.7,54.4,26.1,54.4,23.7
6/22/17 16:59,17:00,23.9,55.1,56.5,56.3,54.2,20.2,56,56.2,55,54.6,21.1,56,24.8,56.2,56.1,30.8,30.7,55.9,24,56.3,21.9,55.7,24.7,54.4,22.9
6/22/17 17:59,18:00,24.6,54.5,55.9,55.7,54.2,20.2,56.6,56.8,55.6,55.9,23.1,57.2,30,56.2,56.1,34,29.3,56.5,29.1,57,19.9,55.7,26,55,20.1
6/22/17 18:59,19:00,21.7,55.1,55.9,56.3,54.8,18.7,57.3,57.5,56.8,56.5,20.8,57.2,31.2,56.9,56.7,27.2,29.3,56.5,29.7,57,18,56.3,27.3,55,20.7
6/22/17 19:59,20:00,26.4,55.1,57.8,56.9,55.5,21.9,57.9,58.1,57.4,57.1,26,58.4,38.8,57.5,57.3,31.2,32.5,58.4,36,57,25.7,57,31.1,56.3,27.3
6/22/17 20:59,21:00,31,57,57.2,57.5,56.7,28.9,57.9,58.1,57.4,57.7,31.9,58.4,42.6,58.1,56.8,35.8,35.6,57.8,40.4,56.4,28.9,57,32.3,56.3,29.8
6/22/17 21:59,22:00,31,54,53.7,54,51.9,29.4,55,54.7,54.5,54.2,39.7,55.5,45,53.9,53.2,34.4,30.9,53,37.7,54.1,29.4,52.2,32.8,52.2,31.7
6/22/17 22:59,23:00,30.2,52.2,52.5,52.8,51.3,27.3,52.5,52.9,52.8,51.8,33.6,51.9,42.3,52.7,52,32.3,34,51.2,36.9,51.6,29.4,52.8,32.8,51.6,31.7
6/22/17 23:59,0:00,30.2,50.4,50.6,50.9,50.7,26.5,48.7,49.8,49.1,49.4,39.4,50,44.2,50.8,50.8,31.5,36.5,49.9,37.4,49.7,29.9,50.9,34.5,49.7,30.2
6/23/17 0:59,1:00,32.7,48.5,49.4,49.7,49.5,28.4,46.8,47.9,47.2,47.5,45.2,48.8,51.6,48.3,48.9,35.4,39.7,47.9,42.5,47.8,30.4,50.3,35.1,49.1,30.8
6/23/17 1:59,2:00,36,48.5,48.1,48.4,48.8,34.3,45.5,46.6,45.9,46.2,45.2,46.9,54.8,47.6,47,38.1,42.2,46.6,48.1,46.5,34.3,49,37.6,47.8,36
6/23/17 2:59,3:00,43.2,46.5,48.1,48.4,47.5,34.3,44.8,45.4,45.9,45.5,45.5,46.9,58.8,47,46.3,49.1,45.3,45.9,54.9,45.8,36.9,48.3,41.4,46.6,41.1
6/23/17 3:59,4:00,47.4,46.5,47.4,47.1,47.5,40.7,42.9,44.7,43.9,44.2,51,45.5,60.5,45,45.7,48.4,56.5,44.6,51.4,44.5,42,47.7,47,46.6,46.1
6/23/17 4:59,5:00,54.7,45.9,46.2,46.4,46.8,45,43.5,44,43.2,42.9,57.6,44.9,67.2,45,44.4,54.2,70.5,43.9,63.2,43.8,49,47,53.7,45.2,52.3
6/23/17 5:59,6:00,56,45.2,46.8,45.7,46.2,48.8,42.2,42.1,42,41.6,62.9,43.6,68.9,43,43.7,59.5,73.2,43.2,61.4,43.1,52.7,46.3,58.5,44.6,55.4
6/23/17 6:59,7:00,62.6,44.5,44.8,45.1,44.8,56.2,41.5,42.1,42,41.6,68.8,43.6,50,43,43,66.6,59.6,42.5,59.2,42.4,52.7,45,50.8,43.9,45.1
6/23/17 7:59,8:00,35.4,42,43.6,42.6,42.3,51.3,40.2,41.4,40,40.3,44.3,41,26.9,40.4,40.5,65.8,54.2,41.3,53.9,39.9,50.2,45.6,51.4,42.6,42.1
6/23/17 8:59,9:00,33.4,43.8,44.1,45,44.1,48.4,41.4,41.4,40.5,40.8,40.5,42.2,38.9,43.5,43.5,55,53,43.1,50.2,43,46,46.8,47.2,44.4,42.1
6/23/17 9:59,10:00,28.9,38.2,39.2,39.4,37.2,45.4,36.4,38.9,38.1,37.8,39.3,41.7,34.6,41.8,38.7,50.7,47.5,37.4,46.7,37.4,43,41.1,43,38.9,37.9
6/23/17 10:59,11:00,23.7,33.8,34.9,35.6,33.5,35.6,35.3,37.2,35.7,36,20.8,38.6,32.8,40,36.8,40,44.6,34.8,43,34.2,38,36.8,33.2,35.9,36.1
6/23/17 11:59,12:00,24.9,28.7,30.6,31.2,31.1,26.9,30.2,34.8,31.4,32.3,20.8,34.3,30.4,35.6,31.2,34.9,44.2,31.7,38.1,31.7,32.5,33.8,31.5,33.7,31
6/23/17 12:59,13:00,26.4,32.5,32.4,33.6,32.9,23.8,32.4,34.2,33.3,33,18.3,33.6,29.3,33.8,31.8,34.5,38.6,31.7,34.5,31.7,29.4,34.3,28.5,32.3,27.2
6/23/17 13:59,14:00,25.8,24,29.6,25.7,24.2,22,27.2,29,29.3,29,18.3,31.3,22.8,28,27.6,31.2,33,25.4,27.5,24.9,26.3,24.1,26,25,24.7
6/23/17 14:59,15:00,24.5,30.9,23,30,31.2,20.7,24.7,29.4,29.7,29,17.6,30,17.5,26.1,30.1,29.9,30.4,29.2,19,29.9,23.8,28.6,27.3,27.3,26.2
6/23/17 15:59,16:00,21.7,19.7,26.2,26.8,26.8,20,22.1,26,26.9,26.7,17.6,27.3,19.2,24.8,29.4,29.2,29.8,27.2,17.8,27.2,19.8,15.7,25.2,26.7,24.1
6/23/17 16:59,17:00,22.3,25.2,29.5,29.4,29.2,20,21.3,26,26.3,24.7,20.2,30,26,22.7,24.4,30.5,29.8,25.8,21.8,25.9,23.1,22.7,26.5,23,23.4
6/23/17 17:59,18:00,25.8,27.8,29.5,28.7,28,21.4,21.3,27.5,27.4,23.5,24.2,25.4,27.9,22.7,25.6,33.8,28.4,24.7,27.6,29.9,24.4,25.3,27.8,22,24
6/23/17 18:59,19:00,27.1,29.7,34,29.2,29.1,22.6,22.8,29.4,27.4,25,26.1,26.7,33,24.6,28.2,33.8,29.7,28,30.2,28.6,20.6,27.4,27.8,24.5,25.3
6/23/17 19:59,20:00,30.2,30.9,35.8,29.2,29.6,25.7,26,31.2,29.6,31.2,30.5,29.3,42.4,29.9,31.4,36.2,33.6,30.6,32.7,30.4,28.8,30,30.9,26.1,31.1
6/23/17 20:59,21:00,35.5,38.5,39.5,28.4,28.9,33.9,35.5,37.5,35.4,34.4,38.3,35,48.5,38.3,36.5,42.7,41.7,36.5,42.6,30.4,33.8,35.1,37.2,38,34.8
6/23/17 21:59,22:00,38.1,41,42.6,28.4,30.1,37,37.4,39.9,38.5,38.2,45.1,38.8,49.1,42.7,40.2,49,44.1,41,52.5,35.8,35.7,37.6,41.4,43.6,37.9
6/23/17 22:59,23:00,45.1,46.6,45.6,46.1,33.5,41.3,41.8,47.9,41.5,39.3,52.6,40,53.9,43.2,43.3,48.3,49.6,43.4,54.2,45.4,36.9,43.3,42.6,46.6,37.9
6/23/17 23:59,0:00,50.7,49.6,47.4,49.2,45.1,43.7,43.6,49.1,40.2,39.3,53.2,41.2,52,41.8,45.1,48.8,51.4,43.4,55.3,49.8,36.9,45.8,42.6,53.3,39
6/24/17 0:59,1:00,51.9,55.7,47.9,49.7,47.6,48.6,44.8,52,41.4,41.1,53.2,43,52.6,45,46.8,51.9,59.2,45.8,62.5,49.8,38,48.9,43.6,62.2,42.8
6/24/17 1:59,2:00,46.9,56.8,50.3,49,47.6,43.6,47.3,53.2,43.2,43.5,49.3,44.8,55,47.5,48.7,54.3,63.9,47,61.3,49,39.8,51.3,47.3,62.7,47.1
6/24/17 2:59,3:00,46.2,60.4,53.3,47.8,47.6,48.5,50.4,58,45.7,45.4,54.9,46.7,56.2,49.9,51.7,51.8,70.9,48.9,67.7,47.8,43.6,55.6,52.1,64.4,52
6/24/17 3:59,4:00,45.5,56.2,54.5,47.1,47.6,50.3,53.4,58.5,49.4,48.5,61.6,49.7,57.9,53.6,52.9,54.3,72.1,52,64.2,46.5,48.6,54.3,54.5,66.8,56.2
6/24/17 4:59,5:00,48.1,59.8,58.1,47.1,47.6,52.1,55.9,60.9,53.1,51.5,61,54,62.1,60.3,55.9,56.1,77.8,55.1,65.9,46.5,53.5,58.6,56.3,68.5,60.9
6/24/17 5:59,6:00,51.8,62.2,61.2,47.1,46.8,52.7,58.3,62.1,56.1,52.1,64,57,63.3,61,57.8,56.7,76.6,60.6,73,45.8,55.2,59.8,60.5,62.1,61.5
6/24/17 6:59,7:00,50,56.8,61.2,47.7,46.8,52.7,57.2,55.1,56.7,46.2,53.7,55.9,49.7,55,48.7,60.4,70.4,60.6,66.6,46.4,53.5,40.8,52.2,50.2,45.4
6/24/17 7:59,8:00,30.2,48.9,57.7,47,46.8,43.5,51.1,43,52,45.5,36.8,51.1,27.9,49.5,43.2,49.4,60.4,54,55.3,46.4,50.5,47,51,36.7,44.2
6/24/17 8:59,9:00,29.1,32.1,51.7,47,46.8,43,46.2,37.4,46.5,42.6,34.3,46.2,34.8,46.5,38.9,42.6,55.1,47.9,46.2,45.7,47.5,40.1,47.5,29.3,42.5
6/24/17 9:59,10:00,23.8,32.8,48.1,46.4,46.1,40.6,37.4,33.7,39.1,37,33.8,40.7,30.4,43.4,29.3,40.2,49.7,37.8,41.3,46.3,42.6,30.5,40.2,25.5,34.4
6/24/17 10:59,11:00,20.6,25.8,38.2,45.7,44.9,33.3,31.6,28.8,37.4,34.6,21.7,35.8,27.3,39.1,27.6,37.1,45.5,34,35.7,46.3,37.8,29.2,33,24.5,33.2
6/24/17 11:59,12:00,25.2,22.6,30.8,45.2,44.9,24.6,25.2,23.7,30.6,27.6,18.6,28.8,22.2,29.4,21,30.6,35.5,26.9,28.1,45.8,29,20,24.8,17,28.1
6/24/17 12:59,13:00,19,18.5,21.1,45.2,44.3,18.1,16.4,14.6,17.2,16.3,15.1,18.1,17.5,17.2,16.3,23.2,19.2,19.4,19,46.5,17.7,13.2,14.4,16.3,15.3
6/24/17 13:59,14:00,17.7,16.5,19.8,44,43.7,15.5,15.8,17,15.2,15.6,13.7,18.1,17.5,15.2,16.3,20.5,18.6,16.6,17.1,45.9,14.4,15.1,13.5,16.3,14.8
6/24/17 14:59,15:00,15.5,16.5,19.8,43.4,43.1,14.2,15.8,15.7,13.9,14.9,14.6,16.8,15.5,13.8,15.7,19.2,18,16,16.5,46.6,13.7,13,13.5,14.4,13.4
6/24/17 15:59,16:00,14.8,15.1,21.1,44.1,43.8,13.5,12.4,16.4,14.6,15.6,14.6,16.1,17.4,13.8,15.7,22,18.6,16,15.3,47.3,12.4,14.5,14.8,14.4,14.1
6/24/17 16:59,17:00,14.1,14.4,19.1,44.7,44.5,14.3,13.3,16.4,13.3,14.9,13.5,16.9,16.7,12.4,15,19.8,18.6,15.3,13.9,48,13.9,12.3,15.5,14.4,12.7
6/24/17 17:59,18:00,14.1,15.8,17.7,45.4,45.2,12.1,11.2,14.9,11.8,14.3,14.7,15.4,16.7,11.7,14.3,20.4,16.6,12.3,14.4,48,11,13.6,14.8,13.7,13.4
6/24/17 18:59,19:00,13.3,15,19,47.4,45.8,13.4,11.2,14.9,14.4,12.2,15.3,15.4,15.9,11,14.3,23.8,17.9,15.7,15.7,50.5,10.5,12.9,14.1,13,13.4
6/24/17 19:59,20:00,16.7,17,19.5,48,48.4,13.9,13.1,16.7,17,14.7,17.8,14.6,18.5,14.3,16.8,25,19.9,17,17.6,51.2,14.2,13.5,16.7,14.9,15.9
6/24/17 20:59,21:00,18.7,18.8,21.5,49.9,49.1,19.6,16.9,18,21,16.6,20.3,19.3,19,17.6,18.1,25.6,22.9,20.9,19.5,51.9,17.5,16.2,18.6,18.6,19.8
6/24/17 21:59,22:00,21.3,20.7,20.8,50.5,50.3,22.1,18.2,21.2,20.2,18.6,22.2,20.5,21,20.9,22,28.2,26.8,22.2,20.1,52.5,19.4,18.2,20.4,23.8,34.4
6/24/17 22:59,23:00,22.6,22.7,24.7,52.4,51.6,24,20.8,21.8,24.1,20.6,26.3,23.2,22.9,26.3,23.9,30.8,32.5,24.3,23.3,54.4,20.7,20.9,24.3,24.4,36.2
6/24/17 23:59,0:00,23.3,29.2,25.9,54.2,52.8,24.6,22.1,26.3,35.2,21.8,26.3,28.3,23.5,36.7,28.4,32.1,47.1,26.9,24.6,55.6,28.5,22.9,33.8,26.3,39.9
6/25/17 0:59,1:00,25.3,31.8,24.5,53.6,51.5,26.5,22.1,30.2,40.9,23.1,27.5,36.8,23.5,44.5,25.1,34.7,58.7,30.2,22.6,54.3,30.5,22.9,41.3,27.5,43
6/25/17 1:59,2:00,26.6,26.5,23.9,52.3,51.5,31,23.4,25.6,41.5,36.2,32.8,35.5,24.1,52.7,26.4,32,71.6,28.8,21.9,51.8,33.6,22.9,49.3,29.4,50.3
6/25/17 2:59,3:00,27.2,25.1,25.8,51.7,51.5,30.4,24,26.2,47.8,39.3,30.1,43.1,26.7,52,25.7,32.6,69.3,41.4,21.2,50.5,36.8,22,48.7,28.7,54.5
6/25/17 3:59,4:00,27.9,25.8,27.6,50.4,49.5,31.6,23.2,25.5,45.9,36.7,29.4,43.7,24.6,57.5,29.6,34.6,73.4,44.6,25.7,47.9,36.8,23.4,52.9,27.4,58.1
6/25/17 4:59,5:00,29.9,36.2,32.1,49.7,48.9,32.8,41,39,48.9,44.3,31.4,51.8,27.2,61.1,40.5,36.5,75,50.3,27.6,47.2,42.5,37.3,55.9,29.9,64
6/25/17 5:59,6:00,30.5,33.6,38.5,49.7,48.9,34.8,33.8,38.3,53.2,41.1,34,48.7,31.8,59.3,41.8,39.8,75.6,52.2,37.9,46.5,38,35.3,58.2,39.5,65.7
6/25/17 6:59,7:00,33.3,42.1,39.8,49.7,48.9,38.6,37.8,39.2,51.5,38.9,36.6,45,33.4,52.1,31.8,43.1,67.6,45.9,36,47.1,46.9,30.4,48.8,32.3,47.5
6/25/17 7:59,8:00,23.6,25.4,41.8,50.3,49.4,36.2,34.7,25.3,49.1,36.4,27.1,45,15.4,44.7,33.9,41.9,61.2,47.3,33,47.7,44.5,33,47,21,42
6/25/17 8:59,9:00,21.7,21.1,40,49,48.7,35.7,28.9,26.8,39.8,34.5,28,37.6,22.1,39.7,27.5,38.2,51.7,40.5,35.1,48.4,38.9,26.5,39.7,19.3,36.3
6/25/17 9:59,10:00,20.7,21.9,34.5,49.6,48.7,33.8,27.1,25.5,34.9,30.7,27.4,32.6,23.5,35.2,21.7,33.2,44.9,28.8,30.1,48.4,31.2,22.7,30.4,15.5,32
6/25/17 10:59,11:00,16.7,18.7,30.1,49,48.7,27,23.9,22.5,29.7,28.3,15.2,24.8,22.4,29.4,19.8,28.6,37.5,23.5,28.9,49,29.5,21.3,23,15.5,26.9
6/25/17 11:59,12:00,19.2,18.7,27.1,48.5,48.2,21.5,22.7,20,27.4,26.5,13.9,22.3,18.2,28.3,17.9,28.6,33.8,23,26.4,48.5,24.5,16.1,23.7,16,25.6
6/25/17 12:59,13:00,20,18.7,27.1,47.9,47,19,20.1,14.1,22.8,21.3,15.3,21.7,18.2,25,17.9,24.8,30,19.6,24.5,48.5,22,15.4,20.6,16.6,21.8
6/25/17 13:59,14:00,17.1,18.2,23.5,47.9,47.7,15.6,16.8,18,19.6,18.6,13.9,21.1,17.9,21,15.9,24.2,26.2,18.4,24,48.5,18.8,15.4,17.2,16.6,20.5
6/25/17 14:59,15:00,18.7,15.4,22.2,47.9,47.7,15.1,18.3,18,17.6,21.4,13.9,21.1,17.9,19,15.3,17.3,24.9,19.1,28.2,48.5,16.9,14.1,18,15.4,19.2
6/25/17 15:59,16:00,20.1,17.5,23.4,47.9,48.4,18.5,16.3,18.8,17.6,21.4,16,26.1,19.2,17.7,18.1,24.4,23,14.8,23.2,49.3,14.2,13.4,18.5,16.2,17.2
6/25/17 16:59,17:00,20.8,16.9,24.7,48.7,48.4,16.5,15.6,21.5,18.4,22.7,16.5,25.4,22.4,16.3,20.2,27,21.7,18.4,22.2,50,17.6,16.3,17.8,16.2,15.8
6/25/17 17:59,18:00,25,23,33.9,49.3,49.6,24.6,23.1,25.4,26.3,27.4,27.5,27.3,27,26.5,22.2,29.1,32.2,28.7,27.4,51.2,27.7,23.1,31.5,19.5,31.1
6/25/17 18:59,19:00,34.3,37.8,43.2,50.5,50.3,29.5,36.9,38.1,39.7,38.2,31.8,38.8,38.6,37.5,37.1,43.4,40.4,40.3,36.3,50.5,35.8,33.1,41.4,35,41.1
6/25/17 19:59,20:00,37.4,41,48.6,51.1,50.3,31.4,36.1,41.7,42.1,43.1,36.2,42.5,47.9,42.5,40.7,51.5,45.2,45.4,49.8,50.5,42,39.5,45.5,31.2,47.2
6/25/17 20:59,21:00,45,47,52.1,48,48.4,46.9,44.8,46.6,46.3,44.8,47.5,46.7,54.4,49.8,45.7,54.4,54.2,49.5,53.4,48.7,46.8,43.8,49,45.8,53.1
6/25/17 21:59,22:00,49.9,51.8,57.4,49.9,49,48.4,49.1,50.1,51.1,47.7,49.8,49.7,54.4,54,49.2,51.8,57.7,52.6,53.4,49.2,49.7,48,54.3,46.3,56.5
6/25/17 22:59,23:00,53.5,54.1,57.4,50.4,49,51.3,50.1,51.8,53.5,53.8,54,51.4,58.9,58.2,53.4,55.3,61.2,55.5,56.8,48.5,53.8,51.7,57.3,48.1,64.1
6/25/17 23:59,0:00,59.5,54.6,62.6,49.7,50.1,58.9,51.9,53.4,59.4,59.1,61.2,63.3,61.8,65.3,52.6,60,67.6,56.7,68.5,48.5,61.5,51.7,65.9,52.7,70.8
6/26/17 0:59,1:00,64.8,67.7,70.6,49.7,48.8,61.2,63.9,64,66.9,68.3,66.5,68.9,66.4,71.6,62.7,66.6,74.4,70.2,70.2,47.2,72.9,65.4,74.4,64.6,78
6/26/17 1:59,2:00,72.3,76.7,78.5,49.7,48.8,71,69.8,74.8,75.4,74,72.9,76.2,76,77.8,71.9,74.1,77.8,78.7,77.6,46.5,77.9,74,80.5,74.9,80.7
6/26/17 2:59,3:00,80.1,80.7,82.4,48.4,47.5,78.2,73.2,76.4,76.5,75.1,80.9,77.3,79.9,77.2,75.9,82.4,80,79.2,80.4,45.8,80.1,77.9,78.8,77.1,80.7
6/26/17 3:59,4:00,83.3,80.7,83.5,48.4,47.5,79.8,74.9,77.6,77.6,76.8,85.3,79,79.9,81.1,74.8,84.1,83.9,81.4,81.5,45.8,80.1,79,83.2,79.3,83.3
6/26/17 4:59,5:00,83.9,84.4,86,48.4,48,82.5,78.8,83.5,80.4,80.1,88.3,82.8,85.4,81.6,80.9,86.8,83.9,84.7,83.8,44.5,81.7,84,82.2,84.9,83.8
6/26/17 5:59,6:00,87.6,83.3,85.5,48.4,46.8,83,78.8,80.8,81.5,79,87.8,83.3,84.3,80,79.8,88.4,88.8,85.8,84.3,45.8,82.8,81.2,83.2,82.7,83.3
6/26/17 6:59,7:00,81.2,78.4,82.9,48.4,47.4,79.8,74.9,73.1,77.1,66,80.9,76.2,70.4,74.4,66.2,85.7,80.6,79.8,82.7,45.1,77.3,64.8,74.9,66.9,68
6/26/17 7:59,8:00,77.3,76.2,85.2,47.6,47.4,77.6,74.4,75.3,75.4,70.6,74.1,75.7,70.4,80,70.8,82.4,79.5,75.9,78.2,45.7,75.7,74.6,77.8,64.6,77.4
6/26/17 8:59,9:00,66.6,76.8,83,46.4,45.5,79.8,74.4,75.9,77.1,68.3,64.2,73.4,74.3,81.7,72,82.4,81.2,74.8,79.3,44.5,77.4,72.9,82.7,65.8,82.3
6/26/17 9:59,10:00,71.7,72.2,80.2,45.2,44.9,74.9,69.8,69.2,73.7,70.6,66,74,66.9,75.6,69.7,84.6,75.6,74.8,77.6,45.1,75.7,69.5,74.4,58.8,75.8
6/26/17 10:59,11:00,76.2,67.7,83.6,39.7,39.4,75.5,73.3,67.5,71.5,68.3,70.7,72.3,61.7,67,63.9,86.3,71,71.4,70.8,44.7,71.2,64.2,65.3,53.4,64.1
6/26/17 11:59,12:00,58.3,61.9,75.8,36.7,37.2,66.5,62.8,60.6,61.1,60.2,51.8,65,61.7,66.4,58.7,76.4,68.2,59.1,71.4,43.8,61.5,58.9,53.7,54.1,64.6
6/26/17 12:59,13:00,67.2,58.9,70.2,37.6,37.2,60.2,58.7,54.7,65.2,59.1,53,60.9,54.7,65.9,50.3,72.4,69.9,56.7,66.2,44.7,64.9,52.3,62.4,48,59.5
6/26/17 13:59,14:00,59.6,51.2,65,37.1,37.2,54.4,55,48.8,56.5,56.7,37.5,60.9,52.9,55.3,52.1,66.7,62.4,54.4,62.1,42.3,52.1,51.1,51.9,46.3,54.2
6/26/17 14:59,15:00,55.4,48.1,56.8,43.4,43.8,45.5,50.8,49.4,52.3,53.8,41.2,56.2,45.1,50.4,48.5,62,59.4,48.8,53.8,42.3,47.2,47.4,48.4,43.8,52.4
6/26/17 15:59,16:00,49.8,52.9,57.3,50.6,49.1,43.5,43.5,52.4,46.2,52,36.2,52.7,51.8,47.3,46.1,52.9,56.5,43.2,47.9,43.1,35.6,48,50.8,42,47.6
6/26/17 16:59,17:00,47.3,45.1,56.8,52.3,50.8,42.3,41,48.2,45,47.8,44.3,50.8,48.2,44.9,41.8,54.1,53.6,45.3,49.6,44.2,41.8,41.8,50.2,40.2,45.3
6/26/17 17:59,18:00,56.6,49.3,59.8,50.4,49.5,52.6,50.2,48.8,48.7,54.5,52.9,50.8,52.4,48.5,47.3,60.2,52.9,52.6,53.9,42.8,50.3,48,52,45.7,50
6/26/17 18:59,19:00,60.2,53.6,59.8,49,47.5,57.9,43.4,50.6,51.1,56.2,58.4,54.5,53,50.3,50.4,65,53.4,56.2,53.9,42.8,50.8,48.6,52,39,50.5
6/26/17 19:59,20:00,54.6,54,59.8,52.6,51.1,50.6,50.6,54.1,52.7,51.9,53.3,53.1,55.2,53.9,51.4,61.9,57,55.4,54.8,45.1,51.9,51.6,55.4,52.2,51.6
6/26/17 20:59,21:00,54.6,55.7,60.1,54.3,53.5,52.2,52.4,54.1,55.1,53.5,52.6,54.2,58.1,58.6,53.1,60.6,61,56.6,60.2,47.5,54.8,53.3,59.4,55.7,56.9
6/26/17 21:59,22:00,59.2,62.8,68.3,55.5,54,57.6,60.2,62.2,62.2,61.3,59.2,62.5,64.5,65.1,60.8,65.3,67.4,64.3,64.8,48.7,63.1,61.1,65.8,62.7,69.1
6/26/17 22:59,23:00,65.2,67.5,71.1,55.5,54.6,63.4,63.2,65.1,63.9,64.2,67.6,66,67.4,66.9,62.6,68.8,69.7,67.8,68.9,49.2,65.9,64.7,69.2,65.1,71.8
6/26/17 23:59,0:00,65.8,70.4,74.6,54.8,53.9,63.4,66.1,67.9,66.8,65.3,65.2,67.1,70.3,69.2,65.5,68.8,73.8,69.5,72.4,50.4,68.2,68.2,72.6,67.9,74.6
6/27/17 0:59,1:00,70.5,73.5,76.3,56,52.6,68,69.1,71.9,69.1,68.8,66.4,71.7,73.7,71.5,70.1,76.8,73.8,73.6,74.1,50.4,70.5,72.2,73.2,72,76.3
6/27/17 1:59,2:00,76.2,75.1,77.3,52.3,52,73.7,72,72.4,70.8,69.9,74.8,72.8,73.3,74.9,71.8,79.1,76,74.1,76.4,51,72.2,73,77.1,73.1,74.2
6/27/17 2:59,3:00,76.2,76.2,78.3,51.6,51.4,74.8,71.4,72.6,72.5,72.2,75.8,75,74.3,74.3,72.6,79.7,73.4,75.4,76,50.4,72.8,73.5,73.9,72.7,74.7
6/27/17 3:59,4:00,80.4,75.6,77.2,52.2,52,76.5,71.9,73.2,73.6,73.3,80.7,75.2,74.3,73.9,72.6,82.8,72.2,76.5,74.8,51.7,72.8,72.3,73.4,72.7,72.5
6/27/17 4:59,5:00,81.9,75,77.8,52.2,51.3,81.2,70.8,73.2,72.5,71.6,85.9,74.1,74.9,72.3,70.9,83.2,72.8,75.9,75.9,52.2,72.8,72.3,72.2,73.3,73.6
6/27/17 5:59,6:00,80.3,75,77.8,52.2,51.3,77,71.3,73.2,71.9,71.6,80.1,73.5,74.9,71.1,71.5,81.7,74.5,73.7,75.4,52.9,72.2,72.3,71.7,72.7,70.9
6/27/17 6:59,7:00,77.7,74.5,77.8,52.2,51.3,74.3,71.3,72.1,70.8,71,77.9,71.8,73.8,71.4,70.9,80.1,77.7,73.7,74.3,52.2,72.2,72.3,73.9,72.2,71.4
6/27/17 7:59,8:00,76.7,73.4,77.8,51.6,51.3,75.5,71.9,74.1,70.8,71.6,74.8,74.5,72,72,71.2,80.6,74.3,73.7,73.5,52.9,72.2,70.7,73.2,70.2,72.4
6/27/17 8:59,9:00,74.6,72.7,77.3,43.6,43.4,73.7,69.6,71.3,70.8,68.2,72.3,72.8,72.6,70.9,69.5,79.6,71.4,73,73.5,48.6,69.3,68.2,71.5,67.9,71.8
6/27/17 9:59,10:00,74.5,72.7,76.9,53.3,64.3,72.6,69.6,70.8,69.7,66.4,67,71.7,68.6,69.2,66.6,78,70.3,72.4,73.5,46.3,68.2,68.2,69.2,63.3,69.6
6/27/17 10:59,11:00,69.9,67.5,74.6,50.2,66.1,68,65.6,65.6,66.8,61.8,60.5,66.5,62.8,64.5,63.2,78.5,65.1,66,69.5,63.4,63,62.9,63.4,58,66.2
6/27/17 11:59,12:00,62.3,62.3,70,45.3,64.4,61.7,60.2,61,62.7,60.6,55.1,64.2,56.2,60.4,59.6,70,61,65.4,66,77.3,63,55.7,58.2,50.3,61
6/27/17 12:59,13:00,59.9,57.5,63,44,56.7,54.6,56,51,55.6,55.9,40.3,60.1,50.3,58,56.1,71.1,61.5,60.7,64.8,71.1,54.8,52,56.4,46,59.8
6/27/17 13:59,14:00,52.7,47.8,58.9,42.2,46.3,45.6,49.9,48.5,50.8,51.1,34.7,57.8,45.9,55.6,48.8,62.3,59.8,51.7,58.9,67,51.2,49.5,51.1,43.5,48.6
6/27/17 14:59,15:00,47.7,43.5,51.7,44,38.9,38.3,45.5,48.5,47.1,50.5,30.7,56.6,42.9,47,47,58.8,55.6,46,51.6,62.3,39,37.6,46.8,45.3,43.7
6/27/17 15:59,16:00,46.4,39.6,54.1,38.5,30.5,35.7,38.7,41.7,42.8,47.5,34.4,52.4,42.9,40.7,40.7,53.3,53.2,42.9,41.9,52.5,34.5,27.1,46.2,37.2,39.2
6/27/17 16:59,17:00,41.9,42.8,51.7,43.5,43,30.1,32.8,42.3,37.1,40.5,34.4,44.3,44.6,32.2,38.1,47,48.3,33.7,40.7,53.2,33.8,26.6,43.1,36.6,34.3
6/27/17 17:59,18:00,43.2,38.9,46.1,45.3,40.5,34,29,39.1,33.3,38,38.3,41.2,44,30.4,36.8,48.3,49,35,41.8,42.7,31.3,34.9,40.6,29,36.2
6/27/17 18:59,19:00,45.2,38.9,49.2,29.7,48.1,36.5,29,39.1,38.3,33.1,41.5,41.8,51.3,34.4,38.8,51.4,44.1,39,44.3,52.7,30.7,35.5,41.3,30.4,41.8
6/27/17 19:59,20:00,54.6,40.9,52.9,50.8,58.5,45.7,32.9,42.3,42.8,50.5,49.6,49.9,56.2,42.6,45.1,58.8,52.1,47.2,48,58.7,43.9,38.2,47.5,28.5,47.3
6/27/17 20:59,21:00,55.8,52.7,56.5,56.9,59.1,51.2,48.1,51.5,48.9,52.3,56.4,51.2,61.6,53.1,51.3,63.6,55.6,53.5,54.7,67.6,50.6,49.6,54.6,50.8,55.7
6/27/17 21:59,22:00,63.5,60.5,64.2,60.4,65,58.8,53.5,58.6,58.6,58.3,66.4,58.9,68.6,62.8,58.5,67.1,62.1,61.3,59.5,71.6,57.2,57.5,63.5,58.5,59.2
6/27/17 22:59,23:00,71.1,65.8,70,66.2,69,64.6,60.2,63.8,62.7,62.4,75.7,64.2,68,66.3,62,75.1,68.6,66.6,65.4,77.3,64.8,62.9,68.1,65,67.9
6/27/17 23:59,0:00,76.7,71,73,72,76.5,70.3,65.5,69,67.9,65.9,76.4,68.8,72,70.3,67.2,77.5,72,70.7,71.2,82.7,68.2,67.6,72.1,69.1,71.3
6/28/17 0:59,1:00,81,75.6,76.2,78.1,80.4,71.4,69.1,73.6,70.8,71.1,76.8,74.5,74.9,73.2,72.4,82.8,76.6,76.9,76,87.2,73.4,72.8,76.6,74.8,74.1
6/28/17 1:59,2:00,81,78.8,79.4,79.2,85.1,74.9,71.9,75.9,74.8,73.3,83.8,77.3,83.3,74.5,74.3,83.2,81,79.1,79.2,89.7,77.3,75.7,77.7,75.4,76.3
6/28/17 2:59,3:00,85.4,85.1,82.6,82.7,86.7,80.7,73.9,77.9,75.9,73.5,89.5,81.5,85.9,75.5,77,86.8,84.1,82.2,82.5,92.2,79.4,78.3,79.2,82.3,78.3
6/28/17 3:59,4:00,86.5,87.6,82.6,83.2,87.2,79.1,76,81.6,78.1,78.3,88,88,87.5,79.7,80.6,87.3,83.6,84.3,83.5,93.2,78.3,79.4,80.2,82.9,80
6/28/17 4:59,5:00,82.9,80.9,82,80.1,83.5,79.6,74.4,78.6,76.6,75.2,83.2,84.1,81.3,79.3,75.9,85.8,84.1,81.3,78.6,92.2,77.3,77.8,80.2,78.7,80.5
6/28/17 5:59,6:00,84,81.5,83.7,80.7,83.5,80.2,76.6,77.5,74.4,74.6,82.8,82,79.8,74.5,77,85.8,85.3,78.6,78.1,91.7,76.7,76.2,78.8,77.6,79
6/28/17 6:59,7:00,79.4,79.9,82.1,82.3,81.4,75.9,78.8,78.6,76.6,77.3,80.2,81,84.6,74.9,78.1,81.1,83.8,80.8,78.1,89.2,75.6,79.5,76.1,77.6,75.2
6/28/17 7:59,8:00,75.6,79.9,84.3,80.3,82.1,77.1,78.3,78.6,77.6,75.6,77,81,80.4,74.3,77.1,79.6,77.7,80.8,83.2,86.2,75.6,75.8,75.4,78.2,73.5
6/28/17 8:59,9:00,76.8,75.2,81.7,78.7,79.4,74.8,74.8,76.9,75.9,71.6,75.7,78.4,78.8,72.6,74.7,78.5,78.3,76.9,80.9,83.1,68.8,72.2,74.9,74.2,69
6/28/17 9:59,10:00,77.3,72.1,79.1,76.5,77.1,74.8,71.4,73.6,70.2,69.9,71.1,77.8,70.8,65.7,70.7,80.7,74.9,76.4,76.4,80.5,65.3,68.8,64.6,69.1,63.3
6/28/17 10:59,11:00,71,62.3,74.6,70.3,66.7,69.7,65.6,65.1,64.4,63.6,61.1,70,65.1,61.5,62.6,75.7,70.4,67.2,72.4,79,63,59.3,63.4,55.6,54.4
6/28/17 11:59,12:00,61.7,47.2,70,65.7,62.6,59.4,59.6,53.8,58.5,56.5,47.1,68.3,60.4,57.3,57.2,69.9,65.7,64.8,66.6,75,53.5,56.2,54.6,55,50.8
6/28/17 12:59,13:00,56.9,41.6,66.5,56.9,59.1,51,53.5,36.8,56.7,48,43.3,55.3,45.8,50.6,45.7,63.5,54.3,52.2,58.8,72.2,51.7,45.7,49.2,41.5,50.2
6/28/17 13:59,14:00,50.7,46.5,53.5,50.8,47.4,45,51,44.7,49.4,48,44.5,52.8,48.3,46.8,45.1,63.5,53.1,49.6,52.8,67.5,44.9,41.3,41.9,45.2,41.7
6/28/17 14:59,15:00,51.3,44,51,45.2,51.1,40.6,44.8,44.1,45.7,46.7,37.5,51.1,41.5,46.2,40.7,56.2,50.7,41.5,49.2,58,43.8,33,45.6,41.6,42.8
6/28/17 15:59,16:00,51.9,40.9,54.7,42.1,36.3,41.2,37.9,42.3,41.5,46.7,35.8,49.3,44.7,40,42.5,49.5,50.1,39.6,47.5,58.7,37.5,26.6,45.6,39,41.7
6/28/17 16:59,17:00,45.8,46.5,53.5,45.3,48,34.5,33.4,46,39.6,43,35.8,45.5,50.2,38.2,41.9,52.6,48.9,39.6,43.7,60.5,40.1,31,45.6,39,42.3
6/28/17 17:59,18:00,45.1,48.3,52.8,48.3,53.6,36.4,35.5,46.6,39,42.4,43.8,46.8,49.6,41.3,43.2,58.2,51.4,41.5,49.8,51.5,40.7,40.7,50.5,37.9,46.1
6/28/17 18:59,19:00,53.3,49,58.3,52.7,57.3,47.5,36.2,50.3,50.2,46.3,49.6,51.2,51.5,46.4,47.6,63,56.2,49.8,53.5,65.8,47.5,45.8,54.7,36.7,53.9
6/28/17 19:59,20:00,62.3,53.9,62.4,58.1,62,57.1,48.7,55.1,55.6,56.5,62.9,56,56.3,53.7,55.5,66.5,56.8,57.2,56.5,71.7,53.6,52.1,57.6,46.1,57.5
6/28/17 20:59,21:00,67.6,62.2,67.1,63.4,67.3,64,58.4,61.5,58.5,60,67.6,61.8,63.9,60.9,61.4,71.1,62.7,63.7,63.6,76.8,58.3,60.5,62.3,60.9,62.7
6/28/17 21:59,22:00,73.3,66.3,70.5,67.4,71.3,68,61.3,65,63.9,63.5,75.7,64.8,69.1,66.8,64.3,75.1,67.4,66,66.5,76.8,63,64,67.5,65,67.3
6/28/17 22:59,23:00,74.6,72.1,73.6,70.8,76.5,71.4,66.1,69,67.3,66.4,81.2,70.5,75,69.2,69,78,70.9,71.8,70,82.1,65.9,68.2,70.3,70.2,70.7
6/28/17 23:59,0:00,78.7,72.8,75.1,74.8,78.8,73.8,67.3,71.3,69.6,68.7,83.8,72.2,74.3,71.4,71.2,81.7,74.3,74.7,73.5,86.7,68.8,72.2,73.8,72.5,74.6
6/29/17 0:59,1:00,83.9,75.6,78.9,76.5,81.9,78,71.4,73.7,73.1,72.7,86.8,75.2,78.6,74.5,73.7,85.2,74.5,77,80.3,88.1,73.3,73.5,75.5,75.4,77.4
6/29/17 1:59,2:00,86.4,80.9,81,82.7,86.6,79.5,73.7,76.3,74.4,74.1,88.3,82.5,83.8,76.1,77.4,88.2,83.1,81.1,81.9,86.7,75.7,76.2,78.7,78.6,79.4
6/29/17 2:59,3:00,87.9,85.5,82.5,85.2,87,82.1,74.9,80.6,77,78.8,90.4,89.1,87.9,80.3,81.1,88.7,82,85.8,81.9,85.1,78.3,79.4,79.8,83.8,82.9
6/29/17 3:59,4:00,88.8,86.6,83.1,85.7,90.6,83.2,78.2,82.1,76.5,81.4,92.4,90,89.5,80.9,83.7,89.7,83.1,87.3,83.5,92.2,77.3,79.4,81.3,83.4,84.4
6/29/17 4:59,5:00,85.9,80.9,83.6,84.3,85.6,81.1,77.1,79,77,76.7,87.9,80.5,82.9,78.2,79.6,88.3,81,82.3,82.5,91.7,78.3,78.8,79.2,79.7,82
6/29/17 5:59,6:00,85.9,81.5,84.7,80.2,80.8,80.6,76.7,79,75.9,75.7,83.7,76.7,82.9,78.2,79.1,87.3,81,79.1,83,89.2,75.1,78.3,78.2,80.9,77.2
6/29/17 6:59,7:00,81.4,77.3,82.6,78.2,76.6,78.6,77.1,76.5,74.4,73.9,80.1,75.2,77.2,75,75.4,86.8,81.1,77,81.4,87.2,73.5,75.2,75.5,75.4,73.1
6/29/17 7:59,8:00,77.3,75.2,81.1,77.6,76.1,75.5,74.8,71.3,72.5,67,65.9,73.4,44.3,73.8,69.6,79,72.6,76.4,76.4,85.7,72.2,72.2,73.8,65,73.5
6/29/17 8:59,9:00,62.3,62.8,76.4,74.2,71.4,72.6,72,66.8,70.8,61.8,67,71.7,68,65.1,70.1,78,71.5,73.6,74.7,81.1,70.5,63.5,64.6,60.3,67.3
6/29/17 9:59,10:00,46.5,49,70.6,70.3,60.2,66.9,60.2,53.8,62.7,58.8,50.2,66.5,54.5,60.4,57.2,73.4,66.8,65.4,67.7,76.8,64.2,56.9,59.9,43.7,61.5
6/29/17 10:59,11:00,42.1,42.9,65.3,63.4,59.6,62.3,59,52.1,60.3,54.6,35.2,64.2,49.7,61.5,52.4,65.3,65.6,60.7,65.4,75.1,60.1,52.6,49.8,40.5,56.9
6/29/17 11:59,12:00,48.9,44.1,58.9,56.3,51.2,50.5,56.6,46.1,56.8,51.7,35.2,60.7,47.8,56.8,48.8,59.4,62.8,54.7,63.1,71.1,54.8,49.5,51,41.1,52.1
6/29/17 12:59,13:00,50.2,43.4,55.3,52.7,44.6,42.6,50.5,34.5,52.6,48.1,32.6,56.6,46.6,53.2,45.1,58.2,60.4,52.3,58.9,67,51.8,41.9,45.6,42.3,50.3
6/29/17 13:59,14:00,50.2,43,51.8,47.8,39.6,39.5,48.7,41.8,45.9,45.7,29.5,49.9,40.5,48.3,44,54.6,57.5,42.8,54.2,59.3,43.2,41.9,43.2,39.9,44.9
6/29/17 14:59,15:00,42.7,41.1,47.7,42.3,36.5,34,40.7,43.8,42.2,44.4,30.2,44.4,40,43.3,42.1,48.4,51.5,37.1,49.4,53.9,35.8,35.2,43.2,37.5,38.1
6/29/17 15:59,16:00,40.2,38.6,46.3,36.5,32.1,32.1,33,40.1,39.2,38.2,27.5,39.4,43.6,35,35.8,43.4,44.7,33.9,39.6,46.5,30,23.5,39.5,38.8,36.9
6/29/17 16:59,17:00,37.7,34.7,41.3,33.8,40.7,27.7,30.5,35.5,34.2,36.9,28.7,36.2,37.9,35.8,33.2,42.1,42.3,31.3,33.8,41.4,32.7,24,38.4,31.8,34.5
6/29/17 17:59,18:00,37,32.7,40.7,39.8,41.4,29.8,28.6,34.3,34.8,38.4,34.7,40.2,37.2,33.4,33.9,44.7,41.1,35.4,37.7,44.3,34.1,31.1,40.3,28.1,35.8
6/29/17 18:59,19:00,39,38,46.4,42.4,43.3,32.3,31.9,38.2,38.6,35.3,37.9,38.9,43.6,35.3,37.2,47.2,41.8,37.9,38.3,47.8,29,35.2,41,28.1,36.2
6/29/17 19:59,20:00,44,36.6,47,42.9,44.5,36,33.1,39.4,39.9,40.2,44.1,38.3,51,39.6,39,50.3,44.3,41.1,45.8,50.3,38.4,36.4,42.1,27.6,42.5
6/29/17 20:59,21:00,51.6,48,54.3,51.7,54.4,45.2,47.1,48.7,48,48.9,55.8,47.7,60.6,51.6,48.4,57.1,55.3,51.2,56.1,58.3,47.7,46.7,51.9,49.8,51.1
6/29/17 21:59,22:00,60.1,59.5,63.2,58.9,62.8,54.3,55.1,57.7,55.2,54.4,65.4,54.4,65.9,58.8,56.3,63.1,62.4,60.3,63.9,63.6,53.8,55.9,59,58.8,58.3
6/29/17 22:59,23:00,66,62.4,64.9,65.3,70.9,59.5,58.6,61.2,60,59.1,70.1,59.7,68.7,62.4,59.8,67.8,64.1,63.9,70.8,68.9,60.3,60.1,63.6,62.3,63.5
6/29/17 23:59,0:00,73.4,65.3,70.1,68.1,74.4,65.9,63.4,65.2,62.9,62,75.2,64.4,73.2,67,63.3,72.4,69.9,68.5,75.4,73.4,63.8,63,68.2,64.6,67.5
6/30/17 0:59,1:00,79,72.2,74.1,73.8,76.6,71.6,66.9,69.8,68.7,67.8,82,69,80.5,72.8,69.1,78.6,73.3,92.1,78.8,79.1,68.4,68.9,73.9,71.5,72.5
6/30/17 1:59,2:00,82.3,75.6,79.7,76.6,81.1,75.4,72.1,73.7,70.3,71.8,85.8,72.4,83.8,74.4,72.5,83,81.2,89.5,83.8,85.1,71.8,73.4,75.5,75.5,75.8
6/30/17 2:59,3:00,84.4,84,83.5,82,84.9,77.6,74.9,79.2,74.3,72.9,87.5,76.8,85.9,77.2,77.6,85.7,82.3,92.1,87.1,88.8,75.7,78.5,78.3,81,78.5
6/30/17 3:59,4:00,88.1,88.3,84.6,85.2,86.6,79.8,78.9,83,76,76.2,89.1,80.1,89.2,80,82.5,87.3,87.2,91.6,90.9,87.2,77.9,80.7,81.1,86.5,80.7
6/30/17 4:59,5:00,89.2,87,86.8,86.2,89.3,82.5,80.6,84.6,78.2,79.5,89.9,87.1,90.9,81.6,84.2,88.9,88.3,93.6,91.5,87.8,79,82.9,83.8,85.4,84.4
6/30/17 5:59,6:00,86.5,87.2,86.7,89.4,88.8,81.4,81.7,84.6,79.8,79,89.9,84.4,90.4,81.1,81.4,90,88.3,94.1,93.6,93.6,81.2,84,86,81.6,83.9
6/30/17 6:59,7:00,89.2,82.3,88.2,86.8,88.2,84.1,80.6,80.3,79.8,68.3,92.3,79.6,81.1,76.1,70.3,89.5,86.1,94.7,88.7,89.9,80.6,71.2,78.9,69.8,72.5
6/30/17 7:59,8:00,51.7,77.9,87.9,80.9,82.2,79.3,76.7,66.4,78.8,67.2,71.3,77.9,43.3,73.3,70.3,82.5,82.3,90.5,82.1,84,76.8,73.4,75.5,51.1,67.5
6/30/17 8:59,9:00,54.7,54.2,82.4,76,75.5,78.2,70.9,60,70.4,62,65.5,73.5,55.9,68.2,62.2,72.4,79.5,85.8,74.8,80.7,71.2,60.7,68.2,46.3,60.6
6/30/17 9:59,10:00,46.2,48.7,75.8,69.9,67,71.6,65.8,58.3,63.5,57.3,63.8,66.7,53.6,63,53.9,66.7,72.2,77.2,70.8,76.8,65,53,61.9,40.2,57.8
6/30/17 10:59,11:00,36.1,42.7,68.5,61.8,62.9,60.8,59.3,51.2,58.8,55,33.7,61.5,49.4,58.9,52.2,64.4,66.5,63.4,65,73,58.6,50.5,49.6,39.7,54.2
6/30/17 11:59,12:00,49.4,42.1,59.2,54.2,47.4,47.3,53.9,45.9,53,50.2,32.5,57.5,47,53.5,46.7,57.9,61.3,58.1,61,67.9,52.7,47.5,46.1,42.1,50.7
6/30/17 12:59,13:00,48.8,40.2,55.8,48.8,43.2,42.5,49.7,35.6,48.8,48,29.9,52.1,42.1,46.8,45,54.9,56.6,47.7,54.4,62.7,46.2,41.2,41.9,41.5,46.5
6/30/17 13:59,14:00,45.7,39.5,48.5,47.7,40.2,36.9,46.7,39.7,45.8,44.3,29.2,48.6,38.5,43.1,42.6,52.5,51.8,43.4,48.5,57.3,41.9,40,40.2,39.6,44.2
6/30/17 14:59,15:00,41.2,37.2,45.6,42.2,38.3,33.9,43.1,39.2,40.9,45,30,45.6,38,40.7,38.8,47.6,48.8,42.3,41.7,53.1,37.6,37.5,42.6,37.9,42.4
6/30/17 15:59,16:00,38.7,34.5,48.6,39.6,32.7,31.4,36.8,37.9,36.5,42.5,28.6,43.1,40.3,38.2,37,41.9,44.5,37,36.2,52.5,31.4,28.6,43.3,35.4,41.2
6/30/17 16:59,17:00,40,35.8,49.8,43.5,47.5,35.2,34.9,39.9,39.7,43.1,34.4,46.3,42.3,38.2,37,42.5,47.1,39.1,36.8,55.6,40.2,29.8,46.2,36.1,42.4
6/30/17 17:59,18:00,45.1,41.5,49.2,47.1,53,39.5,36.8,43,40.8,43.1,42,45,44.1,37.4,41.4,49.5,44.6,44.1,43.7,52.5,40.2,39.4,43,36.1,41.7
6/30/17 18:59,19:00,46.3,44.5,51.5,48.2,51,40,38,43,47.1,44.4,43.1,45.6,48.2,44.5,43.2,51.2,50.7,47.2,44.8,58.5,39.5,40.6,51,37.4,50.8
6/30/17 19:59,20:00,53,51.9,59.2,54.2,57.7,50.3,47.9,52.5,54.2,51.5,53.6,51.5,57.9,54.7,51,55.5,57.8,53.8,56.4,68.5,52.8,50,58.5,44.6,58.4
6/30/17 20:59,21:00,58.3,59.5,66.7,61.8,66.4,56,58.1,58.9,59.5,59.2,58.2,59.8,62.5,64.8,58.8,60.1,65.8,62.2,64.5,76.4,58.6,58.4,65.4,60,66.9
6/30/17 21:59,22:00,65.4,67.1,73,68.8,71.5,61.8,63.4,65.8,66.9,65.5,64.2,66.1,68.2,70.4,64,66,73.3,68.5,70.8,83.5,67.3,66,72.2,64.1,73.1
6/30/17 22:59,23:00,68.8,73.4,78.6,74.9,77.2,69.3,67.5,71.4,73.8,70,73.5,72.3,75.5,76.1,69.1,69.4,78.9,74.8,76.5,89.9,73.5,71.2,77.8,72.1,76.9
6/30/17 23:59,0:00,77.3,80.1,81.9,79.3,81.1,76.5,72.6,76.4,73.2,73.4,79.2,76.2,79.9,76.6,73.1,79.1,80.6,79.2,80.4,91.7,75.1,76.8,78.8,77.1,77.9
7/1/17 0:59,1:00,78.4,81.2,81.8,80.3,79.9,77.1,73.8,78.6,74.3,73.4,79.7,78.4,81,77.8,77,80.8,80.6,80.3,82.7,90.6,75.7,79.6,78.8,79.3,79
7/1/17 1:59,2:00,80.6,81.8,82.3,80.3,81.1,78.2,75.4,78.6,74.8,75.1,83.1,77.3,80.5,77.2,76.4,83,82.8,80.3,83.8,91,76.8,79,78.8,77.1,78.5
7/1/17 2:59,3:00,80.6,83.4,83.9,81.4,81.6,77,77.7,80.8,74.8,75.1,81.9,78.4,82.7,77.7,79.2,82.4,82.2,80.9,82.6,91,76.8,80.7,80.5,81,79
7/1/17 3:59,4:00,80.1,82.8,83.9,81.4,81.6,79.2,76.6,79.7,77.1,75.6,81.9,79,82.1,78.3,78.7,81.8,83.3,81.4,83.8,91,77.3,81.2,79.9,79.3,79
7/1/17 4:59,5:00,81.1,81.7,86,82,84.4,79.2,78.8,80.8,78.2,76.7,83,80.6,82.7,80.5,79.2,82.4,83.3,82.5,83.8,91.9,78.4,80.7,81,78.8,79
7/1/17 5:59,6:00,83.7,84.3,86,85.7,83.8,82.5,80,83,79.3,80.1,84.6,83.3,83.7,79.9,82,85,83.3,85.8,86,91.9,80.6,82.3,81,83.8,79.6
7/1/17 6:59,7:00,84.7,86.9,86.5,85.2,84.3,83,80.5,84.6,79.3,79.5,84.1,83.3,83.7,79.9,81.9,86.5,83.9,85.2,86,91.9,78.9,82.8,82.2,84.3,80.1
7/1/17 7:59,8:00,87.8,85.4,89.1,86.2,84.9,83.5,82.8,88.3,81.5,80.6,85.7,83.9,85.2,85.8,84.7,89.1,85.5,85.2,86.4,95.4,83.9,84.9,89.4,83.2,83.2
7/1/17 8:59,9:00,87.8,85,89.1,87.1,87.7,85.7,83.3,84.6,84.8,87.1,85.8,88.4,84.3,86,85.2,89.7,85,87.7,86.5,95.9,86.9,83.4,87.8,82.7,85.4
7/1/17 9:59,10:00,86.3,81.2,85.6,85.2,84.9,84.7,78.8,80.8,78.7,78.4,80.9,83.3,80.5,80,80.9,89.2,78.3,84.2,82.6,94.4,82.2,79,81.6,76,78.5
7/1/17 10:59,11:00,80.1,71.6,82.4,77.6,75.4,77.6,72,72,73.7,70,76.4,73.4,69.8,74.4,70.8,86.8,75.5,74.7,78.2,92,75.7,70,72.7,62.8,75.2
7/1/17 11:59,12:00,79.5,65.8,77.4,72.1,70.9,74.9,66.8,67.4,70.3,67.7,69.5,70.7,64,71.6,65,82.4,70.9,70.8,73,88.1,72.3,61.2,70.4,58.1,69.1
7/1/17 12:59,13:00,72.8,62.3,73.5,68.7,69.7,67,63.3,62.3,64,62.5,58.9,64.9,59.9,64,62.1,78,65.7,64.4,68.4,84.5,64.9,59.4,62.4,55.1,63.4
7/1/17 13:59,14:00,63.7,49.2,62,61.8,63.3,52.5,57.9,49.2,58.7,56,51.6,63.7,54,57.5,57.4,69.5,64,57.8,66.1,76.3,52,47.2,51.2,46.7,55.3
7/1/17 14:59,15:00,57.6,46.6,57.2,54,48.4,40.9,48.8,49.8,50.3,54.2,38.6,57.2,43.7,50.8,50.2,64.2,59.9,49.9,56.7,68.3,50.2,45.9,47.6,48.4,51.1
7/1/17 15:59,16:00,50.3,47.9,57.2,46,38.5,40.3,42,48.6,43.5,50.6,36,53.7,49.1,46.6,45.3,57.1,58.2,44.2,46.3,68.3,37.9,35.9,52.4,43.7,48.1
7/1/17 16:59,17:00,47.8,42.3,57.2,43.6,53.2,37.2,36.3,46.2,41.1,50,37.8,50,51.6,44.8,43.3,52.8,56.4,42.4,44.5,60.6,39.1,31.3,53.6,40.5,43.3
7/1/17 17:59,18:00,47.8,48.6,56.1,49.2,56.8,36,37,49.8,45,45.8,39.7,51.3,52.2,41.7,44.6,54.6,55.8,42.4,51.9,54.7,40.3,46,53.6,35.2,48.8
7/1/17 18:59,19:00,46,52.3,63.8,51,56.8,36.7,39.1,52.9,50.4,43.5,44.1,52.6,63.6,42.9,48.4,60.1,52.2,49.4,53.7,64.8,39.9,48,52.5,36.5,50
7/1/17 19:59,20:00,52.1,51.6,61.4,55.9,62.2,42.2,41.5,52.9,50.4,54.3,55.8,53.2,69.9,48.4,53.3,63.1,53.4,54.3,57.3,68.9,47.7,48.5,53.6,38.9,54.2
7/1/17 20:59,21:00,66,58.2,61.4,61.2,65.1,56.6,51.9,57,53.4,53.6,67.8,51.9,68.1,56.4,55.6,70.1,60.5,58.5,61.4,71.7,56.2,54.7,59.6,57.5,58.2
7/1/17 21:59,22:00,69.4,62.4,67.8,64.1,70.3,62.4,57.3,60.5,59.9,59,71.8,60.2,73.8,63.5,60.4,74.1,64,65.6,62.6,78.5,59.7,59.4,65.9,61.7,64.5
7/1/17 22:59,23:00,74,65.8,70,68.1,72.6,67.6,61.5,63.9,64.5,64.2,76.9,65.5,76.6,68.1,64.4,78.6,68.1,70.2,71.3,83.4,66,64.1,69.8,65.7,69.1
7/1/17 23:59,0:00,75.6,73.9,74.6,75.9,76,71.5,65.6,68.5,68.6,67.7,79.2,69.4,80.5,72.7,68.4,81.3,74.9,73.6,77,87,67.2,68.2,74.4,70.3,71.3
7/2/17 0:59,1:00,79,76.2,79.1,77.1,81.6,72.6,69.7,73.6,72.6,71.1,82.5,74.5,82.1,76.1,71.9,82.4,81.1,78.1,79.3,87.5,73.4,72.8,78.8,74.8,75.8
7/2/17 1:59,2:00,80.6,76.8,79.6,83,86.3,75.4,72,75.8,75.9,74.5,84,78.4,83.5,78.8,75.8,82.9,80,82,81.5,91.4,75.1,76.2,81,76.5,80.6
7/2/17 2:59,3:00,83.1,80.5,82.7,83,86.8,80.9,74.8,78.7,77.6,76.2,87.1,77.9,84,78.3,77.6,87,82.1,81.9,85.2,92.9,80.6,78.4,82.6,78.8,81.6
7/2/17 3:59,4:00,85.1,84.2,86.3,84.9,90.9,79.8,79.4,82.3,78.8,78.4,87.5,80.5,89.6,80.4,80.2,89,84.2,84.5,88.3,96.2,80.6,82.1,83,82.4,82.6
7/2/17 4:59,5:00,87.6,88.2,89.9,86.9,88.3,83.3,81.5,85.3,81.4,80,89.5,83.1,91.5,84.1,84.3,90.9,85.7,93.4,90.4,97.6,81,85.7,84.5,87.6,84.1
7/2/17 5:59,6:00,90,89.2,90.4,87.3,88.8,85.8,83.2,86.8,81.8,82.6,92.6,84.1,93.1,82.9,85.9,91.9,86.3,94.8,89.4,97.6,80,86.7,85,87.6,81.5
7/2/17 6:59,7:00,85.5,84.7,87.3,85.8,85.1,84.2,80,82.2,80.2,79.4,89.5,83.5,85.1,81.9,81.8,90.4,82.7,93.4,85.2,94.2,80.4,83.1,83.5,79.9,69
7/2/17 7:59,8:00,53.3,81.6,85.8,82.8,83.1,80.7,77.7,79.2,78.2,76.7,72.9,79.4,79.8,79.9,78.1,85.4,78.9,90.9,83.6,89.2,76.2,78.5,77.2,74.8,72.4
7/2/17 8:59,9:00,55.7,67,81.1,77.6,79.4,77.1,76.6,67.9,76.5,67.6,68.8,77.8,67.4,73.8,65.5,74.6,78.3,87,78.7,86.3,76.7,71.7,76,47.3,63.9
7/2/17 9:59,10:00,45.3,56.3,76.8,74.8,69.1,73.7,69.1,62.2,68.5,63.6,63.5,72.8,58.1,67.4,57.3,71.1,74.9,81.4,74.7,79.6,72.2,58.2,63.5,41.8,62.8
7/2/17 10:59,11:00,37.1,49.7,69.4,66.3,65.6,63.5,63.2,55.8,62.2,55.9,35.3,66.5,53.3,64,54.9,64.2,68,67.9,71.3,77.3,64.8,56.9,55.9,43.6,58.1
7/2/17 11:59,12:00,49,46,59.5,58.1,52.6,50,57.3,50.4,54.5,52.3,37.2,59.5,51.5,58.7,48.2,61.8,65.8,56.6,64.9,71.7,54.2,48.4,49.4,41.1,54
7/2/17 12:59,13:00,48.4,43,56.7,54,44,44,53,34.6,50.3,46.3,33.5,54.2,45.6,52.7,46.5,59.5,60.5,51.1,62,65.4,47.6,38.4,42.2,42.4,48
7/2/17 13:59,14:00,47.3,39.3,50,48.6,37.1,36.7,47,41.3,42.9,45.1,28.2,55.6,41.8,47.2,43.4,52.2,54.6,43.7,55.5,61.3,43.9,40.3,42.8,42.4,45.7
7/2/17 14:59,15:00,41.6,38,42.7,41.7,36,32.2,39.5,38.8,41.2,43.4,29.6,44.5,36.3,43.5,38.5,46.6,50.4,41.8,49.6,57.7,39.8,36.3,45.3,36.2,42.7
7/2/17 15:59,16:00,43.6,39.4,50.2,40.5,32.3,30.4,39.5,40.2,41.2,44,28.3,46.5,41.9,43.5,38.5,45.5,48.6,41.8,36.5,58.4,36.8,32.1,46.5,35,42.1
7/2/17 16:59,17:00,36.4,40,49.5,44.5,49.1,27.9,35.3,42.7,39.5,44,30.3,46,44.4,39.2,41.2,48.7,46.8,41.8,41,56.6,38.6,31,46,39,37.8
7/2/17 17:59,18:00,44.3,39.3,45.9,45,47.8,35,32,40.2,36.2,42.3,40,42.2,44.4,34.7,38.6,53,43.1,40.7,41.5,47.4,36.7,37.8,42.2,31.6,36.3
7/2/17 18:59,19:00,37.6,35.9,36.2,35.8,42.7,32.3,25.9,34.9,30.7,29.3,37.8,33.7,43.6,31.2,33.8,45.9,39.8,33.8,43.3,44.6,26.3,31,35.8,28.1,32.2
7/2/17 19:59,20:00,40.7,43,48.8,41.6,42.7,33.9,33.8,45,39.8,39.5,40.1,40.1,52.2,41.4,44.1,47.7,43.6,41.7,48.2,47.7,37.7,42.9,46.4,30.8,39.9
7/2/17 20:59,21:00,47.7,50.4,54.8,52.8,50,43.8,48.8,50.4,51.6,50,47.7,50.7,56.4,53.9,50.2,55.2,54.5,53.6,49.9,57.5,48.9,48.4,56,49.7,52.8
7/2/17 21:59,22:00,62.4,60,66.6,62.3,63.3,58.9,59.8,60.6,59.9,59.6,64.2,59.1,64.6,65.3,59.8,63.6,65.2,63.2,62,69.4,56.7,59.5,64.2,60.5,62.3
7/2/17 22:59,23:00,70,71.7,76.9,73.3,70.3,67,70.4,70.9,71,68.9,71.8,70.1,73.2,74.4,71.4,70.6,73.9,73.1,71.9,80.2,67.8,71.2,75,72.1,68.6
7/2/17 23:59,0:00,77.3,77.9,82.4,78.8,74.9,72.1,76.1,77,75.4,72.9,78.6,74.6,79.9,78.9,77.6,75.8,79.5,77.6,77.6,84.5,71.2,76.8,81.1,78.8,74.7
7/3/17 0:59,1:00,79.5,81.2,85.2,83.6,81.1,76,77.2,79.8,78.2,78.4,84.7,79.6,81.6,81.6,79.2,80.2,78.9,82.5,79.8,88.1,78.4,79.6,83.2,80.5,80.7
7/3/17 1:59,2:00,82.8,82.8,85.2,82,83.8,79.2,77.2,80.3,78.2,77.3,85.7,79.6,83.2,80,79.2,83,79.4,83.1,84.3,90.5,79.5,80.7,82.7,81,81.7
7/3/17 2:59,3:00,83.2,80.6,82.8,82.5,83.2,82,76.6,80.8,78.2,77.8,85.1,79.6,83.2,80,79.8,84,80.6,82.5,81,90.5,78.9,79.6,80.5,80.4,80.6
7/3/17 3:59,4:00,82.2,79.6,83.3,81.4,82.1,81.4,77.1,80.3,77,77.8,84,79,79.9,78.3,79.2,82.8,80,81.4,81.5,90.8,77.8,79.1,80.5,79.9,77.9
7/3/17 4:59,5:00,79.4,77.4,81.1,79.2,80.5,78.2,76.6,78.1,75.3,76.7,81.3,76.2,78.8,77.2,77.5,82.8,80,80.3,80.4,88.3,76.7,76.9,78.3,78.2,75.2
7/3/17 5:59,6:00,79.4,76.2,78.4,77,78.9,77.1,74.8,75.8,73.1,72.8,79.7,74.5,76.6,72.8,75.8,80.7,74.3,77.5,78.1,86.7,73.3,74.7,73.9,77.1,74.1
7/3/17 6:59,7:00,75.1,71.7,76.7,72.7,76.1,73.2,71.3,71.5,71.3,69.9,73.6,70.5,73.3,71.1,70.4,79,72,74.1,73.7,84.6,69.9,71.3,70.6,71.9,71.2
7/3/17 7:59,8:00,73.4,68.9,75,73.7,71,72.2,70.8,71.9,67.3,67.6,72.2,69.9,72.6,70.3,69.5,78.5,70.2,71.2,73.7,81.4,67,69.9,66.8,69.1,66.1
7/3/17 8:59,9:00,70.4,68.6,74,70.2,69.6,68,66.7,69,66.7,65.2,64.6,67.6,67.9,67.4,66.6,74.6,69.1,70.1,74.7,78.7,65.3,66.3,67.4,62.6,64.3
7/3/17 9:59,10:00,56.2,68.6,72.5,72,65.5,66.2,65.5,66.1,63.2,61.7,60.4,64.7,66.2,63.2,63.7,72.8,66.8,68.9,71.2,76.7,63.5,64,62.2,60.9,58.5
7/3/17 10:59,11:00,39.4,53.2,68.8,66.2,60.1,59.3,58.3,53.8,56.7,56.4,42,62.4,59.1,56.1,56,64,61.5,61.8,67.1,72.2,58.2,53.1,46.1,48.4,53.7
7/3/17 11:59,12:00,49.5,47.7,58.2,55.6,48,48,54.1,49,50.6,50.4,35.7,58.2,49.5,53,46.8,61.1,57.9,52.7,63,66.3,50.4,49.4,45.5,45.8,48.9
7/3/17 12:59,13:00,50.1,41.5,52.2,48.8,41.3,42.5,47.9,33.6,45.2,46.1,35.7,52.2,43.4,47.5,43.1,55.6,53.7,47.7,57.6,63.4,44.9,39.2,43.1,42.2,47.2
7/3/17 13:59,14:00,48.2,38.9,46.8,46.4,37.6,38.2,44.2,39.7,43.3,43,30.6,47.9,40.8,45,42.5,53.2,52,44,54.1,58.6,42.5,39.2,43.1,41.6,44.2
7/3/17 14:59,15:00,45.2,37.7,45,46.4,38.8,35.2,41.8,39.7,43.3,45.5,31.2,46.8,33.4,42,38.8,51.4,45.8,43.5,45,57.5,38.9,37.4,43.8,37.2,41.8
7/3/17 15:59,16:00,42,37.1,46.2,40.3,28.8,34.5,34.7,38,37.2,43.1,29.3,43.7,38.4,36.8,36.9,47.7,44,39.7,36.9,55.1,37,29.2,43.8,34.1,39.9
7/3/17 16:59,17:00,42,35.1,43.6,33.7,43.7,32.7,30.3,36.6,34.6,39.3,37,37.4,39,35.6,34.3,50.2,42.1,34.3,33,52.6,36.4,21.9,41.9,29.6,35.5
7/3/17 17:59,18:00,40.7,37.7,43.6,40.8,43.7,30.8,30.3,38.6,34.6,38.1,35.7,39.3,40.2,31.7,36.3,48.3,37.7,36.3,34.8,46.5,33.2,33.5,40.7,28,35.5
7/3/17 18:59,19:00,39.3,36.3,39.8,40.1,43.1,33.9,27.6,37.2,37,34.9,36.9,38.6,42.1,36.3,36.3,49.5,44.7,38.9,37.3,48.1,32.5,33.5,41.9,28,40.4
7/3/17 19:59,20:00,49.5,49,55.3,51.5,51.8,45,46.9,49.7,48.4,47.5,47.6,48.7,52.1,48.9,48.8,54.5,50.8,51.7,53.6,61.1,45.1,47.7,51.7,46,48.5
7/3/17 20:59,21:00,57.5,55.7,60.1,56.9,59.7,54,51.8,55.7,53.9,52.9,58.7,54.8,58.7,56.2,54.9,62.3,57.4,57.1,58.3,66.4,51.2,54.5,55.8,55.6,56.9
7/3/17 21:59,22:00,64.1,61.1,64.8,59.8,63.2,61.7,57.2,61,56.8,57.7,65.3,58.3,64.5,59.8,59.7,68.2,63.3,60.7,64.3,69.9,56.6,59.9,60.5,61.5,59.8
7/3/17 22:59,23:00,71.6,64.6,67.7,63.4,70.8,66.9,61.4,63.3,61,60.6,74.6,61.3,70.3,64,62,73.4,65.1,64.3,68.3,73.3,59.5,61.7,65.2,63.9,62.7
7/3/17 23:59,0:00,76.7,68.1,71.7,70.3,74.8,72,64.4,67.3,63.9,63.5,79.7,64.8,74.8,66.3,66.1,78,69.7,67.8,72.4,75.6,61.8,66.4,68.1,68.5,65.6
7/4/17 0:59,1:00,77.3,72.7,75.7,70.3,76.5,74.8,67.3,69.6,65.6,65.9,82.8,67.1,78.3,68.6,68.4,79,70.9,70.1,77.5,77.3,64.8,69.3,70.3,71.4,67.3
7/4/17 1:59,2:00,78.7,74,76.3,72.5,76.1,74.4,70.2,73.6,67.3,68.2,84.8,69.9,81.9,70.9,71.8,80.5,73.7,73.5,81.4,79.4,67.6,73.3,72.1,75.4,69
7/4/17 2:59,3:00,81.3,80.4,78.9,75.3,78.2,75.8,74.3,76.5,71.4,70.5,87.4,71.1,82.4,74.3,72.6,83.1,76.6,75.8,84.1,83.6,69.9,75.2,73.4,78.2,73.5
7/4/17 3:59,4:00,83.4,80.9,80,79.7,81.4,77.4,75.4,78,74.2,72.2,88.9,74.1,86,75.6,76.4,83.1,77.8,78.6,85.6,85.7,72.8,77.3,76.1,80.8,73.6
7/4/17 4:59,5:00,84.9,82.5,82.6,82.8,82.4,79.5,75,79,76,74.1,87.3,81.5,87.9,78.3,77.4,85.2,81,92.9,88.8,86.7,73.9,78.3,78.7,82.4,76.9
7/4/17 5:59,6:00,85.4,84.1,84.1,84.2,84.5,81.1,76.7,80.6,77.6,77.3,88.9,83.5,90,78.8,78.5,87.2,81,94.8,89.8,88.2,73.5,79.9,79.2,81.3,76.9
7/4/17 6:59,7:00,83.4,79.9,84.7,84.8,82,79,76.1,77.5,77.1,71.6,86.9,79,78.3,76,73.6,89.3,80.5,93.4,86.2,87.2,75.2,70.5,76.6,72,72.9
7/4/17 7:59,8:00,56.9,76.3,82.1,79.8,79.4,77.6,73.1,69.6,75.3,64.1,72.3,75.6,43.6,69.8,69,83.4,78.3,88.6,79.8,85.7,76.2,73.4,74.9,54.5,70.1
7/4/17 8:59,9:00,56.9,55.7,78.6,75.4,75.4,76,72.6,59.8,70.8,63.6,67,73.4,55,66.9,62.6,75.7,75.5,85,75.8,85.3,72.2,55.7,69.8,40,63.9
7/4/17 9:59,10:00,44.7,49.7,75.7,70.3,65,74.3,67.3,57.5,65.7,61.9,67,70,52,64,55,70,71.5,79.8,72.4,81.8,68.3,40.3,56.5,43.7,61.6
7/4/17 10:59,11:00,35.9,41.1,67.2,64.6,62.1,63.5,61.5,49.8,62.8,57.2,35.9,64.3,50.3,58.6,50.1,62.4,66.3,73.1,65.4,73.4,61.3,53.9,50,36.9,56.9
7/4/17 11:59,12:00,45.8,40.5,57.8,56.3,45.8,46.3,54.9,45.6,54.5,50,31.5,58.4,44.9,53.2,46.5,56.4,61,64.4,58.9,65.9,51.3,33.4,47.6,40,48.6
7/4/17 12:59,13:00,46.5,37.3,51.9,49.7,37,37.8,46.2,29.6,43.5,43.2,30.2,50,40.6,44.5,40.8,52.2,57.6,48.6,54.3,59.4,44.5,33.4,40.3,38.1,43.1
7/4/17 13:59,14:00,38.8,32.1,42,41.6,33.4,32.7,38,33.6,41.7,42,28.2,45.7,35.5,41.4,36.5,47.9,48.4,43.6,46.9,53.3,41.5,33.7,37.8,34.9,38.8
7/4/17 14:59,15:00,35,31.5,39.6,41.1,34,27,35.5,34.9,36.7,40.1,25.5,40.1,32.4,39,33.3,39.5,47.9,35.9,42.8,47.8,35.9,29.8,39.7,30.5,35.6
7/4/17 15:59,16:00,35.8,28.2,40.1,36,23.9,26.5,29.7,30.5,33,37,25.5,38.9,32.4,33.2,30.7,42.9,41.1,34.7,37.9,47.2,29.6,22.8,38.4,29.9,32.5
7/4/17 16:59,17:00,33.1,26.2,32.4,32,36.3,25.3,23.8,27.1,28.4,35.1,28.2,33.8,30.8,26.5,25.3,40.9,36.7,31.5,35.9,42.1,28.2,14.4,34.6,20,27.9
7/4/17 17:59,18:00,34.4,24,29.1,30.5,38.3,25.3,21.9,25.1,24.3,28.6,28.6,29.8,25.4,23.1,24,42.1,29.4,28.5,30.5,37.1,27.5,21.6,30.7,21,26.5
7/4/17 18:59,19:00,30.2,25.4,31.6,24.3,32.3,26.4,19.7,27.1,26.8,22.6,32.6,22.3,35.8,24.5,23.2,38.8,31.4,22.1,30.5,34.8,20.9,22.9,30,19,29
7/4/17 19:59,20:00,34.8,31.4,39.4,34.4,38,26.4,27.1,34.2,34,33,34.2,31.7,42.8,35,32.4,38.8,38.5,33.8,41.8,45.8,31.9,31,38.3,23.5,39.3
7/4/17 20:59,21:00,48.4,40.9,46.9,47.2,49.4,42,40.6,40.5,42.2,42.6,49.5,42,51.5,46.5,40.8,51.4,48.4,44.8,48,56.4,43.9,40.2,46.3,39.7,45.5
7/4/17 21:59,22:00,48.4,49.7,53,47.2,46.2,46.2,45.6,48.6,42.8,45,60,43.8,59.9,47,48.2,55.7,53.9,46.6,54.7,45,42.6,46.5,48.1,50.9,43.5
7/4/17 22:59,23:00,45.5,53.3,54.7,52,48.6,40.4,47.4,50.9,43.3,42.4,53.7,44.9,64,50.1,48.8,48.1,58.7,47.1,63.2,46.9,39.2,50.2,50.4,52,42.8
7/4/17 23:59,0:00,52.5,59.3,61.9,59.9,54.7,47.3,54.8,56.9,53.9,49.8,54.9,52.9,65.2,61.7,56.1,55,62.2,57.1,70.2,55,46.8,55.7,62.4,57.5,55.7
7/5/17 0:59,1:00,60.4,67,68.3,66.9,63.8,52.1,60.3,64,63.4,59.5,61.6,63.1,72.6,66.9,62.1,60.5,71.6,66.1,73.6,64.6,54.8,62.3,69.9,64.5,63.4
7/5/17 1:59,2:00,70.5,71.6,72.3,71.5,73.7,59.9,66.8,68.6,66.9,66.6,70.5,68.9,76.6,72.1,67.3,67.6,81.2,71.9,81,71.1,66.6,67.7,72.1,69.2,70.8
7/5/17 2:59,3:00,77.3,73.3,76.8,75.9,80.5,66.4,68,71.4,69.7,67.7,79.2,74.6,81.6,73.3,70.8,74,83.3,76.4,82.7,71.1,69.5,71.1,76.6,73.1,75.8
7/5/17 3:59,4:00,74.5,80.1,76.8,79.3,85.5,70.9,70.8,75.3,73.1,71.7,76.9,75.6,84.7,78.9,74.2,79.7,83.3,78.1,87.1,82.3,71.1,73.4,79.4,81.6,76.9
7/5/17 4:59,5:00,76.2,83.8,78,82,82.7,68.6,72,79.7,74.3,73.4,80.8,77.9,88.2,78.9,75.8,79.1,87.2,80.3,89.3,77.9,73.4,76.8,80.5,82.6,79.6
7/5/17 5:59,6:00,77.4,83.8,81.3,83,82.7,70.3,74.9,82.5,75.9,76.2,81.3,79.5,89.3,79.4,77,81.9,86.6,81.4,89.6,76.2,76.2,79,81.6,81.6,80.7
7/5/17 6:59,7:00,81.7,77.9,81.3,82.5,86,75.9,73.2,74.8,76.5,65.4,81.3,75.7,79.9,71.6,63.8,83,81.7,82,87.1,75.1,76.2,59.4,75.5,64.6,68.6
7/5/17 7:59,8:00,50.3,70.5,80.8,75.4,79.4,70.4,69.7,59.9,70.3,61.3,63.6,70.6,40,67.5,63.8,80.2,74.4,74.8,78.2,73.9,68.9,64.1,71,49.1,61.7
7/5/17 8:59,9:00,46,51.7,72.9,66.9,70.9,65.2,65.1,55.2,63.4,57.8,58.2,66,49.8,61.7,56.2,65.4,69.8,67.3,68.4,70,62,49.7,61.8,41.4,55.2
7/5/17 9:59,10:00,37.9,45,66.1,61.2,59.9,59.5,53.1,49.9,56.3,53.7,52.2,60.3,47.5,52.7,46.5,57.1,63.4,56.1,62,65.9,57.2,36,47,35.8,49.9
7/5/17 10:59,11:00,30.2,32.5,54.3,52.9,52,48.9,47.6,42,50.3,44.5,30.4,50,40.7,47.2,40.4,51,56.4,46.1,54.9,52.1,48.3,42.2,40.3,30.2,43.8
7/5/17 11:59,12:00,32.5,28.4,45.9,39.8,37.3,32.8,40.1,29.4,41.8,39,24.5,40.8,31.8,40.3,33.4,42.9,49.8,37.8,48.3,44.1,37.1,23.6,36.7,28.8,36.3
7/5/17 12:59,13:00,31.9,26.5,35.9,34.1,28.4,26.5,33,21.4,32.2,31.4,20.5,31.8,29.4,31.9,26.9,36.5,40.5,30.6,42.2,36.3,28.2,23.6,26.6,28.1,30.6
7/5/17 13:59,14:00,27.8,21.8,32.2,30.2,22.5,26.5,27.2,24.9,27.8,27.5,18.4,28.6,24.1,31.4,26.9,34.6,33.6,24.7,33.3,36.3,27,20.5,26.6,23.6,28.1
7/5/17 14:59,15:00,27.2,24,28.4,26.9,23.7,22.2,24.6,25.6,24.6,31.5,18.4,30.8,20.2,24,23.8,32,33.6,26.4,28.3,34.5,21.3,21.4,25.4,21.1,28.9
7/5/17 15:59,16:00,28,24,32.1,28.5,18.9,22.9,24.6,27.6,25.4,28.9,22,28.8,25.3,24.9,25.2,29.4,34.4,25.6,26.5,31.3,20.7,17.6,29.2,24.5,29.5
7/5/17 16:59,17:00,28.7,24.7,35.4,27.8,31.5,22.9,22.2,26.4,26.8,28.9,22,29.6,28.7,27.7,25.8,30.7,33.8,25,27.8,40,28,16.5,32.5,24.5,29
7/5/17 17:59,18:00,29.5,28.6,37.4,32.3,37.3,24.2,25.7,30.9,28.1,32.3,25.8,32.2,32.6,29.1,28.5,34.7,35.8,31.8,31,38,29.3,25.5,34.4,25.4,30.8
7/5/17 18:59,19:00,35.4,31.9,37.9,35.6,37.9,30.6,27,34.1,32.5,32.3,32.2,33.5,38.9,29.6,33,41.2,35.1,34.3,38,41.7,27.3,30.2,35,25.9,33.3
7/5/17 19:59,20:00,40.5,35,40.3,38.1,44.1,35.6,31.4,36.5,36.9,40.4,39.9,39.2,40.1,37.3,35.4,42.3,38.8,36.1,40.3,46.7,33.5,34.1,39.3,27.8,39
7/5/17 20:59,21:00,45.3,43.7,48.3,46.8,45.9,42.1,40.8,42.7,43.1,44,46,43.4,47.4,44.7,43.6,48.5,46.7,45.6,47.7,51.6,41.7,41.1,45.9,42.5,46.8
7/5/17 21:59,22:00,54.7,51,51.8,55.3,56.2,53.6,43.8,48,47.2,48.2,55.8,46.4,54,48.3,49,55.9,52.6,49.9,50.6,64.2,46.4,46.6,49.9,47.9,53.4
7/5/17 22:59,23:00,60.6,53.3,56.5,55.7,64.5,57.7,48.7,51.5,52,52.3,61.2,51.8,55.7,55,50.7,62.4,58.6,54.1,55.3,71.7,54.2,50.8,55.8,52.7,60.4
7/5/17 23:59,0:00,65.9,59.9,63.6,60.4,65,61.8,56.6,58,58.6,57.7,71.8,57.1,61,63.4,56.7,68.3,65.7,60.1,61.9,77.3,61.9,57.5,65.2,58.6,67.3
7/6/17 0:59,1:00,69.9,69.3,71.1,69.2,72,66.4,63.2,65.6,63.9,63.6,74,67.1,69.1,66.3,63.8,71.2,73.2,69,68.3,81.8,65.4,65.8,69.2,66.2,70.2
7/6/17 1:59,2:00,76.2,71.6,74.6,74.2,76,70.9,65,68.5,67.3,65.9,81.9,70.5,77.1,69.2,67.2,76.3,77.2,73.6,71.8,86.4,68.2,68.8,72.1,70.8,73.5
7/6/17 2:59,3:00,77.8,74.4,74.7,76.5,77.7,75.4,67.9,71.9,69.1,67.6,80.8,71.7,77.7,71.5,69.5,79.6,80,75.2,77.6,88.4,72.2,71.1,74.9,73.7,77.4
7/6/17 3:59,4:00,80,77.8,79.5,78.2,82.6,75.9,71.4,75.3,73.1,71.6,83.4,76.2,81.9,76,73.6,82.3,78.4,78.1,80.4,91.9,77.3,75.6,77.2,76.6,78.5
7/6/17 4:59,5:00,84,79.9,80,80.2,86.7,78.2,73.1,76.5,77.6,75,87,79.4,84.5,79.4,73.7,84.9,78.4,80.8,85.8,91.9,79.5,76.8,80.4,78.3,80.6
7/6/17 5:59,6:00,85.6,81.5,82.6,83.8,89.4,80.8,75.4,77.6,78.2,76.7,88.6,83.2,85,79.4,74.8,86.9,81,82.4,88.4,94.3,79.5,76.8,80.9,76.1,80.1
7/6/17 6:59,7:00,86.7,76.3,82.1,81.3,85.3,81.4,74.8,75.3,77,65.3,88.1,75.6,80.4,71.5,64.9,88,80.6,81.4,83.2,84.3,79.5,60.5,73.8,65,66.2
7/6/17 7:59,8:00,58.2,73.9,77.9,78.1,79.9,78.7,70.8,62.8,71.4,62.4,72.9,72.8,41.8,65.1,66.1,81.9,74.3,74.7,75.9,79.6,70.5,67,70.9,54.5,61.6
7/6/17 8:59,9:00,53.4,45.4,76.3,69.7,70.8,73.7,65.6,55.8,64.5,57.7,65.3,67.1,51.5,61,58.5,72.3,73.2,67.8,71.9,76.2,67.1,53.9,65.8,44.2,56.3
7/6/17 9:59,10:00,41,44.8,69.4,65.2,59.1,67.5,61.5,49.8,59.2,53,62.4,62.5,52.1,57.4,49.5,64.2,68.6,58.4,68.4,72.8,61.3,39.1,51.7,35.6,54.5
7/6/17 10:59,11:00,32,38.1,60.8,57.6,56.8,59,54.3,47.4,53.9,49.4,33.5,56,44.8,55.1,45.8,57.7,62.3,51.7,65.6,69.4,54.3,48.4,47.6,37.5,49.9
7/6/17 11:59,12:00,46.1,38.1,54.3,49.8,43.5,44.7,49.5,43.3,47.9,46.4,30.3,53.2,41.2,48.5,41,52.9,56.4,46.9,57.3,62.5,47.8,30.2,42.9,35.7,46.3
7/6/17 12:59,13:00,44.2,38.7,47.8,45,40,38,45.8,31.1,43.7,44.2,29.1,50.2,37.6,44.1,39.8,48.6,49.7,41.9,50.1,59,41.1,31.4,37.5,34.6,42.8
7/6/17 13:59,14:00,42.3,33.2,42.9,42.6,32.5,33,39,36,37.5,41.1,26.6,42.8,34.5,36.6,36.1,45.5,47.4,37.5,46.5,54.3,34.3,34.7,33.2,33.3,39
7/6/17 14:59,15:00,36.6,31.9,38.5,38.2,33.7,30,33.3,32.8,35.8,40.4,27.3,41.7,31.4,36,33.6,43.1,42.5,36.3,40.5,46.8,32.5,31.5,36.8,30.1,36.6
7/6/17 15:59,16:00,33.3,31.9,41,33.7,23,26.2,29.4,32.8,31.3,36,24.7,39.2,32.5,27.5,33.6,39.3,35.5,31,29.6,47.5,27.4,28.2,37.5,28.3,34.2
7/6/17 16:59,17:00,32.6,29.9,38.5,33.7,38.6,26.9,27,34.1,28.1,37.3,25.8,37.3,32.5,24.2,31.8,36.6,38.2,30.4,25.7,45,30,26.9,31.1,27.6,31
7/6/17 17:59,18:00,31.4,30.5,34.7,36.2,43.7,26.2,25.7,31.5,28.1,35,28.3,36.1,37.6,27,30.4,38.6,39.6,29,32.9,39.4,25.4,28.2,33,23.3,32.2
7/6/17 18:59,19:00,32,32.4,39.7,37.5,46.7,28.8,23,32.8,32.6,32.5,28.9,39.2,42.6,29.1,32.3,43.8,38.3,30.3,43.7,43.7,28.7,26.8,38.2,23.9,35.4
7/6/17 19:59,20:00,42.5,32.4,44.1,45.8,51.1,34.5,29.6,35.3,37,48.7,40,44.3,46.3,34.8,37.4,47.6,40.8,40.2,44.7,51.9,40.7,30.2,38.7,26.5,37.1
7/6/17 20:59,21:00,50.6,42.5,44.7,49.3,57,46.1,38.4,42.1,37.5,43.5,55.5,39.1,54.8,41.7,44.9,56.8,50.5,45.7,51.5,51.9,43,39.3,44.2,42.7,47.1
7/6/17 21:59,22:00,51.1,48.1,52,51.2,60.5,50.3,46.6,47,48.7,50.2,59,47.8,57.1,51.6,49.2,57.2,55.3,52.6,58,64.3,49.7,45.5,53.8,48.7,56.6
7/6/17 22:59,23:00,61.4,55.9,60.2,57.7,65.8,55.6,54.4,54.7,57,56.1,63.8,56.8,60,60.6,55.7,62,61.2,60.9,59.7,73.5,59.2,52.9,61.9,55.3,62.9
7/6/17 23:59,0:00,66.1,64.2,67.2,65.2,72.1,60.8,60.4,62.9,62.8,63.2,70.2,62.6,68.1,65.2,61,69,65.8,66.8,66.7,79.1,63.2,61.3,67.6,61.7,66.2
7/7/17 0:59,1:00,70,68.2,70.6,70.4,74.3,68.7,63.3,65.1,65.7,64.8,72.4,66,74.4,67.5,63.8,71.8,72.7,89,70.1,84.5,66.6,63.6,71.6,66.9,69.6
7/7/17 1:59,2:00,75.1,70.5,75.2,76,74.9,69.8,65,69.1,68,67.1,79.2,68.9,74.9,71.5,67.9,76.3,73.8,89.5,77.6,87,68.9,68.8,73.2,70.3,74.1
7/7/17 2:59,3:00,78.4,75.6,77.4,76,78.2,73.2,67.9,73,72,71.1,82.5,72.8,77.1,74.9,71.9,79.7,76,87.2,77.6,90.4,72.8,73.4,77.7,73.7,75.7
7/7/17 3:59,4:00,80.1,76.3,77.4,79.8,82.7,76.5,69.6,75.8,73.7,72.2,84,75.6,80.9,76,72.4,81.9,78.9,88.1,77,91.3,74.5,75.1,77.2,77.1,76.3
7/7/17 4:59,5:00,82.1,78.3,79.5,79.8,84.1,80.3,72.5,76.9,74.8,72.2,88.2,76.8,83.5,75.5,75.3,83.4,78.4,88.6,78.8,89.8,76.2,74.7,79.4,76.6,77.9
7/7/17 5:59,6:00,85.7,79.4,82.1,81.8,86.2,81.4,73.7,77.6,75.9,73.9,88.6,78.4,84,76.2,76.5,85.4,82.1,91,83,93.3,76.7,76.2,80.4,78.3,79.4
7/7/17 6:59,7:00,81.7,77.4,81.1,80.9,78.9,79.8,72,77.5,74.8,73.9,79.8,77.8,77.7,74.9,75.3,82.8,81.1,87,80.4,93.3,74.5,75.2,77.2,76.5,79
7/7/17 7:59,8:00,82.1,77.4,79.5,80.3,82.7,79.8,72,78.6,74.8,72.2,80.3,77.8,79.3,73.8,75.3,83.4,76.6,92.6,79.2,89.4,71.7,75.6,76.6,75.4,77.4
7/7/17 8:59,9:00,78.4,76.2,79,78.7,77.7,77.6,71.4,77.5,74.2,73.4,74.6,78.4,76.6,72.1,74.7,81.8,74.9,89.1,78.7,85.8,71.7,73.4,73.8,66.8,75.7
7/7/17 9:59,10:00,79,73.3,76.9,75.9,72,75.9,67.3,73,70.8,68.8,72.3,72.2,72,70.9,71.9,81.9,73.2,88.4,76.4,86.9,70,69.9,70.4,68.6,73.5
7/7/17 10:59,11:00,77.8,71,77.4,74.2,73.7,74.8,67.9,70.8,71.4,68.8,72.3,71.7,71.5,72.6,69,81.9,74.9,85.2,75.3,87.9,71.1,68.8,73.8,66.8,75.8
7/7/17 11:59,12:00,77.3,71.6,79.6,77.1,74.3,73.2,70.3,72.5,73.1,70.5,70.6,74.5,72,70.9,70.2,80.2,72.7,85.8,74.7,88.4,71.1,71.1,71.6,64.5,74.6
7/7/17 12:59,13:00,76.7,69.3,78.5,77.1,73.2,74.3,70.3,68,71.4,69.4,70.6,71.7,67.5,66.9,67.3,81.3,69.2,83.1,73,86.5,71.1,66.5,62.9,62.2,65.7
7/7/17 13:59,14:00,68.2,62.9,72.9,69.8,64.5,62.4,62.7,64,62.8,62.5,54.7,65.4,62.9,61,62.1,75.8,62.2,75.3,72.5,80.7,60.8,61.8,58.3,55.8,58.7
7/7/17 14:59,15:00,63.5,55.7,62.5,56.9,62.1,60.6,50.6,58.1,53.8,51.7,52.7,57.8,54.5,51.9,52.5,70,58.6,58.4,62,71.7,53.6,53.3,55.3,46.7,54.5
7/7/17 15:59,16:00,58.2,50.3,61.3,53.3,35.8,44.5,45.6,52.1,47.1,52.3,42.8,55.4,54,47,48.2,61.8,55,51.2,53.6,68.8,46.9,50.2,54.1,46,53.4
7/7/17 16:59,17:00,53.9,49.1,60.1,51.5,53.7,42.7,43.8,51.5,44.7,52.3,40.9,51.7,51.5,45.8,47.6,66,53.9,51.2,54.2,67.6,44.5,47.7,52.9,44.2,45.5
7/7/17 17:59,18:00,53.9,50.3,58.9,54.5,54.3,41.5,40.7,52.1,46,49.4,47.8,53.6,54,41.4,49.5,61.8,52.6,51.2,53.5,63.6,44.5,47.7,52.3,44.8,49.1
7/7/17 18:59,19:00,58.2,53.3,61.3,56.9,59.1,48.2,48,53.9,52,51.1,53.3,54.2,56.9,49.5,52.5,65.3,53.2,56.5,55.3,68.2,47.5,50.2,54.1,48.4,49.7
7/7/17 19:59,20:00,61.1,51.4,61.3,56.9,63.8,50.5,43.7,54.5,53.2,55.3,59.3,54.2,65.1,51.9,53.6,70,55,57.2,57.7,71.1,51.1,50.2,55.2,38.1,56.3
7/7/17 20:59,21:00,67.6,62.8,67.7,63.4,68.5,62.3,58.4,61.6,59.8,60.1,74,60.1,75.4,61.6,60.2,74,66.9,64.9,69.5,77.3,58.4,60.5,63.5,61.5,63.3
7/7/17 21:59,22:00,76.2,67.5,70,72.6,74.8,69.2,62,66.2,63.3,62.4,79.8,66,77.1,65.1,66.1,79.1,68,70.7,70.1,81.2,63.1,64.1,67.5,67.4,68.5
7/7/17 22:59,23:00,79,70.4,72.8,72.6,79.4,70.9,64.4,69.1,66.8,67.1,83.5,68.3,79.3,69.8,68.4,83,69.7,73,72.4,82.8,68.9,68.2,71.5,69.1,73
7/7/17 23:59,0:00,82.6,73.3,75.8,76.5,82.1,77,69.1,72.5,70.3,70.5,86.5,72.2,77.7,73.8,73,82.3,73.2,75.8,77,84.3,72.3,72.2,74.9,73.1,75.7
7/8/17 0:59,1:00,84.6,77.4,78.5,79.8,83.6,78.2,74.3,76.4,72.5,72.8,90.1,75.1,83,74.9,75.3,85.3,80.6,79.2,79.3,83.2,76.2,76.2,77.1,77.6,77.4
7/8/17 1:59,2:00,87.5,78.9,80.1,81.3,87.7,80.2,74.3,77,75.9,74.5,91,77.9,86.5,78.8,77.6,87.9,78.9,80.8,84.1,88.3,78.4,76.3,77.8,78.7,79
7/8/17 2:59,3:00,88.9,83.5,83.8,85.9,88.2,82.2,77.7,82.8,78.2,76.7,92,79.4,90.1,77.8,79.2,89.3,80.5,82.9,87.8,88.3,79.5,80,79.9,82.4,79.4
7/8/17 3:59,4:00,90.9,90.2,85.8,86.8,90.7,84.2,79.9,85.2,78.7,77.9,95,82.6,92.5,81.4,84.3,90.3,85.7,85.4,90.9,90.7,79.5,83.1,81.9,88.6,81.5
7/8/17 4:59,5:00,91.8,91.2,87.8,88.3,92.2,86.2,81.4,86.3,79.2,78.9,95.4,83.5,94.4,82.4,86.7,92.2,87.8,86.4,94,92.2,81,86.2,83.9,89.5,82.9
7/8/17 5:59,6:00,92.3,92.2,89.9,90.7,92.7,87.7,84.1,89.8,83.3,82.5,95.9,90.5,94.4,85,88.8,92.2,91.4,90.9,95.5,92.7,82,87.1,87.1,89.1,85
7/8/17 6:59,7:00,91.4,86.8,90.9,90.7,93.4,87.7,82.7,82.9,81.3,69.4,95,81,85.5,78.3,71.9,92.2,86.9,88.6,92,90.3,81,68.2,79.4,70.8,71.3
7/8/17 7:59,8:00,63,82.2,87.4,84,85.8,84.9,78.3,76.4,79.8,75.6,78,80.1,49.1,77.2,79.8,89,84.4,84.1,82.1,87.8,80.1,81.1,76.6,62.8,72.4
7/8/17 8:59,9:00,55.8,57.6,84,80.3,80.5,80.9,74.3,64,74.8,67.7,71.8,79,55.1,69.8,67.3,79.1,79.4,79.2,78.1,85.4,76.7,63,73.2,46.2,67.9
7/8/17 9:59,10:00,42.2,49.1,79.7,73.8,66.2,75.9,69.1,59.4,68.6,61.9,67.7,72.9,57,65.8,56.2,71.2,73.8,68.5,74.7,80.7,71.1,60.6,54.7,37,61
7/8/17 10:59,11:00,36.6,41.8,68.9,67.6,64.5,66.4,62.7,52.8,61.6,56.6,37.9,65.5,52.9,61.1,53.2,64.2,69.3,62,67.8,74,62.5,52.2,50.6,38.8,54.6
7/8/17 11:59,12:00,46.6,41.8,61.5,57,48.9,50.1,56.8,47.5,52.1,51.2,33.5,56,47.4,53.3,49,58.2,61.7,54.8,63.2,68.9,51.9,42.9,48.8,42.5,50.5
7/8/17 12:59,13:00,45.4,39.9,51.2,52.3,41.6,39.2,47,31,45.5,47.7,31.5,53.7,42.4,49.1,42.8,54.7,54.6,49.9,57.9,63.1,47.2,40.3,43.6,40,46.3
7/8/17 13:59,14:00,44.8,37.4,42.1,42.3,34.1,38,37.4,37,42.5,42.1,30.4,45.2,38.2,40.9,37.2,49.2,44.8,41.9,49.5,57.7,42.9,38.4,39.9,36.9,42.7
7/8/17 14:59,15:00,36.5,29.6,35.8,40.6,34.8,30.5,33.7,33.1,36.8,39.7,27.1,42.2,34.5,33.9,32.8,46.1,41.8,38.7,44.1,54.8,37.3,30.6,37.3,29.9,36.4
7/8/17 15:59,16:00,31.8,32.3,39,31.5,21.4,25.9,30.6,33.9,29.8,33.2,23.7,32.6,35,32,30.8,40.4,36.7,29.4,38.8,45.4,29.6,26.8,37.3,30.7,31.3
7/8/17 16:59,17:00,30.5,30.4,37.1,33.6,32.5,24,23.9,29.2,27.8,32,26.2,32.6,33.6,28.8,27.5,39.1,36.1,32.9,32.8,40.4,28.3,24.1,36.1,26.1,29.4
7/8/17 17:59,18:00,33.2,30.4,36.5,36.7,37.1,26,26.8,31.9,29.8,34.7,30.1,33.3,35.6,28.8,31.5,43.5,38.1,34.2,33.3,39.8,29.1,28.6,35.4,26.1,32
7/8/17 18:59,19:00,37.8,33.5,41.4,36.7,40.3,31.1,27.4,34.5,35.5,32.1,34.7,35.9,40,33.4,34,44.2,40.6,36,39.1,46.7,30.4,31.2,38.6,28.9,37.1
7/8/17 19:59,20:00,42.2,38.7,45.8,42.4,44,36.6,33.9,41.4,40.6,39.6,41.6,39.7,48.6,40.4,40.4,46.6,41.9,45,44,47.9,37.2,39.2,44.1,30.7,40.1
7/8/17 20:59,21:00,49.1,46.8,50.7,48,52,45.2,44,47.6,43,45.2,47.2,43.4,56.5,46,46,54.1,51.7,48.2,51.9,54.7,44.1,45.5,47,46.8,45
7/8/17 21:59,22:00,49.1,47.9,54.2,52.2,54.3,46.2,45.6,48,47.3,46.3,48.9,46.4,57.6,49.5,48.3,54.1,55.8,51.7,57.3,57,49.5,48.4,50.6,49.7,49.8
7/8/17 22:59,23:00,55.7,56.4,60.7,54.5,63.8,50.4,53.7,55.2,53.3,50.5,54.4,51.2,61.1,58.7,53.2,57.5,60.5,54.7,56.6,61.8,52.5,54.6,60.1,54.5,55.2
7/8/17 23:59,0:00,61.1,59.3,63.6,63.5,66.2,52.8,56.7,58.7,59.3,57.8,62.8,59,68.1,62.8,59.1,61.7,62.2,63.2,58.9,65.8,56,58.2,64.1,59.2,56.9
7/9/17 0:59,1:00,65.2,62.8,67.1,67.5,71.4,59.3,59.7,62.2,59.8,57.1,67,59,69.8,64.6,62.6,65.8,64.5,84.2,65.4,66.4,58.4,61.1,65.8,63.3,58
7/9/17 1:59,2:00,67.6,68.1,68.8,70.3,64.9,61,62,64.5,63.3,58.2,69.3,62.4,72.6,66.3,64.9,71.1,67.4,74.7,67.1,65.7,58.4,62.9,69.2,67.4,60.3
7/9/17 2:59,3:00,67.6,69.8,70.5,75.4,66,59.2,64.4,66.2,63.9,67.1,70.8,76.2,76.5,66.8,70.1,68.7,65.6,79.2,68.3,53.5,54,64,70.4,70.8,67.9
7/9/17 3:59,4:00,67.8,71.6,71.1,77.6,70.4,59.2,69.1,67.9,70.8,73.9,69,84.8,76.6,69.7,74.7,67.9,78.3,82.4,70.6,53.5,59.4,65.8,72.6,73.3,71.8
7/9/17 4:59,5:00,68.8,73.9,71.8,77.6,81.4,60.4,71.9,71,73.1,75.6,70,87.2,77.5,76.6,74.2,69,78.8,83.4,77.6,59.7,65.3,69.9,76.6,76.5,74.1
7/9/17 5:59,6:00,71,78.7,74.1,79.6,85.1,62.1,73.7,75.8,74.2,77.8,70.6,90.2,81.8,74.5,77.4,73.4,79.3,84.4,81.9,63.2,71.6,71.8,76.1,78.2,75.8
7/9/17 6:59,7:00,71.7,75,77.9,78.7,82.1,68,71.4,71.9,71.9,58.8,80.1,74.5,76,67.4,59,79,81.7,82.9,80.4,73.9,70.5,62.3,72.1,62.1,65.6
7/9/17 7:59,8:00,52.7,67.5,75.8,75.4,77.7,69.2,66.1,58,69.1,57.7,59.9,69.4,37.3,64.5,60.2,74,76.6,83.6,64.9,72.2,66.5,63.5,69.2,43.5,53.9
7/9/17 8:59,9:00,45.2,45.9,72.3,63.4,67.9,62.2,62.6,51.5,61,51.6,55,61.8,45.4,56.8,54.3,61.1,69.8,70.7,68.3,65.8,58.9,53.8,58.8,41.1,53.3
7/9/17 9:59,10:00,35,39.7,66,61.1,54.3,57.6,54.2,46.6,55.6,48,50.7,55.9,44.8,53.2,45.1,55.1,63.9,58.3,63.1,62.2,52.9,45.9,41.4,32.4,48.5
7/9/17 10:59,11:00,31.4,34.8,56.5,52.7,50.6,51.1,50.5,42.5,50.2,45.6,34.1,51.1,41.7,48.9,43.3,50.8,56.3,50.4,60.2,63.5,50.6,42.7,44.6,33.7,47.4
7/9/17 11:59,12:00,44.8,39.9,53.1,52.7,42.8,42.8,48.8,41.3,46.7,45.6,32.9,51.9,41.7,48.4,42.2,52.2,53.9,49.3,57.3,58.8,45.8,39.7,42.8,38.1,46.3
7/9/17 12:59,13:00,43.5,37.3,50.2,45.5,36,38.5,43.3,31.5,43,41.5,29,47.7,40.7,44.1,39.7,46,53.5,42.4,50.7,53.5,41,38.4,38.7,38.8,42.1
7/9/17 13:59,14:00,40.3,36.2,44.1,41.2,33,32.9,40.2,37.1,40.7,39.7,27.9,43.4,37.5,41,36.6,42.8,49.3,40,45.9,54.7,39.8,33.9,37.4,34.5,40.2
7/9/17 14:59,15:00,40.3,36.9,45.4,42.6,34.9,32.9,39.7,39.6,40.1,41.7,29.6,44.1,35.3,41,38,44.2,45.6,42.8,44.8,54.7,36.8,35.4,41.7,33.8,39
7/9/17 15:59,16:00,41.8,39.5,47.2,40,29.3,31.2,36.5,41.5,39.5,41.7,32.4,43.5,43.3,39.2,38.7,44.9,46.3,40.1,37.9,52.3,36.8,31,42.9,38.3,37.8
7/9/17 16:59,17:00,41.8,38.2,47.8,42.6,45.4,33.1,36.5,42.7,40.2,42.2,33.7,42.9,42.6,39.2,39.9,48.7,45.1,42.1,42.4,53.6,38.7,33.6,46.6,37.2,39.1
7/9/17 17:59,18:00,44.4,42.6,49.6,46.9,49.7,35.7,34.8,44.6,41.4,44.2,39.4,45.4,44.5,38,41.8,53,48.8,43.3,45.4,53.6,41.2,41.1,47.9,33.5,44
7/9/17 18:59,19:00,53,47.5,56.2,50.6,54,47.8,38.7,48.2,48.2,43.6,49.9,47.8,51.8,44.3,47.4,59.1,52.4,49,52.1,62,41.2,46.2,51.5,41,48.9
7/9/17 19:59,20:00,57.3,53,60.4,56,58.2,49.7,44.8,54.8,52.4,52.7,56,53.3,56.6,52.9,53.4,61.4,54.7,55.6,56.8,66.1,51.6,52.4,56.2,45.2,54.3
7/9/17 20:59,21:00,60.8,58.4,63.2,60.1,62.9,57.9,55.1,57.7,58.3,58,60.8,58.1,59.5,60.7,58.2,66.1,61.8,61,59.8,70.1,56.9,56.5,62,58.3,58.9
7/9/17 21:59,22:00,63.7,64.8,69.6,65.9,69.3,61.9,62.3,65.3,62.4,62,64.8,63.3,67.1,65.4,64.6,70.2,67.1,66.9,68,74.6,61.5,63.7,65.4,65.9,63.5
7/9/17 22:59,23:00,73.5,69.4,74.1,71.6,72.7,69.9,67.6,69.9,68.2,67.3,73.6,67.9,73.9,71.1,68.6,74.1,72.2,70.9,73.7,79.1,66.1,68.4,72.3,69.9,69.2
7/9/17 23:59,0:00,77.9,75.7,80.3,73.8,78.3,74.9,73.9,74.3,73.3,71.2,79.2,72.4,77.2,76.2,73.8,79.7,77.3,74.3,76.5,85.1,71.3,74.1,76.7,75.5,73.6
7/10/17 0:59,1:00,81.8,79,83.6,80.4,78.9,76.6,76.7,77.1,76.6,74.6,84.8,76.9,79.4,78.9,76,82.5,80.6,79.8,81.6,88.3,74.6,78.5,80.6,77.2,76.4
7/10/17 1:59,2:00,82.3,82.9,85.7,80.4,83.9,79.3,78.3,80.3,77.7,76.8,82.5,78.5,85.9,80.6,78.7,84.6,83.4,81.5,82.7,88.8,76.3,79.6,82.7,81.6,78.5
7/10/17 2:59,3:00,81.7,84.5,86.8,81.4,86.6,80.3,79.5,81.4,77.1,76.2,88.5,77.9,84.8,78.9,79.2,85.2,81.2,81.5,84.9,92.2,79.6,82.3,81.6,81,79.6
7/10/17 3:59,4:00,82.2,81.2,80.2,83.6,88.2,80.3,74.9,77.5,75.4,72.8,88.3,77.9,83.2,79.4,77,90,75.5,83.1,81.5,91.5,79,79,80.5,79.3,73.5
7/10/17 4:59,5:00,81,76.8,79.5,83.6,82.2,75.9,73.1,76.9,78.2,76.7,87.6,80.6,83.2,79.4,75.8,87.1,77.8,84.1,78.8,91.9,75.1,76.3,83.8,77.6,72.9
7/10/17 5:59,6:00,79.3,75,78.9,83.4,82,69.9,73.1,74.8,79.8,77.3,83.8,79.5,78.1,77.2,73.7,83.7,77.2,83.5,80.9,86.7,74.5,73.5,78.2,73.8,72.5
7/10/17 6:59,7:00,73.9,72.9,78.9,80.3,77.8,66,71.4,73.6,75.3,67.1,73.6,74.5,73.7,70.9,63.7,80.6,75.1,80.3,74.3,84.7,73.3,69.9,74.3,63.8,67.3
7/10/17 7:59,8:00,61.7,71.6,76.8,75.3,73.7,66,68.5,64.4,69.6,62.9,63.4,72.2,54.4,68,64.8,78,73.2,74.7,71.2,83.1,70.5,65.8,72,58.5,63.8
7/10/17 8:59,9:00,57.4,58.6,70.8,69.7,69,65.1,61.9,60.9,66.2,60.6,55,65.9,56.2,63.3,59.5,70.5,68.5,68.9,69.5,79.5,65.3,60.4,64.6,49.5,63.3
7/10/17 9:59,10:00,50.2,54.4,69.9,69.7,64.3,64,61.3,55,60.3,59.4,55.6,65.9,52.5,59.1,53.6,68.2,63.3,64.8,64.8,76.8,64.7,54.3,52.2,43.4,57.4
7/10/17 10:59,11:00,35.6,34.6,58.2,58.6,57.2,56.3,51,45.3,53.1,47.9,31.2,56.5,45.9,52.5,45.6,56.2,59.2,53.3,61.3,68.2,51.7,42.5,43.8,34.8,45.4
7/10/17 11:59,12:00,45.8,38.4,54.7,52.5,49.9,45,48,42.3,47,48.6,36.3,52.9,41.5,46.4,43.7,51.9,54.3,49,56.5,62.3,46.9,42.5,43.8,37.8,45.4
7/10/17 12:59,13:00,43.8,27.2,42.4,42.6,37,39.4,35.8,22.8,38.8,37.4,28.1,43,33.3,41.3,31.6,48.9,46.3,38.3,48.5,56.3,40.1,26.7,37,35.4,40.5
7/10/17 13:59,14:00,40.7,34.5,40.6,41.5,32.7,33.8,39.2,33.5,38.3,38.7,28.1,43.7,34.7,38,31.6,41.9,47,37.7,44.2,53.2,38.8,34.8,40.7,32,37.2
7/10/17 14:59,15:00,33.3,28.6,34.2,38.3,32.7,26.1,29.4,30.7,35.2,38.7,19.9,39.9,23.5,34.2,34.3,36.7,38.2,37.7,31.5,48.8,31.2,28.1,36.9,32,32.8
7/10/17 15:59,16:00,29.3,31.9,40.5,35,24.3,20.7,28.8,32.8,30.1,34.8,18.5,36,33.9,32.3,30.4,34.7,38.9,33.8,31.5,43.1,28.1,25.1,38.1,30.3,34.2
7/10/17 16:59,17:00,33.3,30.5,39.2,34.3,36.7,28.5,31.3,33.4,28.7,32.9,30.3,34.8,31.9,28.9,31,38.6,39.5,32.5,34.1,44.3,28.1,25.6,33.7,28.3,34.7
7/10/17 17:59,18:00,39.3,34.3,36.6,36.3,38.5,33.2,25.6,35.2,28.7,32.2,34.3,33.4,36.3,26.8,33.6,45.7,35,33,36.7,45,29.8,30.7,34.3,30.3,26.7
7/10/17 18:59,19:00,30.5,32.9,35.8,33.4,39.1,26.6,24.1,33.2,32.4,26.9,30.8,30.6,34.3,28.8,28.2,41.7,33.6,30.8,38.5,35.7,22.4,30.7,35.5,26.9,27.9
7/10/17 19:59,20:00,40.4,37.5,44.7,41.2,40.2,32.2,32,39.6,37.5,37.8,39.8,38.4,41.9,36.5,38.6,42.9,41.3,38.6,41,48.6,37.2,37.2,39.8,29.5,38.2
7/10/17 20:59,21:00,48,44.4,48.3,44.3,49,45.3,42.7,44.5,41.8,42.1,49.2,40.9,44.3,45.5,42.9,54.9,45.5,44.4,41.4,55.4,43.5,43,46.6,45,49.5
7/10/17 21:59,22:00,54.2,51.2,53.8,54.3,60.1,51.4,47.1,49.3,51.8,52.1,56.7,52.1,52.4,52.9,49.1,57.3,54.1,55.1,50.8,66.9,53.4,49.3,55.6,50.5,58.5
7/10/17 22:59,23:00,62.7,57.9,62.3,61.5,64.8,58,54.5,57.2,61.4,60.5,63.2,60,59.6,63.8,55.8,65.2,60.2,63.6,59.3,71.1,59.9,56,65.1,57.8,63.8
7/10/17 23:59,0:00,66.1,60.9,64.4,66.2,66.4,64.5,59.4,62,64.3,64.6,72.2,65.2,62.5,63.2,61.2,68.4,61.9,67.7,62.8,73.8,62.9,61.5,67.8,62.5,66.6
7/11/17 0:59,1:00,66.5,64.2,65.4,65.4,70.8,63.7,60,61.8,61.3,64,73.8,64.6,64.6,63.7,59.4,71.1,65.9,67.7,67.9,77.5,64.1,61.4,63.1,64.1,64.1
7/11/17 1:59,2:00,70.9,67,69.3,68.6,69.1,65.8,63.5,64.7,63,64,76.5,64.4,72.4,66.5,64,72.7,69.9,65.7,71.3,79.6,64.4,64.2,66.4,68,65.2
7/11/17 2:59,3:00,76.8,73.6,74.2,72.5,75.1,71.9,65.8,70.2,65.8,65.5,81.9,67.8,77.8,68.7,67.9,77.6,73.2,72.4,75.7,79.6,67.2,69.3,69.8,70.7,71.2
7/11/17 3:59,4:00,81.1,79.5,76.9,77.8,80,76.2,71.4,74.5,68.6,68.8,85.5,78.5,81.5,71.5,73.9,82.3,80.7,77.2,78.4,75.8,67.8,72.6,73.1,78.8,71.2
7/11/17 4:59,5:00,83.6,82.1,79.1,79.8,83.1,76.6,74.7,78.2,69.7,73.7,88.7,86.3,84.6,74.2,77.1,84.4,86,80.9,83.8,77.4,69.4,75.3,74.6,79.9,74.4
7/11/17 5:59,6:00,85.2,83.7,80.7,81.4,86.3,78.8,75.2,80.3,73,76.4,89.2,88.3,84.6,74.7,79.8,86,87.6,82.4,85.9,77.4,70.5,78.5,77.4,82.1,77
7/11/17 6:59,7:00,85.2,78.6,81.8,81.4,84.4,78.2,73.2,75.8,72.5,63.5,88.7,80.3,77.5,67.4,64.8,84.4,87.2,80.4,79.6,78.7,70.5,62.8,68.9,63.8,63.8
7/11/17 7:59,8:00,53,69.4,77.1,74.8,75.3,73.6,70.2,62,68.8,58.1,67,70.1,38.4,67.1,63,80.9,73.4,71.9,61.8,78.2,66.2,65.1,66.2,46.4,56.1
7/11/17 8:59,9:00,50,50.7,72.2,69.6,69.6,70.4,65.5,57.9,62,55.7,61.5,67,48.9,62.6,60.1,68.5,70.2,68.3,68.2,74.3,66.4,59.8,65.1,42.8,56.1
7/11/17 9:59,10:00,42.5,43.9,68.5,63.2,57.7,64.9,59.5,51.9,59.6,52.1,59.8,61.7,47,55.4,49.2,63.4,66.1,57.5,65.9,72.3,61.1,55.5,47.9,32.3,54.3
7/11/17 10:59,11:00,32.9,37.6,62.3,60.3,57.1,59.2,54.6,45.8,56,50.9,32.4,58.8,47.7,52.4,46.2,56.8,61.4,50.2,62.9,70.4,56.4,45.6,45.4,34.1,52.6
7/11/17 11:59,12:00,48.2,37.1,53.4,54.4,46.2,44.9,52.2,40.3,51.3,49.2,31.9,56.4,42.7,51.2,43.7,57.5,58.5,52.1,58.8,67,52.3,42.5,44.9,37.2,49.6
7/11/17 12:59,13:00,49.5,40.2,52.9,49.5,40.7,42,48.6,29.4,45.8,44.2,32.7,51,44.7,46.2,45,55.1,53.7,46.6,54.6,60.5,47.4,38,43.8,40.9,46.5
7/11/17 13:59,14:00,46.4,38.3,46.2,43.9,35.6,38.2,43.6,39.2,42.7,41.2,30.7,46.8,37.2,47,39.3,50.8,52.6,42.1,49.8,59.9,43.2,38.7,42.6,37.2,46.5
7/11/17 14:59,15:00,44.6,37.2,48.1,44.7,38.4,35.2,41.8,39.9,41.5,42.5,26.8,46.2,36,43.9,38.8,49.6,49.6,45.6,43.8,56.9,39.5,38.7,45.6,35.4,39.9
7/11/17 15:59,16:00,42.7,37.2,46.8,41.6,27.1,34,34.8,37.4,37.9,42.5,31.5,45,40.4,39.5,37.6,46.5,42.8,41.1,34.4,55.1,37.1,29.8,45,36.1,38
7/11/17 16:59,17:00,42.7,35.2,42.5,37.7,45.1,31.5,31.6,36,36,41.3,35.8,42.6,39,34.4,35,48.4,42.2,38.5,35,52.7,37.1,23.9,43.2,33.6,35.6
7/11/17 17:59,18:00,40.8,37.2,44.4,43.5,45.1,34.1,30.5,39.3,36,40.7,37.8,41.3,41,33.1,36.4,49,41.6,38.5,38.8,49.7,36.5,34.9,43.9,31.2,37.5
7/11/17 18:59,19:00,45.3,41.6,47.5,44.1,47,35.3,30.5,41.1,40.4,38.4,40.2,42.6,49.7,36.4,40.8,54,43.5,41,41.9,55.8,35.9,37,45.1,34.3,41.9
7/11/17 19:59,20:00,49,41.6,51.1,49.7,51.2,40.2,36.2,44.8,45.3,43.7,49,44.5,53.9,44.6,44.5,53.3,48.5,46.7,48.1,58.8,45.1,40.8,49.4,35.5,48
7/11/17 20:59,21:00,55.8,51.5,56,55.8,57.9,50.5,48.1,52.2,50.9,50,58.1,51.2,59.3,51.4,51.3,60,54.5,54.7,54.8,65.9,50,49.6,54.8,50.8,53.4
7/11/17 21:59,22:00,63,57.5,60.7,62.3,64.4,56.5,52.4,55.1,56.3,56.5,67.7,55.4,64,59.2,54.3,68.3,58.6,60.8,58.3,72.8,55.4,53.9,61.8,55.6,60.5
7/11/17 22:59,23:00,71.1,61.1,64.8,64,69.1,62.4,56,59.2,61,60.1,73.5,60.1,70.9,63.4,59.7,73.5,62.7,64.3,62.5,77.9,59.6,58.7,66.4,60.3,63.3
7/11/17 23:59,0:00,70.5,65.8,70,69.2,73.1,65.8,61.4,63.9,64.5,63,78,64.8,69.2,66.9,65.5,76.3,68,69.6,67.2,80.1,64.2,62.9,69.8,63.3,68.5
7/12/17 0:59,1:00,77.8,69.8,72.8,74.2,77.7,69.2,64.4,67.9,67.9,67.1,79.2,70.6,77.1,69.8,67.2,79.1,72.6,74.7,72.9,83.3,67.7,67.6,72.6,67.3,70.7
7/12/17 1:59,2:00,76.7,71.6,73.6,77,79.4,72,66.7,70.2,71.4,69.3,81.8,72.8,74.4,73.8,69.5,79.7,72,76.9,75.4,84.8,71.1,69.9,76,70.8,75.2
7/12/17 2:59,3:00,79.9,74.5,76.2,78.7,82.6,73.1,69,73.6,73.1,71.6,83.3,74.5,74.9,74.3,71.2,81.1,73.7,79.2,80.3,85.2,74.5,71.9,76.7,74.2,76.3
7/12/17 3:59,4:00,82.5,75,76.7,78.7,86.2,73.8,69,72.6,73.6,71.6,85.4,74.5,77,74.3,70.4,83.2,75.1,79.1,84.1,90.3,73.9,72.9,76.7,73.2,77.4
7/12/17 4:59,5:00,84.4,78.8,80.4,80.1,88.2,78,74.2,75.9,72.7,71.3,87.9,76.2,84.3,76.6,74.8,84.7,78.8,78.5,85.6,87.7,75.6,76.7,78.2,76.4,78.9
7/12/17 5:59,6:00,82.8,80.9,82.5,83.2,86.1,76.4,75,78.5,76,74.6,87.4,78.8,87.4,78.3,77.4,85.7,81.5,90.4,87.2,89.7,75.2,78.8,77.6,79.7,78.3
7/12/17 6:59,7:00,84,78.3,83.7,81.3,83.1,76.4,77.1,77,73.8,64.1,86.9,76.2,79.8,72,69.5,86.2,78.8,91.9,81.4,84.1,74.1,71.7,74.3,67.3,67.3
7/12/17 7:59,8:00,57.5,76.7,81.1,78.1,77.2,75.9,72.5,67.3,72.5,62.9,71.7,73.4,47.2,67.4,69,80.7,77.2,87,68.9,81.1,72.2,72.2,73.2,53.2,62.7
7/12/17 8:59,9:00,49.5,52.1,76.4,72.6,73.7,72,69.1,62.7,66.8,60.6,64.6,69.4,52,61.5,62,72.3,74.3,86.1,74.1,77.4,68.8,64.7,68.1,43.6,59.2
7/12/17 9:59,10:00,42.1,48.4,72.3,66.9,59.7,68,63.8,54.5,63.3,57.1,61.7,66.5,52,59.2,54.9,65.9,70.3,77.5,69.5,75.6,64.2,57.5,50.5,33.2,55.1
7/12/17 10:59,11:00,34.6,35.5,63.7,61.7,59.1,61.7,57.2,49.2,56.8,52.9,33.3,59.5,46.1,55,48.2,61.2,64.5,74.8,63.1,71.7,58.4,47.8,48.2,35.6,50.3
7/12/17 11:59,12:00,47.8,38,55.4,52.7,45.9,43.9,52.3,43.7,50.8,46.9,33.3,53.5,41.8,50.8,43.3,57.6,57.5,63.8,57.8,64.7,49.4,43.4,47.6,38.7,47.9
7/12/17 12:59,13:00,43.9,35.4,49.4,46.6,38.5,36.5,45.6,30.9,45.4,43.9,30.7,50.6,41.2,43.9,40.8,47.1,52,56.7,52.4,56.4,43.9,35.7,37.8,39.2,43.7
7/12/17 13:59,14:00,39.5,34.8,43.9,43.6,32.8,31.4,38.7,36.2,40.4,38.8,28.8,44.5,36.7,39.5,36.4,38.8,45.9,40.5,44.5,55.8,39.7,35,36.6,35.6,41.3
7/12/17 14:59,15:00,35.5,30.2,38.3,38.5,34,27,34.8,34.3,34.1,42.1,24.2,40.7,28.5,33,34.6,38.2,44.7,35.3,34.4,53.4,34,31.8,35.9,31.1,37
7/12/17 15:59,16:00,32.3,30.8,39.4,33.3,23.3,23.7,28.4,33.7,31.6,35,22.1,37.6,34.1,33.8,30,33.6,43.6,37.8,30,49,29,27.9,37.7,29.9,36.3
7/12/17 16:59,17:00,31,30.8,36.9,35.3,38.9,22.5,28.4,33.7,31.6,35,24.6,35,35.3,34.6,30.6,38.2,40.5,33.3,30,42.1,29.5,21.5,40.9,27.9,34.4
7/12/17 17:59,18:00,31.6,35.3,41.4,39.8,42.7,23.9,28,36.2,31.6,34.5,25.3,36.3,39.2,33.3,34,40.8,41.8,34.7,39,43.5,30.9,33.2,41.6,27.4,36.3
7/12/17 18:59,19:00,39.7,36,46.3,41.1,44.6,31,28.7,36.2,38.6,33.3,35.2,38.9,42.8,34.6,35.8,47.9,41.8,39.2,41.4,50.9,32.1,33.8,40.9,31.2,38.2
7/12/17 19:59,20:00,45.3,39.8,48.8,44.2,49.5,36.6,33.8,41.2,42.4,43.2,43.4,42,54,41.5,41.5,50.9,46.8,45.6,46.3,56.4,40.9,38.4,44.6,35,44.4
7/12/17 20:59,21:00,53.4,47.3,51.8,49.7,53.1,48.2,45.1,46.8,47.9,48.2,54.6,47.6,55.8,49,47.1,57.7,52.7,51.1,48.7,62.4,47,45.9,51.2,46.7,52.8
7/12/17 21:59,22:00,60.1,54.5,59.5,57.6,62.7,56.6,53,52.8,55.7,54.2,65.4,55.5,57.5,56.9,54.4,63.6,58.1,58.4,55.4,70,54.3,52.7,58.3,53.9,59.3
7/12/17 22:59,23:00,67.1,59.9,65.4,63.5,66.8,61.2,57.9,61,61.6,58.9,71.2,60.8,64,63.4,59.7,70,64,63.8,60.7,75.7,59.6,60,63.5,61,64
7/12/17 23:59,0:00,71.7,66.4,70.6,69.2,73.7,65.2,63.8,65.7,65.1,64.2,75.8,67.2,69.2,69.2,65.6,74,68.6,69,67.8,80.1,64.3,64.1,70.4,65.7,68.5
7/13/17 0:59,1:00,74.5,71,74,74.3,77.7,70.4,66.2,69.1,70.3,67.7,78.6,69.4,77.7,71.5,67.9,77.4,73.2,74.2,71.8,86.7,66.6,67.6,73.8,69.7,70.8
7/13/17 1:59,2:00,77.3,75.6,77.4,78.1,82.2,72.6,69.7,73,73.1,70.5,79.7,73.4,82.1,74.4,72.4,80.2,76.6,77,75.8,86.5,71.1,72.8,76,74.3,73.5
7/13/17 2:59,3:00,77.3,79.6,79.6,80.9,85.4,73.7,72.6,77,75.4,72.2,80.8,77.8,82,74.9,73.6,79.7,81.1,80.3,77.6,87.9,75.1,75.6,76.6,78.8,76.8
7/13/17 3:59,4:00,80.4,80.6,81.7,81.3,86.3,76,74.9,78.6,78.2,75,83.3,81.7,84.6,76.6,76.4,82.2,82.8,83.1,82.1,89.4,78.4,77.9,79.9,79.3,80.1
7/13/17 4:59,5:00,78.9,82.2,85.3,82.9,85.9,77,77.1,79.7,78.7,76.7,78.7,85.8,86.6,79.4,77.5,82.2,84.4,84.1,85.2,90.4,77.3,78.4,80.5,78.8,82.2
7/13/17 5:59,6:00,79.4,79.6,82.8,81.4,84.3,76.5,74.9,79.2,76.5,76.2,78.7,83.3,82.1,77.2,76.4,82.2,85.5,81.4,85.2,89.9,74.5,77.3,78.8,78.8,82.8
7/13/17 6:59,7:00,80.1,79,83.4,82.5,83.3,77.6,74.3,77.5,75.9,75,78.7,80.6,79.3,77.2,75.8,82.2,85.5,79.8,81.5,88.9,75.1,77.3,78.3,76,78.5
7/13/17 7:59,8:00,81.2,77.3,82.3,79.8,81.1,78.1,74.3,78.6,74.2,75,79.2,79,78.8,74.4,75.3,82.9,82.8,78.6,80.4,86.9,73.4,74.5,76,74.3,76.3
7/13/17 8:59,9:00,76.2,73.3,83,77.6,78.8,73.7,73.7,75.3,72.5,71.1,70.6,77.3,74.9,71.5,73.6,81.9,76.7,75.3,81,86.4,71.7,71.1,72.7,68.6,73
7/13/17 9:59,10:00,73.9,69.9,80.8,75.9,73.7,68.7,72,71.9,71.4,70,61.8,73.4,71.5,66.9,68.5,78.5,73.8,74.2,77,86.2,67.2,65.9,68.7,61.6,67.9
7/13/17 10:59,11:00,64.7,61.8,75.8,72.1,65.6,62.4,63.3,65.7,65.1,63.1,52.1,67.8,61.1,59.3,63.3,72.9,65.8,66.7,67.8,79,60.2,59.4,57.1,55.7,58.7
7/13/17 11:59,12:00,62.4,49.7,67.8,62.9,52.6,59.4,58.5,54.6,58,56,53.9,59.6,52.8,57.4,54.3,71.2,61.7,60.9,64.9,76.8,58.4,50.8,58.8,47.3,58.1
7/13/17 12:59,13:00,64.2,55.2,63.7,60,54.3,56.5,53.7,54.6,52.6,54.2,49,57.2,54.6,49.5,51.9,72.9,55.1,57.8,63.2,70.5,54.2,50.8,46.4,49.7,49.2
7/13/17 13:59,14:00,58.2,46.6,55.4,49.7,48.3,52.9,47.5,48.6,49.6,50,46.6,54.3,47.9,43.9,47,64.2,51.4,49.8,57.2,65.3,50.6,43.4,40.8,43,43.7
7/13/17 14:59,15:00,49,41.7,47.5,48.5,42.9,37.8,45.6,44.9,41.6,46.9,34.6,50,43,46.5,43.3,55.2,50.2,42.2,47.5,59.4,41.4,38.9,47.5,43,45.6
7/13/17 15:59,16:00,46.5,39.7,53,46,30.8,36.6,40.7,43,42.9,46.9,37.8,49.4,44.8,44.6,41.5,50.3,47.8,45.5,41.4,63.6,39.1,35,51.1,37.4,40
7/13/17 16:59,17:00,48.4,43.5,53,44.7,49.5,39.7,38.8,45.5,42.9,48.8,38.5,48.2,47.9,40.2,41.5,55.2,50.9,43.6,40.7,61.2,41.4,30.6,50,38.7,43.1
7/13/17 17:59,18:00,52.1,45.4,53,49.7,51.9,39,36.4,47.3,41.7,46.4,44.1,48.2,49.7,36.9,45.2,58.2,47.2,44.9,46.9,55.2,40.9,42.8,48.1,35,40.6
7/13/17 18:59,19:00,49,46,54.2,48.4,51.9,40.9,34.3,46.1,45.9,39.5,46.6,46.9,53.3,36.9,45.2,58.2,48.4,46.7,47.5,58.7,38.4,42.1,49.3,39.3,44.2
7/13/17 19:59,20:00,52.7,47.2,55.3,53.3,55.5,43.9,37.5,49.7,47.1,48.7,52.7,48.7,58.7,46.4,49.5,58.8,50.2,49.8,50.5,62.9,47,45.2,51.1,39.3,49.7
7/13/17 20:59,21:00,60.5,54.5,60.1,56.3,60.8,54,51.8,55.1,52.6,53.5,61.1,53.6,65.1,54.4,54.3,62.9,58,57.7,60.7,68.2,51.8,52.7,57.7,53.8,53.9
7/13/17 21:59,22:00,67,61.1,64.2,61.6,63.2,60,56,59.8,55.6,55.3,71.7,57.2,72,58,58.5,69.4,61,62.5,60.7,70.5,55.4,57.5,59.4,60.4,59.2
7/13/17 22:59,23:00,71.1,62.8,65.3,67.5,66.2,62.8,57.8,61.6,59.8,58.3,75.7,61.3,72,62.8,60.8,71.1,62.2,64.9,67.2,71.6,58.9,59.9,64.7,61.5,63.9
7/13/17 23:59,0:00,74.5,65.2,68.8,69.2,71.4,64.6,60.2,63.3,63.9,61.8,80.8,63.6,73.2,66.3,63.2,74,65.1,69,71.2,75.6,63.6,62.3,68.1,64.4,67.3
7/14/17 0:59,1:00,76.8,68.1,70.5,73.7,74.8,70.9,63.8,65.6,66.2,65.3,81.9,68.2,76.6,69.2,67.2,79.6,66.8,78.6,76.4,76.3,67.1,64.6,71.5,66.8,70.7
7/14/17 1:59,2:00,81,73.9,73.6,73.1,77.1,74.8,67.3,70.8,67.3,66.4,85.5,68.2,78.7,70.3,69,79.6,72,81.9,78.7,76.3,66.5,69.3,73.2,72.5,69.6
7/14/17 2:59,3:00,83.5,75.1,74.6,73.7,74.4,76.6,69.6,73,67.9,68.2,87,69.4,82.4,70.3,72.4,83.2,76.2,77.6,80.9,77.8,67.1,71.6,72.6,74.8,71.2
7/14/17 3:59,4:00,85,78.2,75.7,77.1,76,75.9,70.2,75.9,70.2,69.3,87.4,73.3,85.4,74.3,72.6,85.2,72.8,78.6,80.3,78.8,67.6,72.4,73.4,78.7,71.2
7/14/17 4:59,5:00,85.4,78.7,78.3,78.1,76.5,76.9,73.3,75.3,71.3,71,90,74.5,86.4,73.4,77.4,85.2,80.4,78.6,84,80.4,69.3,75.1,76.1,75.3,70.9
7/14/17 5:59,6:00,86.4,82.4,79.9,80.7,78.1,78.5,76,78.5,71,71,90.5,74.5,88.4,73.9,80.1,85.2,83.6,80.7,85,81.4,70.5,76.7,76.1,76.5,72
7/14/17 6:59,7:00,86,75.1,80.4,81.7,77.7,74.8,74.3,73.7,71.3,60.5,88.5,71.1,77.1,68.6,66.6,85.2,76.7,79.1,85,78.3,69.9,64.6,70.9,60.9,62
7/14/17 7:59,8:00,56.3,68.7,77.3,73.7,75.4,73.8,70.2,63.2,67.9,59.4,71.1,68.2,41.1,63.9,66.6,82.2,73.7,76.5,67.8,76.8,67.6,66.4,68,46.5,57.3
7/14/17 8:59,9:00,50.2,46,74.6,68,67.8,70.9,63.2,57.5,62.1,55.2,64.7,65.3,50.2,59.1,60.2,69.4,70.3,72.4,72.4,73.3,63.5,59.9,64,43.6,55.6
7/14/17 9:59,10:00,44,41.1,69.4,64,56,65.2,60.8,50.9,59.2,55.2,57.5,62.4,49.1,57.4,50.7,67.1,66.3,60.7,64.2,69.9,58.2,54.5,49.9,35,51.5
7/14/17 10:59,11:00,32.6,38.6,63.1,58.1,54.3,58.2,56.7,48.6,55,49.3,32.8,56.6,47.2,51.3,46.4,57.6,60.4,55.4,59.5,66.5,54.2,47.1,46.3,35.6,47.9
7/14/17 11:59,12:00,46,36.1,51.8,48.4,43.4,42.8,48.7,42.5,46.6,43.8,31.5,51.2,41.8,45.9,42.8,52.8,55.7,46.7,55.4,59.4,44.6,40.3,42.1,37.6,43
7/14/17 12:59,13:00,40.8,34.8,47.1,44.2,36,35.3,42.6,27.8,41.1,40.8,30.4,45.1,39.4,42.1,38.4,46.5,50.3,43,50.6,55.3,39.5,34.5,36,35,40.7
7/14/17 13:59,14:00,37,28.3,39.6,37.2,30.3,31.5,34.2,32.5,33.4,35,26.9,37.5,31,36.3,33.9,42.8,41.6,34.6,43.3,47.1,32.6,31.8,31,31.1,35
7/14/17 14:59,15:00,33,25.6,30.6,28,27,25.2,25.6,28.6,26.9,30.5,23,30.4,23.9,31.1,27.4,37.6,38.5,27.3,33.2,38.8,25.5,23.7,34,25.3,33.2
7/14/17 15:59,16:00,29.7,22.2,32.4,26,19.2,22.5,23.7,25.2,23.7,27.8,21,29.1,26.3,28.7,25.4,31.1,37.4,26.6,26.2,34.9,24.3,20.4,36.6,23.4,31.3
7/14/17 16:59,17:00,27,25.7,34.5,26.8,33.2,20.6,24.6,29.2,28.5,30,22.7,29.1,28.9,28.7,26.8,31.1,35.4,27.3,24.2,39,27.6,19.5,36,24.2,32.1
7/14/17 17:59,18:00,25,28.2,37.7,33.3,39,22.6,25.4,29.8,31.1,32.7,21.3,31.9,31.5,28.1,28.1,29,33.5,28.8,26,40.4,30.4,25.9,36,22.9,30
7/14/17 18:59,19:00,33.8,32.2,42.1,36,40.9,27.3,26.1,33.8,33.5,30.9,32,33.2,43.6,25.3,32,42.2,32.2,34,37.1,40.4,28.3,30.6,32.7,28.1,29.2
7/14/17 19:59,20:00,37.5,29.5,33.7,33.2,38.8,29.6,25.1,32.4,33.5,33.1,37,30.5,47.3,34.4,32.5,42.7,36.7,32.5,37.5,45.9,35.2,28.4,37.2,28.1,36.8
7/14/17 20:59,21:00,45.2,35.1,36.8,38.3,46.3,41.5,32.8,34.8,35.9,35.5,49,35.5,46.6,37.5,35.6,50.3,40.9,40.9,45.6,50.2,35.7,32.9,38.2,37.9,41.1
7/14/17 21:59,22:00,53.4,43.4,47.4,49,54.8,47.6,39.9,42.4,46,45,56.4,45,51.4,47.6,43.9,55.2,50.2,47.9,50.5,55.8,44.5,42.7,49.9,42.2,50.3
7/14/17 22:59,23:00,57,52.7,55.9,53.9,61.5,52.3,50,50.9,52.7,51.7,63.6,52.4,58.7,55,50.7,60.6,56.2,55.3,53.5,67.6,52.4,50.2,56.5,51.4,56.3
7/14/17 23:59,0:00,63.5,59.9,61.8,59.3,65,58.8,54.2,58,57.4,57.7,65.9,59,63.4,59.8,56.7,66.5,60.4,62,63.7,75.1,57.2,55.7,61.1,57.4,61
7/15/17 0:59,1:00,69.9,62.2,64.1,62.8,67.3,64.1,57.2,60.3,59.8,59.4,71.7,60.1,68,62.7,59.6,71.7,62.1,63.1,66.6,80.1,60.1,60.5,64.6,59.7,62.1
7/15/17 1:59,2:00,74.5,65.2,67.6,69.7,73.1,68.6,60.1,63.2,63.8,62.4,74,63.6,70.8,68,63.1,75.7,66.8,67.2,64.2,71.6,64.8,62.2,69.2,61.5,67.3
7/15/17 2:59,3:00,76.2,68.6,69.7,72,77.7,70.9,63.7,65.5,65.6,64.7,77.6,67.6,73.9,67.4,66.1,77.4,70.8,71.2,67.1,77.3,62.4,66.9,68,66.1,66.1
7/15/17 3:59,4:00,75.6,68.9,71.3,74.2,76.6,68,64.9,69,66.7,65.2,76.8,69.3,75.9,68.6,67.2,77.9,72.6,72.4,65.3,67.8,67.6,66.3,70.3,67.9,68.9
7/15/17 4:59,5:00,78.7,72.8,68.4,72.2,78.1,73.3,68.4,69.3,66.1,70.4,77.9,81,78,67.3,70.8,79.5,73.4,74.3,68.6,71,63.5,66.7,70,69.9,66.1
7/15/17 5:59,6:00,76,69.9,69.5,74.3,77,72.7,63.1,68.2,69,68.1,81.1,82.5,79.5,69.1,69.7,77.9,74.9,74.8,74.2,72.1,63.5,66.7,69.4,67.6,66.4
7/15/17 6:59,7:00,74.9,66.1,71.2,73.7,76,67.6,63.7,65.5,64.9,55.8,82.2,67,69.7,60.9,57.1,73.3,70.8,73.2,75.4,66.7,62.9,58,63.3,54.3,57.3
7/15/17 7:59,8:00,45.6,62.7,69.6,69.7,66,65.1,61.9,56.1,62,53.3,58.6,62.9,41.6,59.1,57.7,68.1,68.5,66,67.2,66.7,61.1,59.2,63.3,47.6,53.8
7/15/17 8:59,9:00,42.5,42.7,67,62.1,58.9,59.2,57.7,52,57.3,50.3,54.2,58.8,46.5,55.5,51.7,57.9,65.1,60.6,65.4,65.1,57.6,54.3,58.7,39.8,52.6
7/15/17 9:59,10:00,38.6,39,63,56.2,51.7,53.2,54.1,47.8,54.3,48.5,48.7,56.4,44.6,51.8,46.8,55.6,62.1,52.1,64.2,65.8,56.4,51.3,46.2,34.2,50.2
7/15/17 10:59,11:00,29.1,35.2,55.3,50.7,48,49.1,48.6,42.2,48.8,45.5,29.2,52.2,43.4,50.6,40.6,50.7,53.1,47.8,58.3,65.2,50.4,41.2,43.8,32.3,46
7/15/17 11:59,12:00,41.3,32.1,46.8,47.7,39.5,35.6,44.8,37.3,43.4,41.2,27.3,48.6,37.8,44.4,40,48.2,52.5,43.4,51,60.5,45.6,36.2,40.7,32.3,46
7/15/17 12:59,13:00,40,32.8,45,42.8,34.4,33.8,43.1,28.2,42.2,40.7,31.2,48.2,36,40.7,38.3,44.5,49.5,39,46.7,49.5,41.4,30.4,35.9,34.8,41.2
7/15/17 13:59,14:00,36.1,32.8,42.6,41.6,33.3,31.3,40.6,35.5,37.2,36.2,26.7,42.5,34.9,38.9,35.8,40.6,45.9,39,44.3,48.3,35.8,33.8,36.5,33.6,38
7/15/17 14:59,15:00,36.8,34.7,42,37.1,29.5,28.1,36.1,36.1,35.3,40.1,24.7,39.4,31,38.3,34.5,40.1,44.7,38.5,43.3,50.2,32.6,33,40.9,33.6,37.5
7/15/17 15:59,16:00,36.8,35.3,45,38.5,22.5,28.9,33.1,36.8,34.8,37.6,27.4,40.7,37.3,36.4,33.9,38.9,44.2,36.7,34.5,51.5,30.9,31.8,45.8,32.4,37.5
7/15/17 16:59,17:00,35,36.6,46.3,39.3,41.4,28.9,31.9,39.4,35.5,40.2,30.1,40.1,40.4,35.2,35.8,44.7,42.9,37.9,35.8,50.9,36,26.1,42.1,34.3,36.3
7/15/17 17:59,18:00,42.2,38.5,45.7,45.4,45.2,36.6,30.6,40,37.4,40.8,43.4,42,42.3,35.8,39,49.1,43.6,41.8,42.7,53.4,37.2,33.9,44.6,33.2,40
7/15/17 18:59,19:00,49.7,46,51.8,49.1,49.5,45.8,37,46.8,46,40.8,46.6,45.7,48.5,44,45.9,54.6,49.1,47.4,46.3,60,41.5,45.3,50,40,46.2
7/15/17 19:59,20:00,54.6,50.9,55.9,53.3,54.3,46.3,44.4,51.6,49.6,51.2,52.7,51.2,53.9,48.9,51.3,57.6,52.7,52.3,53.6,65.3,48.8,50.3,52.3,45.4,50.3
7/15/17 20:59,21:00,57.5,55,58.8,56.2,59,57.6,52.3,55.1,52.5,53.5,58.7,52.9,56.2,54.9,54.3,61.7,56.8,57.7,56.5,69.9,53.6,53.8,58.2,55,56.2
7/15/17 21:59,22:00,61.7,59.2,63.5,60.4,64.9,60.5,56.5,59.2,57.3,57.6,63.4,58.3,60.9,59.1,58.4,65.2,60.3,62.5,60.6,73.3,57.7,58,61.1,58.5,61.5
7/15/17 22:59,23:00,67,60.4,65.9,62.1,66.7,64,58.3,60.9,58.5,57.6,67,58.8,63.3,62.1,59.6,68.8,63.3,64.2,63.6,75.6,58.2,61,62.2,58.5,59.7
7/15/17 23:59,0:00,64,60.4,66.4,63.9,64.3,62.2,58.9,60.3,59.1,60,64.6,61.2,62.7,61.5,59.6,68.8,65.6,65.4,62.3,71.8,58.2,59.8,63.4,59.1,62.6
7/16/17 0:59,1:00,66.3,64.5,69.9,63.9,65.5,63.3,62.5,63.2,63.8,61.7,65.2,63,66.8,67.4,61.3,67.6,69.7,78.1,67.1,73.4,62.4,63.4,68,62.6,65.5
7/16/17 1:59,2:00,69.3,68.1,72.5,68,66.1,68.6,66.7,67.3,63.8,64.1,70.5,64.1,70.3,69.2,66.1,69.9,73.2,83.9,72.4,75.6,62.4,67,69.2,66.7,66.7
7/16/17 2:59,3:00,71.8,69.2,74.1,68.5,71.3,70,67.8,68.4,66.1,65.2,73,65.3,70.8,70.3,66.1,73.5,75.4,79.7,77,77.7,65.9,68.7,70.9,67.9,69.5
7/16/17 3:59,4:00,74,71.8,77.3,72,72.7,72.2,70.8,73,69,68.2,75.2,68.8,74.9,73.2,70.7,74.6,76.7,80.8,77.7,80.4,69.3,71.3,72.8,71.6,72.9
7/16/17 4:59,5:00,78.7,73.4,78.3,73.1,77.1,75.3,72.5,74.7,70.8,69.3,77.3,69.9,79.8,73.8,73,80,80.5,82.3,80.3,85.1,71.6,72.4,76.1,73.3,73.6
7/16/17 5:59,6:00,82.3,75.1,80.5,76,82.4,78.5,74.2,73.7,72.1,70.4,85.8,70.7,79.8,76.6,72.1,83.6,83.1,85.4,83.6,83,70.7,74,77.1,72.2,74.1
7/16/17 6:59,7:00,83.9,75.1,81.1,79.2,81.4,80.6,74.2,73.6,74.2,63,86.8,71.1,76.1,69.8,66.6,84.7,80.6,86,82,78.9,70.7,66.4,74.3,62.7,66.1
7/16/17 7:59,8:00,53.8,70.4,76.8,75.9,73.3,75.4,67.9,60.3,69.6,58.2,70.5,69.9,39.2,62.1,64.3,81.7,76.6,84.8,71.3,75.1,68.8,64,69.2,50.8,59.2
7/16/17 8:59,9:00,50.8,43.3,74.2,66.2,68.4,71.4,64.9,52.5,62.1,55.2,65.2,67.1,46.5,57.9,56.6,72.2,70.9,75.9,67.1,71.8,63.5,58,61,39.2,55
7/16/17 9:59,10:00,43.1,50,66.5,59.7,51.6,58.6,58.9,51.9,56,49.7,54.3,59.4,45.8,53.7,54.7,66.4,62.7,69.5,60.6,67.5,60.6,56.1,49.7,35.4,52
7/16/17 10:59,11:00,31.5,35.7,60,51.2,47.9,52.6,50.9,44.7,48.8,44.1,31,47.8,45.2,49.3,44.3,56.2,50.5,48.9,55.2,62.2,52.8,43.7,44.8,33.5,49
7/16/17 11:59,12:00,53.2,33,46.6,45,38.6,52.6,42.1,36.5,41.2,41,43.2,44,40.8,41.7,38.6,58,48.7,43.2,52.1,62.2,44.8,35.3,38,32.1,42.8
7/16/17 12:59,13:00,46.9,35,47.2,43.8,36,45.4,40.8,34.7,38.1,39.2,39.3,41.6,37.6,38.5,36.7,54.3,43.8,40.7,47.8,56.2,38.5,32.7,35,35.2,36.5
7/16/17 13:59,14:00,44.3,32.4,44.8,45,29.8,35.6,38.4,35.3,40.1,36.7,30.5,41,35.2,35.3,35.5,45,43.1,40,43.5,53.7,37.3,33.4,37.4,35.8,37.7
7/16/17 14:59,15:00,42.5,33.1,38.6,40.1,32.3,34.3,36.5,35.9,36.3,41,30.5,40.4,32,34.7,34.8,46.9,40,37.5,40.5,51.9,36.2,32.1,39.9,33.3,38.4
7/16/17 15:59,16:00,41.9,33.7,43.5,38.1,24.7,33.1,32.6,37.1,35,39.8,30.5,39.1,38.2,35.4,34.8,45.7,41.3,35.5,34.2,51.2,31.8,32.1,39.9,32.1,35.3
7/16/17 16:59,17:00,42.5,35.6,43.5,38.8,41.7,32,32,39.7,36.4,38.5,33,39.8,40.1,34.1,34.8,46.9,42,38.2,37.5,50.6,34.9,26.4,40.5,33.4,33.3
7/16/17 17:59,18:00,39.9,36.9,43.5,40.7,43.6,32.4,30.1,39,36.4,38,36.2,39.8,41.4,32.1,36.7,48.1,41.3,36.2,38.5,47.5,34.9,34.1,39.9,30.9,34.6
7/16/17 18:59,19:00,41.8,39.5,46.6,43.2,45.5,35,32.2,40.9,39.5,35.4,38.7,40.4,43.3,35.5,41.2,49.4,40.7,40,41.7,50.6,34.3,37.4,43,34.7,37.7
7/16/17 19:59,20:00,46.2,41.3,49.1,45.7,47.3,39.3,36,43.4,43.2,43.5,45.6,43,48.2,43.1,43.7,52.5,47,44.5,44.1,55.5,42.4,40.6,46.7,38.4,44
7/16/17 20:59,21:00,51.9,51.4,56.4,51.9,54.1,47.9,48.5,52,48.2,47.9,51.8,48.6,57.3,50.6,51.1,58.6,54.9,51.5,54.6,58.6,48,50.7,52.2,51.9,49.5
7/16/17 21:59,22:00,65.8,57.4,64.8,58.6,63.1,63.4,55.3,58,56.8,56.4,65.8,55.9,63.3,60.3,57.2,67.6,63.3,59.5,59.5,69.3,57.1,56.9,60.5,56.7,60.3
7/16/17 22:59,23:00,71.6,64.6,69.4,65.1,72.5,69.7,62,64.4,61.5,61.2,72.2,61.8,69.7,64.5,63.1,73.4,68,64.2,64.8,72.7,61.2,63.5,66.3,65.6,64.4
7/16/17 23:59,0:00,75.6,68.7,72.8,66.8,74.8,73.7,65.5,68.5,63.8,62.9,76.3,63.6,71.4,66.8,66.6,76.9,69.2,66,70.1,74.1,63.6,67.6,69.2,69.7,66.1
7/17/17 0:59,1:00,78.3,69.2,72.5,69.7,76.6,73.3,67.3,69.6,65,64.1,83.8,65.9,75,68,68.4,79.5,69.7,68.9,74.7,75.7,64.7,69.3,69.2,71.4,66.7
7/17/17 1:59,2:00,80.3,71.2,74.6,74.8,75.4,74.3,69,73.6,66.7,66.4,85.3,67.6,80.8,69.7,71.3,81.1,73.2,71.8,78.1,75.7,65.3,71,70.9,74.9,67.8
7/17/17 2:59,3:00,81.8,76.1,77.3,76.5,77,74.8,71.9,75.3,67.9,67.6,86.3,69.9,84.4,70.3,72.1,81.1,76.6,74.1,81.9,76.1,67,73.6,71.7,76,70.1
7/17/17 3:59,4:00,82.8,82.5,80,78.6,80.7,76.9,75.4,80.6,70.2,69.9,86.3,71.3,86.4,71.7,77.4,81.1,79.9,74.8,84.6,78.7,68.7,77.3,73.3,82.8,69.8
7/17/17 4:59,5:00,83.2,83.5,81,80.1,80.7,76.3,76.6,82.1,74.4,71.6,88.8,78.8,87.4,73.8,81.6,84.1,83.6,80.1,86.6,84,71.6,79.4,79.2,87.5,74.1
7/17/17 5:59,6:00,85.3,86.6,82,83.7,81.8,76.3,78.7,83.1,78.1,75.5,90.9,88.6,87.4,78.1,83.1,86.6,81.4,83.2,89.2,84.5,73.5,79.9,79.7,87,75.2
7/17/17 6:59,7:00,84.9,78.3,83.6,84.8,80.3,77.4,76.1,77.5,76.6,65.3,89.3,75.6,83,70.9,70.7,86.2,79.9,82.3,87.2,83.1,73.9,72.2,74.3,66.2,65.6
7/17/17 7:59,8:00,57.5,73.5,80.5,78.1,75.4,75.9,72.5,66.8,71.9,64.1,72.9,72.2,50.2,66.2,70.7,82.8,77.2,76.4,73,79.4,71.6,69.3,72.1,50.8,61.5
7/17/17 8:59,9:00,49.5,48.4,77.4,71.4,72.5,73.1,69.1,59.2,65.6,60,65.8,69.9,50.2,61.5,60.8,71.7,70.9,71.3,74.7,74.1,69.4,64,68.1,43,58
7/17/17 9:59,10:00,42.7,40.4,71.7,63.3,58.5,66.3,61.4,52.1,61.5,55.9,57.4,63.6,49.6,55.5,51.2,65.9,66.8,57,68.3,72.2,62.4,55.6,49.2,35,53.2
7/17/17 10:59,11:00,33.1,34.6,57,56.8,48.6,55.7,53.5,44.1,52.5,47.9,31.8,54.7,41.6,54.3,43.8,55,62.2,50.3,60.7,66.4,52.2,45.1,46.2,35.4,48.4
7/17/17 11:59,12:00,40.6,34.6,48.6,48.2,39.4,39.9,46,39.9,44.5,45.5,29.9,49.8,39,44.3,39.3,50,52.5,45.9,51.6,58,46.2,41.9,41.3,32.2,40.9
7/17/17 12:59,13:00,41.3,33.3,44.3,42.7,33.7,36.3,42.3,28.6,38.3,38,29.2,43,35.8,43.1,36.2,45.7,50.8,38.9,46.1,52.5,38,31.5,35.1,33.4,39.1
7/17/17 13:59,14:00,37.3,32.7,38.7,40.2,28.7,31.2,39.8,34.9,36.4,36.2,27.9,41.8,34.7,36.1,35.7,43.2,42.7,37,39.2,48.8,33.6,33.5,33.9,31.6,34
7/17/17 14:59,15:00,34.1,30,36.2,34.4,26.6,28.8,33.3,32.3,31.2,34.8,27.4,36,28.4,32.9,31.2,37.4,40.2,32.5,37.6,46.3,29.8,29,33.1,30.2,30.9
7/17/17 15:59,16:00,30.8,26.7,35.4,30.5,20.5,26.2,25.6,31,27.4,33.5,24.8,31.5,31.4,29.6,28.5,39.5,33.9,29.1,34.7,40.6,26.7,27,32.5,28.4,27.6
7/17/17 16:59,17:00,30.1,27.4,36.7,27.8,31.5,24.2,27,29.6,24.8,30.2,25.2,28.9,33.3,25.1,27.9,37.4,33.9,27,29.9,40,26,19.9,32.5,25.9,26.4
7/17/17 17:59,18:00,30.1,29.4,34.8,29,32.8,26.2,23.1,30.9,27.5,27.7,27.8,26.2,33.9,25.1,27.2,37.4,31.3,24.3,32.4,37.4,26,26.3,31.9,22.6,27
7/17/17 18:59,19:00,30.7,28.6,35.4,31.7,33.5,24.9,22.3,30.2,29.9,27.7,27.8,29.6,38.3,25.1,29.8,39.3,31.3,29.7,34.8,38.6,26,26.9,31.9,25.2,28.8
7/17/17 19:59,20:00,36.6,30.5,38.6,37.6,39.2,29.9,30.9,32.1,38.4,36.1,35.5,36.2,41.4,37.5,31.6,40.5,40.9,39,34.8,48.9,37.6,29.5,43.2,26.9,39.2
7/17/17 20:59,21:00,45.7,44.6,49.9,48.3,49.3,43.1,43.1,45.4,44,41.8,49.5,42.5,51.4,46.4,44.5,50.1,49,45.3,49.9,51.9,41.3,44.5,48.7,44.7,44.8
7/17/17 21:59,22:00,55.7,50.8,54.1,55.7,56.6,48,46.8,49.7,50.8,49.3,59.9,50,58,55,50,56.9,56.3,53.5,51,59.3,48.7,48.9,55.9,50.2,53.3
7/17/17 22:59,23:00,63.5,58.1,61.3,62.9,65.6,58.2,55.5,57.5,56.8,55.3,67.6,58.4,66.9,59.2,58.5,64.1,59.8,61.4,55.9,67,56,55.1,60.6,56.8,61.6
7/17/17 23:59,0:00,68.7,61.6,64.8,67.5,70.2,61.7,57.2,59.8,59.2,59.5,72.3,61.3,69.2,62.2,63.2,69.9,62.2,65.5,64.8,73.4,62.5,58.1,64.6,59.8,64.5
7/18/17 0:59,1:00,72.2,66.4,68.8,70.9,77.1,65.1,62,64.5,63.9,63.6,77.4,66,73.7,66.3,64.9,74,68.6,70.1,70.1,71.6,66.6,63.5,69.2,63.8,65.6
7/18/17 1:59,2:00,75.7,69.8,71.7,74.8,79.9,69.2,65.6,67.9,69.1,66.5,78.6,73.4,77.2,69.8,68.4,77.4,72,74.7,77.6,73.3,67.7,67.6,73.2,69.7,69
7/18/17 2:59,3:00,77.8,75.7,74,76.5,82.6,72.6,67.3,73,73.1,68.8,79.6,81.2,82,73.2,70.7,77.9,79.4,76.9,80.9,78.5,71.1,71.1,76,75.4,74.1
7/18/17 3:59,4:00,79.4,78.9,75.8,79.8,84.7,74.2,72,76.4,75.9,72.8,81.7,84.7,82.4,76,75.3,80.7,82.8,79.8,83.6,82.7,73.4,75.6,77.1,79.8,77.4
7/18/17 4:59,5:00,79.7,78.4,78.4,79.8,85.7,73.3,73.1,75.4,77,73.3,83.2,85.7,87,76.7,74.8,81.1,84.3,79.2,85.7,82.1,76.7,75.8,77.8,76.6,78.5
7/18/17 5:59,6:00,82.9,81.6,82.7,81.8,88.2,73.8,77.1,80.2,76.5,74.4,83.8,81,89.1,76.2,78.6,82.1,83.8,81.8,90.4,88.8,77.8,78.4,79.9,80.8,80.1
7/18/17 6:59,7:00,82.5,80.1,83.8,84.4,87.3,74.9,76.6,78.6,77,66.5,84.9,75.1,82.1,72.6,71.3,83.7,83.3,81.8,87.5,82.2,75.6,74,76,66.8,67.9
7/18/17 7:59,8:00,52.7,76.2,81.8,78.1,81.6,73.7,72.6,65.1,72,61.2,68.2,73.9,41.8,66.3,68.4,80.8,80,77,75.3,77.4,72.2,63,72.1,52.7,59.9
7/18/17 8:59,9:00,48.9,49.7,79.1,70.9,73.2,70.3,69.1,59.3,66.3,60.7,62.9,70.6,50.3,63.4,60.9,68.8,74.9,70.7,73,76.8,68.8,61.8,67.6,38.2,56.9
7/18/17 9:59,10:00,45.3,41.8,71.2,64.6,59.7,65.8,62.7,52.8,63.9,56.5,55.7,64.8,50.3,58,52.5,59.9,68.1,59.6,67.8,71.1,61.9,56.4,48.8,33.3,54
7/18/17 10:59,11:00,31.4,36.7,59.5,58.1,53.7,58.2,55.5,47.4,53.8,48.7,32.8,57.2,44.9,51.3,47.1,57.6,59.8,50.4,63.2,59.3,53,48.4,43.3,33.8,47.3
7/18/17 11:59,12:00,40.8,36.1,50.6,46.5,41.3,39.6,48.1,39.4,40.9,41.9,29.4,47.4,40.5,43.8,40.8,46.4,52,43.5,57.9,50.1,42.6,40.3,39.6,33.8,39.9
7/18/17 12:59,13:00,35.5,32.1,42.6,38.9,32.6,32,40,28.2,36.5,33.2,28.1,39.3,34.2,39.5,35.1,40.7,47.8,37.8,46.2,47,37,31.1,33.3,30.5,36.8
7/18/17 13:59,14:00,35,24.3,34.4,31.8,25.5,29.5,32.2,29.8,34.1,32.4,24.3,35.5,30.4,33,29.3,40.1,36.5,30.5,43.2,45.8,33.2,26.4,33.3,27.1,33.6
7/18/17 14:59,15:00,33.7,25.6,30.6,33.3,26.9,25.8,30.3,27.8,31.5,33.8,24.9,33.7,24.4,29.8,28.1,39.6,36.5,29.3,31.9,44.7,31.4,26.4,30.9,25.3,30.5
7/18/17 15:59,16:00,28.2,26.3,38.9,32,18.6,22.5,28.5,29.9,31,33.2,18.9,35.7,29.7,29.8,29.5,31.8,34.8,30.1,27.5,42.1,27.7,25.3,36.6,26.7,29.2
7/18/17 16:59,17:00,29,29,37.6,31.4,36.4,21.9,26.6,33.1,29.1,34.5,22.1,33.8,33.5,25.3,30.1,33.7,32.1,29.5,32.8,39.6,28.2,20.8,34,26.7,26.6
7/18/17 17:59,18:00,31,29,33.8,32.6,35.7,25.9,25.3,31.1,28.3,30,28.8,30.5,32.2,27.3,29.4,38.2,32.8,30.1,32,37,28.2,25.8,33.4,27.4,29.2
7/18/17 18:59,19:00,35,33.4,39.5,35.2,37.6,29,27.3,33.7,34.1,31.9,33.3,33.7,37.9,29.2,32.6,42.1,34.7,33.2,34.4,43.3,30.1,30.5,35.2,29.3,31.6
7/18/17 19:59,20:00,35.4,37.2,41.9,38.3,38.7,31.2,31.7,38.7,34.5,35.5,36.2,34.2,41.6,33.5,37.7,43.9,38.4,39.6,38.8,41.3,33,35.7,35.7,34.3,34
7/18/17 20:59,21:00,40.5,41.4,44.2,40.7,40.4,39.2,38.5,40.9,37.6,36.7,39.8,37.3,45.2,41.8,40,45,40.7,41.4,40.4,46.9,36.8,39.3,41.8,41.5,39.6
7/18/17 21:59,22:00,39,41.9,45.3,45.7,45.3,34.5,40.2,42.1,42.5,42.9,34.3,42.9,46.9,43.6,42.4,43.5,44.3,48.9,43.4,51.2,41.1,40.5,46,43.2,42.6
7/18/17 22:59,23:00,47.9,46.8,49,49.3,56.5,42.1,42.7,45.1,45,44.1,49.2,46.6,53.6,47.3,44.8,49.8,50.5,50.1,50.8,58.5,44.2,44.2,49.6,45.6,46.3
7/18/17 23:59,0:00,56,50.5,55.1,56,55.2,48.3,47.8,50.6,48.1,47.1,56,52.1,58.4,53,49.8,56,62,54.4,56.8,60.9,46.6,48.6,52.6,51.1,50
7/19/17 0:59,1:00,56.6,58.5,57.5,62,60.6,47,49.6,55.4,52.3,50.2,56,62.9,61.4,55.4,58.3,59.7,70.3,83.3,55.7,62.1,52.1,53,56.2,58.4,56.7
7/19/17 1:59,2:00,54.8,63.2,62.7,65.6,66.9,48.8,56.4,58.4,58.4,55,55.3,65.8,65.4,60.8,60.6,59.7,72.6,73.1,67.1,57.2,59.3,56.1,62.8,64.9,64.3
7/19/17 2:59,3:00,60.1,65.4,67.9,69.3,66.9,53.7,61.3,64.9,64.4,62.3,63.5,80.4,70.9,66.8,63.5,60.7,76.6,74.7,72,59.5,64.1,63.4,69.7,67,66.1
7/19/17 3:59,4:00,67.6,71.5,70.6,71.5,73,58.5,67.2,68.1,69,68.1,68.7,79.2,75.8,68.9,68.5,65.9,81,78.4,76.4,68.8,65.8,66.1,71.1,71.9,70.8
7/19/17 4:59,5:00,70.9,76.4,75.6,77.4,81.8,62.5,68.7,72.4,72.1,71.3,75.3,83.9,80.6,72.2,72.9,76.1,84.1,84.3,82.4,77.6,69,69.4,76.1,76.8,75.6
7/19/17 5:59,6:00,76.9,79.2,80.4,79.5,87.6,69.2,72.7,75.7,75.4,75,79.8,88.5,82.1,76.5,76.2,79.3,87.8,82.7,85.6,84,71.3,73.9,77.6,79.5,81.9
7/19/17 6:59,7:00,81.8,76.1,81.1,80.1,85.6,72.5,72.5,73.7,74.4,64.7,84.7,76.8,77.6,67.4,66,82.1,85.3,84.8,83.7,81.6,71.3,67.6,75.4,57.9,69
7/19/17 7:59,8:00,56.3,71.6,80.6,77.6,77.2,75.9,69.6,61,72.5,55.2,71.7,76.2,38.7,62.1,66,79.5,77.7,89.5,71.8,80.1,70.5,57.5,68.6,53.8,61
7/19/17 8:59,9:00,51.4,44,76.8,66.2,70.2,72.6,62.6,53.8,63.2,53.4,66.4,70,43.5,58,56,70.5,72,83,72.4,76.2,62.4,56.2,62.8,43.6,56.8
7/19/17 9:59,10:00,41.9,33.3,67.7,56.2,55.9,64,55.3,47.2,56.7,50.9,56.2,59.4,45.4,48.7,45,59.9,60.3,71.8,66,69.3,55.9,47.6,44.9,29.3,54.5
7/19/17 10:59,11:00,29.7,32,56.5,52.5,48.7,52.7,49.2,42.9,43.7,43,30.6,55.3,39.7,44.9,40.6,53.8,48.7,61.8,53.4,62.2,51,40.1,37.6,31.6,47.2
7/19/17 11:59,12:00,38.5,28.9,46.8,43.9,43.3,36.9,45.4,38,43.7,40.5,25.3,46.7,36.6,36.6,38.8,45,40.5,56.4,44.7,59.3,41.9,36.1,32.5,32.8,41
7/19/17 12:59,13:00,38.5,30,39.9,43.9,36.3,29.9,39.8,27.3,38.3,34.3,25.3,43.7,32.7,38.6,34.3,39.9,42.5,43.5,38.5,48.2,35.7,28.9,35.2,33.4,38.6
7/19/17 13:59,14:00,35.4,25.6,37.5,37.7,23.4,28.6,37.3,33,34.5,33.6,23.4,41.9,28.3,34.9,33.1,37.4,38.9,34.4,36.7,47,33.8,30.3,31.5,30.9,32.8
7/19/17 14:59,15:00,30,27.5,31.1,32.5,22.9,22.9,30.1,31.1,32.7,30.4,22,35.5,27,31,27.9,32.7,38.9,29.8,33.6,37.9,26.1,27,32.6,28.3,28.4
7/19/17 15:59,16:00,30.8,25.5,36.8,29.9,17.7,24.3,28.3,29.1,28,31,23.4,30.9,28.8,26.2,26.6,33.6,32.6,29.2,28.7,37.9,22.1,25,28,27.8,23.7
7/19/17 16:59,17:00,31.6,25.5,35.5,27.9,31,25.6,24.4,31,25.6,31.7,26.6,30.9,30.8,23,27.3,34.9,33.2,30,29.2,38.7,24.7,18.5,28.7,25.3,24.5
7/19/17 17:59,18:00,33.6,28.7,34.2,34.5,32.2,25.6,24.4,31,27.5,29.9,28,32.3,33.3,24.5,29.9,36.8,31.3,28.5,29.2,38.2,26,26.4,31.9,23.5,27.2
7/19/17 18:59,19:00,33.6,31.9,40,33.8,36.2,29.4,25.9,32.9,31.4,35,31.1,34.9,39.7,29,31.8,41.4,32.6,32.6,33.6,41.4,28.8,30.3,33.2,29.8,36.1
7/19/17 19:59,20:00,45.8,41.7,50,44.7,45.8,42.7,43.9,42.5,46.1,44.5,45.3,43.3,41,47.2,40.2,47.8,48.5,44.8,40.6,57,45.2,40.9,48.8,37.3,48
7/19/17 20:59,21:00,47,49.7,55.4,52.1,56.2,44.4,48.8,51,49.7,50.6,46.4,50,52.1,50.8,49.5,55.2,53.9,52.3,51.2,61.8,50.1,49.1,52.4,49.7,50.3
7/19/17 21:59,22:00,50,55.2,58.9,53.9,51.1,49.1,51.8,54.5,52,51.1,50.7,50.5,59.3,54.4,52.5,55.2,57.5,53.5,53.5,59.2,48.7,53.3,54.1,55.1,53.9
7/19/17 22:59,23:00,55.6,58.1,62.4,61.1,54.7,53.9,54.8,56.8,56.8,55.9,55.6,57.8,59.8,58,56.1,59.9,60.4,60.1,59.5,64.6,55.4,56.9,60.6,57.4,59.8
7/19/17 23:59,0:00,58.6,62.2,65.3,62.2,57.7,56.9,57.2,60.4,59.2,57.7,59.2,60.1,63.4,61.6,59.6,60.5,65.7,62.5,65.4,67,60.7,59.9,63.5,60.3,63.3
7/20/17 0:59,1:00,67,68.1,72.3,69.7,71.9,63.4,63.8,66.2,64.5,62.4,69.9,66,72,68.1,64.4,67.6,72.1,69.6,72.4,79,64.2,65.8,69.8,65.6,69
7/20/17 1:59,2:00,74.5,72.2,74.6,73.7,70.8,70.9,66.2,68.5,70.3,65.3,75.3,71.1,76.6,72.1,69,75.1,77.2,72.4,78.1,82.3,68.8,68.2,73.2,69.7,73.5
7/20/17 2:59,3:00,76.7,75,76.3,74.8,75.4,73.1,66.8,74.2,68.5,67.6,79.7,74.5,76.6,74.4,74.2,76.3,82.2,74.1,77,81.7,70.6,73.4,77.2,74.8,75.7
7/20/17 3:59,4:00,78.4,78.5,80.7,79.2,78.3,78.2,72,78.6,73.1,73.9,82.3,80.6,80.4,75.5,77.5,79.6,83.9,79.8,81.5,80.1,71.7,77.3,73.8,79.3,76.8
7/20/17 4:59,5:00,82.6,82.7,83.8,81.9,82.6,82.3,76.6,79.7,78.7,78.4,83.4,84.2,85.5,74.3,80.3,81.8,79.4,81.9,83.2,85.8,74.5,79.1,77.2,80.4,79.6
7/20/17 5:59,6:00,82.6,78.5,83.8,82.5,81.1,80.8,76,79.2,78.2,76.7,82.9,82.8,78.8,74.9,79.8,81.3,79.4,83.1,82.6,88.4,73.9,77.3,76.6,77.6,74.1
7/20/17 6:59,7:00,80.6,82.8,82.8,80.9,80.5,79.2,77.7,84.6,76.5,73.4,80.3,80.6,83.2,72.7,84.7,81.3,79.4,79.8,82.6,88.9,75.6,81.8,75.5,77.1,67.4
7/20/17 7:59,8:00,77.3,74.4,80.8,77.1,77.7,77,74.3,74.2,74.2,71.1,75.2,75.6,72,70.9,72.5,80.8,76.7,76.4,79.3,85.9,73.9,72.2,74.9,68,75.8
7/20/17 8:59,9:00,75.1,67,78.5,73.7,74.3,75.4,72,68,67.4,66.5,71.2,74,61.7,66.4,66.7,73.4,72.7,73,75.9,86.5,67.7,65.3,67.6,59.9,70.2
7/20/17 9:59,10:00,77.9,63.5,75.2,73.7,70.3,76,69.8,66.3,68,64.3,71.2,72.9,65.8,61.7,62.7,78.6,69.2,73.6,74.2,86.7,69.5,62.4,67,54,60.5
7/20/17 10:59,11:00,70.6,64.7,74.6,72.7,70.3,71.5,68.6,68,65.1,62.6,65.4,71.8,64.6,56.9,63.9,75.8,68.7,70.8,71.9,84,67.8,58.9,58.3,59.9,66.3
7/20/17 11:59,12:00,63.6,58.8,67.2,66.9,63.3,60.1,60.4,61.7,60.5,55.4,53.4,66.7,58.1,62.8,58.6,68.3,66.4,65.6,67.3,78.5,57.9,55.8,57,52.2,57
7/20/17 12:59,13:00,60.6,39.2,54.8,52.8,50,56,53.7,39.5,52.7,45.7,48.5,57.9,49.7,53.9,48.9,61.8,55.7,53,59,71.7,50,38.9,48.2,42.3,49.8
7/20/17 13:59,14:00,47,36.7,59,47.9,35.7,42.6,49.4,42.4,47.9,46.9,33.4,51.9,46.2,45.9,42.1,53.9,55.7,44.8,57.8,64.1,42,37,41.6,38.7,46.2
7/20/17 14:59,15:00,48.4,32.7,48.1,43.4,40.7,42.6,41.2,36.1,44.7,45.7,39.6,45.6,34.7,46.5,35,53.3,52.1,42.8,52.4,63.5,41.4,33,44.6,40.4,44.3
7/20/17 15:59,16:00,46.4,42.9,53.6,42.8,38.9,40.8,38,43.7,44.1,41.8,42.1,45.6,45.4,42.7,37,52.7,47.8,43.4,45.7,58.2,38.9,37,44.6,36,46.8
7/20/17 16:59,17:00,45.8,40.4,51.2,39.7,47,35.2,38,43,42.9,49.4,35.8,46.9,46.6,42.1,37,51.4,47.8,44.1,45,64.1,43.9,28,50.6,41.1,47.5
7/20/17 17:59,18:00,48.4,49.7,52.4,50.9,53.1,46.3,39.5,49.2,45.4,49.4,44.1,50.6,51.5,43.4,44.1,57.6,52.1,49.2,50.6,66.5,45.8,45.3,53.6,38.7,46.2
7/20/17 18:59,19:00,58.2,46.6,58.9,54.6,55.5,45.2,38.2,49.8,52.8,47,54.5,53,52.7,47.2,48.3,61.8,56.3,51.7,52.4,68.2,47.7,45.9,58.9,43,53.5
7/20/17 19:59,20:00,61.2,55.2,60.7,58.8,63.9,50,45.7,56.4,56.3,57.8,59.4,56.6,61.7,53.9,56.2,66.6,56.3,57.8,57.2,75.1,56.7,53.4,60.7,49.7,59.4
7/20/17 20:59,21:00,69.4,60.6,67.2,64,67.9,63.5,57.9,62.3,60.5,61.3,71.2,59.6,69.8,61.7,59.7,71.8,63.4,64.4,66.7,78.5,59.6,59.4,64.2,62.8,61.6
7/20/17 21:59,22:00,72.8,65.3,70,66.4,69.7,67.5,61.5,65.1,62.2,61.9,78.6,62.5,74.3,64.6,64.4,76.9,66.9,69,69.6,81.8,62.5,63.5,65.8,66.3,66.8
7/20/17 22:59,23:00,79,65.8,70.6,66.9,76.6,73.2,64.4,65.7,66.3,67.1,83.6,65.4,77.1,68.7,66.7,79.1,70.4,69.6,73.6,85.6,68.9,64.7,71,65.1,72.5
7/20/17 23:59,0:00,83.3,71,75.7,77.6,82.7,74.8,67.9,69.7,72,71.7,84.6,72.3,81,75.5,70.8,81.3,73.2,77.6,77,87,72.3,69.9,76.1,70.8,76.9
7/21/17 0:59,1:00,84.7,76.2,78,81.4,84.3,79.2,70.8,73.1,75.4,74.5,87.7,79.5,81.5,77.2,74.7,84,73.8,82,79.3,86,76.8,72.2,79.9,75.4,80.1
7/21/17 1:59,2:00,86.7,79,78.6,84.6,86.3,83,74.3,75.8,78.2,78.4,90.2,87.6,84.1,80,78.1,87.1,77.8,85.2,85.4,82.3,76.2,74.5,82.7,78.2,82.3
7/21/17 2:59,3:00,88.2,83.7,82.4,86.8,87.3,82.4,77.1,81.4,82.6,82.8,91.8,90.4,88.2,83.2,80.8,89.6,85.5,87.7,86.4,83.3,76.8,79,84.3,81.5,83.3
7/21/17 3:59,4:00,89.2,88.9,86,88.5,89.4,84.5,82.2,82.8,85.8,85.4,92.2,92.2,88.7,83.7,82.9,90.5,87.5,90.2,88.5,86.9,80.1,81.2,84.8,86.7,82.2
7/21/17 4:59,5:00,91.1,90.3,86.9,89.5,90.9,86,81.1,85.9,83.1,86.8,94.2,93.7,92.1,83.2,85.4,92,89.6,92.6,90,89.9,82.2,83.7,84.2,89.7,82.8
7/21/17 5:59,6:00,91.1,91.8,89.6,91.3,92.9,84.9,82.1,87.4,85.1,87.9,93.7,96.1,92.6,84.3,86.4,91.5,90.1,95.5,91.1,91.9,83.3,86.2,83.2,89.7,84.9
7/21/17 6:59,7:00,92.1,85.3,89,89.4,92,86.5,82.2,82.9,84.1,77.3,95.8,86.4,86.2,73.8,78.1,91,89.9,96,89,87.4,83.9,79,79.4,66.8,81.2
7/21/17 7:59,8:00,67.1,79,86,87.3,86.6,85,79.4,67.4,80.4,66.6,84.2,86.6,42.6,71.6,73.1,90.2,83.9,92.8,77,87.4,78.4,60.6,74.4,48.6,67.5
7/21/17 8:59,9:00,58.9,44.9,83.5,76,78.3,83,72,61.1,71.4,63.7,75.8,79,44.9,64.6,63.9,76.3,77.2,87.9,74.2,86.2,73.4,63.6,69.3,48,65.7
7/21/17 9:59,10:00,44.9,38,76.3,68.7,66.3,74.9,66.9,55.8,65.1,59,62.4,71.8,50.4,61.7,55,70.6,73.3,71.4,70.8,79.6,66.6,58.8,51.2,40.1,59.4
7/21/17 10:59,11:00,36.6,36.2,62,61.8,56.8,65.3,58,48,57.6,51.8,36.7,64.4,42.5,55.2,47.8,63.7,66.4,60.9,63.8,74.6,55.5,44.7,45.2,34.6,53.5
7/21/17 11:59,12:00,47.8,38.7,54.3,50.9,48.5,54.8,52.5,45.6,51.5,48.2,32.1,55.5,42.5,50.3,43.5,55.9,53.2,49.3,56,66.5,45.9,44.7,45.8,36.3,48.1
7/21/17 12:59,13:00,47.2,34.8,48.9,49.2,39.7,40.3,44.5,31.4,44.8,41.5,28.9,52.5,42.5,44,40.2,53.4,51.5,44.3,50,57,42.7,35.2,37.9,36.8,45.1
7/21/17 13:59,14:00,42.1,29,42.8,39.7,30.1,34.1,41.3,33.7,39.2,38.2,28.3,45.2,31.7,39,36.6,48.5,43.5,38.5,41.9,49.6,38.5,33.8,36,35.5,40.7
7/21/17 14:59,15:00,39.6,29.6,40.2,36.5,23.8,28.3,34.9,33,37.3,36.9,25.6,41.4,29.8,39.6,34.6,44.7,44.2,37.2,38.3,48.4,33.5,29.9,38.4,33.8,35.6
7/21/17 15:59,16:00,36.4,29,43.2,35.4,24.7,28.3,34.4,32.5,35.5,38.9,25,39.5,38.1,33.8,34,40.9,37.2,35.3,32,43.9,32.8,29.4,38.4,30.5,34.3
7/21/17 16:59,17:00,32.3,32.2,42.6,32.7,37,26.4,28.5,35.7,30.3,35,28.1,37,36.7,27.3,30.8,35.6,36.6,32.2,32,38.8,28.9,25.5,34.6,28.5,31.8
7/21/17 17:59,18:00,33,30.8,36.3,34.6,39.5,25.8,25.3,33.7,29,32.5,26,34.4,36,29.9,31.9,37.6,39.2,28.6,32.5,40.9,28.2,27.8,37.8,24.9,35.1
7/21/17 18:59,19:00,36.4,33.4,44.5,40.4,41.4,27.7,28.1,34.9,38.7,34,31.2,35.7,43,32.7,33.2,42.8,41.2,34,39.5,50.4,32.2,33.1,42.2,29.2,38.2
7/21/17 19:59,20:00,46,41.1,47.6,45.5,48.9,36,35.1,41.9,43,43.4,44.7,41.5,52.8,42.8,41.6,51,48.1,44.3,47.6,56.5,42.2,38.4,46.5,38.2,46.9
7/21/17 20:59,21:00,54.7,48.6,54.3,52.9,56.3,50.1,45.8,49.3,50.5,50.7,56.5,50.8,57.7,52.8,49,58.9,54.7,53.1,52.5,65.4,50.8,47.3,54.3,50.5,55.4
7/21/17 21:59,22:00,61.3,56.5,60.2,60.7,64.6,57.3,52,55.9,55.2,54.3,63.1,55,64.1,57.6,54.5,65.5,62.4,59.8,62.7,70.6,55,53.5,58.4,55.2,60.6
7/21/17 22:59,23:00,67.2,60.1,64.3,66.5,69.2,61.4,56.9,58.8,59.4,59.1,71.3,59.7,69.3,62.4,59.2,70.7,65.9,63.9,70.2,74.6,59.8,57.7,64.8,58.8,64.7
7/21/17 23:59,0:00,71.8,64.2,67.2,67.6,73.8,65.9,61,62.3,63.5,63.7,74.1,64.4,72.1,65.9,66.3,74.7,66.4,68.5,73.1,80.2,63.2,61.9,68.2,62.9,66.3
7/22/17 0:59,1:00,74.6,66.5,70.7,73.2,78.3,69.3,65.7,64,65.2,66.6,79.8,66.1,75.5,68.7,69.7,76.9,72.7,71.4,71.9,84.6,65.5,63.6,69.3,64.6,67.4
7/22/17 1:59,2:00,79,72.8,73.5,73.8,81.1,72.1,67.5,69.2,70.4,66.6,82,71.2,76.6,71.6,72.5,80.3,78.4,73.1,71.9,74.5,70.7,67.1,72.7,68.6,72.5
7/22/17 2:59,3:00,80.1,73.4,72.9,76.6,82.2,75.4,69.2,69.2,70.4,69.5,84.2,72.9,78.3,72.2,74.2,81.9,73.8,75.3,77,80.7,72.9,69.4,73.3,70.3,72.5
7/22/17 3:59,4:00,79,73.4,75.2,79.8,84.4,72.6,68,72.5,72,70,82.5,79.6,79.9,74.4,70.8,76.9,79.5,78.1,80.4,87.8,72.9,71.7,76.7,73.7,75.8
7/22/17 4:59,5:00,80.6,76.2,77.4,82,84.4,76,72.1,75.9,75.4,71.7,83.6,81.7,83.2,76.1,74.8,81.3,81.7,81.4,83.2,78.4,76.2,75.1,77.2,79.3,78
7/22/17 5:59,6:00,81.7,80.1,79.7,83.6,85.5,75.4,74.3,78.1,76.5,73.4,84.7,85,86.5,77.8,78.1,81.3,84.5,82,84.9,79.6,76.2,75.1,80,80.5,79.6
7/22/17 6:59,7:00,82.8,75.6,81.9,84.1,84.9,76.5,76.1,74.2,74.3,66.6,84.2,72.9,81.1,71.1,68.5,83.5,83.9,83.1,83.8,76.2,72.3,71.8,76.1,61.1,68.6
7/22/17 7:59,8:00,57.7,71.7,78.6,77.7,78.9,74.3,69.2,62.3,72.1,56.7,71.3,72.9,46.9,67.6,65.1,80.2,75.6,76.5,71.4,76.2,70.1,59.5,71.6,49.9,60.6
7/22/17 8:59,9:00,51.7,45,75.2,71,73.8,69.9,65.7,55.9,67,58.5,66.6,68.4,49.3,61.2,59.3,69.6,71,69.7,69.1,72.3,67.3,59.5,68.3,41.4,57.1
7/22/17 9:59,10:00,36,36.3,67.3,63.6,60.5,60.1,59.8,49.4,62.4,52,50.4,62.1,45.7,56.4,49.7,58.9,65.9,56.8,63.3,63.6,58.5,51.7,52,29.8,51.7
7/22/17 10:59,11:00,34.4,36.9,56.2,55.9,52.1,60.9,53.3,43.4,51.7,47.7,35.1,55.6,41.4,49.2,43.6,53.6,60.7,51.3,58,66.7,53.3,44.2,42.4,32.2,49.4
7/22/17 11:59,12:00,50.8,36.9,55.8,53.2,46.9,46.8,54.7,43.4,53.1,46.7,34.6,54,44.7,53.7,46.3,58.7,58.5,50.8,53.9,63.8,51.6,45.7,46.2,38.6,49
7/22/17 12:59,13:00,47.7,37.9,51.1,50.2,40.2,42,49.2,35.8,50.2,45.7,33.3,51.7,41,48.8,44.5,52.5,56.8,47.8,52.8,57.4,48.7,38.1,42.1,38.6,45.5
7/22/17 13:59,14:00,43.3,36.6,47.5,45.3,33.9,37.1,43.7,41.8,43.5,43.8,32,48.1,41,43.9,42,48.9,52,45.5,48.7,56.2,39.5,40.8,40.3,39.8,40.5
7/22/17 14:59,15:00,43.3,36.6,43.8,42.2,30.9,36,40.6,41.3,41,45.1,29.5,45.6,36.1,40.8,38.3,47.7,45.9,41.1,43.9,56.2,40.3,38.9,42.7,39.3,40.5
7/22/17 15:59,16:00,42.1,36,46.2,39.7,27.1,37.3,35.6,38.8,38.5,43.9,33.5,43.2,41.1,37.7,38.3,48.5,44.1,44.2,34.5,55.8,37.3,36.4,44.5,36.3,40.5
7/22/17 16:59,17:00,42.8,37.9,47.5,42.3,45.8,34.8,35.6,41.9,39.3,43.3,36.7,43.9,42.3,37.7,39,50.3,43.5,41.8,37.7,54.5,39,31.4,44,37.6,38.2
7/22/17 17:59,18:00,40.8,39.2,46.9,43.5,46.3,33.5,34.4,41.3,38,41.5,37.2,42,41.7,34.5,39.6,49,42.3,40.4,37.7,50.2,37.1,37.7,44,35,38.2
7/22/17 18:59,19:00,40.8,39.7,47.4,41.5,42.4,35.2,34.4,41.8,42.3,36.9,38.9,39.4,47.2,37.7,38.8,50.1,47.2,42.8,43.2,50.2,34.5,39.5,44,35.6,43
7/22/17 19:59,20:00,49.6,48.5,55.3,50.9,53.7,40.9,43.9,49.8,49.1,49.4,47.7,48.2,54.5,47.7,50.1,54.5,50.9,54.2,51.8,59.8,47,48.4,51.8,44.3,50.4
7/22/17 20:59,21:00,56.9,55.1,59.4,56.3,57.8,54.1,53.6,55.7,55.1,52.9,56.9,53.6,58.6,55.6,54.9,63.5,58,57.8,58.9,65.8,52.4,54.5,56.4,55,55.7
7/22/17 21:59,22:00,58.6,60.4,65.2,61,61.3,57,59,61,59.2,57,59.2,57.7,63.8,62.1,59.6,64.6,63.3,61.9,64.7,66.2,56.6,60.5,61.7,61.5,58.6
7/22/17 22:59,23:00,65.7,67.4,71.5,66.7,66,63.9,65.4,67.2,65,62.9,69.2,64.7,70.7,67.9,65.4,70.4,69.6,67.7,69.9,73.7,62.4,67.5,67.4,67.2,64.3
7/22/17 23:59,0:00,72,71.3,76.5,71.3,73.4,69,70.1,71.7,67.2,66.9,72.6,68.7,75.2,70.7,70.5,74.9,73.5,72.8,76.1,79.2,67.5,71.4,71.3,72.3,68.3
7/23/17 0:59,1:00,73.6,75.3,78.7,74,76.8,72.3,72.9,74.5,71.2,70.3,76.5,71.5,78.4,73.5,73.3,76,76.3,74.4,80.6,81.4,69.8,74.8,73.5,75.1,72.2
7/23/17 1:59,2:00,78,79.2,82.5,76.7,77.9,75.6,75.7,78.3,73.9,73.6,83.7,75.4,81.7,76.3,76.1,79.3,79.1,77.8,84.4,85.2,74.2,78.7,77.4,78.4,75.4
7/23/17 2:59,3:00,79.6,81.9,86.3,81.6,81.2,77.8,79.6,81.5,76.7,77.5,83.7,77.5,86.5,79.6,79.9,80.9,82.9,81.6,87.7,88.9,76.9,82.4,80.1,82.2,78.7
7/23/17 3:59,4:00,83.4,85.1,87.9,83.2,85,82.1,82.9,84.2,81.1,79.7,86.4,81.3,87.6,82.3,83.7,84.7,84,83.2,88.2,92.5,79.7,84.6,83.9,86,80.3
7/23/17 4:59,5:00,85.5,87.2,90.6,85.2,86.1,84.7,84.5,86.3,81.1,81.3,89.1,82.9,88.1,83.3,85.3,86.8,85.6,85.8,88.8,93,79.7,86.2,83.9,86,81.3
7/23/17 5:59,6:00,85.5,85.1,90.1,85.2,86.1,84.7,83.9,85.2,81.1,80.7,87,82.3,87.6,83.3,83.7,87.4,85.1,85.3,87.7,93,80.2,84.6,83.3,85.5,81.8
7/23/17 6:59,7:00,84.5,84,88.4,83.6,83.9,83.7,82.3,84.2,80.5,80.2,84.2,81.8,86.5,82.2,82.6,86.3,83.4,84.8,87.1,94.6,80.2,83.5,82.2,83.3,78.6
7/23/17 7:59,8:00,82.3,83.5,88.4,84.2,81.7,79.9,81.7,82.5,79.4,78.5,79.3,80.7,83.3,80.6,80.4,83.6,82.9,83.7,85.5,93,78.5,82.4,80,80.6,78.6
7/23/17 8:59,9:00,80.2,80.2,86.8,82,80.6,78.8,79.5,80.4,77.7,76.9,75.4,80.2,80,80.1,78.2,84.7,81.2,82.6,83.8,90.4,77.4,79.7,78.9,76.7,75.9
7/23/17 9:59,10:00,76.3,76.9,84.1,79.9,75,75.5,76.8,77.7,75,73,71.9,76.3,75.6,75.1,76,82,77.9,78.8,81.1,89.4,73,76.4,75.1,74.5,73.2
7/23/17 10:59,11:00,71.3,70.1,79.2,73.9,69.9,70.1,70.5,72.2,69.9,66.2,61.5,73,70.6,68.3,71,78.1,71.2,73.8,78.3,84.6,67.9,71.9,63.2,66.6,60.2
7/23/17 11:59,12:00,62.2,56.2,68.6,69.5,56.5,57.5,67.1,60.9,61.9,61.1,45.2,66.9,59.7,63.2,59.5,69.1,67.8,62.9,73.8,78.1,61.1,58,57.4,54.3,56.2
7/23/17 12:59,13:00,57.4,50.8,62.8,62.1,48.8,51,61.3,42.5,57.9,53.4,41.6,61.7,53.9,59.7,55.4,64,65.5,55.2,67,69.7,55.2,51.3,51,52.6,54.4
7/23/17 13:59,14:00,50,48.5,57.6,56.2,40.8,43.8,55.3,52,53.1,55.2,36.4,57.6,50.3,53.1,51.8,56.8,61.4,53.4,62.4,66.8,50.5,52.5,49.3,50.8,50.8
7/23/17 14:59,15:00,53.2,44.7,54,49.5,38.9,40.9,49.2,48.4,47.7,49.8,36,50.4,46,50.6,46.3,55.6,57.3,46.6,54.7,65.1,43.2,48.3,49.8,46.5,47.8
7/23/17 15:59,16:00,43.1,45.2,56.4,47.1,27.4,33.8,44.9,47.8,45.2,49.8,32.4,50.4,47.8,46.9,44.4,48.8,50.7,47.2,41.3,59.1,41.3,45.2,51.6,44.7,42.9
7/23/17 16:59,17:00,41.8,43.4,55.7,45.8,46,32.5,43.7,46.5,44,46.6,34.8,47.3,48.3,41.9,43.8,43.5,52.5,44.6,45.6,54.8,40.6,33.1,48.5,41,42.2
7/23/17 17:59,18:00,43.7,46.3,53.9,50.7,48.5,34.4,42.3,49.6,44,46.1,39.3,47.3,51.3,43.8,45.6,51.8,51.9,45.9,46.7,55.5,41.9,43.7,50.9,41,42.8
7/23/17 18:59,19:00,41.6,48.2,55,50,50.3,34.8,39.2,49.6,46.8,44.2,39.8,47.3,52.4,41.8,48.6,49.8,51.9,47.6,52.1,56.5,38,46.9,48.4,42.2,45.2
7/23/17 19:59,20:00,49.8,49.9,56.8,52.3,52,42.9,44,51.8,49.9,50.2,49.2,49,54.1,48.5,50.9,53.5,52.3,51.3,52.1,58.3,46.5,49.2,51.4,45.7,48.8
7/23/17 20:59,21:00,56.4,54.7,58.5,57.1,59.9,54.2,51.9,54.1,53.4,52.5,57,53.2,57,54.6,53.2,60.1,55.2,58.5,56.1,63.6,51.4,53.5,54.8,54,53.5
7/23/17 21:59,22:00,58.7,58.2,63.7,58.2,60.3,57,56.1,58.2,54.5,54.2,59.9,55.4,61.7,58.1,58,63,60.5,57.8,59,65.9,53,57,57.7,58.7,56.9
7/23/17 22:59,23:00,60.4,58.7,63,60.5,64.4,58.1,57.2,58.6,57.4,56.5,61,57.7,61.7,58.6,59.1,64.1,61.6,60.8,61.3,69.3,57.8,57.5,61.1,58.7,59.8
7/23/17 23:59,0:00,65.8,62.8,67.1,64,67.3,61.6,60.8,62.7,60.4,60,66.4,61.9,68.6,63.4,62,66.4,65.7,64.3,67.8,73.4,61.3,62.3,64,63.3,63.9
7/24/17 0:59,1:00,71,66.4,71.1,68.6,73.1,65.7,64.4,66.2,63.9,64.8,72.5,65.4,73.2,66.9,66.1,72.8,70.3,68.4,71.2,78.4,64.2,66.4,68.1,68.6,67.9
7/24/17 1:59,2:00,73.5,75,76.8,75.9,75.9,68,68.5,71.9,68.5,68.8,77.5,71.1,79.9,70.9,70.2,73.6,76.1,74.2,78.7,81.8,68.3,70.5,71.5,75.4,70.2
7/24/17 2:59,3:00,74.5,78.4,79.6,77.1,76.1,70.8,72,77,70.8,70,79.5,72.3,81,74.4,74.2,75.7,76.6,74.7,84.9,82.3,70.6,75.1,73.8,77.1,71.9
7/24/17 3:59,4:00,78.8,80.1,81.2,82.5,81.6,73.7,74.9,79.2,76.5,73.4,81.1,79,86.7,76.6,77,79,81.7,81.4,86.4,85.9,72.8,79,78.8,80.4,75.7
7/24/17 4:59,5:00,82.6,81.2,83.8,84.1,81.6,79.2,78.3,82.4,78.2,76.7,85.4,80.6,88.7,78.3,80.9,83.9,83.9,83.1,88.5,88,75.6,81.7,82.2,83.1,77.4
7/24/17 5:59,6:00,84.7,87.3,85.4,86,86.3,81.4,79.4,84.4,80.4,78.9,90.1,83.8,91.7,81.1,80.8,86.5,83.8,85.1,91.6,89.5,78.4,82.8,83.8,84.7,80.7
7/24/17 6:59,7:00,84.2,83.3,86,85.7,85.5,83,78.8,82.5,79.8,71.7,88.2,79,85.2,76.1,77,86.5,86.1,84.7,88.6,88.5,80.1,80.1,80.5,69.2,70.8
7/24/17 7:59,8:00,57.7,79,84.5,82.5,82.7,81.4,76.6,70.3,76.5,62.5,74.1,77.9,49.9,69.8,74.2,86.2,80,80.9,78.2,85.6,77.3,67.7,75.5,57,66.3
7/24/17 8:59,9:00,54.6,50.4,81.9,74.9,77.2,74.8,69.2,64.6,69.2,62.5,69.4,71.8,49.2,65.2,65.1,74.1,74.4,73.6,75.9,80.7,71.7,68.3,71,46.2,60.5
7/24/17 9:59,10:00,44.8,44.4,73.5,68.7,65.7,68.1,65.7,55.9,62.8,59.6,57.1,65.5,52.3,58.7,55.7,67.2,69.3,61.5,70.8,73.9,64.9,61.3,56.6,37.8,55.2
7/24/17 10:59,11:00,32.8,41.2,58.4,57.6,55.6,58.3,55.5,48.7,53.3,51.9,34.1,56.6,48.6,51.5,49,61.3,59.9,52.4,66.1,66.5,56,49.8,47,37.8,49.2
7/24/17 11:59,12:00,45.4,36.9,52.5,50.4,42.8,43.4,50,43.9,46.7,44,33.5,50,42.5,45.9,44.2,51.6,55.2,46.9,57.3,57,44,42.9,42.2,38.2,43.8
7/24/17 12:59,13:00,39,35.6,44.6,43.6,35.3,34.7,41.4,30.4,40.5,39,29,43.9,40.1,40.3,38.5,46,46.1,39.8,49.5,49.7,39.1,33.4,36.1,35.8,38.3
7/24/17 13:59,14:00,35.8,31.8,40.4,40.6,28.2,31.1,38.3,36.5,38.1,39,26.5,40.9,35.8,38.5,34.8,42.9,43.1,37.4,45.3,46,33.5,34,33,34.6,33.2
7/24/17 14:59,15:00,33.3,31.1,36,34.1,23.2,28,32.4,34.6,33,33.9,24.4,33.9,33.3,30.8,32.2,38.5,37.4,31.5,36,42.9,29.7,31.4,33,31.5,31.3
7/24/17 15:59,16:00,32,25.8,36,32.2,20.1,26.1,28.7,29.4,31.2,33.9,23,32.7,32.5,30.8,30.3,35.9,34.3,31,30,41,28.5,26,34.8,28.1,30.7
7/24/17 16:59,17:00,30.6,26.4,35.2,29.6,33.9,25.3,26,29.4,29.2,32.7,25.6,30,30.4,27.4,26.3,35.9,34.3,28.9,31.7,39,29.1,22.9,33.6,23.6,28.7
7/24/17 17:59,18:00,31.9,27,31.3,31.5,35.2,26,22.6,28,28.5,30.1,28.9,30,29.7,27.4,27.5,40.4,28.3,30.1,28.8,37.8,28.3,25.2,33.6,25.6,30
7/24/17 18:59,19:00,35.9,28.9,34.5,34.7,37.7,30.4,26.7,29.9,34.9,32.7,32.8,33.3,31.5,31.5,32.1,42.3,32.9,34.8,35.2,44.2,31.1,27.9,39.2,24.8,35.8
7/24/17 19:59,20:00,38.9,40,44.6,41.1,42.7,32.2,35.8,40.8,38.6,39,37.1,37.1,46.2,37.1,40.4,46,43.7,40.5,40.2,44.7,35.9,37.8,40.3,35.1,37.5
7/24/17 20:59,21:00,42.7,43.6,48.9,44.2,47,39.5,42.6,45,43,41.4,43.3,41.5,49.8,44.1,44.7,47.8,49.8,44.3,49.5,47.8,40.3,43.5,45.2,46.2,43.1
7/24/17 21:59,22:00,58.9,50.5,55.5,51,51.3,54.3,50.1,51.1,51.7,48.3,58.3,48.9,55.9,54,51.5,58.9,54.7,51.8,56.1,55.2,47.1,50.4,54.3,52.2,52.9
7/24/17 22:59,23:00,63.1,57.7,62.6,60.1,65.1,60.1,58.1,59.5,56.5,54.9,63.1,55,63.6,60.6,59.9,64.3,61.8,57.3,61.5,63,53.8,57.7,61.4,59.4,57.7
7/24/17 23:59,0:00,67.1,60,64.9,67.7,68.6,63.6,59.2,60.6,60,57.3,67.1,59.7,65.8,64.2,62.2,67.7,64.1,63.9,65,65.9,56.7,60.7,65.4,60.5,58.2
7/25/17 0:59,1:00,70.6,63.6,66,71.6,73.2,64.7,60.4,62.8,65.2,63.2,75.8,67.3,74.4,65.3,62.7,72.3,64.6,69.7,71.3,65.9,59.1,62.4,67.7,64,60.5
7/25/17 1:59,2:00,73.4,68.2,69.5,65.8,76,65.8,62.7,64.6,63.4,63.2,76.3,65.5,76,65.3,65,74,68.7,69.1,75.9,65.9,60.8,64.2,67,65.7,62.2
7/25/17 2:59,3:00,75.1,71.1,70.6,72.1,78.8,65.8,64.4,68,65.1,64.2,75.2,65.5,80.5,66.9,67.3,75.7,72.1,70.8,81,71.1,66,67.7,68.7,69.2,66.2
7/25/17 3:59,4:00,75.6,75.1,74,75.4,81.6,67.5,68.6,72.5,68,65.4,76.3,71.2,81.6,68.7,71.9,75.7,78.3,73.6,82.1,73.4,68.9,71.7,71.6,77.1,74.1
7/25/17 4:59,5:00,76.7,77.3,77.4,77.6,81.1,69.2,70.9,74.8,72.6,68.8,78,74,85.4,72.1,74.8,76.8,78.9,77.6,86.5,83.4,72.3,74,74.4,76.5,76.9
7/25/17 5:59,6:00,79.5,80.1,82.4,81.4,81.6,72.6,74.9,79.7,74.3,72.8,81.4,77.9,86.8,76.6,77,82.4,82.8,80.3,89.8,86.5,74,77.9,77.2,80.4,79.6
7/25/17 6:59,7:00,80.1,80.1,86.3,83.1,80.5,75.9,77.2,79.2,77.1,67.7,82.5,74,82.1,72.7,73.1,84.6,84.5,81.4,89.3,85.6,75.7,76.8,76.6,64.6,70.3
7/25/17 7:59,8:00,57.7,75.1,84.1,79.8,79.4,74.3,74.4,65.8,74.3,56.7,69.5,74.6,46.9,67,69.7,81.3,80.1,77.6,74.8,83.4,73.4,63.1,72.7,49.3,68.6
7/25/17 8:59,9:00,52.8,48,80.2,73.8,72.6,71.5,69.2,61.2,69.8,62.6,66.6,71.8,49.3,65.3,62.8,72.4,76.1,73.1,73.7,79.6,71.2,63.6,70.5,43.2,64.1
7/25/17 9:59,10:00,45.6,40.1,72.4,69.3,64.6,65.9,65.2,54.2,64.7,57.3,54.1,67.8,52.4,62.4,54.5,65.5,71.1,63.3,69.1,74.6,67.8,57.8,55.5,37.9,60
7/25/17 10:59,11:00,34.2,42,59.7,63,55.1,58.4,56.8,48.9,57.6,52.5,34.8,59.1,47,53.4,47.3,59,63,53.7,65.6,68.3,56.8,46.2,49.6,37.9,52.4
7/25/17 11:59,12:00,43,35.7,52,51.1,42.9,40.5,50.1,40.9,49.3,45.3,29.8,53.2,42.6,47.2,43.6,51.7,55.9,46.9,59.8,60.1,47.2,43.6,44.2,36.5,45.7
7/25/17 12:59,13:00,39.1,33.7,45.3,46.3,35.5,33.5,44,29.8,42.5,39.8,27.7,47.2,37.6,43,38,45.4,50.5,43.2,49,52.3,44.1,34.6,40.5,33.3,40.2
7/25/17 13:59,14:00,37.3,33.1,38.5,40.6,29.8,32.5,39,35.3,36.9,37.9,27.2,41.6,34.5,36,34.8,43,43.2,38.7,42.8,48.6,36.8,34.6,35,34.5,34.5
7/25/17 14:59,15:00,30.6,28.7,36.1,34.9,24,23.4,32.5,32.1,35.1,37.2,23.8,38.5,29.4,33.4,33,39.2,41.3,35.7,36,45.5,33,29.5,35,31.5,32.8
7/25/17 15:59,16:00,30.6,30,39.8,33.6,19.6,26.1,30.7,32.8,30.6,35.4,25.1,33.4,35.2,28.8,31.7,35.3,36.3,40.1,29.5,40.5,26.5,27.6,34.3,30.2,29.5
7/25/17 16:59,17:00,32,28.6,38.5,29.7,34.7,24.8,28.1,33.4,27.9,30.1,27.1,30.8,33.2,28.3,30.4,35.3,35,29.6,30.4,40.5,27.3,22.4,33,27.6,29.5
7/25/17 17:59,18:00,31.3,29.9,37.2,30.2,35.9,26.1,28.1,32.7,30,29.5,29,28.8,35.7,28.3,29.6,39.2,37.6,29.6,33.5,40.5,27.8,28.2,36.8,25.7,30.8
7/25/17 18:59,19:00,32.6,33.7,42.9,36.2,36.5,28,30.9,35.9,34.4,30.9,32.2,32.1,42,29.6,33.5,40.4,38.9,35.4,39.8,40.5,25.2,33.5,36.1,30.3,32.6
7/25/17 19:59,20:00,37.2,36.9,44.1,39.3,41,29.2,34,39,38.8,38.5,35.3,36.6,43.8,38,38,41.7,43.3,42.6,42.9,45.5,36.1,36,41.8,32.1,39
7/25/17 20:59,21:00,46.7,46.3,51.4,48.1,47.2,44.7,44.7,46.4,43.2,44.7,46.1,41.6,54.2,45.5,45.5,49.9,49.9,47,46.5,52.9,41.7,44.3,45.4,45.7,43.9
7/25/17 21:59,22:00,49.7,48,53.8,52.3,51.4,45.8,45.2,49.4,46.8,47.7,49.7,45.9,57.7,51,46,52.2,55.9,50,48.9,55.2,45.9,46.7,50.2,47.4,46.2
7/25/17 22:59,23:00,51.5,52.2,56.1,52.9,54.9,49.4,50.1,52.3,52.2,53.1,52.7,50.7,61.2,55.2,52,54.6,57,55.5,56.7,58.2,53.8,50.4,56.6,52.2,57.7
7/25/17 23:59,0:00,57.6,58.2,61.9,61.2,59.1,52.9,55.5,57.6,59.4,56.1,59.9,57.9,64.7,60.5,56.2,59.4,63.5,61.5,56.7,58.8,59.2,55.2,61.9,57,58.8
7/26/17 0:59,1:00,62.3,64.7,68.9,66.4,68,54.7,59.8,62.3,62.2,58.4,65.3,67.2,68.7,62.9,62.1,63.5,68.1,66.8,66.1,64.7,62.7,61.8,63,62.8,58.1
7/26/17 1:59,2:00,63.5,65.8,67.7,71,73.8,57,61.5,63.4,65.2,62.5,67.6,70.1,74.3,65.2,66.2,66.5,70.4,70.8,70.7,68.2,63.8,62.4,69.3,63.4,68
7/26/17 2:59,3:00,68.2,66.4,69.4,73.2,80,62.3,62,64.5,66.9,63.6,68.8,70.6,74.3,65.8,64.4,70.6,72.7,72.5,76.5,79.6,63.1,65.3,68.1,65.7,71.3
7/26/17 3:59,4:00,72.2,71,74.6,73.2,76,67.5,66.2,68.5,67.4,64.2,75.8,67.1,74.3,70.9,67.3,75.7,76.1,71.3,78.1,85.6,67.7,68.8,73.8,69.1,76.3
7/26/17 4:59,5:00,76.2,80.1,81.3,77.1,82.2,71.5,73.2,78.1,75.4,73.4,80.8,74.5,82.1,78.8,75.3,80.2,80,79.8,83.8,88,75.7,79,81.6,78.8,81.7
7/26/17 5:59,6:00,81.7,80.6,83.4,82.5,86.4,77.6,77.7,79.7,79.8,77.3,84.6,80.6,86.8,82.2,78.1,82.4,84.4,83.6,86.9,93.4,80.1,79.6,83.8,81.6,82.8
7/26/17 6:59,7:00,80.6,80.6,86.6,84.6,86,79.8,78.3,82.5,80.9,70.6,83,78.4,83.8,76.6,75.9,85.7,83.3,83.6,87.1,89.6,78.4,80.1,81.6,68.6,72.4
7/26/17 7:59,8:00,55.8,76.7,84.1,79.3,78.8,73.7,73.8,73.7,75.4,57.2,67.7,74.5,58.8,73.8,70.8,81.3,81.7,77.6,81.6,86,75.1,74,75.5,57,74.1
7/26/17 8:59,9:00,50.3,70.5,83,76.5,76.6,70.9,72.1,68.6,69.8,63.1,67.1,74.5,62.4,67.5,67.9,70.6,77.2,75.3,78.2,80.1,72.8,68.8,71.6,61.1,60.5
7/26/17 9:59,10:00,41.5,44.3,75.2,69.3,66.8,67,62.7,58.2,65.7,57.2,52.8,68.3,52.8,61.1,55.7,64.2,73.3,60.9,75.9,77.4,66.6,58.3,57.8,45,59.9
7/26/17 10:59,11:00,30,37.4,61.4,63,58.6,56.5,58.6,48,59.3,53,36.7,62.6,48,57.5,47.1,59.5,67.6,54.3,66.2,70.6,60.8,47.9,50.2,38.8,53.5
7/26/17 11:59,12:00,44.1,39.3,53.7,51.6,47.2,44.7,49.4,43.8,51.6,45.8,34.9,52.5,45.5,51.5,43.4,53.5,59.4,48.8,63.3,65.4,47.1,44.8,45.9,36.5,49.3
7/26/17 12:59,13:00,41.6,36.2,47.7,46.8,37.9,35.4,44.5,31.6,47.4,40.8,29,48.9,40.1,47.2,40.4,49.2,52.8,43.2,53.7,56,44.1,38.4,40.5,37,48.2
7/26/17 13:59,14:00,41.6,35.7,46.6,45.7,32.5,33,44.1,39,43.8,42.2,29,47.2,38.3,43.7,40.4,46.2,51.8,40.7,47.8,57.2,43.6,37.9,40.5,37,42.2
7/26/17 14:59,15:00,35.2,35.7,43,40.1,29.4,29.9,39.8,39.7,41.4,42.2,25.9,42.9,37.7,38.6,38,41.7,46.8,37,42.3,55.5,35,35.4,43.7,35.9,37.9
7/26/17 15:59,16:00,33.3,34.5,45.3,38.3,25,28,34,36.6,35.8,36.6,25.1,39.8,38.3,34.2,35.6,39.9,45.1,35.8,29.5,51.8,31.2,31.5,39.3,32.1,37.2
7/26/17 16:59,17:00,37.3,35.1,44.1,37,42.4,32.6,32.8,38.5,36.4,39.8,31.8,39.8,37.6,37.4,35.6,46.9,44.5,35.8,34.2,51.2,36.9,27.1,44.3,34.7,39.2
7/26/17 17:59,18:00,41.2,40.2,47.3,43.9,46,33.9,34.8,41.6,38.3,41.8,38.2,43,44.6,33.6,40.6,50,41.3,40.2,40.5,52.5,39.4,38.1,44.9,36.7,40.4
7/26/17 18:59,19:00,43.1,40.2,47.8,45.1,47.3,36.9,32.8,41.6,43.8,40.5,41.3,43,45.1,40,40.6,51.2,45.7,42.6,42.9,54.8,35.1,38.5,46.7,34.7,43.4
7/26/17 19:59,20:00,47.4,46.9,52.6,50.6,49,38,40.3,48.2,45,44.6,47.4,44.1,50.6,46.1,48.6,55.4,48.7,47,47.7,55.3,42.2,44.3,47.8,42.1,43.8
7/26/17 20:59,21:00,52.2,51.1,56.7,56.6,55,47.7,50.2,52.4,52.9,52,51,52.7,55.3,54,53.4,57.8,55.8,55.5,54.3,58.8,50.8,50.4,56.1,51.7,52.3
7/26/17 21:59,22:00,56.4,58.3,63.8,61.2,64,51.2,57.4,58.8,60.6,56.7,55.2,58.5,61.2,63.6,58.7,59.5,65.3,62.1,61.5,68.3,56.8,57.7,63.1,58.2,61.7
7/26/17 22:59,23:00,61.8,68.2,71.8,66.5,70.9,58.3,64,65.2,62.3,60.8,62.4,62.6,70.4,66.4,64.5,64.8,72.2,66.8,66.7,70.6,61.5,65.4,65.9,65.8,64.6
7/26/17 23:59,0:00,67.1,75.7,78.6,73.8,74.9,63.5,70.4,73.2,69.3,66.1,70,71.2,77.8,73.3,70.3,68.9,76.7,73.7,73.1,75.7,65.5,72.3,72.7,72.1,70.3
7/27/17 0:59,1:00,72.8,79.6,82.4,80.4,80,67,73.3,78.1,76.6,72.9,77.5,77.9,80.5,77.2,75.4,74,80.6,80.4,83.2,86.2,70.6,76.8,80,77.2,77.4
7/27/17 1:59,2:00,79.5,84.5,86.8,84.7,85.5,72.6,78.9,81.9,80.4,79.6,82.5,82.8,86.5,82.7,82,80.2,85,84.7,88.2,92.2,80.1,83.4,84.3,83.2,82.3
7/27/17 2:59,3:00,85.5,87.8,90.1,87.8,89.3,82,82.2,85.7,82.6,82.3,90.2,86.6,88.1,83.3,85.2,87.3,85.6,89.5,88.7,95.1,83.4,85.1,84.3,87,84.4
7/27/17 3:59,4:00,90.2,87.2,87.2,85.2,88.8,86.2,81.7,84.1,80.4,80.1,92.4,83.3,87.5,81.6,84.2,88.2,86.1,85.2,87.1,95.1,81.7,84.5,84.9,84.3,82.8
7/27/17 4:59,5:00,89.4,83.3,86,84.1,87.1,87.8,79.4,83,80.4,79,94,81.7,86.5,80,82.5,90.8,84.4,84.7,83.2,94,82.3,83.4,82.7,84.3,82.3
7/27/17 5:59,6:00,85.3,81.7,83.9,83,85.5,85.2,78.8,81.9,78.2,78.4,88.9,81.2,83.8,79.4,80.9,87.7,81.1,82.5,83.2,94,79,82.3,81.1,81.6,80.7
7/27/17 6:59,7:00,84.3,81.2,83.4,82.5,83.3,83.6,77.2,80.8,77.6,76.7,85.8,80.1,82.7,78.8,79.8,86.1,80.6,82.5,82.1,91.4,79,80.1,79.9,79.9,79
7/27/17 7:59,8:00,83.3,80.1,82.3,81.4,81.6,79.8,76.6,79.2,75.9,75.1,80.8,77.9,79.9,76.6,77.5,84,78.3,80.9,79.8,90.4,76.7,78.5,79.4,77.1,76.8
7/27/17 8:59,9:00,81.7,76.2,81.8,79.8,79.9,78.7,74.3,77,75.4,73.9,76.9,77.3,77.1,74.9,74.7,84.6,76.6,79.2,79.3,88.4,75.6,76.2,76.1,73.1,74.7
7/27/17 9:59,10:00,77.3,71.6,80.2,76.5,73.2,74.3,70.9,73.1,72,69.4,71.8,73.4,72,72.1,70.8,80.8,72.1,75.9,75.3,87,70.6,71.1,71.6,68,69.7
7/27/17 10:59,11:00,74.5,67.6,75.7,73.8,70.8,70.9,68,68,69.2,64.2,66.5,71.2,67.5,66.9,66.7,78.6,70.4,71.9,72.4,84,67.2,64.7,67.6,59.9,66.2
7/27/17 11:59,12:00,70.6,64.1,72.9,70.4,68.6,69.3,65.1,65.1,65.7,61.9,63,67.2,62.8,64.6,62.7,76.9,66.9,68.4,69,81.8,64.9,61.2,65.8,56.9,63.4
7/27/17 12:59,13:00,65.4,56.4,66.1,64,61,57.8,61.5,57,60.5,57.8,54,62.5,56.9,56.9,59.2,72.9,65.2,64.4,66.7,76.2,60.2,56.4,59.5,49.8,58.2
7/27/17 13:59,14:00,61.3,48.6,57.8,55.2,41.7,49.5,56.2,49.8,56.3,54.8,41.2,62.5,48.6,52.7,52,63.6,60.5,53.7,60.8,72.3,54.3,50.9,50.7,51,51
7/27/17 14:59,15:00,54.1,44.3,51.9,52.2,36.7,42.3,48.8,49.3,51.6,53.7,38.7,56.7,44.9,50.2,49,60.1,54.5,50.6,53.7,68.3,46.5,45.4,52.4,48,46.9
7/27/17 15:59,16:00,52.3,41.1,55.4,48,27.9,42.9,44.6,44.3,44.9,50,34.2,51.3,45.4,43.5,44,56.6,53.4,45.6,34.7,63.6,40.9,40.3,51.8,42.5,42.5
7/27/17 16:59,17:00,49.8,41.1,53,45.5,51.4,39.2,38.9,44.3,44.3,49.5,41.8,48.2,44.8,41.6,40.9,55.9,50.4,42.5,38.8,60.7,42.8,31.4,49.4,40,43.9
7/27/17 17:59,18:00,47.9,42.4,50.6,47.3,52.6,38.6,35.8,45,41.8,45.8,42.3,46.4,46.7,39,42.8,55.2,47.9,43.7,42.6,57,40.3,40.9,48.2,40,43.2
7/27/17 18:59,19:00,47.9,44.2,51.8,47.3,53.2,39.2,33.9,46.2,47.9,43.9,45.4,47,52.8,41.6,44,57.1,47.9,44.2,43.1,60,40.3,41.5,50,40,44.9
7/27/17 19:59,20:00,54,46,50.5,50.9,56.2,40.9,37.4,48.6,50.3,48.8,52.7,48.8,57,50.2,48.3,58.2,55.2,51.1,47.4,63,47,45.3,54.2,43,51
7/27/17 20:59,21:00,58.8,57.7,63.1,61.8,62.7,54.1,56.2,58.2,58.8,56,60,56.7,64,58.1,57.4,64.2,59.9,60.9,62,68.2,53.7,57,58.9,58.7,59.4
7/27/17 21:59,22:00,66.5,61.1,64.8,64.1,72.6,60.1,57.9,61.1,62.3,61.4,67.7,61.4,63.4,63.5,60.3,71.2,61,65,64.3,73.4,57.8,60,63.6,60.4,59.9
7/27/17 22:59,23:00,70.5,63.5,68.3,65.8,71.4,66.4,62.7,63.9,62.8,62.5,71.2,63.1,69.2,64,65,73.4,65.7,66.1,66,74.5,60.2,63,65.8,65.1,63.9
7/27/17 23:59,0:00,75,70.4,72.9,68,75.4,69.7,66.2,68.5,65.1,63.6,75.7,65.4,74.9,66.9,67.3,76.8,69.8,68.4,72.4,79.6,61.9,67.6,68.7,69.7,68.5
7/28/17 0:59,1:00,77.4,73.3,75.1,75.4,75.4,73.1,67.9,71.4,69.1,67.1,82.4,70.6,74.9,71.5,71.9,79.7,72.6,73.6,77.6,80.7,67.7,70.5,71.5,72,71.3
7/28/17 1:59,2:00,81.5,75.6,76.4,76.5,77.7,76.5,71.4,74.2,73.1,70.5,84.4,73.9,80.9,74.3,75.3,83.3,75.5,77.5,81.5,82.2,70.5,73.4,75.5,75.4,72.9
7/28/17 2:59,3:00,82.9,76.3,80.1,77.6,80.5,76.5,74.3,78.1,75.4,73.9,88.5,75.6,85,76.6,76.9,83.7,79.4,79.8,85.2,85.2,72.2,78.4,78.3,77.7,75.2
7/28/17 3:59,4:00,84.9,82.1,81.6,80.3,83.1,78.6,74.8,78.7,75.9,75.6,90,77.8,87,77.2,76.5,85.2,79.4,79.8,86.2,87.8,75.6,79,77.2,80.4,75.8
7/28/17 4:59,5:00,84.9,81.5,82.6,80.3,82,80.1,76,79.6,75.5,76.2,90.9,76.8,87.5,76.6,79.2,87.3,78.8,79.2,88.8,87.8,77.3,79,78.2,81.4,79.4
7/28/17 5:59,6:00,87.4,82.5,84.7,84.8,86.7,82.1,76.7,81.7,77.7,76.8,90.4,81,89.5,78.3,80.7,90.8,82.1,84.4,89.3,90.2,77.3,81.5,80.9,82.4,79.9
7/28/17 6:59,7:00,87.4,81,85.3,86.8,86.2,81.1,77.7,80.2,76.6,68.2,91.5,76.2,81.5,75.5,73.6,88.8,81.1,84.9,87.3,87.2,76.3,79.5,77.8,69.7,71.8
7/28/17 7:59,8:00,57.6,77.3,81.7,79.2,79.9,78.6,75.4,69.7,75.3,58.3,78.6,76.2,58.2,66.9,71.3,87.4,79.4,78.6,83.2,82.7,74.5,71.1,73.8,58.7,65
7/28/17 8:59,9:00,55.2,64.6,80.8,74.8,76.5,76.5,68.5,70.2,69.1,64.8,72.9,73.4,75.4,70.3,67.9,76.8,74.3,76.4,79.3,83.7,72.8,71.7,71.5,58.7,70.7
7/28/17 9:59,10:00,50.3,64.6,79.1,74.3,69.7,75.9,71.4,68,72,68.2,65.4,72.8,64,72.7,65.6,75.7,73.8,73,75.3,83.3,71.1,64.7,71.5,56.3,67.3
7/28/17 10:59,11:00,41.6,49.2,71.2,70.9,65.6,70.4,67.4,58.2,64.5,60.1,44.2,71.2,56.3,64.6,55,69.5,70.9,61.4,73,81.8,67.7,54,61.8,44.9,59.9
7/28/17 11:59,12:00,54,45.5,63.7,62.3,53.8,52.4,60.3,51.1,60.5,55.4,41,65.5,52.8,59.9,53.8,63.6,67.5,59.6,67.8,74.6,57.9,52.8,52.5,48,55.2
7/28/17 12:59,13:00,52.2,43,57.3,56.5,44.1,44.7,55.6,38.5,54.6,50,34.7,60.9,49.8,54.6,51.4,58.3,64.1,51.8,61.4,64.2,54.3,46,48.3,48,50.5
7/28/17 13:59,14:00,51,40.6,51.3,51.8,37.3,39.2,50.1,42.6,50.4,50,31,54.3,44.4,52.2,46,53.5,55.2,46.9,54.9,64.2,52,44.1,45.3,44.3,45.7
7/28/17 14:59,15:00,41.5,41.8,47.7,48.1,31.7,32.2,45.2,45.1,46.8,48.3,29.5,51.4,40.7,46.7,45.4,46.6,54,44.5,47.1,63.1,41.1,41,48.9,43.2,43.3
7/28/17 15:59,16:00,39.6,38.1,51.3,44.4,26.8,31.6,37.7,42.6,41.9,45.3,26.4,48.4,41.8,40.4,41.1,44.8,49.8,41.3,33.1,57.2,38,35.9,47.1,37.6,39.6
7/28/17 16:59,17:00,38.4,33.5,45.1,38.7,44.7,29.1,34.4,39.5,38.7,44,30.7,44.7,39.9,36,36,48,46.2,38.8,37.2,52.9,38.5,26.8,45.3,33.1,36.3
7/28/17 17:59,18:00,39.7,38.7,47,42.4,44.7,31.7,32.7,42,37.4,41.5,35.9,42.2,43.7,34.6,38.5,46.6,41.7,38.1,35.7,50.4,36,34.5,43.4,36.3,38.9
7/28/17 18:59,19:00,42.2,37.9,47,41,45.8,32.8,31.9,42,39.8,37.1,39.1,40.2,47.3,35.9,39.7,48.5,43.6,38.5,43.3,52.8,33.5,36.4,43.4,33.7,38.9
7/28/17 19:59,20:00,47.2,46.1,54.3,47.9,47.6,38.5,40.8,47.5,48.6,45.8,45.3,45.2,52.8,48.5,47.2,54,51,48.1,51.3,57,44.7,46.1,51.9,40.6,50
7/28/17 20:59,21:00,57.7,54.7,58.5,55.3,61,53.7,51.9,53.5,54.6,54.9,59.5,53.8,57.6,55.8,54.5,62.5,57,58.5,55.5,67.8,53.8,52.8,57.8,54.6,57.1
7/28/17 21:59,22:00,65.4,60.6,64.3,63.6,71.5,60.7,58,60,59.3,57.8,64.8,59.1,66.9,62.3,60.4,69.5,62.3,64.4,59.6,71.7,57.3,59.5,64.2,60.5,61.1
7/28/17 22:59,23:00,69.4,65.9,70.1,65.2,74.3,65.2,62.7,65.8,63.4,61.9,68.8,63.2,72.1,67,64.5,72.9,66.9,66.8,63.1,76.2,61.4,63.6,68.2,65.1,65.7
7/28/17 23:59,0:00,73.4,69.3,73.4,73.8,70.8,69.2,66.8,68.6,68.6,67.1,76.9,69.5,74.9,69.2,67.9,78,69.8,72.5,65.4,81.8,64.9,68.2,72.1,68.6,66.8
7/29/17 0:59,1:00,78.4,71,73.4,76.5,72.5,72,66.8,68.6,69.7,69.4,79.8,73.4,72.6,71.5,69.6,79.1,69.8,76.4,70.7,81.8,68.3,68.2,73.2,69.7,71.3
7/29/17 1:59,2:00,79,72.7,74,75.4,81.1,74.2,66.8,71.3,70.2,69.9,82.9,71.7,74.4,70.9,69,79.7,70.3,74.7,77.5,80.6,70,69.3,73.8,71.4,72.4
7/29/17 2:59,3:00,80.4,70.1,74,77,78.8,74.2,67.9,70.2,72.5,70.5,83.9,75,75.5,73.2,70.1,81.1,71.4,76.9,76.5,82.6,73.4,69.9,76,70.8,76.3
7/29/17 3:59,4:00,79.8,72.8,75.7,77.6,85.1,73.3,70.8,73.2,71.9,70.5,82.7,73.9,82.3,74.3,70.9,81.7,78.8,77.5,80.8,83.6,71.1,73,75.6,74.9,75.3
7/29/17 4:59,5:00,83.4,80.4,78.9,78.1,86.1,74.9,74.2,75.9,75.9,73.3,86.8,74.6,86.4,75.6,77.4,83.7,79.4,78.6,84.6,85.6,76.2,77.3,77.2,78.1,78.8
7/29/17 5:59,6:00,85.4,83.5,81.5,82.8,86.1,76.9,76,81.1,77.1,73.5,88.9,80.4,88.4,77.2,79.5,85.2,84.2,81.8,87.7,87.7,77.9,78.3,80.4,84.4,81.5
7/29/17 6:59,7:00,85.4,78.8,82.1,83.3,82.5,76.9,74.8,77.5,76.6,66.4,90,74.5,81,73.2,71.8,86.3,80.5,82.9,81.4,85.2,76.7,77.3,77.7,64.5,68.4
7/29/17 7:59,8:00,53.3,74.4,80.6,80.3,76.1,74.9,73.1,67.9,73.7,54.7,74,73.4,48.4,65.1,69,82.8,77.7,76.4,72.4,80,72.8,69.9,72.6,50.2,61.6
7/29/17 8:59,9:00,49,44.8,76.4,72.6,72.5,71.4,69.1,58,66.8,61.8,67.6,69.4,46,64,62,72.8,73.8,70.7,72.4,79,68.2,65.8,67.5,38.1,59.8
7/29/17 9:59,10:00,40.8,42.9,71.7,66.9,63.8,66.3,62,54.5,64.5,55.9,53.3,64.2,51.4,60.4,53.7,64.7,69.8,59.6,68.9,74.5,63,60.5,57,33.2,55.7
7/29/17 10:59,11:00,33.9,41.7,62.5,61.7,56.7,60.6,59.1,49.2,58.7,51.2,35.3,60.7,45.4,55,48.9,58.8,64.6,53.5,64.3,66.4,57.2,47.2,46.9,38.8,49.7
7/29/17 11:59,12:00,46.5,38.1,55.5,51.5,45.2,42.7,54.9,45,49.7,43.8,34.1,53.6,43,49.5,45.9,52.8,57.5,49.2,58.4,61.2,46.4,47.2,43.4,41.8,45.5
7/29/17 12:59,13:00,45.4,35,50.7,49.2,37.2,39.2,48.8,33.5,46.1,42.7,30.3,51.9,41.2,44.7,42.2,51,54.6,43.6,52.4,54.7,44,38.4,41,40.6,43.8
7/29/17 13:59,14:00,38.3,33.1,44,43,32.9,34.2,42.1,39.5,39.9,40.9,28.6,45.8,37.6,40.3,39.1,45.4,48.6,40.6,48.2,47.1,40.3,39.1,37.3,36.9,38.3
7/29/17 14:59,15:00,31.7,31,37.2,35.3,22.6,26.5,32.3,35.2,34.3,34.4,23.7,35.7,33.2,32.6,30.8,35.7,42.4,31.5,42.2,46.6,32.1,32,34.8,32.5,33.2
7/29/17 15:59,16:00,33.9,22.3,32.5,32.8,21.5,27.8,27.2,25.3,29.8,34.4,23.7,35.2,26.3,28.7,25.5,35.7,34.1,47.6,26,43.5,29.1,23.1,32.8,24,25.9
7/29/17 16:59,17:00,31.8,20.9,29.2,24.8,31.9,24.7,22.5,23.9,25.1,28.6,27.6,27.9,24.3,22.7,24.1,35.1,26.2,26.8,20.9,32.3,22.9,17.9,28.9,21.4,24.7
7/29/17 17:59,18:00,24.9,23.6,31.2,27.3,30.4,22,23.2,26.5,26.4,28,23.4,26.6,28.2,24.7,25.5,33,30.3,25.3,24.7,33,24.3,22.4,30.9,22.8,27.2
7/29/17 18:59,19:00,31.1,26.9,33.7,31.3,36.3,25.1,24,29.8,29.6,30.1,28.6,30.6,32,27.4,28,36.3,34.8,35.3,30.6,36.2,24.3,25.8,34.7,24.7,29.1
7/29/17 19:59,20:00,28.8,32.7,39.5,34.5,34.8,24.2,29.2,34.3,34,34.4,29.7,31.8,41.7,34.4,33.8,39.4,39.2,38.4,40.1,39.4,30.6,32.5,36.5,29.2,34.2
7/29/17 20:59,21:00,41.3,41,45.7,44.2,45.1,37.7,39.4,40.6,44.2,42.7,45.2,42.1,46.7,46.6,40.2,45.2,47.9,46.1,45.7,48.4,40.8,40.9,47,41.1,47.5
7/29/17 21:59,22:00,52.1,47.8,51.2,50.4,53.7,46.3,46.3,48,50.3,50.7,56.3,48.8,50.3,50.8,47.1,57.6,49.6,52.4,52.4,60,50.1,45.9,53,47.9,52.8
7/29/17 22:59,23:00,54.5,52.1,54.1,53.3,62.1,47.5,49.3,50.9,52.7,51.2,60,52.4,55.7,55,50.7,63,55.1,56.6,56.6,62.9,53.1,49.6,57.1,50.8,55.8
7/29/17 23:59,0:00,56.3,60,64.2,60.5,60.8,51.7,57.9,59.3,56.9,57.2,61.7,57.2,64.6,60.5,57.9,58.7,65.8,60.8,66.7,65.9,56,59.4,61.2,59.9,58.7
7/30/17 0:59,1:00,65.9,69.4,74.1,67,66.8,60.6,66.3,68.6,64,63.1,70.6,63.7,74.9,67.6,67.4,65.3,72.8,68.5,75.4,72.9,61.4,68.3,68.8,69.8,65.2
7/30/17 1:59,2:00,73.4,76.2,78.6,74.9,71.5,65.8,71.6,74.3,70.4,68.3,78.6,70.7,80.5,72.8,73.7,74,76.2,74.2,80.4,79.6,67.2,74,74.4,76.1,70.8
7/30/17 2:59,3:00,77.3,80.1,83,80.9,78.8,73.2,75.5,78.2,73.8,72.3,83.1,76.3,86.5,76.7,76.5,79.7,80.6,79.3,85.4,83.4,70.7,78,77.8,80.5,74.2
7/30/17 3:59,4:00,82.8,81.8,84.7,83.1,82.2,77.7,78.9,81.4,76.6,74.6,88.5,81.2,88.1,78.9,82.6,81.9,82.3,83.1,88.7,86.2,73.5,81.3,79.4,82.7,76.4
7/30/17 4:59,5:00,85.5,86.7,88.4,86.8,84.4,80.4,81.7,84.6,79.3,78.5,92.3,82.3,92.8,82.2,83.6,83.5,86.1,85.8,92,89.9,77.9,84.5,83.3,86.5,79.6
7/30/17 5:59,6:00,87.6,88.3,91.1,89.4,88.2,81.4,82.8,86.2,82.1,81.2,91.5,86,94.9,83.8,86.9,88.4,87.7,89,92,92,79.6,87.2,85.4,87,81.8
7/30/17 6:59,7:00,87.1,84.5,90.1,87.8,89.8,83.6,82.8,85.7,81.5,81.2,92.5,85.5,87.6,82.2,85.8,90,86.1,87.9,90.4,90.9,79,85.6,83.3,84.3,76.4
7/30/17 7:59,8:00,61.4,81.8,88.4,85.2,85,82,81.2,82.5,80.4,78.5,83.7,82.8,84.3,79.5,81.5,87.9,79.5,84.2,87.7,91.5,80.7,81.3,78.9,78.3,78
7/30/17 8:59,9:00,57.8,57.2,85.2,80.4,81.1,80.4,76.1,64.8,74.4,69.6,75.8,78.5,73.4,75.6,75.4,79.7,78.4,77.6,83.3,89.4,79,72.4,75.1,54.2,69.2
7/30/17 9:59,10:00,45.1,44.5,80.8,76.6,72.2,73.8,68.2,61.9,69.9,65.6,63.2,74.7,58.4,64.8,59.9,72.4,76.2,68,80.5,81.3,74.1,63.2,60.9,40.4,63
7/30/17 10:59,11:00,35.5,45.1,69.1,67.7,62.3,64.8,64.7,52.5,61.2,58,39.5,66.2,51.8,58.9,51.6,62.5,70,60.5,70.9,74.1,63.3,51.2,52,40.4,54.8
7/30/17 11:59,12:00,43,41.4,56.3,55.4,47.3,42.9,56.4,47.7,51.1,47.8,32.4,57.4,47.6,52.2,48,54.2,64.8,51.4,62.8,61.3,50.3,46.3,47.3,42.1,50.7
7/30/17 12:59,13:00,41.6,36.9,47.8,45.6,37.3,35.4,46,33,42.6,41.7,28.5,47.8,43.4,43,40.5,48.6,52.9,39.4,58.2,52.9,42.3,39.2,38.1,40.2,42.1
7/30/17 13:59,14:00,39.2,33.1,41.1,39.3,27.2,31.2,40.2,37.2,36.2,37.8,29.2,40.9,35.8,39.2,37.3,41,43,36.2,47.9,48.5,36,36,33.8,36.5,34.5
7/30/17 14:59,15:00,35.2,27.1,30.8,32.8,23.3,30,30.5,30.1,33.7,35.9,27.9,35.8,29.2,31.5,28.9,41,36.1,32.2,35.3,45.5,31.6,28.7,36.2,30.1,33.9
7/30/17 15:59,16:00,35.2,25.8,39.1,33.6,22.3,28.7,30,32.7,32.5,35.9,27.1,35.3,30.5,30.8,30.2,39.2,38.8,31.6,28,43.6,30.4,28.1,36.7,29.5,33.9
7/30/17 16:59,17:00,34,26.5,35.2,34.3,35.9,27.5,27.4,32,32,35.9,28.4,36,32.4,31.6,30.9,41.2,38.2,32.3,30.9,44.9,30.4,22.9,37.5,28.9,34.8
7/30/17 17:59,18:00,36.7,31,36.5,37.5,40.4,29.4,28.9,33.2,33.2,36.7,33,36.7,34.3,32.9,32.2,43.7,40.7,33,32.1,46.2,31.1,30.1,39.9,27.6,36.6
7/30/17 18:59,19:00,39.3,33.6,43.5,40.7,44.2,32.6,29.6,37.1,41.4,37.4,36.8,39.2,41.3,36.2,36.7,47.4,43.3,39.5,36.6,49.9,30.5,34.7,43.7,30.9,39.7
7/30/17 19:59,20:00,45.6,45.1,50.2,46.9,47.8,38.1,39.8,45.9,46.4,44.8,43,44.2,53.7,46.8,45.5,51.1,49.5,46.4,47.9,55.4,43,43.8,48.5,40.3,47.1
7/30/17 20:59,21:00,53,49.3,52.6,50.5,55.8,49,47.1,48.8,48.1,46.5,54.8,48.4,52.9,49.2,48.5,57.8,49.8,50.7,54.4,60.8,46,47.4,49.5,49.3,48.8
7/30/17 21:59,22:00,54.7,52.2,56.1,52.2,53.8,51.9,50.1,52.3,50.4,48.8,57.7,49.5,54.6,52.1,52.7,61.3,52.7,52.4,54.4,63.6,48.9,51.6,53.1,51.6,52.9
7/30/17 22:59,23:00,61.3,55.8,58.4,55.2,61.6,56,52.4,55.2,51.5,52.4,66,53.1,58.1,53.8,53.8,61.3,56.9,56,59.6,63.6,54.3,54.6,55.3,54.5,56.4
7/30/17 23:59,0:00,60,55.8,58.9,53.8,54.8,54.1,52.4,55.7,52.6,53.5,63.5,53.6,62.8,53.8,54.3,60.6,56.9,56.5,62.5,58,53,54.6,57.7,56.8,53.3
7/31/17 0:59,1:00,67.1,56.2,60.6,62.2,54.8,58.8,54.1,56.8,53.8,52.2,72.9,54.1,63.9,56.2,56,59.9,57.3,58.3,66.6,56.8,49.2,56.2,55.8,57.3,50.8
7/31/17 1:59,2:00,60.4,61.6,62.3,62.2,54,54.5,55.3,58.5,56.1,53.4,69.3,61.2,72,55.5,57.2,60.4,60.3,61.9,71.2,56.1,49.8,58,56.9,60.3,50.8
7/31/17 2:59,3:00,62.2,62.8,64.1,59.1,60.1,51.4,58.3,61.5,56.1,53.9,69.9,57,74.3,57.3,63.1,59.8,62.1,60,74.7,61.5,52.8,61.7,59.3,62.7,52.5
7/31/17 3:59,4:00,62.8,66.9,68.2,67.4,64.9,58.7,62,66.2,61.5,59.4,70.2,61.8,74.4,62.7,64.3,64.6,68,66,78.1,68.7,57,65.2,62.2,65.6,60.9
7/31/17 4:59,5:00,68.7,72.9,72.2,73.7,71.3,64.5,66.1,71.3,65,64.7,76.3,66.5,79.2,66.2,70.1,71.1,77.2,70.7,79.9,74.6,62.4,69.9,67.5,71.9,67.3
7/31/17 5:59,6:00,71.6,76.7,74.2,74.8,73.7,69.2,69.6,74.8,69.7,67,76.9,71.1,82.9,69.2,74.1,74,74.9,74.1,81,80.1,67.1,72.8,72.1,76.1,69
7/31/17 6:59,7:00,74.5,75,75.8,79.8,74.8,70.9,70.2,74.2,74.2,58.3,76.9,75.1,74.9,67.5,67.3,78.5,75.5,77.5,81.5,77.3,68.2,72.8,72.1,56.2,62.8
7/31/17 7:59,8:00,48.4,70.5,75.8,74.8,74.3,71.4,68.6,62.8,69.7,52.3,70,70,44.9,63.4,65.6,76.3,72.7,74.2,69.5,77.9,68.2,65.9,69.8,52.1,59.9
7/31/17 8:59,9:00,47.9,43,74,68.6,69.7,69.2,66.2,55.8,64.6,57.8,65.3,66.6,39.4,61,58,69.4,69.2,67.3,69.5,74.5,66.6,60,64.1,40,56.9
7/31/17 9:59,10:00,39.1,40,68.9,64.1,61,65.9,60.9,50.4,60.5,53.7,57.1,62,46.8,56.9,50.8,64.2,65.8,57.3,63.8,71.1,61.4,55.8,53,35.9,55.8
7/31/17 10:59,11:00,32.8,38.1,59,58.2,51.4,57.8,55.6,46.9,55.2,48.2,39.3,56.7,42.5,49.7,46.6,57.1,60,51.2,58.5,64.8,54.3,45.5,47.7,35.9,51.1
7/31/17 11:59,12:00,43,36.3,49.5,48.7,42.9,41.7,48.2,41.5,46.8,42.2,31.6,48.9,40.7,47.9,40.4,50.5,54.7,44.4,53.7,60.1,46.5,42.9,45.4,35.3,45.2
7/31/17 12:59,13:00,38.5,35.7,44.1,43.8,35.5,34.9,43.4,30.5,41.2,39.2,27.8,44,36.4,41,38.6,47.4,46.1,40,46.5,49.2,41.6,36.7,40.5,35.9,39
7/31/17 13:59,14:00,37.2,30.6,39.8,40.1,28.6,31.1,38.4,33.3,37,36.6,26.5,41,33.3,35.9,35.5,41,41.2,35.6,42.3,46.7,35.4,33.3,34.3,33.3,31.9
7/31/17 14:59,15:00,30.6,27.3,32.9,32.3,22.8,26,33.3,30.8,31.8,32.1,24.5,32.7,30,30.1,29.6,37.2,36.2,27.5,35.5,40.4,31,28.7,32.4,28.2,28.8
7/31/17 15:59,16:00,28.6,26,33.3,28.3,17.6,24.1,25.4,28.9,28,30.8,22.5,31.5,29.3,26.9,27.7,33.4,33.1,27.5,25.4,37.2,23.9,26.8,29.8,27.7,27.5
7/31/17 16:59,17:00,26.6,25.3,32.8,28.3,30.1,22.1,24.9,28.2,28,28.9,25,29.5,29.9,26.3,26.4,34,31.8,27,27.9,34.6,25.2,20.4,30.5,25.1,26.2
7/31/17 17:59,18:00,27.2,25.8,31.4,28.3,31.4,22.8,22.8,28.8,25.3,28.9,25,28.1,30.5,24.9,27,30.6,29.8,25.5,29.7,31.2,23.8,24.8,29.1,23.1,24.1
7/31/17 18:59,19:00,24.3,27.7,32,28.8,29.9,21.3,22.8,28.8,27.7,25.5,23.3,27.4,33,24.1,27.6,34.4,31,26,30.1,29,23.8,26.6,29.1,25,24.1
7/31/17 19:59,20:00,27.5,29,32.6,29.3,30.4,23.7,25.9,29.9,28.9,28,26.5,27.4,34.2,28.5,29.4,32.3,32.2,29.2,33.9,33,27.5,27.1,29.6,26.1,26.4
7/31/17 20:59,21:00,30.1,30.8,35.7,32.6,31.7,28.6,30.9,33,30.1,29.1,31,29.2,37.9,31.7,31.9,37.5,36.6,31.1,36.9,33,29.3,31,32,32.9,30.2
7/31/17 21:59,22:00,36,33.3,36.8,33.1,30.9,30.5,32.8,34.1,30.7,29.7,42.5,31.1,44.1,32.2,34.3,37.5,40.3,34.3,41.8,33.5,29.8,32.3,32.5,35.3,30.8
7/31/17 22:59,23:00,33.3,33.3,36.8,32.3,30.9,31.7,33.3,35.3,30.7,30.9,41.8,31.1,45.8,32.2,33.6,36.7,40.3,33.6,43.7,34.8,29.8,32.8,33.7,35.9,33.3
7/31/17 23:59,0:00,35.2,35.6,38.6,36.9,34.7,32.9,34.6,35.3,35.7,34.1,45.6,34.8,49.4,37.3,36.1,39.2,42.7,37.5,48,38.6,33,34.1,38.8,39.6,36.5
8/1/17 0:59,1:00,44.9,46.4,43.6,42.6,39.8,38,41,43.4,40.8,38.6,51.2,39.3,54.3,43.1,41.8,45,51.3,44.6,51.6,43.1,38,40,43.7,48.8,40.9
8/1/17 1:59,2:00,51.3,50.7,44.8,50.1,46.1,42.4,44.8,49,45.2,43,55.6,45.5,60.9,46.9,49.9,50,57.4,48.4,54.6,46.9,41.2,43.8,46.2,55.5,45.3
8/1/17 2:59,3:00,53.2,54.9,47.2,55,52.3,44.9,46,51.9,49.5,47.4,59.8,50.5,64.4,50.7,52.9,53.1,62.8,53.4,58.2,52.5,46.2,48.8,51.7,57.3,51.5
8/1/17 3:59,4:00,55.6,62.2,51,56.2,59.6,49.8,50.4,60.3,55.6,51,62.8,58.8,63.8,56.8,56.6,58.7,67.4,58.2,64.2,58.7,50.5,57.4,56.4,66.8,55.7
8/1/17 4:59,5:00,62.3,65.7,57,61.6,64.4,54,53.5,62.6,55.6,57,69.4,72.8,69.7,58.6,60.8,62.9,74.4,63.7,67.7,60.5,54.2,61,58.2,71.4,56.9
8/1/17 5:59,6:00,68.2,68.6,63,66.3,67.9,59.4,60.2,68.4,62.8,59.5,72.3,65.9,74.8,63.4,67.8,66.4,77.2,67.2,80.4,64.6,59,64.6,64.7,73.7,61.6
8/1/17 6:59,7:00,71.6,69.8,66.5,69.7,73.2,61.7,63.8,70.2,67.4,50.5,75.8,67.1,68.6,58.7,60.8,68.8,83.3,70.7,82.1,61.7,59.6,64.1,62.9,49.1,53.4
8/1/17 7:59,8:00,43.5,59.9,68.3,66.3,66.2,58.2,59.7,54.6,61,46.3,65.9,61.3,40.7,49.5,56.1,68.2,70.4,64.9,66.1,59.9,56.6,56.3,58.2,41.9,49.8
8/1/17 8:59,9:00,37.7,35.5,63.1,57.6,58.5,52.9,52.4,47.4,53.3,47,51.5,54.8,35.7,45.2,47.7,55.8,62.2,56,63.2,56.9,51.2,48.4,51.8,35.8,45.5
8/1/17 9:59,10:00,28.6,30.5,54.2,50.3,46.3,46.9,48.8,40.1,47.8,43.2,40.2,48.2,40.5,43.3,39.7,49,52.7,43.6,57.3,52.7,46.4,42.8,42.7,28.4,44.4
8/1/17 10:59,11:00,22.8,29.1,45.1,43.6,39.6,40.1,42,33.9,41.1,38.3,25.7,42.6,36.3,37.7,33.4,40.2,45.4,37.9,50.7,47.8,39.5,34,35.4,27.6,37
8/1/17 11:59,12:00,28.5,24.1,35.8,34.7,31.4,29,34.9,29.5,32.2,30.8,24.4,33.8,31.3,33.2,30.1,37.1,39.2,33.4,43.3,42.2,30.9,30,31.1,25.7,31.9
8/1/17 12:59,13:00,27.9,23.3,33.5,31.6,24.4,26.6,29.8,22,31.1,29,19.8,32,28.1,31.3,28.4,32.6,38.2,29.6,34.6,33.8,28.9,25.4,28.1,25.7,29.4
8/1/17 13:59,14:00,26,21.4,27.8,27.7,20.7,22.1,26.6,24.4,26.6,27,18.6,28.8,25.6,26.2,25.2,29.4,31.1,26.3,30.9,32,23.8,23.4,24.9,23.1,24.9
8/1/17 14:59,15:00,22.7,20.8,27.3,25.1,18,20.3,22.8,23.1,24.1,24.4,18.6,25.6,25.1,23.6,21.9,26.8,30,24.4,25.3,30,21.3,21,26.1,21.2,23.7
8/1/17 15:59,16:00,19.9,21.5,28.5,24.5,14.4,17.7,22.2,24.6,22.8,24.4,16.4,23.7,25.1,22.4,21.9,24.1,27.4,33.1,20.3,27.4,19.5,21,25.6,21.9,22.4
8/1/17 16:59,17:00,19.9,20.7,27.8,24.5,23.6,17,20.2,23.1,23.5,24.4,15.6,24.4,25.1,21,22.6,24.8,26.1,23.1,22.9,26.8,19.5,17,26.2,21.3,21
8/1/17 17:59,18:00,20.5,22.7,27.8,23.7,27,19,19.6,25.1,20.8,24.4,18.9,23.8,27.5,20.3,22.6,26.1,26.7,23.8,24.7,26.1,20.7,22.9,24.8,20,23
8/1/17 18:59,19:00,21.1,23.3,29,25,25.5,18.2,20.3,25.1,25.3,23.1,20.2,23.8,28,21,23.8,25.2,30,24.1,27.8,27.3,20,23.5,26.1,21.2,23.5
8/1/17 19:59,20:00,27.8,28.6,33.5,29.6,30.7,24,26.1,29.5,28.5,28.2,27.4,28.2,33.1,29.5,29,32.6,33.1,31.5,33.5,32.6,27,28.2,31.2,27,28
8/1/17 20:59,21:00,32.4,30.4,34,31.4,34.4,30.2,30.5,31.3,29.7,30.1,36.4,30.1,38.7,31.2,31.5,36.4,37.5,32,37.8,32.6,28.9,30,30.3,31.8,29.8
8/1/17 21:59,22:00,38.2,34.1,37.7,34.7,36.4,34.6,34.3,35.7,33.5,33.2,45.9,32.6,42.4,35.8,35.3,38.3,41.2,36.6,44,38.4,32.7,34.5,36,34.9,34.3
8/1/17 22:59,23:00,45.3,40.5,43.3,39.8,44.5,37.1,38.2,40.7,37.3,37.7,48.4,37.7,51,40.3,38.4,42.8,44.3,40.5,48.9,42.2,36.5,38.4,39.7,40,38.8
8/1/17 23:59,0:00,50.9,44.9,46.4,44.2,46.3,42.1,42,45,41.8,40.2,53.4,40.8,55.2,42.8,43.4,48.5,49.2,44.9,53.7,44.7,39.7,42.2,43.3,48,41.2
8/2/17 0:59,1:00,48.4,51.6,48.8,50.4,47.6,42.7,47,51.1,43.6,42,55.8,45.2,60,45.2,50.2,50.3,61.2,48.7,61.5,47.8,41.5,46,45.1,55.8,43
8/2/17 1:59,2:00,52.1,55.8,49.3,52.8,50.7,44.5,50,54,46,43.8,56.4,45.7,64,49,55,52.7,64.7,50.5,65.6,51.5,44.6,49.1,48.8,61.7,48
8/2/17 2:59,3:00,53.3,57,51.8,57,53.1,48.7,49.4,54,48.4,47.5,60.6,50.7,69.2,52.7,51.3,56.4,68.8,55.4,68.5,53.3,47,51.5,53,61.1,49.8
8/2/17 3:59,4:00,58.8,60.6,54.2,60.5,56.1,52.4,56.7,57.5,52.8,51.2,63,55.5,70.9,55.1,56.7,60.6,72.8,57.8,69.1,55.2,49.5,55.8,57.1,58.1,54.6
8/2/17 4:59,5:00,63,65.8,56.5,62.9,61.5,54.2,54.3,63.4,57.5,54.8,67.7,62,70.9,59.3,61.5,60,75.6,64.4,70.8,57.6,51.9,60.6,59.5,68,57
8/2/17 5:59,6:00,64.7,71.1,57.8,65.8,69.2,54.7,54.3,69.7,65.2,58.4,66.5,75.1,72.7,64.1,66.2,60,80.6,70.8,73.7,60,54.3,65.9,65.3,73.2,57.6
8/2/17 6:59,7:00,63,69.4,58.4,68.1,71.5,54.2,56.2,69.2,64.6,52.5,67.2,66.7,71.6,61.2,62.1,64.8,81.2,65,79.3,56.3,53.1,63,60.7,58.8,54.7
8/2/17 7:59,8:00,42.3,57.1,60.7,63.6,61.5,53,53.7,53.5,55.8,45.2,53.4,60.3,40.2,49.1,50.8,64.8,71.7,61.5,64.5,57,51.3,53.5,56,46.3,48.1
8/2/17 8:59,9:00,36.6,36.9,59.7,56.5,53.8,47.6,51.4,46.3,48.6,42.7,47.9,50.1,37.8,45.4,46,55.3,58.8,53,58,54,47.7,47.3,48.9,37.7,45.7
8/2/17 9:59,10:00,28.2,33.2,50.7,49.9,47.2,44.7,44.6,40.3,43,38.4,38.5,44,38.3,42.3,38.6,48.1,49.3,43.2,53.2,51.7,44.7,42.3,41.7,31,41.5
8/2/17 10:59,11:00,23.7,30.6,42.9,41.9,40.5,36.7,39,32.8,38.8,34.1,24,37.2,34.6,38.6,31.7,39.2,46.3,36.2,42.9,46.2,38.6,32.8,35.7,27.8,36.6
8/2/17 11:59,12:00,26.9,25.7,37.5,37.6,31.8,25.5,36,30.5,33.9,31.1,18.6,35.4,29.7,34.2,30.6,32.2,41.5,35.1,38,38.7,30.6,30.3,32,27.2,32.2
8/2/17 12:59,13:00,20.6,23.1,33.9,32.6,24.9,19.8,31.6,23,30.9,27.3,15.4,33.1,26.5,31.1,27.5,27.6,37.2,29.3,31.2,29,29.2,25.1,28.4,24.1,27.8
8/2/17 13:59,14:00,19.4,19.9,29.5,27.4,19,17.8,27.8,25.6,25,25.4,14.6,27.2,25.4,27.9,24.3,24.3,32.9,24.6,28.1,29.7,25.5,23.3,25.3,23.6,26
8/2/17 14:59,15:00,20.1,19.1,25.7,24.8,17,15.9,23.8,22.2,23.8,22.7,16.2,23.3,21.5,21.1,22.3,22.3,29.7,24,29.8,26.4,18.8,19.9,23.9,21,22
8/2/17 15:59,16:00,19.5,19.1,26.9,23.5,15.1,15.9,19.7,22.2,22.4,22.7,14,22,20.6,21.1,20.9,23.8,27.8,21.3,20.6,25,18.8,21.3,24.5,21.7,22.7
8/2/17 16:59,17:00,19.5,17.6,22.1,21.3,24,16.5,17,20.1,21.8,22.1,16.6,21.4,20.6,21.1,20.9,26.4,24.4,19.1,20.6,25.7,21,15,26.6,17.6,24.7
8/2/17 17:59,18:00,23,20.3,25.4,22.6,25.2,18.5,19.1,22,21,22.7,20,20.6,24.5,20.5,19.4,26.4,27.1,20.4,24.3,27.7,22.2,19.7,24.5,18.3,22.6
8/2/17 18:59,19:00,25.6,24.3,29.4,28,28.5,21.8,23.3,28,27,25.4,22.5,26,34.9,25.9,26.8,29,31.6,29.3,26.2,30.3,22.9,23.8,28.3,24.2,25.8
8/2/17 19:59,20:00,30.2,30.1,35,33.2,32.3,26.8,29.7,32.5,31.5,30.5,31.1,30.5,39.8,31.7,31.3,34.2,37.9,32.5,36.9,32.9,28,29.1,32,29.8,29.6
8/2/17 20:59,21:00,31.4,33.9,36.8,33.7,33.5,30.5,34,34.8,33.2,31.6,32.9,31.7,43.4,34.8,34.4,36.7,40.9,35,41.8,36,31.1,32.9,35.7,34.7,34.7
8/2/17 21:59,22:00,35.2,38.8,41.2,36.9,35.3,33.7,37.9,38.5,36.4,34.1,43.7,35.5,50.7,37.3,38.8,46.3,45.2,38.8,43.5,37.3,33,36.1,37.5,38.5,36.5
8/2/17 22:59,23:00,37.8,41.3,41.2,36.9,41.6,35.4,37.9,39,35.6,34.7,48,36,50.7,37.9,39.3,40.4,43.8,37.3,49.7,37.3,34.8,37.9,38,44.5,37.7
8/2/17 23:59,0:00,46.7,43.7,42.8,41.2,45.9,41,38.9,43.9,38.1,38.4,48,36,52.9,39.7,41.1,44.8,48.7,41.8,52.6,41,36.6,39.2,39.8,48.1,39.5
8/3/17 0:59,1:00,44.1,50.5,45.2,47.4,49,41.6,42,47.5,40.5,39.6,50.4,42.2,57.7,42.2,43.5,49.8,51.7,44.9,59.2,42.9,38.5,46.7,42.8,52.9,41.3
8/3/17 1:59,2:00,51.6,52.9,45.8,50.4,51.4,44.7,45.2,51.7,44.9,42.1,52.2,48.3,63,47.8,48.4,49.1,58.3,48.7,63.3,46,40.9,51.7,47.7,61.2,47.5
8/3/17 2:59,3:00,54.7,54.7,47,54.7,55,44,47,53.5,48.5,47,54,52.5,58.8,50.9,56.3,50.9,66.5,51.8,65.1,49.1,44,52.2,50.7,64.1,51.7
8/3/17 3:59,4:00,57,61.2,49.4,56.4,58.6,49.5,51.3,58.2,52.2,50,57.6,54.3,65.8,52.1,59.8,54,75.1,56.1,68.6,50.3,47.1,55.9,57.2,68.1,55.3
8/3/17 4:59,5:00,59.5,66.5,50.6,60.6,62.8,51.2,48.8,62.9,57,51.2,64.2,59.1,69.3,57.6,64.5,57.1,78.4,59.1,70.3,52.2,48.9,58.3,55.5,71,57.7
8/3/17 5:59,6:00,60,69.4,54.9,63.5,67.5,53,59.2,68.6,61.7,55.5,60.6,61.5,71,61.2,68.6,58.8,83.4,60.2,69.1,52.2,51.4,63.1,59,73.8,61.7
8/3/17 6:59,7:00,62.5,64.2,58.5,67,70.4,51.8,64,68.6,64.1,55.5,67.2,62.7,73.3,61.8,66.9,58.8,85.6,65.1,68.5,52.8,51.4,64.3,60.8,65.8,58.3
8/3/17 7:59,8:00,52.5,54.8,59.1,70.6,68.7,54.9,57.5,51.8,63,52,63.2,62.2,46.5,52.9,53.9,61.4,82.4,66.4,61.5,50.9,52.7,52.9,57.3,46.3,52.5
8/3/17 8:59,9:00,39.3,36.4,59.1,59.6,56.3,47.7,53.3,45.8,50.5,45.3,53.7,53.3,34.6,48.6,46.1,56,65.5,56.9,57.4,52.2,49,46.8,50.2,35.9,46.4
8/3/17 9:59,10:00,31,32,52.6,48.1,47.9,42.2,47.2,41.6,44.4,40.4,40,45.9,37.2,42.4,40,46.8,56,44.6,48.3,50.5,44.1,41.8,40,30.5,42.1
8/3/17 10:59,11:00,28.4,28.8,44.2,42.5,41.2,39.3,39.7,34.8,40.1,36.1,24.7,40.4,34.7,39.9,32.4,39.2,50,38.2,48.3,46.2,39.2,31.5,34,26.7,37.9
8/3/17 11:59,12:00,28.8,25,39.4,36.3,33.8,28.8,35.9,30.5,35.1,29.8,21.4,34.7,28.3,34.2,29.2,35.5,44,31,37.3,36,31.8,31.1,33.3,26.7,35.5
8/3/17 12:59,13:00,28.8,21.7,33.9,31.2,26.9,24.4,30.8,23.6,32,27.2,19.4,31.6,27.8,29.7,26.7,31,36.5,27.9,33.7,30.3,29.9,25.2,29.6,24.8,33.1
8/3/17 13:59,14:00,24.3,19.7,27.4,28,21.1,21.2,26.9,24.1,27.5,25.3,17.5,27.2,24.6,23.8,24.2,26.4,32.8,23.2,30.6,32.4,24.8,21.1,23.8,23.5,29.3
8/3/17 14:59,15:00,20.1,19,23.5,21.9,21.1,16.5,22.4,20.7,27.1,23.4,15.4,24.7,19.9,21.1,20.9,23,27.6,22,27.6,22.9,19.6,17.1,21.9,19.5,24.7
8/3/17 15:59,16:00,18.1,14.2,21.4,16.4,16,15.2,17,17.4,19.7,20.7,14.1,17.1,18.5,15.7,17.5,21.1,23.1,16.3,20.6,18.1,15.5,14.9,17.2,14.8,22.8
8/3/17 16:59,17:00,15.8,12.1,20.1,15.7,15.8,12.5,12.8,16,17.7,20.7,14.1,17.1,17,16.5,15.4,17.4,22.4,18.6,17,18.9,15.5,9.3,20,14.2,23.5
8/3/17 17:59,18:00,19.4,14.8,20.8,24.6,21.8,12.5,14.3,17.3,18.4,22.8,16.6,20,21.6,18.5,16.7,20.1,25.1,22.1,23.6,23.7,19.7,14.1,21.9,13.6,22
8/3/17 18:59,19:00,24.3,19.6,24.7,21.1,27.2,21.2,19.1,22,20.9,22.8,24.6,20,28.8,19,20.7,29,22.2,20.3,28,32.4,21.5,19.7,23.1,20.2,25.2
8/3/17 19:59,20:00,28.1,21.4,27.2,29.2,31,23.6,24.3,22.5,29.5,27.9,34.3,25.2,29.9,28.4,26,30.3,34.7,28.4,28.4,31.6,28.1,20.9,30.9,20.5,29.7
8/3/17 20:59,21:00,36.7,30.6,34.3,35.6,37.9,28,32.2,32.3,34,33,43.8,30.4,40.9,34.9,32.4,35.4,39,32.9,40.6,29.5,33.1,30.3,37.7,32.2,34.7
8/3/17 21:59,22:00,40.5,39.5,40.6,45.2,44.2,31.7,39.2,40.4,40.3,38.6,43.8,48.6,47.1,43.2,41.3,38.6,49,42.7,44.3,34.8,38.8,37.5,45,41.5,42.3
8/3/17 22:59,23:00,44.9,46.5,46.7,52.6,46,37.4,45.5,42.9,49.5,49.2,48.7,63.5,50.7,45.7,45.7,43.7,59.2,50.9,50.4,39.3,43.7,42,46.8,47.1,46.5
8/3/17 23:59,0:00,48.6,51.3,47.2,57.3,50.3,37.9,51.7,50.8,51.9,56.4,50.5,72.1,55.5,48.7,53.6,47.4,63.8,58.8,54,35.9,46.1,48.9,53.4,53.7,50.8
8/4/17 0:59,1:00,50.4,59.7,50.9,60.9,55.2,42.2,55.3,56.7,56,61.1,51.6,75.9,57.8,53.6,58.3,50.5,69.6,64.7,58.1,39.1,51.6,48.2,56.9,60.2,57.9
8/4/17 1:59,2:00,53.4,63.8,52.6,63.8,62.3,44.6,59.5,59.6,54.8,66.3,53.4,82.4,65.4,53.6,62.4,52.2,73.5,69.3,61.6,44.8,55.2,56.1,57.3,68.8,62.5
8/4/17 2:59,3:00,55.2,68.4,54.5,71.7,69.3,45.2,63.6,66.6,64.2,70.9,57.1,84,70,60.7,67.6,57.1,76.8,75,65.1,52.3,59.9,65.1,61.4,73.4,65.9
8/4/17 3:59,4:00,57.7,72.9,60.4,73.4,72.7,50.1,67,69.9,70,75.9,62.4,87.7,73.4,65.4,72.1,59.5,81.3,77.2,65.1,57.2,63.4,66.7,66.1,76.2,69.3
8/4/17 4:59,5:00,63,76.9,58.5,78.9,77.2,52.5,71.1,73.3,72.8,77.5,66,89.2,72.2,70,74.9,63.1,85.1,80.4,67.9,64.3,65.7,71.3,70.1,76.7,69.8
8/4/17 5:59,6:00,66,81.3,61.4,79.4,79.5,55.4,73.9,77.1,70.5,80.2,67.2,92.3,79.4,69.4,77.7,70.7,89.4,85.3,70.2,72.4,61,74.7,71.7,82.7,73.2
8/4/17 6:59,7:00,68.9,73.5,69.6,81.6,80.6,59.5,73.3,74.9,63.5,74.2,65.4,92.3,76.1,65.9,73.2,70.7,79,84.8,76,61.2,60.3,71.9,68.8,68.2,66.4
8/4/17 7:59,8:00,49.4,63.7,71.9,68.2,73.9,56,64.6,60.2,62.4,52,60.1,64.5,46.5,59.5,61.1,69,74.6,66.8,66.3,67.2,59.8,62.6,64.9,44.6,59.5
8/4/17 8:59,9:00,43.2,40.2,70.8,63.6,62.3,56,61.1,50.7,58.2,51.4,56,61,34.8,57.7,51.6,58.4,69.4,61.6,62.2,65.5,58,54.2,59.7,40.9,56.6
8/4/17 9:59,10:00,36.1,30.7,62.2,55.4,54.6,51.3,52.7,42.7,53.5,45.3,45.5,55.7,41.4,52.9,41.8,49.9,64.3,47.7,58.7,58.3,51.5,44.3,50.3,29.8,49.4
8/4/17 10:59,11:00,30.2,33.2,46.7,50.6,44.1,45.3,44.7,37.8,45,40.4,29.1,49.7,37.8,44.9,34.9,43,54.8,43.3,47.1,53.5,46.7,36,35.2,33.4,47.2
8/4/17 11:59,12:00,36.6,24.9,40,40.1,38,33.7,39.7,32.8,36.9,34.2,26.7,41.7,32.7,36.7,33,39.9,47.6,40.2,41,46.2,30.5,30.9,33.8,32.2,41.1
8/4/17 12:59,13:00,32,23,35.5,34.3,26.5,26.8,33.9,27.2,32.6,29.8,22.7,37.3,30.2,30.8,29.2,33.4,42.1,33.1,35.3,34.8,32.5,25.1,28.2,29.1,32.8
8/4/17 13:59,14:00,28.1,19.6,29.2,31.9,22,23.5,30.7,25.1,27.4,28.5,19.3,33.6,26.3,27.7,26.6,30.1,36.4,27.1,30.3,35.3,24.7,23.6,25.7,25.8,28.4
8/4/17 14:59,15:00,26.8,19.6,25.4,23.1,17.4,21,24.8,23.2,26.1,25.8,18,29.7,21.7,21.6,23.3,28.2,30.6,22.3,25.9,31.4,20.9,18.2,24.2,21.9,24.5
8/4/17 15:59,16:00,23.3,18.8,30.5,22.5,12.8,18.9,23.6,23.2,23.5,25.8,16.6,25,22.2,21,21.3,23.5,26.7,21.7,19.5,30.8,19.5,19.7,24.9,20.7,23.8
8/4/17 16:59,17:00,27.6,18,28.5,24,25.1,21.8,21,21.8,22.2,24.4,20.7,25,24.9,19.7,22,28.3,27.5,18.9,22.8,30.8,20.8,16.3,25.6,20,23.2
8/4/17 17:59,18:00,28.3,23.4,32.4,28.5,31.7,21.8,23.8,25.2,25.6,29.9,23.9,33.8,27.5,21.8,25.3,32.9,28.8,23.1,24.6,32.3,25.6,20.2,28.3,20.9,26.5
8/4/17 18:59,19:00,26.8,25.4,37.5,35.8,37.5,22.3,30.4,27.1,36.6,33.7,25.8,34.3,35.3,35.7,27.9,31.5,42.3,33.9,34.4,45.8,35.8,25.7,41.4,23.3,41.8
8/4/17 19:59,20:00,43.9,39,42.3,44.5,49.3,35.8,38.6,41.7,42,43,41.3,42.4,42.2,43.1,42,47,40,44,37.3,56.8,42.5,38.2,46.1,39.3,48.3
8/4/17 20:59,21:00,47.4,44.4,50.9,52.5,54.6,43,46.6,45.9,51.8,49.7,47.4,49.7,46.2,54.2,46.8,51.8,56.6,52,42.2,64.4,51,44.4,56.8,45.1,56.7
8/4/17 21:59,22:00,53,55.5,61,57.2,60.5,50.8,54.6,55.5,57.1,56.3,53.5,55.7,57.2,63.1,55.8,57.8,64.8,58.1,46.4,71.3,58.1,54.3,63.2,56.6,64.8
8/4/17 22:59,23:00,62,63.1,69.6,64.2,70.5,60.3,62.9,63,62.9,63.2,63.2,62.7,67.1,70,62.9,66.2,72.2,66.3,62.1,79.7,67.9,63.8,70.5,64.7,72.6
8/4/17 23:59,0:00,72.3,70,74.7,72.2,76.7,69.9,66.9,67.5,70.4,69.5,74.7,70.7,71.6,75.6,68.6,75.8,77.9,73.7,70.2,87.8,73.5,68.3,77.2,66.3,76.9
8/5/17 0:59,1:00,78.5,76.8,80.8,77.7,82.2,74.9,72.7,74.3,75.4,74,77,76.3,78.8,78.4,73.7,80.3,78.9,78.2,79.9,93.5,77.9,74.6,80.5,75.5,80.7
8/5/17 1:59,2:00,82.3,81.2,83,82.5,85,81.5,74.9,78.7,78.8,78.5,82,80.7,83.2,81.1,76.5,84.1,82.8,82,81.6,94.2,79.6,77.9,83.8,78.8,82.8
8/5/17 2:59,3:00,87.6,85.6,86.3,84.1,89.8,84.1,78.3,81.9,81.5,80.1,87.5,83.9,88.1,82.2,82,88.4,85,85.8,87.1,96.6,81.2,83.4,86.5,85.4,84.4
8/5/17 3:59,4:00,88.6,88.8,87.2,88.8,88.8,85.7,80.6,85.2,82.6,82.3,89.6,87.1,89.9,83.3,83.6,88.9,86.6,89.5,89.8,96.6,82.3,85.1,87.6,86.5,84.4
8/5/17 4:59,5:00,88.4,89.9,88.2,89.9,90.9,86.2,82.8,86.2,83.7,83.4,91.4,90.8,91.4,84.9,85.8,89.2,86.6,90,93.1,97,83.3,87.7,87.6,89.2,85.4
8/5/17 5:59,6:00,89.8,91.6,89.2,92.9,88.6,88.9,84.4,87.8,83.7,83.4,93.9,91.5,93.3,85.4,86.8,89.7,91,92.1,92.3,97,84.9,88.3,88.1,89,86
8/5/17 6:59,7:00,90.8,90.4,89.7,92.9,92.5,87.8,82.8,86.2,83.7,74,93.9,90.2,90.7,80,80.9,91.2,91.5,90,92.3,94.1,82.3,86.7,82.7,74.4,75.8
8/5/17 7:59,8:00,63.7,80.1,88.4,88.3,84.4,84.7,80,73.7,78.8,66,89.1,82.3,55.3,68.2,77,90.5,82.8,84.2,77.1,89.9,78.4,77.9,79.4,57.7,68
8/5/17 8:59,9:00,57.2,45.1,83,79.8,78.3,80.4,72.7,63.5,72.7,66,78.1,77.9,41.4,66.4,59.8,78,77.2,77.6,73.1,83.4,75.2,68.3,73.9,44.5,64.6
8/5/17 9:59,10:00,50.5,35.7,75.2,71.6,68.6,73.8,66.3,54.7,66.4,57.3,64.9,70.1,53.5,61.2,52.1,70.7,71.6,60.3,70.2,79.1,67.8,58.9,54.9,35.9,61.7
8/5/17 10:59,11:00,40.4,36.8,56.2,60,59.2,60.7,58.6,47,60,51.9,36.8,61.5,41.9,53.4,43.6,60.7,64.1,53.7,60.2,68.9,59.1,47.3,42.2,36.3,54.8
8/5/17 11:59,12:00,44.7,27.9,48.3,49.2,43.3,38.4,46.3,38.8,48.6,39.6,30.2,51.3,39.5,43.4,38.5,49.8,58.8,45,50,57.7,39.9,39.8,38.6,36.3,48.2
8/5/17 12:59,13:00,40.9,26.6,40.9,38,32,33.4,42,31.5,37.3,32.7,27,46.5,33.7,37.8,33.4,42.8,51.7,36.7,42.6,42.8,34,27.4,36.1,33.1,37.7
8/5/17 13:59,14:00,35.1,23.9,33.3,32.9,25,27.8,33.7,28.1,32.9,31.4,23.1,38.4,26.7,29.9,28.9,35,45.6,30.8,35.2,43.5,30.8,27.4,27.8,29.2,32
8/5/17 14:59,15:00,31.1,22.6,27.6,25.4,20.6,24.6,27.1,27.5,27.8,28.7,21.1,33.9,24.6,24,25.5,33.8,36.8,24.7,28.9,38.3,24.5,20,26.6,28.7,28.8
8/5/17 15:59,16:00,27.8,17.1,29.4,24.1,14,23.3,21.9,22,23.1,26.7,19,27.3,21.9,21.3,19.5,27.9,31,34.1,17.7,32.4,21,16.3,27.7,20.9,30.1
8/5/17 16:59,17:00,19.4,17.7,27.4,21.6,24.7,14.7,20,22,21.9,25.4,13.9,26.7,22.4,26.2,21.6,23,29,24.3,22.4,24.3,19.2,16,33,16.9,30.8
8/5/17 17:59,18:00,18.6,19,32,25.5,18.4,16.5,20.8,21.4,26.6,24.8,19.3,26.7,25.7,23.5,22.2,20.2,30.4,18.6,23.6,35.2,25.1,16.4,31.7,18.5,29.5
8/5/17 18:59,19:00,22.9,18.1,33.2,27.4,32.4,17.1,22.1,24,30.3,27.5,19.3,24.6,34.8,24.9,20,22.9,33,28.6,27.5,39.7,29.1,23.2,31.7,17.6,30.5
8/5/17 19:59,20:00,31.6,29.6,34.5,34.5,41.4,24.3,27.2,29.8,29.6,42.2,35,43.4,44.3,35.9,27.3,31.6,40.5,37.2,38.3,40.9,34,28.6,36.7,20,40.8
8/5/17 20:59,21:00,40.1,38.5,42.1,46,46.2,36.4,37.5,39.4,41.2,43.9,43.3,53.1,38.5,41.6,40.2,40,48,47.4,36.8,46,39.1,35.1,44.1,32.1,45.7
8/5/17 21:59,22:00,48.4,48.6,51.3,55.3,55.6,47.7,47.8,48.1,51.1,49,55.9,50.9,53.4,54.1,50.2,49.7,58.3,55.6,51.9,55.9,47.2,44.2,56.8,45.3,57.8
8/5/17 22:59,23:00,57.1,58.4,62.7,60.7,65.2,49.5,56.3,57.2,60.1,59.8,63.1,59.9,65.3,63.7,57.6,58.9,65.4,63.4,62.7,71.8,60.4,56,65.5,57.7,66.5
8/5/17 23:59,0:00,65.4,66.6,70.8,71.1,74.4,59,62.9,64.7,68.8,67.3,70.7,66.2,72.8,69.4,65.8,70.2,70.5,70.9,69.7,81.9,67.4,64.9,71.2,66.4,70.9
8/6/17 0:59,1:00,74,74,76.4,76.6,81.7,69.4,69.3,70.4,71.6,69.6,79.2,75.8,78.3,73.4,73.2,75.3,76.2,76.6,79.4,75.2,72.5,70.7,76.2,72.7,75.9
8/6/17 1:59,2:00,79.6,79.1,80.8,81,85.5,75,73.3,76,75.5,73.5,86.4,79.1,81.6,76.8,77.6,79.7,82.9,81,83.8,83,76.9,76.4,78.9,76.6,81.3
8/6/17 2:59,3:00,83.9,84,84.1,84.7,90.4,77.7,76.2,80.9,78.3,75.2,89.1,88.2,86.5,77.8,80.9,86.3,87.8,85.8,87.7,86.7,80.7,79.1,82.2,82.7,82.3
8/6/17 3:59,4:00,87.6,87.2,86.8,87.3,92.5,82.5,77.8,82,80.5,81.2,92.3,91.8,90.2,81.1,84.7,88.4,89.9,88.4,90.4,92,82.3,81.8,84.9,86.5,85
8/6/17 4:59,5:00,90.2,90.9,90.1,90.4,93,84.7,82.8,86.8,83.7,82.3,94.9,93.3,93.3,84.9,87.4,90,90.4,90.5,93.1,95.1,84.5,85.6,88.7,89.7,87.5
8/6/17 5:59,6:00,91.8,94.1,94.3,92.9,94.6,88.9,86.1,89.9,86.4,84.5,94,95.4,95.4,85.5,90.1,91.6,92,93.6,94.1,98.1,85.5,89.3,89.2,92.4,89.1
8/6/17 6:59,7:00,91.2,93.1,93.8,89.9,92,88.9,86.1,89.9,84.8,83.4,95.4,91.8,94.4,86,89,92.1,89.9,91.1,94.1,99.1,84.5,89.8,88.7,90.3,86.5
8/6/17 7:59,8:00,71.3,88.3,92.7,88.9,87.7,87.3,85.6,88.9,82.7,82.3,89.1,87.7,91.3,84.9,86.3,92.1,87.2,88.5,93.6,97.6,84.5,88.3,86,86,84.4
8/6/17 8:59,9:00,76.9,84,89.5,85.2,80.6,79.9,82.3,84.7,82.7,78.5,78.7,83.9,84.9,82.8,82.6,85.2,84.5,84.8,90.9,94.1,81.8,82.4,83.8,80,80.2
8/6/17 9:59,10:00,60.3,72.9,86.8,81.5,75,77.2,79,77.7,78.8,71.9,64.4,79.1,77.8,77.9,74.9,78.1,79,77.7,87.7,86.7,79.1,75.8,77.3,67.7,74.8
8/6/17 10:59,11:00,56.1,62.6,73.7,76.2,68.8,67.8,70.5,67.7,68.8,66.8,38.9,76.4,65.4,64.3,63.6,69.1,74.6,70.4,78.8,81.9,71.4,65,52.2,53.1,64.8
8/6/17 11:59,12:00,54.3,55.5,65,67.2,61.8,55.7,61.7,61.4,60.1,55.1,46.3,64,54.4,59,61.2,64.5,67.2,63.4,65.7,74.2,51.6,54.3,53.3,50.1,62
8/6/17 12:59,13:00,53.1,46.3,58.7,57.3,44.3,49.2,55.8,51.3,51.8,46.6,43.3,57,50.7,51.2,51.7,58.5,61.4,52.7,55.7,61.5,49.7,45.7,45.4,46.5,49.5
8/6/17 13:59,14:00,48.9,38.3,49.7,44.4,35.7,40.1,46.6,44,44.4,43,34.5,46.6,41.6,42.5,40.5,54.4,53.7,41.4,49,59.1,44.3,39.9,42,37.8,47.2
8/6/17 14:59,15:00,44.5,34.5,44.9,44,32.7,35.2,41.8,41.7,44,43,32,47.4,38.4,41.3,40.1,48.9,50.2,41,41,57.4,40.2,31.8,46.2,36.6,44.8
8/6/17 15:59,16:00,42.7,39.1,48.6,42.9,29,32.1,38.8,43,42.8,46.2,30.1,46.8,41,41.3,38.8,47.8,47.8,42.3,39.5,56.8,38.3,36.3,45.7,37.4,41.2
8/6/17 16:59,17:00,43.3,39.6,48.6,46.5,48.1,35.4,40.6,41,45.9,48.1,34.6,46.8,44.7,39.5,42.6,51.5,46.5,46.6,38.8,56.3,42.6,37.4,46.3,40.4,45
8/6/17 17:59,18:00,45.9,41.5,52.2,44,50.6,36.6,37.6,44.8,41.6,45.7,40.3,44.4,47.8,38.3,41.4,54.5,48.4,40.3,43.8,53.9,40.8,38.8,45.1,36.9,43.1
8/6/17 18:59,19:00,45.2,44.1,52.2,47.2,51.2,37.8,38.2,45.5,47.9,43.3,43.4,44.4,49.6,42.8,43.9,53.9,51.5,44.1,48.1,58.7,45.2,42.7,50,38,45
8/6/17 19:59,20:00,52.1,47.8,55.9,52.1,53.6,46.9,47.5,49.1,51.4,49.3,50.2,48.7,53.2,50.1,48.9,57.5,55,51.6,54.1,62.2,47.6,46.4,52.3,46.6,53.3
8/6/17 20:59,21:00,59.2,54.4,58.8,62.1,62.5,53.4,52.3,54.5,56.8,56.5,62.8,53.5,61.5,58.6,53.6,64,60.9,60,61.8,65.1,56,53.2,60.5,53.8,61.5
8/6/17 21:59,22:00,64.5,61.5,64,62.7,68.9,58.7,58.3,59.1,61.5,60.6,69.2,60.7,69,63.2,59.6,68.6,63.8,66.6,62.9,74.8,61.8,58.6,64.5,60.3,65.5
8/6/17 22:59,23:00,68.5,65,68.6,71.3,75.2,63.3,61.9,64.3,65.5,66.3,73.8,64.7,71.8,66.1,63.6,72,67.8,69.4,72.7,80.9,64.7,63.3,68.4,64.9,69.4
8/6/17 23:59,0:00,73.6,69.6,71.4,75.1,78.4,67.8,64.8,67.7,68.9,67.4,76.5,68.6,74.6,70.1,67.1,75.4,70.1,74.4,77.8,79.8,69.8,66.2,71.8,68.3,73.8
8/7/17 0:59,1:00,75.3,74.1,75.9,75.1,81.8,69.5,68.8,70.5,70.5,70.8,78.8,70.9,76.8,73.5,70.4,77.6,74,72.7,80.6,80.8,70.9,70.2,74,71.1,76.5
8/7/17 1:59,2:00,77.5,74.1,78.1,76.7,84.5,72.3,71.1,73.3,73.3,72.5,79.3,71.9,77.3,76.2,73.2,79.8,77.4,76.6,83.9,83.5,75.3,73,77.9,73.3,79.7
8/7/17 2:59,3:00,79.1,78.5,81.4,78.9,87.2,72.8,73.3,76.6,76.1,74.7,81.5,75.8,79.5,78.4,74.9,81.5,81.2,78.8,86.1,87.3,77.5,76.9,80.1,75.6,81.3
8/7/17 3:59,4:00,80.2,80.2,83.6,80.5,88.3,75,75.6,78.2,78.8,77.4,82.6,78.6,82.7,81.2,77.1,82.5,82.3,81,85.5,86.7,78.6,78.6,81.7,79.5,82.9
8/7/17 4:59,5:00,82.9,81.3,85.8,82.6,90.9,77.2,78.4,79.8,79.9,79.1,84.8,80.2,84.9,82.2,79.9,84.2,84,82.6,86.6,94.6,81.3,80.8,84.4,81.7,85.5
8/7/17 5:59,6:00,82.3,84,89.5,85.8,88.8,80.4,81.2,83.6,81.6,81.8,85.9,82.3,88.1,83.8,82,86.3,89.4,85.3,89.9,97.1,81.8,84,86.5,84.4,86
8/7/17 6:59,7:00,84.5,87.2,91.7,86.8,88.8,81.5,83.4,85.7,84.3,81.8,87.5,85,87.6,84.9,83.7,87.4,90.4,86.3,90.9,98.1,84.5,85.1,87.6,84.4,87
8/7/17 7:59,8:00,79.6,85.1,91.7,88.4,87.2,80.4,84.5,84.7,84.3,79.6,83.1,85.5,85.4,86,84.2,86.3,86.2,86.9,89.3,95.6,83.9,84.6,84.9,82.2,80.2
8/7/17 8:59,9:00,65,62,88.5,84.7,83.4,77.2,79.6,69.4,81.6,78,73.1,84,62.6,83.9,72.7,80.3,85.6,83.2,82.2,90.9,81.8,75.3,83.3,52,80.2
8/7/17 9:59,10:00,56.8,61.5,84.7,82.6,77.9,74.5,77.9,63.1,78.3,73,63.9,80.2,64.3,77.4,66.5,75.9,81.3,79.4,82.2,86.2,77.5,68.5,77.9,41.2,75.9
8/7/17 10:59,11:00,52.6,58,70.9,76.7,71.7,68.4,72.9,62,72.3,65.7,43.4,75.9,59.7,68.4,59,68,76.9,68.2,74.4,81.4,70.9,63.9,61.6,41.7,64.3
8/7/17 11:59,12:00,58.1,47.9,66.4,66.8,62,54.7,66,53.9,63.2,57.7,46,67.5,53.9,62.1,54.8,65.2,69.6,63,66.4,74.3,54.2,56.3,55.2,44.8,63.8
8/7/17 12:59,13:00,55.7,42.3,59.5,57.5,47.7,47.6,59.6,43.8,58,52.9,36,62.5,50.3,56.7,50.1,59.3,65,54.8,61.8,65.8,54.2,39.1,51.1,46.1,53.3
8/7/17 13:59,14:00,51,40.5,54.2,52.2,38.5,41,51.8,46.2,52.6,49.4,39.2,56.6,45.6,52,47.1,54.5,59.8,49.9,55.3,63.5,50,46.6,48.8,40.6,49.8
8/7/17 14:59,15:00,46.6,41.8,50.6,46,35.3,38.5,47,46.2,49.1,46.9,32.3,50,43.7,43.4,42.8,52.8,53.3,43.8,47.6,60.5,44,37.2,48.8,40,48.1
8/7/17 15:59,16:00,44.8,39.9,54.2,46,28.5,36.1,42,43.2,46.2,48.9,33.5,47.6,43,43.4,40.9,49.7,51,40.5,42.9,59.4,41.6,38.4,48.8,38.3,44.5
8/7/17 16:59,17:00,47.9,39.2,50.5,44.3,49.6,36.1,39.5,43.2,42.3,45.7,37.2,47.6,43.5,37.7,42.2,52.9,48.5,42.4,41.5,57,40.3,34.7,45.1,38.3,41.9
8/7/17 17:59,18:00,47.9,38.4,48,48,49.6,38.1,37.6,43.2,44.2,45.7,43,46.4,40.9,40.3,41.5,55.3,49.1,42.4,40,56.4,42.2,35.7,45.7,35.6,42.5
8/7/17 18:59,19:00,47.1,46.6,55.9,49,51.2,39.7,41.3,47.3,48.4,46.3,46.5,47.5,52.1,45.2,46.5,54.5,52.1,48.6,48.8,58.1,43.9,44.7,49.3,40.6,46.8
8/7/17 19:59,20:00,53.3,51.4,57,53.9,56,48.1,48.1,52.1,52.6,49.9,53.2,50.5,56.8,52.6,51.9,58.7,55.6,55.3,58.9,61,49.4,50.2,54.1,50.2,54
8/7/17 20:59,21:00,57.5,56.8,60.5,61.5,64.8,52.9,53.5,56.2,57.4,55.9,63.4,56.5,65.5,58,55.4,62.8,62.1,61.2,64.7,64,57.2,55,59.9,56.8,61.5
8/7/17 21:59,22:00,62.8,61.5,65.2,67.3,72.3,56.4,58.9,60.3,60.9,61.2,68,64.1,70.7,64.4,60.1,68,66.7,64.7,69.3,69.2,63,59.2,65.7,60.8,67.8
8/7/17 22:59,23:00,69.1,66.2,70.3,73.5,76.3,62.2,63,66.1,64.9,66.9,72.6,68.7,70.7,66.7,64.2,72,70.6,72.2,73.8,73.7,67.5,65.1,69.6,65.4,71.1
8/7/17 23:59,0:00,74.2,69.6,74.8,70.6,76.3,66.2,67.7,70,67.7,72,76.6,67.5,78.4,70.6,69.3,74.9,74.6,71,79.5,75.3,69.1,68.5,72.9,70,74.8
8/8/17 0:59,1:00,77.5,73.5,77,77.8,78.4,70.1,70.5,72.7,71.7,70.2,79.9,71.4,82.2,75.7,72.1,79.8,77.4,75.5,84.4,82.4,73.1,71.9,76.2,73.3,78.1
8/8/17 1:59,2:00,78.6,75.7,79.7,76.7,80.1,70.6,72.8,74.9,75,74.1,81.5,74.1,85.4,77.9,76,80.9,79.6,77.7,87.2,89.9,74.1,75.2,79,77.2,81.8
8/8/17 2:59,3:00,78.6,81.3,83.6,83.1,87.2,73.3,76.2,78.8,77.2,76.3,83.1,77.4,87.6,81.7,78.8,83.1,82.9,81.5,88.8,89.9,80.2,78.6,82.8,81.1,85
8/8/17 3:59,4:00,81.8,85.1,87.9,86.3,90.9,77.2,80.1,82.5,81,79.6,89.1,82.3,91.3,84.9,82,86.3,87.8,84.8,91.5,93.5,83.4,83.5,86.5,83.3,87.6
8/8/17 4:59,5:00,84.4,89.4,90.1,89.4,90.4,79.3,83.4,86.3,84.8,82.3,90.2,85,92.8,87.6,86.3,88.9,89.9,88.4,94.7,95.1,85.5,86.7,89.2,88.1,89.6
8/8/17 5:59,6:00,84.4,92.5,93.8,90.9,94.1,81.5,88.2,89.9,87.5,85.5,91.8,88.2,94.4,89.2,88.5,90,93.6,90.5,94.7,94.1,89.7,89.3,92.4,91.8,91.6
8/8/17 6:59,7:00,86,93.1,94.3,91.9,93,81.5,87.7,89.4,88.5,85.5,91.8,89.7,93.3,89.7,89,90,94.2,91.6,96.3,96.1,88.2,87.8,90.8,89.2,89.1
8/8/17 7:59,8:00,69.1,89.4,94.3,89.9,90.4,79.9,87.7,87.9,88,85,85.3,88.7,92.3,89.7,87.4,87.9,91.5,96.2,93.6,93.5,85.5,87.2,89.7,82.8,87.6
8/8/17 8:59,9:00,63.3,88.8,93.8,88.4,86.6,79.4,85.6,87.9,84.8,84,76.5,87.1,88.7,87.6,85.8,80.3,91,96.2,92.6,92,83.4,88.3,88.2,78.9,83.9
8/8/17 9:59,10:00,56.9,73.6,89,87.3,80.6,75.1,81.8,75.5,80,75.3,66.3,84,70.1,81.2,74.9,75.4,86.7,93.7,86.6,87.3,80.2,72.5,80.6,52.8,72.7
8/8/17 10:59,11:00,51.5,55.6,72.6,78.4,71.7,68.4,73.5,60.3,72.3,65.8,44.1,77,62,70.1,57.8,68.6,80.8,82.7,81.2,81.4,72.5,64.5,59.3,43,64.9
8/8/17 11:59,12:00,54.5,46,64.1,63.9,60.2,52.9,65.5,53.4,62,54.7,42.3,67,58,60.9,54.8,65.8,70.1,79.5,68.7,71.4,55.3,55.1,52.9,44.9,56.3
8/8/17 12:59,13:00,52.7,43,58.3,56.3,44.1,44.6,55.4,45.6,53.2,49.9,37.2,61.3,50.9,53.8,49.5,59.3,63.9,71.8,63.6,62.8,53.6,38.4,50.6,46,52.8
8/8/17 13:59,14:00,45.3,39.9,50.6,51.6,36.7,37.9,51.3,45.6,50.4,50.6,30.9,53,44.4,47.1,45.3,49.5,56.8,65.6,55.4,56.2,46.4,44.7,46.5,41.8,46.8
8/8/17 14:59,15:00,38.8,37.5,44.5,41,31.5,31.5,39.9,43.2,39.7,44.4,27.6,44.4,41.9,39.5,41,44.5,45.9,66.3,48.3,57.5,37.1,34,43.9,39.4,44.5
8/8/17 15:59,16:00,40.3,31.5,44.9,43,27.3,31.5,36.8,37.5,41.8,47,30.2,45.7,34.7,35,37.8,47.3,45.4,50.6,33.9,54.6,38.5,31.3,41.4,33.1,38.2
8/8/17 16:59,17:00,38.3,30.8,39.3,36.5,43.9,28.4,30.3,34.2,36.7,42,29.4,40.8,36,34.4,33.2,44.7,38.4,57.3,34.5,52.1,35.9,27.2,40.2,29.8,39.5
8/8/17 17:59,18:00,31.5,33.3,42.5,39.7,42.6,26.3,29.7,34.9,39.3,40.2,25.1,38.9,39.1,37.2,33.2,40.7,43.6,55.5,33.8,45.2,36.6,31.1,42.2,29.8,38.9
8/8/17 18:59,19:00,33.4,36.6,46.2,42.2,46.3,28.9,32.4,38.7,39.3,36.9,33.7,37.5,49.1,36.5,37,43.9,45.4,57.8,45.7,49.6,34.6,37,42.2,34.2,38.1
8/8/17 19:59,20:00,42.5,44.1,49.9,50.9,51.2,36.9,41.9,45.5,46.6,43.2,44.4,43.2,56.2,47.7,45.8,48.8,52.1,75.1,52.3,50.7,42,42.7,48.2,43.6,45.5
8/8/17 20:59,21:00,52.5,49.6,54,58.6,59.5,44.9,48.7,49.7,52.6,51.8,56.1,51.1,60.3,54.4,51.2,53.1,55.6,86.5,61.3,56.2,50.6,47.7,56.4,49.6,56.9
8/8/17 21:59,22:00,58.5,55,58.2,63.8,69.5,49.8,52.9,54.5,57.4,57.7,62.1,58.3,59.7,60.3,56.6,58.5,64.4,89.6,65.3,55.6,57.7,52.5,62.8,55.6,62.7
8/8/17 22:59,23:00,62.7,60.9,64.6,69.6,74,51.5,59.5,60.3,62.6,60,65,63.5,68.9,66.1,64.8,62.7,75.3,92.2,69.3,61,64.1,58.6,66.8,60.2,68.9
8/8/17 23:59,0:00,67.9,69,69.8,74.6,77.9,58.6,66,65.5,68.3,65.8,69.7,75.9,75.1,69.6,71.6,67.3,81.3,91.1,75.6,69.7,68.7,64.5,69,66.6,72.8
8/9/17 0:59,1:00,71.3,72.5,73.7,78.4,82.9,63.2,72.9,70,71.8,72,74.3,84,79,74.1,76.1,73.7,84.1,94.2,78.4,77,72.7,68.6,74.1,70,77.1
8/9/17 1:59,2:00,75.8,80.3,78.2,81.6,85.1,67.8,75.7,76.1,73.4,78.1,77.1,90.3,84.4,76.9,79.4,79.9,88.4,95.7,82.8,73.7,74.3,73.1,77.9,79,78.2
8/9/17 2:59,3:00,80.2,84.6,81.4,84.2,86.1,75.1,77.9,80.4,72.8,81.4,81.5,92.4,81.2,79.6,82.1,81.5,90.5,96.7,85.5,74.8,77,78.7,80.6,85.5,81.3
8/9/17 3:59,4:00,80.7,88.3,85.3,86.3,87.7,77.3,81.2,85.3,77.8,80.2,85.4,92.4,89.7,83.4,85.3,83.6,91,98.7,88.8,89.9,81.3,81.9,83.9,88.2,86.6
8/9/17 4:59,5:00,82.3,88.9,88.5,88.9,89.9,78.3,81.8,84.7,80.5,80.2,89.7,85,91.8,84.9,86.9,85.8,88.9,98.2,90.9,92.5,85.1,85.1,85.5,90.3,88.6
8/9/17 5:59,6:00,83.9,90.4,92.2,89.4,92,81,85,88.4,82.7,82.3,89.7,84.5,93.4,87.1,88,88.4,91.5,98.7,93.1,89.9,88.2,87.8,90.3,93.4,89.6
8/9/17 6:59,7:00,87.6,87.8,93.2,88.9,93.6,81.5,86.7,87.9,86.4,82.9,91.8,88.2,90.2,88.1,85.8,87.4,92,98.7,92,88.8,87.7,87.2,90.8,82.8,88.1
8/9/17 7:59,8:00,70.3,83.5,92.2,87.8,86.1,82.1,83.9,80.9,84.3,75.8,85.4,85,68.3,82.3,81.5,86.3,89.9,96.7,81.7,84.6,85,76.4,85.5,60.2,84.5
8/9/17 8:59,9:00,62.2,58,87.9,83.7,82.8,77.3,79.6,68.9,78.8,70.8,74.9,80.2,53.2,72.3,68.8,78.2,86.7,88.5,80.6,82.5,79.7,69.7,79,50.9,74.8
8/9/17 9:59,10:00,53.3,49,81.5,75.6,72.8,70.6,72.9,62.1,72.2,63.4,61,74.8,60.3,67.8,61.9,70.9,79.1,78.4,76.7,81.4,72.5,62.2,66.7,40.6,68.2
8/9/17 10:59,11:00,44,48.5,62.9,67.3,63.6,63.9,65.4,54.5,64.3,57.6,38.5,66.3,55.7,62,48.8,62.8,71.3,67.7,72.2,75.9,64.6,54.5,53.4,38.8,60.9
8/9/17 11:59,12:00,50.2,42.9,58.8,57.4,56.7,47.6,58.4,49.8,54.3,48.6,34.1,58.8,51.4,55.5,47,57.5,64.4,58.9,64.1,65.8,50,49.6,49.9,41.8,53.3
8/9/17 12:59,13:00,49,39.2,51.7,50.9,43.4,39.6,51.8,40.8,49.6,43.2,33.4,54.2,45.5,48.9,44,53.9,57.3,49.8,57.1,56.9,48.2,33.2,45.1,43,49.1
8/9/17 13:59,14:00,43.5,33.6,46.4,44.8,32.8,36.6,46.9,39.5,44.8,41.9,28.2,46.9,40,43.9,38.4,49,53.3,43,49.3,53.8,41.4,37.7,39.7,38.1,41.8
8/9/17 14:59,15:00,35.6,32.3,42.7,39.8,29.8,29,39.4,37.6,38.5,40.7,24.2,43.2,37.4,35,35.3,42.1,42.2,39.2,44.6,47.7,35.9,31.9,39.7,35.6,41.4
8/9/17 15:59,16:00,36.4,30.3,41.9,37.3,22,27.1,35.6,34.3,40,40.2,24.2,41.4,31.5,35,32,42.1,39.2,39.2,30.1,49.1,34.2,29.2,40.3,29.9,35.7
8/9/17 16:59,17:00,38.5,28.9,39.4,33.3,41.5,30.5,29.8,33.7,34.2,37.6,29.6,35.7,33.5,31.2,31.3,44.2,37.2,34.7,28.7,46.6,33.4,28,37.1,28.6,35.7
8/9/17 17:59,18:00,37,25.4,36.2,35.9,41.5,31,29.8,27.7,35.4,37.6,32.7,35.7,32,31.9,29.9,44.2,40.5,33.9,29.9,46,32.8,24.3,36.5,23.9,33.7
8/9/17 18:59,19:00,34.2,37.9,46.9,39.7,43.1,26.9,33.2,39.3,40.4,37,31.7,37.6,45.3,36.5,39,42.6,46.1,39.7,40.8,45.1,35.8,37.1,40.8,33.7,38.1
8/9/17 19:59,20:00,43.9,42.8,50.5,47.8,53.7,37.6,41.3,44.3,45.4,43.2,46.4,42.6,52.1,47.1,44.6,48.2,52.1,48.5,53,48.9,42.7,42.7,48.8,42.4,48.6
8/9/17 20:59,21:00,50.7,50.2,53.4,56.2,61.9,43.2,49.4,49.7,53.2,50.5,54.3,50.5,59.1,56.8,52.4,53.2,62.1,56.5,58.3,50.1,50,47,58.2,50.2,58.1
8/9/17 21:59,22:00,56.2,56.8,61.2,63.3,68.9,49.2,57.8,56.8,60.3,56.4,59.1,58.3,65,62.1,60.2,57.4,69.1,62.5,64.1,59.2,58.9,53.2,62.8,56.2,65
8/9/17 22:59,23:00,63.9,60.9,65.8,71.9,74.6,56.4,61.4,59.7,62.6,62.3,68,62.4,70.6,65.5,65.4,65.7,64.9,68.8,69.9,63.9,62.9,59.2,66.8,60.8,70.6
8/9/17 23:59,0:00,66.8,64.4,68,76.2,79.1,61,62.5,63.7,65.4,64.6,72.6,76.5,75.1,69.6,70.5,68,74.6,73.3,75.6,65,68.1,63.3,69.6,65.4,73.2
8/10/17 0:59,1:00,70.8,71.3,73.7,77.3,84,64.4,67.7,68.8,71.7,68.6,73.1,80.3,78.4,73.5,72.7,72,77.4,77.2,81.2,64.3,71.5,69.1,72.9,68.8,73.2
8/10/17 1:59,2:00,71.3,76.9,75.9,80,84.5,69.5,70,71.6,73.4,71.4,77.6,85.6,81.1,76.8,76,78.2,78.5,80.5,80,82.4,73.1,70.2,76.3,77.3,74.3
8/10/17 2:59,3:00,76.9,81.3,79.2,81.6,87.2,71.7,73.4,75.5,72.2,75.3,84.8,87.7,82.8,77.4,79.9,81.5,77.3,82.7,82.2,84.1,75.8,74.7,77.3,80,77.5
8/10/17 3:59,4:00,79.6,82.4,80.8,83.2,89.9,76.7,76.2,78.2,73.9,71.8,83.7,90.3,85.4,78.9,81.5,82.6,85.1,82.7,85.5,75.8,71.9,77.5,78.4,81.7,82.3
8/10/17 4:59,5:00,80.2,81.8,84.7,84.7,87.2,76.1,77.8,81.5,77.2,74.6,83.7,78.5,88.6,81.7,80.9,81.4,87.2,81.5,87.1,92.5,78.5,78.6,82.7,83.3,85.5
8/10/17 5:59,6:00,85,86.2,88.4,86.3,88.8,80.4,80.6,83.6,82.1,80.7,86.9,82.8,89.7,84.9,83.7,86.8,88.8,86.3,90.9,90.4,83.9,83.5,87.6,86,88.1
8/10/17 6:59,7:00,86,85.6,90.1,88.9,90.9,82,82.8,83.6,83.7,79.6,88.6,85,87.6,88.6,81.5,88.4,89.4,87.4,89.8,86.2,87.1,84.6,87.6,77.2,86
8/10/17 7:59,8:00,72.4,80.7,89.5,85.2,86.1,81,83.4,77.7,82.1,72.4,82.6,81.8,70.6,82.8,78.8,87.4,86.7,84.2,83.3,83.5,81.8,73.6,83.3,59.6,80.8
8/10/17 8:59,9:00,63.8,64.4,87.4,82.1,80.1,76.7,79.5,69.3,78.3,70.7,72.5,79.1,54.9,72.9,67.6,77.6,84,79.3,78.8,83,78,71.3,78.4,52.5,71.5
8/10/17 9:59,10:00,57.4,54.9,80.9,77.2,72.2,71.2,72.8,62,72.8,65,63.3,74.7,60.8,68.9,61.9,70.2,80.2,71.6,77.2,80.3,71.3,59.2,67.8,39.3,68.2
8/10/17 10:59,11:00,47.7,54.9,67.5,70.7,65.9,62.7,67.1,55.6,65.4,59.3,40.8,68,55,63.7,50.6,65.1,73.5,62.9,72.1,75.3,66.3,58.6,54.6,38,59.6
8/10/17 11:59,12:00,53.8,44.7,61.8,61,58.4,50.4,60.7,52,57.9,51.6,36.5,61.7,55.6,54.3,51.2,61.6,66.1,59.4,65.8,68.6,53,49.5,50.3,44.8,55.1
8/10/17 12:59,13:00,50.8,40.4,54.7,53.9,45.2,43.9,53.5,42.5,50.8,48.1,38.5,55.9,49.8,49.4,46.3,58.7,59.1,51.6,59.4,61,48.7,34.6,46.8,41.2,52.7
8/10/17 13:59,14:00,45.9,37.3,48.7,47.8,36.6,39.7,47.5,43.1,45.3,45.7,34.7,49.3,43.7,46.5,41.5,55.8,53.8,47.3,51.7,58.6,43.2,39.5,42.7,39.9,48
8/10/17 14:59,15:00,44,37.3,44.4,42.8,34.1,36.7,41.2,40.6,44.8,41.9,30.9,46.3,38.6,41.4,37.7,47.8,49.6,42.3,46.3,56.9,42.7,33.9,46.3,36.2,45
8/10/17 15:59,16:00,41.5,36,48.1,43.6,31,32.3,42.6,40.6,44.8,46.4,31.4,47,40.5,40.2,39,45.3,47.2,44.2,37.2,58.2,40.9,34.5,45.2,36.2,43.9
8/10/17 16:59,17:00,40.9,36,48.7,42.9,49,36.2,37.5,39.4,41.7,44.5,36.7,43.9,44.3,39,38.4,48.6,47.2,42.5,39.6,53.4,40.3,34.5,44,34.3,42
8/10/17 17:59,18:00,43.5,38.5,49.3,46.7,52.7,37.4,37.5,40.6,41.7,42.7,39.8,42,42.3,39.7,39,50.4,47.2,43.1,40.8,50.2,41.6,36.4,43.3,35,41.4
8/10/17 18:59,19:00,43.5,42.3,51.7,54.7,56.8,39.1,39.5,44.3,46.1,48.3,44.2,50.2,49.1,40.2,42.7,57.1,49.1,50,45.7,50.8,43.4,42.2,44.6,40,43.8
8/10/17 19:59,20:00,53.4,44.1,52.9,57.6,63.3,48.2,45.1,46.1,50.3,54.2,55.2,60.3,56.2,49,48.9,59.4,56.9,59.1,57.2,50.1,46.4,42.7,49.4,44.8,54.7
8/10/17 20:59,21:00,60,51.4,55.8,63.4,67.9,53.5,51.8,52.1,54.4,54.7,61.7,59,59.2,59.1,54.9,61.1,68,61.9,60.6,64,54.2,50.2,59.9,54.4,64.9
8/10/17 21:59,22:00,62.9,57.4,64.6,66.8,70.1,58.2,58.4,57.4,63.3,62.9,59.3,61.8,65.5,66.1,59.6,66.4,72.4,63.6,64.7,59.2,63.5,56.9,66.2,59.7,68.8
8/10/17 22:59,23:00,66.3,65.7,69.8,72.4,77.4,59.9,63.1,64.4,67.2,65.2,69.2,70.4,71.8,70.7,66,67.5,79.7,72.2,71.1,60.4,67.5,62.8,71.3,64.3,73.2
8/10/17 23:59,0:00,73.1,68.5,74.3,74.6,80.7,69,67.2,68.3,68.9,69.2,74.9,70.4,73.5,74.1,68.8,76,81.3,73.3,70.4,78.7,71.5,68,74,68.9,77.6
8/11/17 0:59,1:00,75.9,74.2,78.1,77.3,81.2,70.2,69.4,72.8,74,72,76,75.4,76.8,78.5,72.2,76.6,79.1,77.8,77.2,72.5,75.3,73.1,79.6,73.4,80.8
8/11/17 1:59,2:00,77.5,76.3,80.3,81.6,83.4,75.6,73.4,75.5,76.7,76.4,78.2,76.4,78.9,80.1,74.9,80.4,82.9,80.5,77.2,90.4,79.1,75.3,81.2,76.7,83.4
8/11/17 2:59,3:00,79.1,80.2,84.7,82.1,85,77.3,76.2,78.8,80,79.1,81.5,80.2,80.6,83.3,78.2,83.6,84.5,82.6,81.6,91,83.4,80.2,83.3,77.8,82.8
8/11/17 3:59,4:00,82.9,81.8,86.8,84.7,88.8,78.8,79,81.5,80,76.9,85.9,80.7,82.7,85.5,79.3,87.4,86.7,85.8,84.9,79.1,83.4,80.2,85.5,82.2,86.5
8/11/17 4:59,5:00,83.9,84.5,86.8,86.3,90.4,82.1,77.8,81.5,82.1,78.5,86.4,85,86,83.8,80.4,88.4,88.3,86.9,84.9,90.4,81.2,82.4,87.1,82.7,87
8/11/17 5:59,6:00,86.6,84,89,87.3,92,81,80.6,83.1,83.7,81.2,88.6,85.5,86,84.9,82,90.6,88.8,87.9,86.6,88.3,85,82.9,86.5,84.9,88.1
8/11/17 6:59,7:00,86.6,84.5,87.4,86.8,89.8,83.6,79.5,82.5,81.5,80.1,84.8,83.9,84.9,82.2,82,88.4,87.2,86.3,85.5,98.1,83.4,82.4,82.2,80,83.9
8/11/17 7:59,8:00,81.8,78.5,87.4,83.6,85.5,83.1,79.5,78.7,79.9,75.2,83.7,81.2,70.5,79.5,77.6,87.9,83.9,84.7,83.3,97.1,83.4,79.1,81.1,67,80.7
8/11/17 8:59,9:00,66.2,68.9,82.5,81,78.9,75.5,75.6,71.5,73.8,69,72,77.4,68.2,71.1,68.6,79.2,78.4,79.9,78.8,91.5,76.9,71.2,75.6,60,76.9
8/11/17 9:59,10:00,57.3,53.1,78.1,75,72.2,72.8,69.3,65.3,72.2,63.3,63.9,72.4,59.6,67.7,61.2,73.7,76.8,70.4,73.7,82.4,72.4,57.9,67.2,40.4,68.2
8/11/17 10:59,11:00,48.2,51.9,68.5,69.4,67.1,67.2,65.9,55.5,66.5,58.7,40.8,68,55.4,63.6,52.3,66.8,71.7,62.8,71.5,78.6,67.4,56.7,55,42.8,64.8
8/11/17 11:59,12:00,53.7,44,61.6,61.5,60.1,53.4,60,50.2,59.6,54.7,37.7,62.8,50.2,57.8,50.5,63.9,66,58.7,64.6,73,56.4,50.6,51.5,43.5,58.4
8/11/17 12:59,13:00,53.7,42.2,57.6,55.6,47.5,46.9,55.3,46.7,53.7,53.4,37.7,60,47.8,54.8,49.4,59.2,63.1,52.8,59.9,65.6,51.7,37,49.2,42.3,53.8
8/11/17 13:59,14:00,49.5,42.2,52.2,51.5,41,42,51.7,46.7,49.5,51.1,32.7,56.5,47.2,48.8,46.3,53.8,59.1,50.4,55.8,65.1,46.3,43.3,46.3,40.5,50.3
8/11/17 14:59,15:00,46.4,40.3,49.9,47.8,36,39.6,45.6,45.5,46.5,49.9,35.2,51.7,42.4,43.9,41.5,50.8,50,48.6,49.2,62.2,43.9,38.3,49.3,40.5,44.1
8/11/17 15:59,16:00,44.6,39.1,52.2,43.5,29.6,36.5,41.9,44.2,44.1,48.1,34,48.1,43.5,38.8,40.8,50.2,50.7,44.2,40.2,57.5,39,34.5,44.9,38.8,45.5
8/11/17 16:59,17:00,43.9,38.5,49.8,43.5,48.9,35.3,38.8,43,42.3,46.9,35.8,48.1,45.3,42.1,40.8,49.6,48.9,42.9,43.8,57.5,39.6,37.6,48.7,36.7,44.8
8/11/17 17:59,18:00,45.8,44.1,52.2,49,52.5,36,38.8,46.7,46.5,46.9,40.2,48.1,48.4,40,42.7,54.5,48.3,45.5,44.3,59.2,45.7,42.1,48,39.3,43.5
8/11/17 18:59,19:00,49.5,42,48.4,47.6,54.7,42,34.7,43.4,45.1,45.5,48.3,46.1,45.2,43.1,43.7,56.8,48.3,47.1,43.5,57.8,41.8,41.2,49.7,41.6,49.5
8/11/17 19:59,20:00,54.8,44.9,50.7,54.2,58.2,49.7,44.7,46.4,49.9,50.8,54.8,51.5,45.2,51,46.1,59.1,53.5,53.8,47.7,67.9,50.3,44.2,52.5,45,54.2
8/11/17 20:59,21:00,62,54.1,59.1,57.1,62.8,57.4,52,53,54.6,54.4,65,55,57.1,57.6,53.9,64.4,58.8,59.8,54.9,70.1,53.8,52.3,59,53.5,60
8/11/17 21:59,22:00,62,60.1,64.3,62.4,66.9,57.9,58,58.2,61.2,59.7,65.5,59.7,62.4,65.3,58,66.1,64.7,63.9,60.9,74.1,60.3,57.1,65.4,57.6,65.2
8/11/17 22:59,23:00,65.5,63,70.7,69.3,71.5,61.4,63.4,63.5,64.7,62,66.1,65.6,67.6,69.3,62.8,67.2,71.6,69.1,67.3,65.4,63.8,63.1,71.7,63.4,70.9
8/11/17 23:59,0:00,71.2,65.9,71.8,73.3,76.7,70.5,64.6,65.8,69.3,65.5,73,71.8,72.1,70.5,66.2,70.7,74.4,72.6,71.4,78.5,69.6,64.8,74.5,65.8,76.4
8/12/17 0:59,1:00,75.7,70,75.8,74.9,78.9,71,67.5,69.8,69.8,68.9,75.3,71.2,73.2,72.2,68.6,77.5,76.1,76.5,75.4,88.8,72.4,69.5,75,70.4,77.4
8/12/17 1:59,2:00,76.8,74.5,79.1,77.1,81.1,73.8,70.9,73.1,73.2,72.9,79.8,75.2,73.8,78.3,72.5,79.2,79.5,78.2,77.6,90.4,75.2,73.4,78.9,72.6,81.2
8/12/17 2:59,3:00,80.1,80.1,83.5,80.4,82.7,76.6,76.1,77.6,77.1,76.8,84.7,79,80.5,79.4,78.7,80.8,84.5,90.5,82.1,92.2,80.1,79.6,82.2,78.2,83.9
8/12/17 3:59,4:00,84.4,85.6,86.7,83.6,85.5,82.5,79.4,84.6,80.4,79.5,86.4,81.7,86.5,81.6,82,85.2,87.2,90,87.1,94.1,80.6,83.4,82.7,83.2,83.3
8/12/17 4:59,5:00,85.5,86.7,86.7,85.7,88.2,83.1,80,85.2,80.9,80.6,89.1,83.9,87.6,80,83.6,87.9,85,90.5,88.7,94.1,80.6,84,83.8,84.3,82.8
8/12/17 5:59,6:00,87.1,85,88.8,85.7,88.8,85.7,81.1,83.6,80.4,79.5,90.4,82.8,87.6,82.7,82.5,87.1,86.6,93.1,88.7,94.5,80.6,84.5,83.2,85.4,82.3
8/12/17 6:59,7:00,87.6,82.8,87.7,84.7,88.2,83.6,81.7,82.5,80.9,78.4,90.2,82.3,85.4,81.1,81.4,90.5,84.4,89.5,87.6,95.5,81.2,82.3,81.6,82.1,80.7
8/12/17 7:59,8:00,84.9,82.3,86.3,82.5,83.8,81.4,78.9,81.9,78.7,77.3,83.6,80.6,83.2,80,79.8,86.3,81.1,86.8,83.8,92.6,79.5,80.7,79.9,79.9,78.5
8/12/17 8:59,9:00,83.9,77.9,85.2,82,81.1,79.8,78.3,78.7,77.6,77.9,81.4,80.1,80.5,77.2,77.6,85.2,78.9,84.7,83.8,90.6,76.8,76.8,77.8,75.5,77.4
8/12/17 9:59,10:00,82.8,73.4,84.6,82,81.1,80.4,77.8,73.7,74.3,75.1,78.1,77.9,77.2,73.3,74.8,84.6,77.8,84.2,81,91.5,74.6,73.5,75,68.1,76.3
8/12/17 10:59,11:00,78.5,72.3,80.8,78.8,78.3,76.6,75.5,74.3,74.3,71.8,74.1,76.8,73.8,70.4,72,81.4,74.4,80.9,81,90.4,72.9,70.7,71.6,66.4,73.6
8/12/17 11:59,12:00,75.7,67.2,78,74.4,69.8,69.9,72.1,70.4,69.8,66.1,66.1,72.4,69.9,67.6,67.5,79.2,72.2,76,78.2,85.6,66.1,65.5,68.2,63.5,68
8/12/17 12:59,13:00,68.4,62.5,74.1,69.4,67,62,69.3,68.1,67.6,65,53.6,68.5,64.7,60.6,62.9,72.4,68.8,70.4,73.7,80.8,63.3,60.8,60.2,60,60.6
8/12/17 13:59,14:00,63.2,47,64.4,61.4,49.8,54.4,63,56,58.8,59.8,45,66.8,54.3,55.9,55.8,66.1,65.9,60.5,70.4,75.8,55.7,53,50.2,57.1,51.9
8/12/17 14:59,15:00,57.9,46.4,56.3,55.5,40.7,49.1,55.2,55.5,56.6,58.7,38.3,63.4,50.6,44.9,46.8,62.6,58.9,55.2,56.8,68.4,48.7,45.1,56.8,54.8,46.4
8/12/17 15:59,16:00,53,45.1,60.4,51.3,33.3,37.6,48.6,53.1,51.8,55.1,38.8,58.8,51.8,43.7,48.6,56,54.1,48.4,42.4,60.8,41.9,40.1,52.6,49.5,44
8/12/17 16:59,17:00,50.6,47,60.4,51.3,48.5,40,48.6,53.1,46.3,51.5,40.1,55.1,53.7,41.2,48.6,54.8,52.9,52.6,44.1,57.8,40.7,45,51.4,47.6,42.2
8/12/17 17:59,18:00,52.5,50,61.5,53.7,58.3,43.7,44.8,51.8,49.4,52.1,45.7,55.8,56,43.1,50.4,56.7,55.4,48.4,52,60.3,45.6,44.3,49.6,46.3,42.8
8/12/17 18:59,19:00,56.6,55.5,65,60.8,61.8,53.2,54,56.1,53.6,56.9,53.6,61.7,59,49.9,55.9,60.2,58.4,59.3,56.8,66.7,52.2,53.1,53.9,54.2,51.3
8/12/17 19:59,20:00,55.9,55.5,65.6,57.8,58.7,54.3,53.3,54.8,53.6,56.2,54.1,60.4,58.4,58.3,55.9,59.6,60.2,58,61,66.1,51.5,53.1,57.9,54.8,60.7
8/12/17 20:59,21:00,58.3,59,69.6,67.7,54.3,57.2,60.5,60.7,63.6,62.7,58.2,63.4,58.9,65.4,52,57.1,67.1,66.9,62.2,75.2,62.8,60.8,67.2,51,67.6
8/12/17 21:59,22:00,63.6,65.4,70.2,68.8,71,61.2,62.9,65.3,65.9,67.3,63,66.2,67.6,68.2,64,63.6,69.3,69.2,65.6,82.4,66.8,64.9,71.7,64.7,72.5
8/12/17 22:59,23:00,70.1,74,79.1,76.1,78.9,67.1,70.4,74.3,73.2,72.3,67.7,74.1,77.2,73.9,74.3,75.8,74.4,75.9,73.7,89.9,72.9,74.6,75,72.1,76.4
8/12/17 23:59,0:00,78.5,75.7,80.2,77.7,79.4,73.8,70.9,74.8,75.5,72.9,78.6,74.6,79.4,76.1,73.7,80.3,76.7,77.1,74.8,92,76.3,74.6,78.9,74.3,78
8/13/17 0:59,1:00,80.1,78.5,82.4,80.4,82.2,77.1,74.4,76.5,76.6,75.1,79.8,77.9,79.4,78.4,76.5,81.9,79.5,79.8,79.3,92.5,76.3,76.8,78.9,75.5,76.9
8/13/17 1:59,2:00,81.7,78.5,84.1,82.6,83.9,77.1,74.4,77,77.7,75.7,76.9,81.8,80.5,80,76.5,84.1,83.4,82,82.1,93.5,78,75.7,81.1,76.6,82.3
8/13/17 2:59,3:00,95.3,92.5,93.2,93.9,96.2,96.1,92,92.5,93.7,93.9,96,94.4,94.9,90.7,94.7,94.7,94.7,95.2,93.6,99.1,91.8,90.4,93.4,92.9,90.1
8/13/17 3:59,4:00,97.3,95.6,96.4,98.4,97.7,98.1,93.6,93.6,93.2,94.9,98.5,95.4,98,92.3,96.3,97.3,97.3,96.2,97.3,97.7,91.8,93.5,93.9,94,93.1
8/13/17 4:59,5:00,99.2,96.7,97.9,98.4,98.8,99.1,95.6,95.6,95.3,95.5,100,96.4,98,94.3,97.8,98.3,97.8,98.2,98.4,98.1,93.9,95.5,94.5,96,91.1
8/13/17 5:59,6:00,99.2,95.1,97.9,97.9,98.8,99.1,96.2,94.6,94.8,96,100,96.9,97.5,93.8,96.3,98.3,98.8,97.7,97.3,98.6,93.3,95,95.5,95,94.6
8/13/17 6:59,7:00,99.2,95.6,96.5,97.4,99.3,100,95.6,95.6,93.2,94.4,100,95.4,98,93.3,97.8,99.3,97.8,98.2,97.9,99.1,92.8,94.5,95,96,95.6
8/13/17 7:59,8:00,99.2,97.2,96.5,98.9,98.3,99.5,96.2,97.1,95.3,95.5,99.6,96.4,100,93.3,97.8,99.3,97.8,97.7,97.9,99.6,94.9,96.5,95,96,94.1
8/13/17 8:59,9:00,98.2,94.6,99.5,97.9,97.7,98.5,96.2,95.1,91.2,93.4,96.5,93.9,97,90.7,96.3,98.8,98.3,96.7,97.9,99.6,89.7,94.5,92.9,92.9,91.1
8/13/17 9:59,10:00,96.8,89.9,97.9,95,93.6,96.6,93.6,91.5,89.6,90.3,94.9,89.8,92.8,90.2,92.2,98.3,95.7,91.1,95.2,99.6,87.1,88.8,90.3,84.9,88.6
8/13/17 10:59,11:00,94.3,87.2,97.9,92.9,93.6,93,90.9,87.9,86.4,88.2,92.3,88.2,90.2,81.2,89.6,96.8,92.1,91.6,93.1,99.6,86.6,86.7,80.6,82.2,74.9
8/13/17 11:59,12:00,88.7,77.5,90.6,89.4,87.8,87.9,83.4,80.4,79.5,81.3,81,82.9,77.9,70.6,81.6,93.2,84.5,85.3,86.6,100,78.1,72.5,64.9,73.9,78.1
8/13/17 12:59,13:00,90.8,74.1,92.2,83.7,87.8,94.6,84.5,76.6,83.8,78.1,95.4,80.3,78.9,79.6,76.6,93.7,91.5,81,87.2,98.1,81.3,73.6,79.5,66.6,83.5
8/13/17 13:59,14:00,75.8,62.6,89.6,79.4,64.7,79,75.1,69.4,70.5,67.4,73.8,72.5,68.3,70,67.6,84.2,77.4,74.9,76,94.1,70.2,65,68.4,56.6,57.8
8/13/17 14:59,15:00,75.2,63.1,78.7,68.8,73.3,81.6,65.9,64.2,58.2,62.1,78.8,64.5,63,58.8,65.2,84.2,62.4,69.8,71.5,82.4,60.4,59.7,59,62.4,57.2
8/13/17 15:59,16:00,64.3,52.9,67.8,56.5,61.1,63.8,53.2,55.9,54,53.7,57.2,56.1,54.7,53.3,52.7,78.1,57.6,57.9,60.9,75.2,54.3,51,55.4,46.9,51
8/13/17 16:59,17:00,57.7,45.4,62.5,49,53.1,53.1,42,50.4,47.2,48.2,50.3,50.6,51.6,41.4,47.1,71.3,49.6,51.1,51.8,63.6,42.7,43.4,48.1,41.2,44.3
8/13/17 17:59,18:00,55.8,46.5,60.1,53.9,54.3,56,46.2,48.5,46.6,48.7,58.3,50.6,49.7,43.3,47.6,69.5,51.4,52.9,48.7,66.5,47,43.9,49.9,42.5,49.7
8/13/17 18:59,19:00,54.6,48.4,58.9,50.8,57.3,48.3,36.3,49.7,47,46.2,52.1,49.3,55.7,46.9,48.2,66.6,50.8,50.4,54.1,67,49.3,46.4,49.9,42.5,49.1
8/13/17 19:59,20:00,56.3,52,59.4,53.2,59.7,54.7,51.7,52.7,53.8,50.4,55,51.1,59.2,54.3,52.4,67.1,56.8,53.4,55.3,68.8,53,52,55.2,52,55.1
8/13/17 20:59,21:00,59.9,58.1,65.3,58,61.4,60.5,56,58.6,55.5,56.4,60.5,56.5,66.3,58.5,58.4,64.7,59.2,58.3,60.7,70.4,56.5,56.9,58.7,58,59.8
8/13/17 21:59,22:00,70.5,64,69.4,63.3,68.4,69.7,61.4,64.4,59.7,60.6,71.7,59.5,72,65.1,63.1,72.8,64.5,62.4,60.7,76.8,62.4,62.9,64,64.4,65.6
8/13/17 22:59,23:00,76.7,68.1,72.8,72.5,77.1,76.5,65.5,67.9,66.8,66.4,77,65.9,74.8,68.6,71.3,79.6,67.4,70.1,66.5,80.1,67.6,67,69.2,69.1,69.6
8/13/17 23:59,0:00,81,70.4,72.9,73.7,79.3,79.2,67.3,69,67.9,69.9,87.5,69.9,76.6,69.7,70.1,84.3,70.9,73,71.8,82.6,72.8,68.7,72.6,70.8,73.5
8/14/17 0:59,1:00,86.6,73.4,76.2,74.8,84.6,81.2,70.8,73,69.6,69.9,90.6,72.2,82.3,71.4,71.5,86.3,76,76.9,76,83,73.3,71.9,73.4,72.7,73.6
8/14/17 1:59,2:00,88.4,76.1,80,77.5,85,83.7,74.2,75.3,73.1,74.4,92.1,79.4,86.4,73.4,79.5,88.8,77.3,78.1,82.5,79.8,73.5,75.1,76.6,78.7,76.8
8/14/17 2:59,3:00,89.4,83.5,81.5,82.7,88.6,85.2,80.4,81.5,76.5,79.3,93.5,86.1,90.5,78.2,84.2,90.8,84.2,83.3,84.6,81.4,75.1,81,79.2,87.5,82.4
8/14/17 3:59,4:00,90.8,87,83.7,87.2,91.7,86.2,81.9,85.2,80.2,82.9,92.9,91.5,91.9,81.3,87.2,92.3,82.1,87.8,87.2,84,78.8,84,82.3,91,84.9
8/14/17 4:59,5:00,92.7,92.6,87.2,89.1,93.2,87.2,84.5,89.1,83.8,86,94.9,93.4,94.9,83.4,90.2,92.7,86.7,89.8,90.8,90.7,81.9,87.5,86.5,94,86.5
8/14/17 5:59,6:00,93.7,93.5,88.3,91.6,94.1,88.7,85.4,89.6,85.3,87,96.8,94.8,95.4,84.9,90.7,94.2,91.8,91.7,92.3,90.1,84,89,88.1,95.4,90.3
8/14/17 6:59,7:00,92.8,92.2,89.3,93,94.7,88.2,85,89.2,85.3,86,95,95.3,92.6,83.5,90.7,93.2,91.4,92.8,90.9,92.7,86.1,87.6,84.5,89.5,84.6
8/14/17 7:59,8:00,73.3,77.4,86.3,90.3,88.8,84.8,80.5,75.8,80.3,73.9,87.6,88.7,62.2,77.2,78.6,91.5,85.3,86.4,82.1,90.3,81.1,76.8,78.9,55.7,80.6
8/14/17 8:59,9:00,60.5,60.5,81.1,82.5,79.9,80.2,74.8,66.2,72.5,68.8,75.8,78.4,45.4,66.9,65.5,82.8,79.4,80.3,75.8,86.3,74.5,66.4,74.3,53.8,69
8/14/17 9:59,10:00,60.5,65.8,76.4,70.8,69.1,69.7,70.2,65,65.6,60.6,58.7,70,52.6,67.4,59,77.4,72,65.5,73,79.5,68.2,62.3,66.9,52.6,66.2
8/14/17 10:59,11:00,63.5,55.6,69.9,69.7,63.8,61.7,63.8,58,64.4,60.6,50.7,67.7,52.6,63.3,56.6,71.7,69.7,69.5,71.2,79,64.8,56.9,62.3,43.6,61
8/14/17 11:59,12:00,60.5,58,68.8,65.7,62,56.4,61.4,59.2,57.9,55.3,48.3,63,60.3,58.5,54.8,70.6,66.8,63.7,66,74.5,60.1,56.2,55.8,51.4,62.1
8/14/17 12:59,13:00,56.3,47.7,63,61,50.6,51.7,56,50.3,55.5,53.5,39.6,60.7,50.2,58,51.2,65.9,61.5,60.1,63,71.6,58.9,42.1,54.7,44.7,58.1
8/14/17 13:59,14:00,53.9,48.4,60.1,55.1,42.8,48.7,54.8,50.3,53.2,52.3,38.9,58.9,50.8,53.2,48.2,61.1,59.8,54.7,59.5,68.7,53.6,48.3,46.3,44.7,50.3
8/14/17 14:59,15:00,54.5,40.9,53.5,50.8,46.3,45.6,45.6,46.1,46.5,52.3,41.4,56,47.8,45.8,41.4,61.8,57.5,52.9,52.9,65.2,46.3,38.9,51,40.5,49.8
8/14/17 15:59,16:00,53.3,47.8,54.1,51.4,44.5,46.9,46.8,50.3,47.8,49.3,42,50.5,48.4,45.8,44.5,60,53.3,51.7,56,63.5,45.7,44.6,49.9,41.7,48.6
8/14/17 16:59,17:00,47.1,47.2,55.3,45.9,48.9,38.9,45.1,47.9,40.9,42.4,35.2,46.2,48.4,39.4,45.8,55.1,49,44.7,49.2,59.3,39.5,42.7,44.4,44.1,45.5
8/14/17 17:59,18:00,50.2,44.6,49.8,47.7,46.2,43.2,41.2,46.6,42.7,42.4,42,41.8,49,42.6,42.6,57.6,45.2,44,49.9,60.5,41.3,38.1,44.9,42.9,44.3
8/14/17 18:59,19:00,53.3,40.8,49.2,45.2,49.3,48.1,29.7,42.8,44.6,41.1,51.4,42.4,45.8,41.3,41.3,58.1,43.3,46.6,46.7,61.1,42.5,39.4,47.4,34.1,46.6
8/14/17 19:59,20:00,57.5,45.8,54.7,52.6,56.7,52.9,45.5,48.4,47,50.5,58.7,47.4,54.4,47,46.3,61.2,54.4,50.3,54.7,64.7,47.5,45.7,48,45.2,49.7
8/14/17 20:59,21:00,65.3,53.2,56.5,61,60.2,57.6,51.1,52.7,52.6,52.3,68.8,53.5,63.3,55,54.2,67.1,59.8,58.3,61.9,65.8,52.3,49.5,56.5,53.1,59.3
8/14/17 21:59,22:00,70.5,62.3,64.8,66.9,67.9,63.5,57.8,61.6,61,59.5,72.9,60.2,72.6,63.4,61.4,71.1,62.8,64.9,67.8,74.5,59.6,59.3,64.1,61,65.7
8/14/17 22:59,23:00,75.1,69.3,69.4,72,77.1,68.1,63.2,65.7,65.1,64.2,78,67.2,77.1,66.9,65.5,74.6,66.8,70.2,75.9,79.6,67.2,64.1,70.4,69.7,70.8
8/14/17 23:59,0:00,79.5,72.2,74,77.6,82.2,73.1,66.8,69.6,70.9,68.8,79.8,74.5,81,72.7,69.6,79.6,73.8,75.3,78.7,82.3,72.8,69.4,74.4,72,73.5
8/15/17 0:59,1:00,80.5,78.5,77.4,81.4,84.2,77,71.4,76.4,74.8,75.1,83.9,84.8,84.1,77.2,75.3,82.3,74.3,83.1,83.2,84.3,74.5,75.1,78.3,78.8,78.5
8/15/17 1:59,2:00,84.6,80,78.6,84.6,86.8,78.2,77.1,79.2,77.6,81.2,87.1,87.8,87.6,80,80.8,84.3,80,84.6,84.2,83.3,78.4,77.9,81,81,81.2
8/15/17 2:59,3:00,85.6,85.7,82.8,85.5,88.4,80.8,81.6,82.3,78.7,81.7,88.6,92.2,90.7,81.6,84.3,85.4,84.4,85.6,86.9,83.8,78.9,80.6,81.6,87.2,79
8/15/17 3:59,4:00,87.1,88.8,84.4,87,90.3,82.3,82.6,84.3,81.4,84.2,90.1,93.7,92.6,82.6,86.9,85.8,89.4,90.1,90,86.8,79.5,83.2,82.1,88.1,80.1
8/15/17 4:59,5:00,89,91.3,87.5,88.8,92.3,83.3,84.2,87.3,84,86.2,91,95.5,95,84.1,89.8,88.4,91.5,91,89.4,89.3,81.2,87.3,84.7,92.6,82.6
8/15/17 5:59,6:00,89.9,91.7,90.5,90.3,93.3,84.3,85.1,87.7,86.5,88.7,93.5,96,95.5,86.6,90.8,89.9,93,92.9,93.5,91.8,82.2,87.3,88.2,95.1,86.2
8/15/17 6:59,7:00,90.4,91.2,93.1,91.7,93.3,84.3,85.7,87.7,88.1,84.6,94.1,97.4,94.2,86.2,87.4,93.3,93,92.9,94,91.8,83.8,86.7,87.8,76.5,83.8
8/15/17 7:59,8:00,65.9,83.9,92.7,89.8,91.4,84.3,86.1,77.6,83.1,74.5,87.6,93.2,66.3,80.5,83.6,88.4,87.7,88.1,85.3,87.9,83.3,81.8,84.9,51.5,77.4
8/15/17 8:59,9:00,58.2,79,86,84.1,82.2,79.8,81.1,73.7,76.5,71.1,79.2,83.3,52.8,70.4,66.8,83.5,81.7,82.5,75.9,87.9,77.3,74.6,74.4,55.8,77.4
8/15/17 9:59,10:00,50.3,48,80.2,76.5,71.5,73.2,72,59.9,70.3,64.2,68.8,75.7,54.6,68.1,56.8,71.7,77.2,67.3,74.7,81.2,73.4,56.4,65.8,35.2,66.2
8/15/17 10:59,11:00,44,53.4,62.6,68.7,60.9,65.8,65.1,51.7,63.4,56,37.3,68.9,48.6,59.8,49.5,64.2,71.6,62.6,69.6,73.4,63.7,54.6,45.8,40.6,58.7
8/15/17 11:59,12:00,47.1,37.3,56,55.2,51.9,38.4,56.7,45.6,50.8,45,34.5,56.6,50.4,52.6,46.4,55.8,62.2,54.7,62.6,61.7,48.2,48.3,46.3,39.3,48
8/15/17 12:59,13:00,47.1,39.7,48.7,50.3,38.3,40.3,46.2,41.7,44.1,44.4,33.4,50,41.7,45.2,43.2,52.1,50.8,46.7,54.8,55.8,45.7,33.8,41.5,40.4,41.9
8/15/17 13:59,14:00,46.5,37.1,48,47.2,44.5,42.1,41.1,40.5,43.4,43.2,36.5,43.7,41,42.6,36.2,52.8,47.8,46,48.7,55.8,43.2,37.5,40.8,34.1,38.7
8/15/17 14:59,15:00,39.5,30.2,36.9,35.2,23.8,35.9,34.8,33.6,32.7,38.2,28.3,38.1,33.7,31.1,28.1,44,35.8,35.2,36.9,44.5,33.8,27.9,34.5,29.8,31.6
8/15/17 15:59,16:00,32.9,26.8,38.1,29.9,19.2,27,28.3,30.4,31.4,33,24.7,33.6,30.8,29.1,27.3,40.1,33.9,31.9,31.2,40.7,28.1,25.8,35.1,25.8,31.6
8/15/17 16:59,17:00,32.9,27.5,36.8,32,36.8,29.5,28.3,31.7,30.8,33.6,26.7,34.9,31.4,27.9,30.6,38.2,32.6,31.9,29.4,40.1,30.6,27.1,35.1,28.5,31.1
8/15/17 17:59,18:00,35,29.4,34.8,33.8,38.1,28.9,24.5,32.3,33.4,34.3,30.6,33.7,32,27.9,30.6,40.1,35.3,29.4,30.5,40.8,30.6,23.8,35.8,25.4,33
8/15/17 18:59,19:00,35.5,32.7,38.7,36.4,41.3,30.9,26,35.5,35.2,35.7,35.7,35.6,41.5,29.9,33.8,46.5,36.5,35.8,34.9,45.8,32.6,32.3,37,28.5,36.2
8/15/17 19:59,20:00,45.2,39.7,46.9,44.7,47.6,40.8,40.7,41.1,44.2,43.8,46.5,42,47.7,43.3,40.8,50.2,47.9,45.4,43.7,52.1,42.1,37.7,45.2,39.2,43.7
8/15/17 20:59,21:00,53.3,51,54.8,52.1,53.7,46.9,47.6,50.4,52.2,50.6,58.8,50.1,58.2,54.6,50.2,56.4,53.9,54.2,55.4,59.4,50.1,48.4,57.2,50.3,52.8
8/15/17 21:59,22:00,61.8,58.8,62.5,61.2,64.5,56.5,55.5,58.8,57,54.8,67.7,56.7,61.1,58.7,59.8,64.8,61.7,62.7,61.4,65.9,55.5,57.7,59.5,58.7,57.6
8/15/17 22:59,23:00,67.7,62.3,65.4,64,70.3,61.2,59.1,61.7,60.5,55.9,74.1,59.6,69.8,63.5,61.5,68.9,62.2,63.8,60.8,70.5,57.8,60.6,63.5,62.2,58.1
8/15/17 23:59,0:00,69.4,62.8,65.9,67.5,71.4,64.1,59.7,62.2,64.5,61.9,75.8,63.1,65.1,64.6,63.8,72.9,63.9,68.4,64.8,72.8,60.8,60.6,66.4,63.3,62.2
8/16/17 0:59,1:00,73.3,61,67.1,70.3,72,66.3,60.2,61.5,65.7,63.6,77.4,66,64.5,65.1,64.9,75.1,67.4,69,63,75.1,63,60.6,66.4,61.5,63.3
8/16/17 1:59,2:00,76.2,64,65.3,72,72,68,59.5,62.1,63.9,60,78.7,68.2,74.3,63.9,61.9,76.2,68.6,71.3,67.7,69.8,63.6,61.6,66.9,63.8,63.3
8/16/17 2:59,3:00,71.8,68.1,67.6,73.7,73.7,65.7,63.7,64.4,64.4,60.5,75.9,74.5,74.3,65.6,67.8,71.3,71.4,72.4,70.6,67.5,64.7,65.8,66.3,63.8,67.3
8/16/17 3:59,4:00,75,66.9,67.9,73.7,76,69.1,63.7,66.1,70.8,64.7,79,78.9,75.4,68.6,67.2,72.9,73.2,77.5,73.7,66.3,65.9,66.3,69.8,67.9,69
8/16/17 4:59,5:00,74.4,72.2,69.6,74.4,80.8,67.2,69.6,71.5,74.8,71,77.9,85.1,78.1,72,73.6,73.4,75.5,78.6,74.2,66.1,68.8,68.4,73.4,68.8,68.4
8/16/17 5:59,6:00,75.4,71.7,71.8,77.5,84.5,70.4,68.4,72.6,74.9,73.5,78.9,87.1,82.2,74.4,76.8,79,78.8,79.6,77.5,77.2,69.3,69.5,73.9,74.9,75.2
8/16/17 6:59,7:00,79.2,75.6,74.6,78,86.1,73.8,71.4,74.8,73.8,73.3,83.8,88.6,78.2,74.3,69.5,81.6,77.8,81.2,79.2,82.5,70.5,70.7,73.4,63.8,71.3
8/16/17 7:59,8:00,60.6,73.3,78.5,78,75.9,73.8,72,68.5,73.7,63.5,79.6,75.6,60.4,66.9,69.5,77.9,78.9,76.4,75.8,79.5,68.8,73.4,73.4,48.4,61.5
8/16/17 8:59,9:00,48.9,53.3,78,73.1,72.5,66.8,68.5,61.6,69.1,64.2,67.6,70.6,41.8,61.6,58.5,69.3,73.2,72.4,68.9,75,69.4,57.5,69.2,47.3,62.2
8/16/17 9:59,10:00,43.2,46.6,71.2,65.7,64.4,63.4,63.2,53.3,62.2,55.3,59.8,64.2,51.5,58,50.7,61.7,67.5,57.2,68.4,70.5,63.6,48.3,60,31.9,57.5
8/16/17 10:59,11:00,38.2,46.6,53.5,57.4,56.1,53.4,55.4,44.8,52.6,49.9,30,59,41.7,52.6,40.1,55.7,59.2,51.7,62.5,66.4,57.8,50.2,42.1,34.3,52.2
8/16/17 11:59,12:00,39.3,34.7,48,42.7,48.2,32.1,46.1,40,47.1,37.5,28.1,46.1,41.7,47,38.2,45.1,50,41.4,53.5,55.7,40.1,40.8,40.2,34.8,44.9
8/16/17 12:59,13:00,38.7,27.7,41.3,39.6,35.9,29.5,40.5,31.8,40.3,37.5,26,45.7,32.8,40.7,33.8,43.2,49.6,39.1,48,48.4,39.5,24.5,37.2,32.9,41.2
8/16/17 13:59,14:00,30.1,27.1,37.6,35.8,27.7,28,38,34.4,35.3,35,22.8,39.4,32.3,38.3,31.9,34.1,47.2,35.3,42,47.7,33.2,31.1,32.2,32.4,36.2
8/16/17 14:59,15:00,26.8,31.6,39.6,33.3,19.8,25,37.6,37,32.1,33.1,21.4,36.3,35.6,33.8,28.9,32.3,44.2,30.7,36.4,45.2,27.6,28.2,37.2,31.7,37
8/16/17 15:59,16:00,30.4,29.7,43.9,31.4,19.5,24.4,33.2,35.7,33.5,35,21.4,34.3,36.2,34.6,30.1,33,44.2,29.5,34.7,42.8,27.6,27.4,40.3,29.2,37
8/16/17 16:59,17:00,33.8,35.6,46.5,34.8,38.9,29.1,33.9,38.9,35.7,38.4,25.6,38.3,40.7,34.6,36,35.7,41.2,30.8,37.3,46.7,34.2,35.4,41.1,33.3,36.5
8/16/17 17:59,18:00,38.5,36.8,44.6,41.2,46,30.6,31.4,38.9,37.4,39.1,34.1,40.3,40.7,34.1,36.6,47.4,43.8,34.9,36.5,47.3,36,31.4,41.7,31.5,39.6
8/16/17 18:59,19:00,43,39.9,47,43.7,47.1,35.6,30.1,40.7,41.8,39.6,39.1,41.5,45.5,36.6,41,49.2,43.8,39.9,44,52.2,37.3,39.1,44.1,34,43.2
8/16/17 19:59,20:00,50.4,47.4,53.8,49.9,50.8,47.1,47.1,48.1,49.3,48.3,49.8,47.7,52.3,53.5,47.2,52.2,54.1,50,50.1,57.7,47.8,44.8,52.6,46.8,50.6
8/16/17 20:59,21:00,61.3,57.8,63.2,60.7,58.6,58.5,57,58.3,59.5,58,61.3,58.7,60.7,61.9,58.7,61.3,63.6,62.2,60.3,69.5,56.3,57.2,63.2,59.5,61.3
8/16/17 21:59,22:00,68.9,65.4,70.7,68.3,68.7,68.3,64.1,65.9,65.3,64.4,70.7,65.7,68.8,68.3,65.8,70.7,70,68.7,66.8,75.2,62.7,64.3,68.9,67,68.1
8/16/17 22:59,23:00,75.7,72.3,76.9,74.4,75,73.8,71.6,72.1,72.2,70.7,76.4,72.4,75,73.9,73.2,76.4,75.1,75.4,73.2,84.6,70.8,71.8,75.1,72.7,73.7
8/16/17 23:59,0:00,80.7,77.9,82.5,79.3,80,77.7,75,78.2,76.1,75.2,83.7,77.4,80.5,76.7,77.6,82.5,78.4,80.4,78.8,90.9,74.6,77.4,78.9,78.9,78
8/17/17 0:59,1:00,86,81.8,85.2,84.7,85.5,81.5,76.7,79.8,78.3,77.4,88.6,79.6,86.5,78.9,83.1,87.3,81.2,83.7,84.9,92,78,79.6,79.5,81.1,79.1
8/17/17 1:59,2:00,89.2,85.6,86.3,86.3,86.6,84.1,79.5,83.6,77.1,79,92.3,78.5,89.2,80.6,85.8,89.5,84.5,83.7,84.4,92.5,77.4,81.3,82.7,86,80.2
8/17/17 2:59,3:00,88.1,90.9,91.1,85.7,87.7,84.1,81.1,87.3,79.3,79.6,91.2,82.3,92.3,81.1,88.5,90,81.2,93.1,87.1,92.5,79.6,85.6,82.7,90.8,79.6
8/17/17 3:59,4:00,83.9,89.9,87.9,87.8,87.1,81.4,81.1,87.8,77.1,79.6,85.3,81.2,93.9,79.4,88.5,88.4,80.1,92.1,81,92.7,80.1,85.6,79.4,90.8,78.5
8/17/17 4:59,5:00,84.4,83.4,84.6,79.8,83.3,83.6,77.2,81.4,75.4,75.7,85.3,76.2,87,77.2,80.3,86.3,80.1,83.1,79.9,91.7,76.8,80.7,77.8,83.2,77.4
8/17/17 5:59,6:00,80.6,79,83,77.6,80.5,81.4,75.5,78.7,73.7,74.5,80.8,75.1,80.5,74.9,78.1,84.1,76.7,79.8,78.7,90.1,76.2,78.5,76.6,78.2,77.4
8/17/17 6:59,7:00,81.2,76.2,80.8,77.6,79.4,80.3,74.3,76.4,73.1,73.4,81.4,74,79.4,75.5,75.9,82.4,75.5,80.3,78.2,87,74.5,75.7,75.5,76.6,75.8
8/17/17 7:59,8:00,76.2,72.8,79.1,74.8,76,76.5,73.2,73.6,70.9,70,74.1,72.3,74.3,72.7,72.5,80.2,73.2,78.1,74.2,83.3,71.1,72.3,71,72,71.9
8/17/17 8:59,9:00,71.1,67,75.2,70.3,69.1,70.4,69.1,67.9,67.4,65.4,65.9,67.7,68,68.7,64.4,75.2,72.1,71.9,70.1,81.2,68.3,65.9,65.8,62.2,64.5
8/17/17 9:59,10:00,68.2,63.5,71.7,66.9,65.6,64.1,65.1,64,64.5,62.5,58.8,66.6,67.5,63.4,62.7,72.9,69.2,67.8,71.3,77.9,64.3,63,63.5,59.9,61.6
8/17/17 10:59,11:00,52.8,55.8,70.1,67.5,62.7,60.1,62.1,58.2,59.8,58.4,51.5,62.5,57.5,59.8,53.8,67.1,64.6,64.3,67.8,74.5,60.2,55.2,60,48.5,58.1
8/17/17 11:59,12:00,55.2,38.6,58.9,55.2,58.5,43.3,57.3,46.8,54.5,49.4,37.8,60.2,47.3,57.5,46.5,60,60.5,57.8,61.9,68.2,50.7,46.6,50,43,55.2
8/17/17 12:59,13:00,51.5,36.1,54.2,52.2,42.8,40.9,56.2,42,51.5,46.3,35.4,57.8,42.5,52.1,45.2,55.8,60.5,49.9,59.6,60.6,52.5,30.7,47.6,42.4,48.6
8/17/17 13:59,14:00,47.2,39.2,50.7,48.6,34.8,40.3,48.8,45,48.4,45.8,30.8,53.7,44.9,50.8,40.9,54.6,57,44.4,53,64.2,47.1,45.3,45.9,42.4,49.3
8/17/17 14:59,15:00,45.3,38,46.3,42.4,28.5,38.5,43.3,42.5,44.3,47,30.3,49.4,43,46.6,34.6,52.8,52.8,40.5,45.7,60.6,40.3,32.7,48.9,42.4,46.3
8/17/17 15:59,16:00,45.3,39.9,53,43,24.1,33,41.5,45.1,42.5,47.6,30.9,48.9,47.4,44.2,40.4,50.4,51.6,38,39.7,58.3,40.3,39.1,52.5,40.6,45.1
8/17/17 16:59,17:00,44.8,41.2,53,43,49.5,37.4,37,43.8,39.3,46.4,36,47.7,46.1,38.5,42.2,51,50.5,40.7,40.9,55.9,42.2,41,49.5,37,42.7
8/17/17 17:59,18:00,45.5,43.6,53.7,46.2,52,36.2,35.9,46.2,44.3,47.7,37.9,47.7,49.8,39.1,44.2,52.8,47.4,41.3,42.1,56.5,42.9,35.4,48.3,35.8,43.3
8/17/17 18:59,19:00,47.9,44.9,53,48,53.8,40.4,31.4,46.9,46.8,45.8,47.3,47,55.3,37.2,45.3,55.3,49.2,45.6,49.4,59.5,42.9,43.5,47.7,35.8,45
8/17/17 19:59,20:00,54.1,48,55.5,51.6,58.6,48.9,47.7,49.8,51,52.5,57.1,50.1,61.2,51.5,49.6,60.1,55.3,54.9,56.1,64.8,50.8,46.6,53.7,49.2,53.5
8/17/17 20:59,21:00,62.5,57.1,61.4,60.1,63.4,58.4,55.1,57.7,58.2,56.7,68.3,58,68.1,58.2,58.7,67.8,61.8,62.1,61.5,71.8,56.8,55.9,61.3,58.2,60.6
8/17/17 21:59,22:00,67.2,63.6,67.8,63.6,70.4,64.8,60.5,62.3,62.9,62.6,74.1,62,72.1,67,64,73,66.4,66.2,66.2,79.6,64.4,61.9,67.1,62.9,67.5
8/17/17 22:59,23:00,75.1,68.8,73.5,71.6,76.1,70.5,66.3,68.6,69.3,68.4,80.3,69,72.1,71.6,69.1,77.5,71.6,73.1,72.5,83.5,68.4,68.3,72.8,68.7,71.4
8/17/17 23:59,0:00,79.6,73.9,76.9,76,82.2,72.1,69.8,72.6,72.6,72.3,83.1,72.9,80.5,73.9,72,79.7,76.1,77.1,74.8,87.8,72.3,72.3,76.7,72.6,75.2
8/18/17 0:59,1:00,82.8,76.2,80.8,77.6,81.6,76.5,73.8,74.8,74.9,74.6,86.4,76.8,82.7,77.2,76.5,83,77.2,80.3,77,90.4,75.7,75.1,80,76.6,79.1
8/18/17 1:59,2:00,84.4,80.1,80.2,81.4,88.2,78.7,73.2,77,78.8,76.8,87.3,79,84.7,79.4,77,85.7,77.2,81.4,83.2,91.7,77.9,77.9,81.6,78.2,80.1
8/18/17 2:59,3:00,83.9,83.3,80.2,81.4,89.6,79.8,74.3,79.7,77.6,77.3,87.3,78.4,86.2,78.8,78.1,87.9,80,83.1,86,92.5,77.9,79,82.7,84.3,81.7
8/18/17 3:59,4:00,85.8,80.1,81.8,85.2,91,83,76.6,79.2,79.3,78.4,91.3,83.9,88.2,80.5,79.2,88.1,80.6,85.2,83.7,93,82.2,80.7,83.2,81.6,83.3
8/18/17 4:59,5:00,88.2,82.2,83.3,85,92,84.4,78.3,80.3,80.9,80.1,93.2,84.3,87.2,82.7,81.4,90.6,83.9,85.1,88.5,91.4,84.9,80.7,82.6,82.1,84.2
8/18/17 5:59,6:00,89.1,85.8,85.3,85.4,92.9,83.9,79.4,83.4,82.6,80.1,95.7,85.2,91.6,81.6,81.8,90,85.9,86.1,90.5,92.4,80.1,83.3,82.6,84.1,85.7
8/18/17 6:59,7:00,91.1,86.8,85.9,87.5,89.9,85.8,80,84.4,81.4,78.9,92.6,84.2,92.2,81.6,81.8,89.5,84.9,86.6,85.9,91.9,81.7,82.7,81,83.7,80.7
8/18/17 7:59,8:00,68.8,80.1,84.9,86.2,84.3,83.9,78.8,76.4,78.2,70,88.7,80.6,66.3,70.9,77.5,88.5,83.3,82.5,86,85.9,77.3,79,78.3,54.6,70.2
8/18/17 8:59,9:00,54,57.6,81.8,80.9,79.9,79.8,73.8,64.6,74.3,68.2,78.6,76.2,48.6,67.5,62.7,81.3,77.8,78.7,83.2,85.1,73.9,66.5,73.2,48,67.3
8/18/17 9:59,10:00,49.1,56.4,79.1,73.8,69.2,73.2,70.3,61.7,70.3,61.9,70,72.3,58.8,64.6,58,72.3,75.5,65,78.7,80.7,71.2,57,66.4,46,62.2
8/18/17 10:59,11:00,45.3,58.2,68.9,68.7,62.2,67,65.1,53.5,62.2,56.6,39.9,67.2,52.8,59.9,49.5,66.6,69.8,59.7,75.3,72.8,64.9,57,48.9,44.3,55.2
8/18/17 11:59,12:00,50.3,41.9,59,57.1,53.2,44,58.6,50.5,53.9,49.4,37.9,59.6,49.3,52.1,47.2,58.2,62.3,57.9,67.3,65.9,53.7,51,49.4,46.2,51.7
8/18/17 12:59,13:00,48.5,36.8,50.7,49.8,39.7,37.3,48.9,40.8,48,44.6,32.8,53.7,40.7,49.1,42.8,54,54.6,47.5,56.7,59.5,48.3,34.6,47.7,44.3,46.4
8/18/17 13:59,14:00,46.7,35.6,44.6,45.5,31.7,39.1,45.2,40.8,44.9,44,30.3,50.8,41.3,44.1,39.1,49.2,50.4,43.2,48.8,60.1,44.7,41,42.3,40,43.3
8/18/17 14:59,15:00,40.3,36.9,44.6,43.2,27.3,35.4,42.8,40.8,42.6,43.4,27.8,46.5,38.8,41.7,36.1,46,48.6,44,40.9,55.3,38,34.8,46.5,36.4,42.1
8/18/17 15:59,16:00,41.8,36.9,49,43.2,25.5,28.7,39.7,40.8,40.7,44.7,30.5,46.5,41.3,40.5,38,50,48.6,40.1,40.4,55.3,39.9,37.3,46.5,37,46.4
8/18/17 16:59,17:00,46.2,40,51.3,45.6,49.6,37.5,41,43.3,43.8,46.5,37.4,48.4,45,40.5,41.1,53.6,48.1,45.7,42.3,59.6,44.8,40.5,48.3,37,43.9
8/18/17 17:59,18:00,46.2,46.2,54.9,47.5,50.8,39.8,38.5,48.2,46.8,47.1,40.4,49.6,49.3,43,46.1,53.6,49.8,44.5,45.3,57.7,46,41.1,51.4,38.9,45.8
8/18/17 18:59,19:00,49.8,50.5,56.1,51.1,53.8,39.8,38.5,50.6,51.7,47.7,48.6,50.2,55.3,44.9,49.1,57.1,53.5,50.1,50.7,63.1,48.4,48,53.8,38.9,53.6
8/18/17 19:59,20:00,57.7,56.5,62.6,58.9,61,54.9,56.3,57.1,58.3,56.8,56.5,57.4,60.7,58.2,57.5,63.7,61.2,61,59.8,70.1,55,55.9,60.2,56.4,57.1
8/18/17 20:59,21:00,66,63.7,68.4,65.9,66.9,63,62.3,63.5,62.4,62,64.8,62.7,64.7,65.3,64.6,67.2,65.3,64.5,65.6,75.2,62.1,63.1,65.4,64.1,65.8
8/18/17 21:59,22:00,72.3,69.4,74.1,68.2,71.5,71.6,67.5,69.2,67.6,67.2,72.4,67.3,73.3,69.3,68,73.5,71.6,69.7,70.2,81.3,65.5,69.5,69.9,69.3,70.3
8/18/17 22:59,23:00,75.7,72.3,76.9,72.7,77.2,73.8,69.8,73.2,71,69.5,76.9,70.1,75.5,72.2,72,78.6,74.4,72.5,74.8,82.3,69.5,72.3,73.9,73.8,73.6
8/18/17 23:59,0:00,79.6,76.8,80.8,76.6,81.1,78.2,73.2,75.9,72.7,74,84.2,73.5,81.6,76.1,75.9,82.4,77.8,76.5,80.4,86.7,73.5,75.2,76.1,77.7,75.3
8/19/17 0:59,1:00,84.4,81.2,83.6,82,82.7,80.4,76.7,78.1,76.6,75.7,89.6,76.3,83.8,78.4,79.2,84.6,79,80.4,82.7,87.8,76.3,77.4,80.5,79.9,79.1
8/19/17 1:59,2:00,87.1,76.2,81.9,77.7,84.4,82,76.1,76.5,74.3,74.6,91.9,75.1,81.6,77.2,77,87.3,76.1,77.6,82.1,87.2,78.5,76.8,77.2,77.2,78
8/19/17 2:59,3:00,85.8,77.3,83,79.3,85.5,83.1,76.1,77,75.4,76.8,92.4,76.8,83.8,77.8,78.1,90,79.5,79.8,78.7,86.7,75.7,77.4,77.7,78.2,78
8/19/17 3:59,4:00,86.3,76.2,81.3,78.7,86.4,83.1,74.9,75.9,75.4,75.6,91.8,75.7,78.3,77.2,76.4,87.7,76.1,78.7,77,86.7,78.4,76.8,79.4,76.6,80.1
8/19/17 4:59,5:00,84.6,73.3,78.5,78.2,88.5,83.1,72,73,73.7,77.3,90.6,77.3,76.6,73.2,73.6,86.5,74.9,79.2,76.4,84.3,80.1,73.4,76.6,72,77.9
8/19/17 5:59,6:00,84.6,74.4,75.3,73.7,82.1,80.2,72,73.6,73.1,71.1,91.6,72.2,76.6,76.1,73.6,85.8,74.9,74.7,78.1,82.2,72.8,73.9,75.5,73.1,74.1
8/19/17 6:59,7:00,82.5,74.4,76.8,75.4,80.5,77.6,70.8,73.6,70.2,68.2,86,70.5,77.1,73.2,71.3,82.8,79.4,73.6,74.1,81,72.8,73.9,75.5,72,71.3
8/19/17 7:59,8:00,79.4,71.6,77.4,74.2,76,78.1,74.8,71.9,70.2,67,80.7,72.2,69.1,63.9,69.5,82.8,74.3,73.6,70.6,82.7,69.3,72.2,70.3,66.2,65
8/19/17 8:59,9:00,54.4,53.3,71.9,67.9,67.8,70.8,66.7,59.8,62,59.3,71.7,63.5,40.4,57.9,59,72.8,69.7,66,59.5,73.5,64.7,60.5,64,40.4,63.2
8/19/17 9:59,10:00,43.9,50.2,70.5,65.1,62,65.7,64.4,51.5,62.7,57,62.8,64.1,48.4,57.9,49.4,64.6,68.6,54.6,64.2,72.7,63,51.3,59.9,33,56.2
8/19/17 10:59,11:00,41.3,52,61.8,62.8,58.4,59.9,59,49.1,56.8,52.9,34.5,60.7,48.4,58.6,45.1,60.5,66.3,55.2,64.8,72.7,60.7,53.8,46.3,38,55.1
8/19/17 11:59,12:00,53.4,39.7,56.5,56.3,54.9,42.2,57.2,46.7,55,51.8,37.2,60.7,46.6,56.9,43.9,59.4,63.4,57.8,60.7,69.9,56,48.9,50.6,41.1,53.4
8/19/17 12:59,13:00,52.8,37.4,56,54.6,43.4,43.4,52.5,43.8,51.5,50.6,39.2,58.4,43,52,47.1,57.6,59.3,52.3,57.8,62.3,53.1,37.1,48.2,44.8,48.6
8/19/17 13:59,14:00,47.2,37.4,49.5,47.8,33.4,40.9,47.6,43.8,49.2,47.6,36,52.5,41.8,46.6,43.4,52.8,56.3,46.1,53,60,48.2,44,45.8,42.5,45
8/19/17 14:59,15:00,38.2,38.6,44.5,44.2,26.5,34.5,44.5,41.9,42.3,43.8,30.2,47,43.7,42.2,39.8,47.1,47.2,43.1,43.9,56.4,40.3,33.9,45.8,40.6,42
8/19/17 15:59,16:00,35.5,36.7,50,39.8,24.5,26.5,37.5,40.6,41.1,41.3,28.2,43.2,41.1,39.6,35.2,44.6,45.4,37.9,37.1,49,36.5,38.9,43.9,36.2,38.8
8/19/17 16:59,17:00,34.9,35.9,45.6,37.7,41.9,29.5,35.5,41.2,36.6,40,29.3,40,41.1,36.4,37.7,40.7,42.3,35.8,39.5,46.5,36.5,36.3,42.7,36.2,36.8
8/19/17 17:59,18:00,36.8,39.1,48.1,40.3,40,32,34.9,41.2,39.8,38.8,33.8,38.8,42.3,35.7,38.2,43.9,45.4,35.8,40.7,47,35.7,35.7,42.7,34.3,39.9
8/19/17 18:59,19:00,44.6,46,52.3,47.8,47.5,38.9,40.7,46.7,46,45.7,42.7,46.3,50.3,42.7,45.8,50.2,49.1,46.7,46.9,55.1,43.9,44.6,48.2,41.2,44.9
8/19/17 19:59,20:00,51.5,50.9,56,52.1,53.1,47.5,48.2,51.6,50.9,50,50.8,50,52.7,52,50.1,54.5,53.3,52.9,53,59.3,48.8,50.9,53.6,50.3,51.6
8/19/17 20:59,21:00,60.6,57.6,61.3,60,61.5,58.2,54.3,57,56.9,56,61.7,56.6,59.9,59.3,57.3,62.9,59.3,58.4,59,67,55.4,56.4,61.2,56.9,58.1
8/19/17 21:59,22:00,66.5,61.1,65.4,61.7,65,65.2,59.1,61.6,58.6,58.9,67.6,60.2,62.2,58.6,62.1,69.4,61.6,61.4,58.3,71.7,57.8,60,60.5,61.6,59.2
8/19/17 22:59,23:00,67.6,62.8,67.7,59.2,71.4,66.3,62,62.1,57.3,57.6,68.2,56.5,62.2,60.3,63.2,71.1,63.3,58.8,61.2,72.2,55.9,61.7,59.8,62.7,58.5
8/19/17 23:59,0:00,69.3,64.6,69.4,62.7,71.9,66.8,62.6,64.4,59.7,59.4,74.1,59.4,69.1,61.5,64.3,71.7,66.2,62.4,68.9,72.2,58.8,64.6,64,65.6,62.6
8/20/17 0:59,1:00,70.1,67.5,71.1,67.4,70.2,68.5,63.7,67.3,63.8,62.9,76.8,64.7,70.8,66.2,67.2,71.9,68,67.2,74.1,73,63,67,66.9,67.9,65.5
8/20/17 1:59,2:00,73.8,72.1,71.9,70.2,73.3,68.3,67.3,69.6,64.4,64.7,75.6,65.9,75.5,68.6,69.5,74.6,70.3,69.5,78.1,75.7,65.3,69.3,68.6,71.9,67.3
8/20/17 2:59,3:00,76.6,71.7,73.5,74.8,74.9,71,69,71.9,68.5,67,79.4,69.9,75.9,70.3,73.2,75.7,72,74.1,78.7,76.1,67,71.6,72,71.9,70.1
8/20/17 3:59,4:00,78.1,75,75.6,74.4,75.4,71,71.9,72.6,71.4,69.3,80.5,72.8,81.8,73.2,76.3,76.7,76.7,74.8,81.9,78.8,69.3,72.9,73.4,74.9,71.4
8/20/17 4:59,5:00,78.7,77.2,78.9,77.5,78.2,72.1,73.7,75.3,75.3,72.7,81.5,75.6,84.9,75,75.9,78.3,77.3,78.6,82.9,83,71.1,75.1,77.7,77.6,73.6
8/20/17 5:59,6:00,80.2,81.9,82.1,81.7,79.2,76.3,75.6,79,78.7,74.6,84.1,78.8,87.9,78.3,78.5,81,79.9,81.8,86.6,87.6,74.6,77.8,80.3,81.3,77.8
8/20/17 6:59,7:00,79.3,81.9,84.7,82.8,80.9,75.8,77.8,80.2,76,74.6,84.7,78.8,84,77.2,79.2,81,81,81.3,86.6,86.7,74.6,80,79.3,77.7,74.7
8/20/17 7:59,8:00,74.5,77.4,84.2,81.3,79.3,75.8,78.2,78.1,76,73.3,82.8,78.8,76.6,75.5,77.1,81,82.1,79.8,82.1,86.7,74.6,78,77.8,72,74.1
8/20/17 8:59,9:00,61.1,63.4,79,77,75.4,72.6,72.6,68.5,72,66.5,71.7,73.4,55.7,68.6,66.1,75.1,77.2,75.3,72.4,79.1,71.7,68.8,71.5,56.2,68.4
8/20/17 9:59,10:00,60.5,61.1,76.8,73.7,70.8,68.6,70.8,65.6,69.7,65.9,64.1,71.1,63.9,66.3,60.2,72.3,73.2,68.4,75.3,80.1,69.4,65.8,67,49,65.6
8/20/17 10:59,11:00,56.3,58.7,69.4,68,63.8,61.8,67.4,60.4,63.9,60.1,49,67.7,57.5,64,56.7,67.7,70.3,64.3,70.1,77.9,65.4,58.2,62.9,48.4,66.2
8/20/17 11:59,12:00,53.3,39.9,61.3,56.3,55.5,44.6,59.7,49.2,55.7,50.5,37.8,60.7,50.3,54.4,45.8,63,64,56.5,64.3,71.7,55.4,51.5,53,44.2,54.6
8/20/17 12:59,13:00,47.8,37.3,51.8,50.9,43.9,39.6,51.2,41.9,48.4,45.7,38.4,53.6,43.6,46.4,44,55.2,58.1,48.6,55.4,60.6,50.7,37,45.8,43,48
8/20/17 13:59,14:00,44.7,37.3,46.9,43.5,34.1,37.9,43.2,41.3,41.7,42,32.2,44.4,41.1,37.5,39,50.3,44.7,39.1,49.3,56.4,40.8,37.7,39,38.7,38.2
8/20/17 14:59,15:00,41.5,35.3,43.2,39,35.2,34.6,38,36.8,36.6,35.7,33.3,37.5,36.1,36.4,33.2,46.5,40.4,38.4,43.9,49.6,37.1,33.1,39,33.1,38.2
8/20/17 15:59,16:00,41.5,35.8,43.2,40.9,42,39,39.3,38,41,38.2,37.8,39.5,37.3,40.8,36.4,47.8,44.2,42.3,42.5,49.6,39.6,34.9,41.5,33.6,41.9
8/20/17 16:59,17:00,35.7,36.7,46.3,39.1,42,33.4,36.4,40.1,37.9,40.2,30.7,41.5,38.7,39.6,36.4,43.4,43.6,37.3,39.5,49.1,35.2,36.4,42.1,33.6,38.2
8/20/17 17:59,18:00,39.5,43,50.7,44.2,42.7,34.6,42.7,43.2,44.3,42.1,35.9,42.7,44.3,39.1,41.7,47.9,49.2,38.7,43.9,49.6,40.9,41,45.9,39.4,37.5
8/20/17 18:59,19:00,44,44.9,51.8,49.2,49.5,40.9,38.4,47.5,48,47,42.1,46.4,49.8,44.1,45.9,49.6,51.6,46.8,49.5,52.7,44.6,44.8,48.9,43.1,44.4
8/20/17 19:59,20:00,50.2,51.6,56.7,54.6,54.9,45.1,50.7,52.3,50.4,50,50.2,48.9,58.8,49.6,52.7,54.6,57,54.2,57.9,55.8,47.7,50.4,51.9,51,49.2
8/20/17 20:59,21:00,58.2,57.7,62,60.7,59.7,51.8,55.7,57.7,58.2,56.1,61.8,56.2,65.9,60.1,57.5,60.6,60.6,61.5,64.5,63.6,51.9,56.5,60.8,57.6,57.1
8/20/17 21:59,22:00,70.1,64.2,67.8,65.9,66.8,64.8,62.3,64.1,64.7,63.2,71.8,64.5,67.1,67.1,63.4,70.1,66.5,68,70.2,72.9,60.9,62.5,68.3,64.1,64.1
8/20/17 22:59,23:00,75.1,68.3,73,74.4,73.8,71.6,68.7,68.7,68.2,67.8,79.8,71.3,72.7,69.4,69.2,77.5,72.2,73.2,72,75.7,66.1,68.4,72.2,68.7,68.1
8/20/17 23:59,0:00,79.6,74,78.6,77.7,75.5,76.6,71.6,73.2,70.4,69,84.2,71.3,79.4,74.5,74.8,81.9,75.1,74.3,78.2,79.6,69,73.5,74.5,74.4,70.8
8/21/17 0:59,1:00,83.9,79,81.9,80.4,79.4,79.3,75,77.1,73.8,71.8,88,75.2,83.2,76.7,77.6,82.5,77.3,79.3,84.4,83.5,71.8,77.4,77.2,77.7,73.6
8/21/17 1:59,2:00,86,82.9,84.7,81.5,82.8,79.3,77.2,79.8,76,75.2,90.2,77.4,88.1,78.4,80.4,84.1,81.2,79.8,88.8,84,73.5,80.2,78.9,82.2,74.7
8/21/17 2:59,3:00,86.5,86.7,86.8,84.7,83.8,81.4,80,82.5,77.7,76.8,89.9,80.1,91.8,81.7,83.1,85.2,83.4,82,90.9,86.7,75.2,82.9,81.1,87,79.1
8/21/17 3:59,4:00,87.4,86.7,88.4,88.3,83.8,83.6,82.8,85.2,80.4,79.6,89.9,83.9,92,82.7,85.8,86.8,86.1,86.3,93.6,89.4,77.4,85.6,84.9,88.7,78
8/21/17 4:59,5:00,87.1,92.5,90.1,88.3,85.5,83.1,83.9,87.3,81.5,81.2,92.9,83.4,92.4,84.4,86.9,88.9,86.7,87.9,95.2,90.4,79,87.2,86,90.3,80.1
8/21/17 5:59,6:00,85.8,91.7,90.8,88.8,87.7,84.1,85,88.9,83.7,81.2,92.3,85.5,95.4,87,89,87.7,88.3,87.9,96.3,90.7,81.2,89.3,86.5,90.8,82.3
8/21/17 6:59,7:00,86.9,91.7,90.3,92.4,87.7,85.7,86.1,89.9,83.7,82.3,92.9,89.2,93.9,87,87.9,88.2,89.9,91.1,96.8,90.7,81.7,89.3,86.5,88.1,79.6
8/21/17 7:59,8:00,67.2,81.8,91.1,88.8,84.9,84.1,82.8,78.7,81.5,76.3,89.1,83.9,69.9,76.7,82.5,90.5,85.6,85.2,84.4,91.5,80.6,82.9,81.1,57.7,73.6
8/21/17 8:59,9:00,58.4,60.8,85.2,82.5,80.5,81.4,76.7,67.6,75.4,72.3,79.8,79,50.1,68.8,67.5,83,80.1,79.8,70.8,86.7,77.4,71.2,74.4,50.6,70.8
8/21/17 9:59,10:00,61.9,63,78.6,76.6,76.1,76.6,70.9,65.8,71.5,68.4,74.7,72.4,65.8,70.5,62.8,76.4,75.6,69.7,74.2,83.5,72.9,65.4,72.8,51.7,69.2
8/21/17 10:59,11:00,63.7,69.4,78,79.3,76.1,76.6,73.8,68.1,72.1,68.4,61.3,74.1,65.8,70.5,65.1,78.6,75.6,70.9,82.1,85.1,73.5,70.7,66.6,60,69.2
8/21/17 11:59,12:00,54.2,43.2,57.9,57.1,58.1,44.7,59.8,51.1,57.1,54.4,39.3,62.1,51.8,57,47.9,63.1,64.1,56.8,66.2,72.4,56.2,50.4,52,46.9,54.8
8/21/17 12:59,13:00,47.3,36.3,50.2,49.9,42.3,34.3,50.8,40.9,48.1,47.8,33.7,55,42.6,52.2,43.6,52.9,58.3,47.6,53.8,60.7,50.9,35.4,47.8,40.8,48.8
8/21/17 13:59,14:00,41.8,33.2,47.3,46.3,29.2,33.8,47.2,42.3,45.1,44,31.7,49,40.2,46.1,39.3,46.7,54.8,43.9,47.8,54.7,42.3,39.9,42.3,38.4,43.4
8/21/17 14:59,15:00,36.6,34.5,43.6,40.1,24.3,34.3,40.4,39.8,37.5,41,28.6,42.9,39.7,37.4,35,43.7,45.8,36.9,41.2,48.7,34.3,29.2,40.6,35.9,34.7
8/21/17 15:59,16:00,34.1,31.4,43.6,35.1,18.3,23.7,33.4,37.3,34.5,37.9,24.6,36,37.2,32.2,33.8,39.9,40.2,33.2,29.9,42.4,31.1,31.6,37.5,32.9,32.8
8/21/17 16:59,17:00,32.8,30,39.8,33.1,34,27.4,30.2,32.8,30.7,36.1,26.5,34.1,35.2,29.7,31.7,40.5,36.4,31.2,31.2,37.9,29.8,30.2,36.2,29.7,31.5
8/21/17 17:59,18:00,32.8,32.5,39.2,33.6,35.3,27.4,30.2,34.1,33.8,33.4,29,34.1,37,28.9,32.3,40.5,36.4,33.1,34.4,39.9,29.8,30.2,35,31,30.8
8/21/17 18:59,19:00,35.2,34.3,40.4,36.8,41,30.5,30.8,36.5,35,34.7,32.8,34.1,42.6,32.8,36.1,43,38.2,35.5,40.5,41,34.2,33.4,36.8,30.2,32.6
8/21/17 19:59,20:00,41.6,37.4,42.8,39.3,45.9,36,37.7,38.3,37.4,37.1,45.5,36.5,46.2,39.7,39.2,46.7,43.8,39.3,42.8,43.5,37.2,37.2,38.5,39.5,37.5
8/21/17 20:59,21:00,48.5,41.2,45.2,41.1,44.6,40.3,41.4,42,39.9,38.9,52.2,39,51.1,42.2,42.2,47.2,47.4,42.4,46.5,44.1,38.4,40.4,42.8,41.9,41.3
8/21/17 21:59,22:00,51.6,44.8,47.6,43.6,51.3,43.3,43.9,44.4,42.3,40.8,56.4,40.8,55.2,44.7,45.3,49.1,49.8,44.9,53.7,47.8,40.9,42.8,45.2,44.9,43.1
8/21/17 22:59,23:00,55.2,51,50,47.9,54.3,45.8,46.3,48.6,43.5,44.5,58.8,44.5,60.6,45.9,48.9,54,52.2,48,59.7,48.4,42.7,47.2,47,50.3,43.6
8/21/17 23:59,0:00,57,54.6,51.2,53.3,59.1,49.4,48.8,54.6,47.8,46.9,59.4,50,62.3,48.3,55,57,60.6,50.5,59.7,51.5,45.2,49,48.7,58.7,47.9
8/22/17 0:59,1:00,59.4,58.2,54.2,58.2,60.9,51.1,56.7,56.9,56.9,56,62.4,73.5,65.8,52.6,59.7,58.2,65.8,58.4,63.2,55.2,50,53.9,55.3,64.6,53.4
8/22/17 1:59,2:00,58.2,67,54.8,61.7,63.2,53.5,63.9,64,56.9,63.1,64.2,79,69.2,60.5,64.4,60.6,69.9,67.3,65.5,60,54.9,61.8,60,68,60.5
8/22/17 2:59,3:00,63,72.2,57.7,68.7,67.4,56.5,66.2,68.6,64,71.8,65.9,86.6,74.9,63.4,67.9,63.6,71.6,70.8,70.8,62.4,54.3,67.1,65.3,75.4,63.4
8/22/17 3:59,4:00,68.2,75.1,60.7,71.5,69.7,59.5,69.8,74.8,70.3,74.6,68.8,88.7,77.7,66.9,73.6,67.1,79.5,77.6,72.5,61.2,57.2,70.6,68.8,79.4,67.4
8/22/17 4:59,5:00,68.8,79,63.1,79.3,74.3,61.8,73.2,76.4,74.3,77.9,74.7,90.8,79.4,69.3,78.1,68.2,86.1,82,75.3,65.3,65.4,73.4,71,82.1,70.8
8/22/17 5:59,6:00,72.3,77.9,64.2,85.2,79.9,63.5,75.5,78.1,77.1,81.2,78.6,91.8,79.9,72.7,82.5,71.7,89.9,86.8,73.6,70.6,68.3,72.8,72.7,82.1,73
8/22/17 6:59,7:00,73.4,80.6,67.8,87.3,84.4,66.4,78.9,78.6,77.1,82.8,74.1,94.4,82.1,75,82,74,88.3,87.9,78.2,69.4,72.3,75.7,76.1,83.2,74.7
8/22/17 7:59,8:00,68.4,72.3,67.2,86.2,82.8,71,75.5,72.6,76,74.6,74.7,88.2,69.9,67,76.5,78.1,83.4,84.2,77.6,72.9,70.1,70.6,68.2,62.9,69.2
8/22/17 8:59,9:00,62.6,59.6,73,76.1,74.4,73.8,72.2,64.7,70.4,67.3,72.4,78.5,53,58.8,61.7,74.1,73.3,74.9,63.8,79.1,69,62.6,63,53.6,67.5
8/22/17 9:59,10:00,53,53,70.2,70,65.2,68.2,68.2,58.3,65.3,59.8,64.9,71.9,54.8,58.8,52.8,68.4,64.7,62.8,63.3,77.4,63.3,53,56.7,46.4,62.4
8/22/17 10:59,11:00,49.4,50.6,62.2,64.3,58.1,63.2,61.7,52.6,57.1,53.3,40.7,63.4,50.7,54.7,47.4,60.2,62.5,56.9,62.2,72.4,55,52.5,45,47.6,55.5
8/22/17 11:59,12:00,52.4,36.5,55.7,53.8,52.8,39.5,56.4,45.3,52.4,48.5,36.3,57.6,45.8,47.4,40.7,56.7,59,56.4,58.1,67.3,48,42.5,45,41.5,47.8
8/22/17 12:59,13:00,51.3,31.4,48,47.6,41.2,40.1,50.4,41.7,48.2,44.3,34.4,54.7,39.6,44.3,40.7,52.5,54.3,45.8,51.6,60.3,44.4,33.6,42.5,41.5,43.5
8/22/17 13:59,14:00,46.3,30.8,45.6,42,33.8,40.7,44.9,40.4,45.2,43.6,33.9,47.4,39.1,40.6,37,49.4,47.6,42.8,46.7,54.3,38.9,34.9,39.5,37.9,36.6
8/22/17 14:59,15:00,41.9,32.8,41.9,40.2,30.9,32.6,39.8,39.9,40.2,41.8,33.2,44.9,39.1,36.2,32.6,45.6,44.5,38.3,41.2,51.2,31.4,26.5,39.5,39.7,39.2
8/22/17 15:59,16:00,40.7,32.8,46.1,37.7,23.6,27,36,37.3,38.4,39.8,29.9,41.8,37.8,34.3,34.5,41.2,42,35.9,34.3,43.7,32,33,40.6,34.7,36.7
8/22/17 16:59,17:00,39.3,33.2,46.7,35.1,39.9,33.8,33.6,36.6,37.2,39.2,29.9,40.5,39,33,36.2,41.2,42,33.2,34.9,46.2,33.2,33.6,38.8,34.7,37.3
8/22/17 17:59,18:00,37.3,35.7,44.2,38.3,44.9,32.1,31.6,37.9,39.6,41.2,33,41.8,42.1,36.3,36.9,43.1,46.5,35.1,38.8,50,38.8,30.9,43.7,33.5,42.3
8/22/17 18:59,19:00,45,43.3,49.1,45.8,50.4,36.4,36.8,43.5,45.2,44.9,43.2,45.6,47.1,41.3,42.6,51.2,45.8,45.3,44.9,57.3,43.7,41.3,46.7,34.2,45.9
8/22/17 19:59,20:00,52.4,48.2,52.7,49.4,54,48.5,47.3,47.7,48.2,47.8,53.7,47.2,52.5,49.8,47.4,56.7,51.2,50.1,47.2,61.4,47.9,46.9,52.1,47.6,53.7
8/22/17 20:59,21:00,57.8,51.8,57.4,54.2,62.3,53.8,51.5,52.5,53.5,54.5,63.8,52.7,60.7,55.3,52.2,60.8,57.7,54.4,53.8,68.4,55.1,51.1,56.7,53,57.8
8/22/17 21:59,22:00,63.2,58.9,61.5,58.9,64,58.5,55.7,56.5,57.7,58.6,67.2,58.6,61.8,61.8,57.5,67.3,61.8,62.2,63.9,74.7,60.4,56,64.3,58.3,64.7
8/22/17 22:59,23:00,70.7,65.4,69.6,67.1,71.6,63.7,64.1,63.5,67,65.6,71.9,66.2,68.8,70,63.4,72.4,70.6,68.6,67.4,78,66.8,62.6,72.3,64.7,70.4
8/22/17 23:59,0:00,74,72.3,76.9,73.9,79.5,66.5,71,71.6,71.6,71.3,75.3,72.5,76.7,75.7,72.1,75.8,77.9,74.9,75.4,75.8,73,70.7,76.7,73.3,74.8
8/23/17 0:59,1:00,75.7,78.5,80.8,81,85,70.5,74.5,74.9,76.6,74.1,79.2,79.1,81.6,78.9,78.2,77.5,82.3,81.5,82.2,85.1,75.8,75.2,81.1,77.2,80.2
8/23/17 1:59,2:00,81.8,80.7,83.6,84.7,88.2,76.6,78.4,78.2,79.4,77.4,84.8,83.4,84.9,80.6,82,83.6,82.3,84.8,87.1,84.6,79.6,77.4,82.2,80,83.4
8/23/17 2:59,3:00,86,84,85.7,86.8,89.8,81,77.8,80.9,80.5,79.1,87.5,83.4,87,81.1,82,87.4,84.5,86.3,87.7,94.6,82.3,82.4,83.8,83.8,84.4
8/23/17 3:59,4:00,87.6,88.3,89.5,86.8,89.3,82.5,83.3,85.2,83.7,82.8,91.8,85.5,88.6,84.9,84.7,89.5,88.8,86.8,90.4,95.7,84.4,87.2,87.6,88.1,87
8/23/17 4:59,5:00,90.2,92,92.7,88.3,90.9,85.7,86.1,88.9,85.3,85,92.3,86.6,93.3,87.6,88.5,91.6,89.9,89,92.5,97.2,86,89.3,90.3,90.3,87.5
8/23/17 5:59,6:00,91.2,91.5,94.3,89.9,91.4,87.8,86.1,89.4,87.4,86.1,93,87.6,91.8,88.1,90.1,92.6,89.9,89.5,93.1,97.6,86.6,90.4,89.7,90.3,87.5
8/23/17 6:59,7:00,93.8,92,94.3,89.9,92.5,91.5,87.2,90.4,85.8,86.1,93,88.7,93.3,87.6,90.1,93.2,88.8,90,92.5,98.1,87.1,90.4,88.1,90.3,87
8/23/17 7:59,8:00,90.7,88.3,93.8,88.3,89.3,89.9,85.5,87.8,84.8,84.5,90.2,87.1,89.2,84.9,87.4,92.6,86.7,87.9,90.4,97.6,84.4,88.8,84.9,87.1,82.3
8/23/17 8:59,9:00,85.5,85.1,91.1,85.7,83.3,85.2,82.8,85.7,79.9,79.6,80.9,82.3,86.5,81.1,82.6,89.5,82.8,83.7,88.8,95.1,81.7,84.6,79.4,82.2,79.7
8/23/17 9:59,10:00,84.4,80.2,86.8,83.1,81.1,82.5,80.1,82.5,79.4,76.3,80.9,80.2,82.7,81.1,78.7,87.3,81.8,82,88.2,93,77.4,80.2,78.9,77.2,69.8
8/23/17 10:59,11:00,71.8,71.2,83,78.3,72.7,73.3,76.1,73.8,74.4,70.1,65.6,76.3,74.5,72.8,70.3,81.4,77.9,76,81.6,82.4,74.1,71.3,71.1,66.5,61.8
8/23/17 11:59,12:00,65.5,61.4,70.8,68.3,62.9,63.8,67.6,65.9,65.4,57.4,53.7,66.2,67.1,63.6,61.2,71.9,69.9,66.9,77.7,75.8,64.5,62.6,62,59.5,61.8
8/23/17 12:59,13:00,62.6,54.8,66.8,61.3,54.1,58,64.2,59.6,60.7,53.3,50.2,62.8,59,58.3,57,71.4,66.5,58.7,72.1,71.3,55.7,52.4,53.3,54.8,56
8/23/17 13:59,14:00,58,50,61,57.9,53.4,49.8,56.4,54.3,57.2,54.5,45.8,59.3,53.7,51.7,49.9,63.3,61.3,57.5,64,66.7,53.4,50,51.5,53.1,50.8
8/23/17 14:59,15:00,53.1,45.2,58.1,55.5,45.6,43.3,52.8,52,54.3,51.5,41.5,57,52,48.1,45.6,60.9,57.8,55.7,60.5,61.5,46.8,42,51,46.5,47.8
8/23/17 15:59,16:00,52.5,48.2,58.7,53.8,48.6,45.1,51.7,51.4,50.7,50.4,46.4,54,50.7,46.3,48.1,58.5,56.1,57.1,55.8,59.8,46.8,45,49.8,47.1,47.8
8/23/17 16:59,17:00,52,47.7,55.1,53.2,53,41.5,48.7,51.4,50.7,52.9,41.5,53.4,50.2,43.8,46.9,58,53.7,52.1,53.4,56.7,47.5,46.4,48,47.1,47.8
8/23/17 17:59,18:00,52.6,48.9,56.3,57.4,56.6,42.7,47.5,51.4,50.7,51.6,45.8,57.7,57.4,44.4,50,56.2,52.6,55.8,58.3,57.4,47.5,47,48,49,47.2
8/23/17 18:59,19:00,58.6,56.1,62.2,63.8,64.8,54,54.7,55.6,54.3,60.6,57.9,65.3,62.6,52.3,56.5,62.2,54.2,64.2,61.8,63.2,51,53.2,53.9,54.9,54.3
8/23/17 19:59,20:00,61.5,56.6,60.9,59.6,64.1,57.4,55.2,56,54.7,55,64.4,55.7,61.3,53.4,56.5,65.6,54.6,60.5,54.3,67.8,55.1,54.8,55.5,55.9,56.5
8/23/17 20:59,21:00,60.1,53.4,58.4,58.2,60.4,59,52.5,53.4,56.4,55.5,62.5,56.1,54.5,60,54.4,63.7,58.8,58.5,57.2,68.3,56.1,51.5,58.3,53.9,57.6
8/23/17 21:59,22:00,58.8,63,67.2,62.4,62.1,57.7,61,62.9,59.9,59.7,61.8,60.9,65.8,64.7,61.6,63.7,65.8,63.8,67.9,70,59.7,61.9,63.6,62.9,63.5
8/23/17 22:59,23:00,68.3,70.6,74.7,69.9,69.8,65.9,68.7,70.4,67.6,66.1,67.2,68.4,72.7,70.5,69.7,70.1,73.9,70.3,74.8,79.1,66.7,70.1,71.7,70.4,71.4
8/23/17 23:59,0:00,74.6,75.1,79.1,75.5,75.5,73.2,73.8,75.4,72.7,71.2,76.4,73.5,77.8,75.6,74.3,74.7,75.6,75.4,78.2,84,71.8,74.6,75.6,76.1,74.2
8/24/17 0:59,1:00,76.8,76.8,80.8,77.1,77.2,76.6,75,77.6,73.2,72.9,78.6,74.6,78.9,75.6,75.9,78.6,76.7,76.5,78.8,85.1,73.5,76.9,76.2,76.6,75.8
8/24/17 1:59,2:00,77.9,76.2,81.3,77.1,77.8,78.2,75.5,76.5,74.3,74.1,79.2,74.6,78.9,76.7,75.4,79.7,77.9,77.1,79.3,86.7,75.2,75.7,75.6,76.1,76.9
8/24/17 2:59,3:00,81.2,78.5,83,79.3,80,80.4,76.7,77.6,76,74.6,83.1,76.8,82.2,77.8,78.2,83,76.7,79.3,79.9,89.4,75.2,79.1,78.3,79.4,79.1
8/24/17 3:59,4:00,78.4,75.6,81.3,79.3,79.4,78.2,74.4,75.9,74.3,75.1,78.6,75.7,78.8,77.8,76.5,80.2,76.7,78.2,83.2,89.9,75.7,76.3,77.8,77.2,75.2
8/24/17 4:59,5:00,72.2,71,75.1,75.4,77.1,72,68.5,70.2,69.1,72.8,73.4,73.4,74.3,63.3,71.3,75.7,70.3,75.9,74.7,87.6,74.5,71.7,64.6,70.9,65
8/24/17 5:59,6:00,69.9,63.3,68.8,63.9,71.9,69.1,63.1,63.8,61.4,61.1,68.1,61.8,67.9,64.4,62.5,73.4,67.4,65.4,67.1,86.4,63,63.4,65.7,64.4,65
8/24/17 6:59,7:00,67.5,63.9,68.5,62.7,69,66.8,64.9,64.4,60.2,59.9,68.7,60,66.2,63.8,62.5,70.5,65.6,62.4,67.1,76.2,62.4,64.6,62.8,62.6,60.8
8/24/17 7:59,8:00,68.7,64.5,68.8,62.7,63.1,66.8,64.9,65,60.2,58.7,66.4,59.4,64.4,65,61.9,69.3,66.2,61.2,68.3,70.6,60.5,64,62.2,62.6,62.6
8/24/17 8:59,9:00,61,50.7,67,63.3,62.5,60.4,61.9,56.1,60.8,57.5,57.4,60.6,56.1,62.7,56,67,63.8,62.4,64.2,70.6,58.8,56.8,59.8,45.8,57.3
8/24/17 9:59,10:00,55.5,50.7,64.1,62.1,58.3,55.7,58.9,54.4,56.7,52.1,48.7,59.4,55,53.6,51.1,62.8,61.5,59.4,58.2,67.5,55.2,53.2,53.9,41.6,52
8/24/17 10:59,11:00,46.9,47,57,54.3,49.2,49.7,52.8,47.1,48.1,46,36.9,50.3,46.4,46.8,44.3,57.4,53.6,48.2,52.1,59.8,50.9,46.9,41.2,38.4,45.4
8/24/17 11:59,12:00,43.1,32.6,47.9,42,43.6,43.5,47.9,39.1,44.5,40.4,37.5,47.2,39,37.5,38.7,50.6,50,47.7,50.9,58,43.7,39.9,38.9,33.4,38.6
8/24/17 12:59,13:00,41.8,31.4,44.2,43.9,40,34.4,44.2,37.3,40.8,38,34.9,47.2,39.6,34.8,38.1,46.9,33,42.1,47.2,56.2,41.2,34.8,36.9,37.2,35.9
8/24/17 13:59,14:00,39.9,31.9,40.5,40.8,33.1,36.9,40.4,36.6,38.9,37.3,26.7,44.2,34.6,33.3,33.7,45.7,32.4,37.6,43.5,51.2,37.3,32.2,36.2,37.9,37.8
8/24/17 14:59,15:00,38.1,31.3,39.9,38.2,21.7,31.8,35.8,36.6,36.4,39.8,27.2,42.3,35.1,34.5,31.2,41.2,36.1,37.6,35.9,48.7,33.7,24.5,37.9,36.5,38.2
8/24/17 15:59,16:00,36,33.8,44.8,35.7,21,22.6,34.7,36.6,35.8,38.5,27.8,40.5,28.7,32,31.8,42.5,32.4,33.8,32.8,48.7,33.7,34.7,34.9,34,34.5
8/24/17 16:59,17:00,38.6,33.1,44.2,35,40.4,33.7,30.8,37.8,35.2,39.2,29.7,39.8,29.2,30,36.1,44.4,29.2,33.8,29.6,48.7,36.2,33.4,31.8,34,32
8/24/17 17:59,18:00,41.8,38.2,47.9,38.8,44.2,33.7,32.8,40.9,38.9,40.5,35.5,40.5,24.4,25.1,39.3,46.9,26.8,36.2,27.3,50.6,38.7,36.8,30.7,31.6,28.3
8/24/17 18:59,19:00,45.7,33.1,51.6,45.2,49.2,37.5,35.3,40.9,44.5,44.3,41.8,44.9,28.7,28.8,32.3,50,29.2,44,30.3,55.6,43.1,43.1,31.9,31.6,31.4
8/24/17 19:59,20:00,52.5,34.2,53.4,50.7,54.7,49.1,36.9,39.6,48.2,47.9,50.6,47.3,33,33.1,34.6,56.8,34.8,50.8,34.5,60.4,48,37.2,36,36.2,36.2
8/24/17 20:59,21:00,59.2,38.5,49.1,55.6,58.3,55.1,41.3,42.6,53.1,52.2,62.8,53.5,37.3,37,38.4,62.2,37.9,56.5,37.6,64,52.9,40.3,40.3,39.3,40.6
8/24/17 21:59,22:00,66.4,36.2,40.5,63.4,66.7,64,36.4,37.7,59.2,58.8,68.2,59.5,34.9,35.2,34.7,67.6,34.3,61.9,34,72.8,58.3,36.6,36.1,36.4,35.7
8/24/17 22:59,23:00,71.6,38.7,41,65.1,73.1,69.7,38.9,38.9,62.7,65.3,74,62.4,36.8,35.8,37.2,73.4,36.1,66,37.1,75.6,63,37.8,38.5,37.5,38.2